,date,surge_reconsturcted,pred_int_lower,pred_int_upper,lon,lat
0,1979-01-03 00:00:00,0.07159792336450482,-0.04657115255497074,0.1897669992839804,133.25,35.55
1,1979-01-04 00:00:00,0.109681188771369,-0.008536882641876438,0.2278992601846145,133.25,35.55
2,1979-01-05 00:00:00,0.10163978592739346,-0.01657370994268524,0.21985328179747216,133.25,35.55
3,1979-01-06 00:00:00,-0.04440552370608734,-0.16273921156824733,0.07392816415607267,133.25,35.55
4,1979-01-07 00:00:00,0.13866015657196173,0.020091025002423685,0.2572292881414998,133.25,35.55
5,1979-01-08 00:00:00,0.09844817262929904,-0.02005353340007443,0.2169498786586725,133.25,35.55
6,1979-01-09 00:00:00,0.03492305560375581,-0.08336821304825047,0.15321432425576212,133.25,35.55
7,1979-01-10 00:00:00,0.06316769150106052,-0.05520263894053422,0.18153802194265528,133.25,35.55
8,1979-01-11 00:00:00,-0.12088877791418398,-0.2404096909312384,-0.0013678648971295893,133.25,35.55
9,1979-01-12 00:00:00,0.11574178612453155,-0.003218030526587798,0.2347016027756509,133.25,35.55
10,1979-01-13 00:00:00,0.08379134319959633,-0.03689704938649105,0.2044797357856837,133.25,35.55
11,1979-01-14 00:00:00,0.1033271590231066,-0.017865848211778446,0.22452016625799165,133.25,35.55
12,1979-01-15 00:00:00,0.11367959573679676,-0.005436431787541496,0.232795623261135,133.25,35.55
13,1979-01-16 00:00:00,0.08573714202124333,-0.032879259027249724,0.2043535430697364,133.25,35.55
14,1979-01-17 00:00:00,0.08630201878174606,-0.032031187170527345,0.20463522473401946,133.25,35.55
15,1979-01-18 00:00:00,0.2087324422883432,0.0896009660715301,0.3278639185051563,133.25,35.55
16,1979-01-19 00:00:00,-0.004766461115988739,-0.12502900144877255,0.11549607921679507,133.25,35.55
17,1979-01-20 00:00:00,0.07500633621222437,-0.04345268722388813,0.1934653596483369,133.25,35.55
18,1979-01-21 00:00:00,0.26221156376198096,0.142953995882782,0.3814691316411799,133.25,35.55
19,1979-01-22 00:00:00,-0.026110686771664882,-0.14546462602750035,0.0932432524841706,133.25,35.55
20,1979-01-23 00:00:00,0.09392239790376088,-0.024717718015132676,0.21256251382265445,133.25,35.55
21,1979-01-24 00:00:00,0.08924501479728625,-0.02917365317587665,0.2076636827704492,133.25,35.55
22,1979-01-25 00:00:00,0.059132610448356875,-0.05915718619631671,0.17742240709303045,133.25,35.55
23,1979-01-26 00:00:00,0.11351063706739795,-0.004769151328767984,0.23179042546356396,133.25,35.55
24,1979-01-27 00:00:00,0.06308461726494398,-0.055261010059562174,0.18143024458945006,133.25,35.55
25,1979-01-28 00:00:00,-0.1668679419171476,-0.28589002019615856,-0.047845863638136664,133.25,35.55
26,1979-01-29 00:00:00,-0.06983502766509596,-0.1891839863558546,0.049513931025662684,133.25,35.55
27,1979-01-30 00:00:00,0.18760632203900585,0.06499002614945351,0.3102226179285582,133.25,35.55
28,1979-01-31 00:00:00,-0.03984645540577174,-0.16104012562095227,0.0813472148094088,133.25,35.55
29,1979-02-01 00:00:00,0.2584437939762356,0.13866967907670028,0.378217908875771,133.25,35.55
30,1979-02-02 00:00:00,0.013331526922766242,-0.10691485887633406,0.13357791272186653,133.25,35.55
31,1979-02-03 00:00:00,0.04009121643129472,-0.07856523100464652,0.15874766386723593,133.25,35.55
32,1979-02-04 00:00:00,0.11648089119123405,-0.0019285376997213027,0.2348903200821893,133.25,35.55
33,1979-02-05 00:00:00,-0.05960546888813253,-0.17801754653702495,0.05880660876075989,133.25,35.55
34,1979-02-06 00:00:00,0.1397004777009546,0.020873952005371812,0.2585270033965373,133.25,35.55
35,1979-02-07 00:00:00,-0.002742510860982507,-0.12133148529157944,0.11584646356961445,133.25,35.55
36,1979-02-08 00:00:00,0.05604397709699794,-0.06220432905240195,0.17429228324639784,133.25,35.55
37,1979-02-09 00:00:00,-0.05119033595723493,-0.16940416898534993,0.06702349707088008,133.25,35.55
38,1979-02-10 00:00:00,0.1159920169098414,-0.002211839346292696,0.2341958731659755,133.25,35.55
39,1979-02-11 00:00:00,0.07205509249833325,-0.046568335115799706,0.19067852011246625,133.25,35.55
40,1979-02-12 00:00:00,0.03718809937000602,-0.08107215588548458,0.15544835462549664,133.25,35.55
41,1979-02-13 00:00:00,0.010269092921215429,-0.10793460209737588,0.12847278793980674,133.25,35.55
42,1979-02-14 00:00:00,0.1102738767059804,-0.00806685435915211,0.2286146077711129,133.25,35.55
43,1979-02-15 00:00:00,0.10618164011570104,-0.012422380446996478,0.22478566067839853,133.25,35.55
44,1979-02-16 00:00:00,0.1518015504794737,0.0325554037212764,0.27104769723767097,133.25,35.55
45,1979-02-17 00:00:00,0.1537319008608503,0.03399181475236498,0.2734719869693356,133.25,35.55
46,1979-02-18 00:00:00,0.06805411408087926,-0.053389993322470825,0.18949822148422932,133.25,35.55
47,1979-02-19 00:00:00,0.12531580452756985,0.006557867065248121,0.2440737419898916,133.25,35.55
48,1979-02-20 00:00:00,0.06820908735108439,-0.05022338256482399,0.1866415572669928,133.25,35.55
49,1979-02-21 00:00:00,0.11958736976527864,0.0013768873116592054,0.2377978522188981,133.25,35.55
50,1979-02-22 00:00:00,-0.13148853014670814,-0.2502749714276585,-0.012702088865757716,133.25,35.55
51,1979-02-23 00:00:00,0.13662815272242473,0.016756324649909143,0.2564999807949403,133.25,35.55
52,1979-02-24 00:00:00,0.0882909697394548,-0.0316868022190295,0.2082687416979391,133.25,35.55
53,1979-02-25 00:00:00,0.041491992547121236,-0.07707032816270683,0.1600543132569493,133.25,35.55
54,1979-02-26 00:00:00,0.061838192462569185,-0.05638109849972076,0.18005748342485914,133.25,35.55
55,1979-02-27 00:00:00,0.1319011280224547,0.013295358317442428,0.250506897727467,133.25,35.55
56,1979-02-28 00:00:00,0.11550602013924385,-0.004222874950364594,0.23523491522885226,133.25,35.55
57,1979-03-01 00:00:00,-0.014160301326746803,-0.13352385874320666,0.10520325608971304,133.25,35.55
58,1979-03-02 00:00:00,-0.0016366146714938412,-0.12023823655302415,0.11696500721003647,133.25,35.55
59,1979-03-03 00:00:00,0.03389317470351316,-0.084422733034171,0.1522090824411973,133.25,35.55
60,1979-03-04 00:00:00,0.009558128490394995,-0.10865070361431398,0.12776696059510398,133.25,35.55
61,1979-03-05 00:00:00,0.02129027198618686,-0.09721613293759644,0.13979667690997016,133.25,35.55
62,1979-03-06 00:00:00,0.08390393394374818,-0.034351819893901375,0.20215968778139773,133.25,35.55
63,1979-03-07 00:00:00,-0.02358265921476515,-0.14179205882481832,0.09462674039528804,133.25,35.55
64,1979-03-08 00:00:00,0.05514088910527221,-0.06304484303778872,0.17332662124833315,133.25,35.55
65,1979-03-09 00:00:00,0.025984748017119044,-0.09222545043854362,0.1441949464727817,133.25,35.55
66,1979-03-10 00:00:00,0.11518607265364425,-0.003093065719499618,0.2334652110267881,133.25,35.55
67,1979-03-11 00:00:00,-0.14203793271188955,-0.26172617998328684,-0.022349685440492262,133.25,35.55
68,1979-03-12 00:00:00,-0.07866392118028206,-0.19802621397768974,0.04069837161712565,133.25,35.55
69,1979-03-13 00:00:00,0.046724603048729364,-0.07152290063676807,0.1649721067342268,133.25,35.55
70,1979-03-14 00:00:00,0.007884563563423222,-0.1103244672557159,0.12609359438256235,133.25,35.55
71,1979-03-15 00:00:00,0.10097570442565593,-0.017462356627084327,0.2194137654783962,133.25,35.55
72,1979-03-16 00:00:00,-0.04705005222435673,-0.16540157016446422,0.07130146571575077,133.25,35.55
73,1979-03-17 00:00:00,0.09228523576779177,-0.02607317807464371,0.21064364961022725,133.25,35.55
74,1979-03-18 00:00:00,0.03908982841654768,-0.07946699660159078,0.15764665343468615,133.25,35.55
75,1979-03-19 00:00:00,0.02471581859164725,-0.09364535705509056,0.14307699423838505,133.25,35.55
76,1979-03-20 00:00:00,0.06095585482362536,-0.057444604717608524,0.17935631436485924,133.25,35.55
77,1979-03-21 00:00:00,-0.07958403387311118,-0.1983315820572664,0.03916351431104409,133.25,35.55
78,1979-03-22 00:00:00,0.05286568008883463,-0.06627429794281554,0.1720056581204848,133.25,35.55
79,1979-03-23 00:00:00,-0.06867142681375192,-0.18734668400574084,0.05000383037823697,133.25,35.55
80,1979-03-24 00:00:00,0.21956934749789306,0.10027341315342828,0.3388652818423579,133.25,35.55
81,1979-03-25 00:00:00,0.13765327337447994,0.017069796586696606,0.2582367501622633,133.25,35.55
82,1979-03-26 00:00:00,0.059977721425238835,-0.0584804000714787,0.17843584292195638,133.25,35.55
83,1979-03-27 00:00:00,0.04138462561582975,-0.07680307662299192,0.15957232785465145,133.25,35.55
84,1979-03-28 00:00:00,-0.004406895543811996,-0.1226038170857654,0.11379002599814142,133.25,35.55
85,1979-03-29 00:00:00,0.09237541943336663,-0.025816599992891067,0.21056743885962434,133.25,35.55
86,1979-03-30 00:00:00,0.22745345542839435,0.10788722183736747,0.3470196890194212,133.25,35.55
87,1979-03-31 00:00:00,0.13609994449438004,0.005799010958874723,0.2664008780298853,133.25,35.55
88,1979-04-01 00:00:00,-0.17126802822394233,-0.2911912663309882,-0.05134479011689645,133.25,35.55
89,1979-04-02 00:00:00,0.054381900226337064,-0.06475982613963796,0.17352362659231207,133.25,35.55
90,1979-04-03 00:00:00,0.09876352479267086,-0.020091153535796283,0.217618203121138,133.25,35.55
91,1979-04-04 00:00:00,-0.037693825992179325,-0.15595121071269416,0.08056355872833551,133.25,35.55
92,1979-04-05 00:00:00,-0.07050269335774259,-0.18871532316595546,0.04770993645047025,133.25,35.55
93,1979-04-06 00:00:00,-0.02569695081587361,-0.14406941587314304,0.09267551424139582,133.25,35.55
94,1979-04-07 00:00:00,0.009328156808448071,-0.10893624393276807,0.12759255754966425,133.25,35.55
95,1979-04-08 00:00:00,0.4530159528596793,0.33242275340326943,0.5736091523160891,133.25,35.55
96,1979-04-09 00:00:00,0.15895207287538612,0.03628928358499997,0.28161486216577225,133.25,35.55
97,1979-04-10 00:00:00,0.06942646427164657,-0.04938521347595082,0.188238142019244,133.25,35.55
98,1979-04-11 00:00:00,0.051124791180414485,-0.06717002206562367,0.16941960442645265,133.25,35.55
99,1979-04-12 00:00:00,0.019803847895462683,-0.09849175235153887,0.13809944814246422,133.25,35.55
100,1979-04-13 00:00:00,-0.006714036922486302,-0.12517043760516233,0.11174236376018973,133.25,35.55
101,1979-04-14 00:00:00,0.10872845802129508,-0.010534922151599194,0.2279918381941893,133.25,35.55
102,1979-04-15 00:00:00,0.0065780466008526954,-0.11187364201236642,0.12502973521407182,133.25,35.55
103,1979-04-16 00:00:00,0.16658279669917953,0.047789511674267086,0.285376081724092,133.25,35.55
104,1979-04-17 00:00:00,0.17001199377455226,0.050288073725988966,0.2897359138231155,133.25,35.55
105,1979-04-18 00:00:00,-0.03115976911983547,-0.15007601205690393,0.08775647381723299,133.25,35.55
106,1979-04-19 00:00:00,0.03500071987020073,-0.08323123685324217,0.15323267659364365,133.25,35.55
107,1979-04-20 00:00:00,0.0377145083778532,-0.08110269634116091,0.1565317130968673,133.25,35.55
108,1979-04-21 00:00:00,0.0239396706215628,-0.09438111829265156,0.14226045953577715,133.25,35.55
109,1979-04-22 00:00:00,0.00802573606394131,-0.11054254453791362,0.12659401666579626,133.25,35.55
110,1979-04-23 00:00:00,0.12458218513988313,0.0062832143520389775,0.24288115592772724,133.25,35.55
111,1979-04-24 00:00:00,0.2415091683312857,0.12291485347807884,0.3601034831844925,133.25,35.55
112,1979-04-25 00:00:00,0.05375856977192767,-0.065322390681829,0.17283953022568432,133.25,35.55
113,1979-04-26 00:00:00,-0.046347621439951664,-0.16476608565095954,0.07207084277105624,133.25,35.55
114,1979-04-27 00:00:00,0.08535869634043355,-0.033330554495874215,0.20404794717674127,133.25,35.55
115,1979-04-28 00:00:00,0.002651791379022973,-0.11601111291636995,0.12131469567441587,133.25,35.55
116,1979-04-29 00:00:00,0.0681927581048338,-0.049980036869552914,0.1863655530792205,133.25,35.55
117,1979-04-30 00:00:00,0.12850686646271794,0.01000411762110967,0.24700961530432625,133.25,35.55
118,1979-05-01 00:00:00,0.06255374723696032,-0.05604868620295359,0.18115618067687425,133.25,35.55
119,1979-05-02 00:00:00,0.042566798206705135,-0.07567943582710866,0.16081303224051896,133.25,35.55
120,1979-05-03 00:00:00,0.02357121954872657,-0.09462407652518832,0.14176651562264148,133.25,35.55
121,1979-05-04 00:00:00,-0.0283464514954862,-0.14649322390802405,0.08980032091705165,133.25,35.55
122,1979-05-05 00:00:00,0.00117905498538581,-0.11716460331281985,0.11952271328359144,133.25,35.55
123,1979-05-06 00:00:00,0.051274915911837964,-0.06716368582362539,0.1697135176473013,133.25,35.55
124,1979-05-07 00:00:00,0.07553044570850259,-0.04297306962093478,0.19403396103794,133.25,35.55
125,1979-05-08 00:00:00,0.14448003212991206,0.023863927683744585,0.2650961365760796,133.25,35.55
126,1979-05-09 00:00:00,0.01972978117191608,-0.10030788640954312,0.1397674487533753,133.25,35.55
127,1979-05-10 00:00:00,0.05220734379094631,-0.06595878698113858,0.1703734745630312,133.25,35.55
128,1979-05-11 00:00:00,0.10745431716450944,-0.010795655140013516,0.2257042894690324,133.25,35.55
129,1979-05-12 00:00:00,-0.011716514436175263,-0.13030045945200208,0.10686743057965156,133.25,35.55
130,1979-05-13 00:00:00,0.01125120384536332,-0.10698075606200837,0.129483163752735,133.25,35.55
131,1979-05-14 00:00:00,0.03940526935196259,-0.08138039301716139,0.16019093172108656,133.25,35.55
132,1979-05-15 00:00:00,0.0014627102030823765,-0.12120456447954367,0.12412998488570842,133.25,35.55
133,1979-05-16 00:00:00,0.06591736970181176,-0.053143198521986304,0.18497793792560985,133.25,35.55
134,1979-05-17 00:00:00,0.10590761081123347,-0.012366580697006926,0.22418180231947388,133.25,35.55
135,1979-05-18 00:00:00,0.08565924403478202,-0.032728611709282845,0.2040470997788469,133.25,35.55
136,1979-05-19 00:00:00,0.041148463670459066,-0.07701510417020031,0.15931203151111845,133.25,35.55
137,1979-05-20 00:00:00,0.04237924839563028,-0.07575950946829485,0.1605180062595554,133.25,35.55
138,1979-05-21 00:00:00,0.04682779910129223,-0.07130817640815558,0.16496377461074002,133.25,35.55
139,1979-05-22 00:00:00,0.08802691063934773,-0.030122759702849538,0.206176580981545,133.25,35.55
140,1979-05-23 00:00:00,0.07233864120815722,-0.04582830064653634,0.1905055830628508,133.25,35.55
141,1979-05-24 00:00:00,0.08827347295675061,-0.029907500850253413,0.20645444676375466,133.25,35.55
142,1979-05-25 00:00:00,0.0490994529549169,-0.06912991542966905,0.16732882133950286,133.25,35.55
143,1979-05-26 00:00:00,0.07659283923993697,-0.04178908754892022,0.19497476602879416,133.25,35.55
144,1979-05-27 00:00:00,0.046498801685745036,-0.07191326204471467,0.16491086541620478,133.25,35.55
145,1979-05-28 00:00:00,0.10006186999698476,-0.018311800390235156,0.2184355403842047,133.25,35.55
146,1979-05-29 00:00:00,0.1140079933493918,-0.004349929483430992,0.23236591618221455,133.25,35.55
147,1979-05-30 00:00:00,0.019204855162846157,-0.09928539444844267,0.13769510477413496,133.25,35.55
148,1979-05-31 00:00:00,-0.016698496234711716,-0.13494758072564514,0.10155058825622172,133.25,35.55
149,1979-06-01 00:00:00,0.05428324333784579,-0.06387198973532056,0.17243847641101212,133.25,35.55
150,1979-06-02 00:00:00,0.04584190139302845,-0.0723313950134056,0.16401519779946253,133.25,35.55
151,1979-06-03 00:00:00,0.005150624932497849,-0.11302989953256687,0.12333114939756258,133.25,35.55
152,1979-06-04 00:00:00,-0.024136724830001864,-0.1422794065497833,0.09400595688977957,133.25,35.55
153,1979-06-05 00:00:00,0.04820859363235007,-0.06994118005981376,0.1663583673245139,133.25,35.55
154,1979-06-06 00:00:00,0.07458662229728055,-0.04355309339837679,0.1927263379929379,133.25,35.55
155,1979-06-07 00:00:00,0.12676602537514708,0.008451459983573814,0.24508059076672034,133.25,35.55
156,1979-06-08 00:00:00,0.15990225530182944,0.041384514185876686,0.2784199964177822,133.25,35.55
157,1979-06-09 00:00:00,0.045255884593538236,-0.07307848063923272,0.16359024982630918,133.25,35.55
158,1979-06-10 00:00:00,0.0035342164334629736,-0.11463035631940945,0.12169878918633535,133.25,35.55
159,1979-06-11 00:00:00,0.06293302245128686,-0.0553169473308375,0.1811829922334112,133.25,35.55
160,1979-06-12 00:00:00,0.07235836623366046,-0.0457992044521064,0.1905159369194273,133.25,35.55
161,1979-06-13 00:00:00,0.01660243114007959,-0.1014855008112118,0.134690363091371,133.25,35.55
162,1979-06-14 00:00:00,-0.003849141720023808,-0.12196619810626315,0.11426791466621553,133.25,35.55
163,1979-06-15 00:00:00,0.014504503719205338,-0.10363472668510212,0.1326437341235128,133.25,35.55
164,1979-06-16 00:00:00,0.06243445215047937,-0.05589587651565926,0.180764780816618,133.25,35.55
165,1979-06-17 00:00:00,0.06697421506589041,-0.05126280446779676,0.1852112345995776,133.25,35.55
166,1979-06-18 00:00:00,0.09050552213022288,-0.027665457818932898,0.20867650207937866,133.25,35.55
167,1979-06-19 00:00:00,0.1033215135115689,-0.01483458623997086,0.22147761326310866,133.25,35.55
168,1979-06-20 00:00:00,0.22192364794907715,0.10323902128560117,0.3406082746125532,133.25,35.55
169,1979-06-21 00:00:00,0.10134524399199173,-0.017722656046676125,0.2204131440306596,133.25,35.55
170,1979-06-22 00:00:00,0.08109146304899392,-0.03738938981779527,0.19957231591578312,133.25,35.55
171,1979-06-23 00:00:00,0.045501831145881765,-0.07287767571288145,0.16388133800464494,133.25,35.55
172,1979-06-24 00:00:00,0.06967240950135596,-0.048434768255597484,0.1877795872583094,133.25,35.55
173,1979-06-25 00:00:00,0.11138647343960743,-0.006809613056751179,0.2295825599359661,133.25,35.55
174,1979-06-26 00:00:00,0.2485799757191729,0.1298336713701026,0.3673262800682433,133.25,35.55
175,1979-06-27 00:00:00,0.26664699748369736,0.14740879111129074,0.38588520385610403,133.25,35.55
176,1979-06-28 00:00:00,0.022941380927624152,-0.09587408962103763,0.14175685147628594,133.25,35.55
177,1979-06-29 00:00:00,0.07226516618314313,-0.046568454666067904,0.1910987870323541,133.25,35.55
178,1979-06-30 00:00:00,0.02527521161312251,-0.09364618088271676,0.1441966041089618,133.25,35.55
179,1979-07-01 00:00:00,0.06770697620392431,-0.05071258301972545,0.18612653542757407,133.25,35.55
180,1979-07-02 00:00:00,0.12097492768243992,0.0024328274429254865,0.23951702792195434,133.25,35.55
181,1979-07-03 00:00:00,0.010245905298734068,-0.10842089116469836,0.12891270176216651,133.25,35.55
182,1979-07-04 00:00:00,0.062458481124572564,-0.055728721756719946,0.18064568400586506,133.25,35.55
183,1979-07-05 00:00:00,0.07707580653819249,-0.04108933903918752,0.1952409521155725,133.25,35.55
184,1979-07-06 00:00:00,0.0610130801941453,-0.0570999129850595,0.1791260733733501,133.25,35.55
185,1979-07-07 00:00:00,0.08932806239775568,-0.02879682902775665,0.207452953823268,133.25,35.55
186,1979-07-08 00:00:00,0.0686716221048447,-0.049469199692203175,0.18681244390189256,133.25,35.55
187,1979-07-09 00:00:00,0.02476791544385336,-0.09337243413634294,0.14290826502404966,133.25,35.55
188,1979-07-10 00:00:00,0.04127713648906425,-0.0768480091951658,0.1594022821732943,133.25,35.55
189,1979-07-11 00:00:00,0.10796355500485066,-0.010383797292961836,0.2263109073026632,133.25,35.55
190,1979-07-12 00:00:00,0.1605681744560435,0.04209837786666543,0.27903797104542155,133.25,35.55
191,1979-07-13 00:00:00,0.03765610359691261,-0.08062539201514961,0.15593759920897482,133.25,35.55
192,1979-07-14 00:00:00,0.06277315009634453,-0.05554222304545611,0.18108852323814514,133.25,35.55
193,1979-07-15 00:00:00,0.08330863149993968,-0.0349284201651245,0.20154568316500387,133.25,35.55
194,1979-07-16 00:00:00,-0.005204640113411825,-0.12336394983457695,0.1129546696077533,133.25,35.55
195,1979-07-17 00:00:00,0.016684633084118782,-0.1016515127005126,0.13502077886875016,133.25,35.55
196,1979-07-18 00:00:00,0.03174849784877759,-0.08703505233698862,0.1505320480345438,133.25,35.55
197,1979-07-19 00:00:00,0.010786546049968662,-0.1076402567183568,0.1292133488182941,133.25,35.55
198,1979-07-20 00:00:00,0.010761894610410385,-0.10746364618047964,0.1289874354013004,133.25,35.55
199,1979-07-21 00:00:00,0.03919112599506476,-0.0789792324409165,0.15736148443104606,133.25,35.55
200,1979-07-22 00:00:00,0.02693103289871428,-0.09121977725111592,0.14508184304854446,133.25,35.55
201,1979-07-23 00:00:00,0.10844515481463388,-0.009813212629403184,0.2267035222586709,133.25,35.55
202,1979-07-24 00:00:00,0.08069734679165487,-0.03755376075066279,0.19894845433397254,133.25,35.55
203,1979-07-25 00:00:00,0.014258813740279656,-0.10384639902852306,0.13236402650908238,133.25,35.55
204,1979-07-26 00:00:00,-0.011564480692044231,-0.12970808115646934,0.1065791197723809,133.25,35.55
205,1979-07-27 00:00:00,0.03400131367166925,-0.08416334113469089,0.15216596847802938,133.25,35.55
206,1979-07-28 00:00:00,0.106159285061443,-0.012043016496115652,0.22436158661900168,133.25,35.55
207,1979-07-29 00:00:00,0.13432213964006348,0.016120850965366973,0.25252342831476,133.25,35.55
208,1979-07-30 00:00:00,0.09088259731909493,-0.027287584228979464,0.20905277886716928,133.25,35.55
209,1979-07-31 00:00:00,0.05233194563170381,-0.06581329597786567,0.17047718724127328,133.25,35.55
210,1979-08-01 00:00:00,0.06693514553563076,-0.051170168425157536,0.18504045949641906,133.25,35.55
211,1979-08-02 00:00:00,0.07357912956300752,-0.04455281366658237,0.1917110727925974,133.25,35.55
212,1979-08-03 00:00:00,0.039873658363445065,-0.07827045034754426,0.15801776707443438,133.25,35.55
213,1979-08-04 00:00:00,0.0916189711960498,-0.02650409825642137,0.20974204064852095,133.25,35.55
214,1979-08-05 00:00:00,0.15910975712708328,0.04083802719690534,0.27738148705726123,133.25,35.55
215,1979-08-06 00:00:00,0.08097052565297648,-0.03728896194296251,0.19923001324891546,133.25,35.55
216,1979-08-07 00:00:00,0.059422430697340024,-0.058825972363182114,0.1776708337578622,133.25,35.55
217,1979-08-08 00:00:00,-0.02483495207858448,-0.1430140867695859,0.09334418261241696,133.25,35.55
218,1979-08-09 00:00:00,0.033905733116484066,-0.08418603859307719,0.15199750482604535,133.25,35.55
219,1979-08-10 00:00:00,0.05818308497339954,-0.05989825531338469,0.17626442526018374,133.25,35.55
220,1979-08-11 00:00:00,0.06305387716556518,-0.05502841601192143,0.1811361703430518,133.25,35.55
221,1979-08-12 00:00:00,0.0706706002561438,-0.047433809084285364,0.18877500959657292,133.25,35.55
222,1979-08-13 00:00:00,0.03951677490271835,-0.07858091678256661,0.15761446658800332,133.25,35.55
223,1979-08-14 00:00:00,0.040061524030491534,-0.07802950192438196,0.15815254998536502,133.25,35.55
224,1979-08-15 00:00:00,0.028454883725224308,-0.08964237933950009,0.14655214678994868,133.25,35.55
225,1979-08-16 00:00:00,0.02502319289353106,-0.09310307863166098,0.14314946441872312,133.25,35.55
226,1979-08-17 00:00:00,0.1111046775113138,-0.007741074789912593,0.2299504298125402,133.25,35.55
227,1979-08-18 00:00:00,0.23969403759274585,0.11520127131135766,0.3641868038741341,133.25,35.55
228,1979-08-19 00:00:00,0.1115682754935299,-0.009796224212575949,0.23293277519963576,133.25,35.55
229,1979-08-20 00:00:00,0.026537409705196854,-0.09168256025204574,0.14475737966243946,133.25,35.55
230,1979-08-21 00:00:00,0.01381262780561387,-0.1043824386446376,0.13200769425586534,133.25,35.55
231,1979-08-22 00:00:00,0.010342159035652169,-0.10787942771511748,0.12856374578642182,133.25,35.55
232,1979-08-23 00:00:00,0.010747440077697516,-0.10745687226789373,0.12895175242328874,133.25,35.55
233,1979-08-24 00:00:00,0.003609645940367653,-0.11451189801718732,0.1217311898979226,133.25,35.55
234,1979-08-25 00:00:00,0.0762952568055483,-0.0418960298236765,0.19448654343477312,133.25,35.55
235,1979-08-26 00:00:00,0.1942110779281067,0.07559395974826777,0.3128281961079457,133.25,35.55
236,1979-08-27 00:00:00,0.2622317429291695,0.1424056121221353,0.3820578737362037,133.25,35.55
237,1979-08-28 00:00:00,0.015406189387555976,-0.10416741479544292,0.13497979357055487,133.25,35.55
238,1979-08-29 00:00:00,-0.021405108039308868,-0.13961088682987588,0.09680067075125816,133.25,35.55
239,1979-08-30 00:00:00,-0.019475507021700655,-0.1376128133331326,0.09866179928973128,133.25,35.55
240,1979-08-31 00:00:00,-0.020782389187417483,-0.1389494819542148,0.09738470357937982,133.25,35.55
241,1979-09-01 00:00:00,0.047476793463850385,-0.07076402488213686,0.16571761180983766,133.25,35.55
242,1979-09-02 00:00:00,0.07809626690024069,-0.04028682183565754,0.1964793556361389,133.25,35.55
243,1979-09-03 00:00:00,-0.01787518550650281,-0.136130708099248,0.10038033708624236,133.25,35.55
244,1979-09-04 00:00:00,0.09855873312075557,-0.020284327336776545,0.21740179357828765,133.25,35.55
245,1979-09-05 00:00:00,0.04339555345892509,-0.07611311796992865,0.16290422488777884,133.25,35.55
246,1979-09-06 00:00:00,0.04139225022126247,-0.0768273686178979,0.15961186906042282,133.25,35.55
247,1979-09-07 00:00:00,0.10510507633118857,-0.013617073569576294,0.22382722623195345,133.25,35.55
248,1979-09-08 00:00:00,-0.003856735265818532,-0.1222359897753854,0.11452251924374833,133.25,35.55
249,1979-09-09 00:00:00,0.013472468108357758,-0.10463095048848316,0.13157588670519868,133.25,35.55
250,1979-09-10 00:00:00,0.036299654635118236,-0.08179430257777498,0.15439361184801145,133.25,35.55
251,1979-09-11 00:00:00,-0.04357440905105098,-0.16166239621404094,0.07451357811193897,133.25,35.55
252,1979-09-12 00:00:00,-0.016314313658278932,-0.13439446748438433,0.10176584016782646,133.25,35.55
253,1979-09-13 00:00:00,0.04101260186285365,-0.07712294764556116,0.15914815137126848,133.25,35.55
254,1979-09-14 00:00:00,0.11281977970830305,-0.005368962606582872,0.231008522023189,133.25,35.55
255,1979-09-15 00:00:00,0.10260715864556516,-0.016044014202752366,0.22125833149388272,133.25,35.55
256,1979-09-16 00:00:00,0.0041085690513488074,-0.11435380551133575,0.12257094361403335,133.25,35.55
257,1979-09-17 00:00:00,-0.06155116846979944,-0.1798413804194776,0.05673904347987871,133.25,35.55
258,1979-09-18 00:00:00,0.07281936058600141,-0.04538697803220598,0.1910256992042088,133.25,35.55
259,1979-09-19 00:00:00,0.005714419379371728,-0.1125286574507615,0.12395749620950496,133.25,35.55
260,1979-09-20 00:00:00,0.013814360642257377,-0.10436012119601323,0.13198884248052795,133.25,35.55
261,1979-09-21 00:00:00,0.03601466561414185,-0.0821264214052369,0.1541557526335206,133.25,35.55
262,1979-09-22 00:00:00,0.09253763855111266,-0.02557000455132974,0.21064528165355506,133.25,35.55
263,1979-09-23 00:00:00,0.003198194092633087,-0.11506936180220816,0.12146574998747432,133.25,35.55
264,1979-09-24 00:00:00,0.014036738612950695,-0.10416326168228757,0.13223673890818896,133.25,35.55
265,1979-09-25 00:00:00,0.0016158421087493632,-0.11664498513047665,0.11987666934797535,133.25,35.55
266,1979-09-26 00:00:00,0.0760357531380195,-0.04224402947674516,0.19431553575278412,133.25,35.55
267,1979-09-27 00:00:00,0.040943456192162435,-0.07762902116616932,0.15951593355049418,133.25,35.55
268,1979-09-28 00:00:00,-0.08862640463633409,-0.20723166537200227,0.029978856099334112,133.25,35.55
269,1979-09-29 00:00:00,-0.018409980606753112,-0.13704249114222392,0.10022252992871768,133.25,35.55
270,1979-09-30 00:00:00,0.09473674574354747,-0.02410092311062531,0.21357441459772025,133.25,35.55
271,1979-10-01 00:00:00,0.007975416349965861,-0.11434002288015463,0.13029085558008635,133.25,35.55
272,1979-10-02 00:00:00,-0.03621342542224596,-0.15482953344438616,0.08240268259989425,133.25,35.55
273,1979-10-03 00:00:00,0.04370958993593898,-0.07442956756425129,0.16184874743612926,133.25,35.55
274,1979-10-04 00:00:00,0.09519041166409314,-0.023036589717802813,0.2134174130459891,133.25,35.55
275,1979-10-05 00:00:00,0.0034896509315159104,-0.11487586300085162,0.12185516486388345,133.25,35.55
276,1979-10-06 00:00:00,0.004010478196883008,-0.11442333964400815,0.12244429603777415,133.25,35.55
277,1979-10-07 00:00:00,-0.031576770671110393,-0.15051074172627718,0.0873572003840564,133.25,35.55
278,1979-10-08 00:00:00,-0.024752310386751845,-0.14406602093641266,0.09456140016290893,133.25,35.55
279,1979-10-09 00:00:00,-0.03399226421333925,-0.15247513969627094,0.08449061126959242,133.25,35.55
280,1979-10-10 00:00:00,0.01590736748052616,-0.10217261264427564,0.13398734760532793,133.25,35.55
281,1979-10-11 00:00:00,0.0632616421605231,-0.05486553843152157,0.1813888227525678,133.25,35.55
282,1979-10-12 00:00:00,-0.03846395910643248,-0.15670945782439116,0.07978153961152619,133.25,35.55
283,1979-10-13 00:00:00,-0.028352610634358094,-0.14654631250275996,0.08984109123404377,133.25,35.55
284,1979-10-14 00:00:00,-0.023019660312528903,-0.14116746213112466,0.09512814150606684,133.25,35.55
285,1979-10-15 00:00:00,-0.007523010212135506,-0.1257034908691367,0.11065747044486572,133.25,35.55
286,1979-10-16 00:00:00,-0.04879718261395472,-0.16696358858147758,0.06936922335356815,133.25,35.55
287,1979-10-17 00:00:00,-0.027456053754949774,-0.1457512162730321,0.09083910876313256,133.25,35.55
288,1979-10-18 00:00:00,0.0005712736814112544,-0.1177548007451888,0.11889734810801132,133.25,35.55
289,1979-10-19 00:00:00,0.16923234908994056,0.032279518950982015,0.3061851792288991,133.25,35.55
290,1979-10-20 00:00:00,-0.03158088489389989,-0.1698403243982085,0.10667855461040876,133.25,35.55
291,1979-10-21 00:00:00,0.16130153621713667,0.04245681427127551,0.2801462581629978,133.25,35.55
292,1979-10-22 00:00:00,-0.03808141991444432,-0.1567994297289016,0.08063658990001292,133.25,35.55
293,1979-10-23 00:00:00,-0.004840441898086311,-0.1229553684913534,0.11327448469518077,133.25,35.55
294,1979-10-24 00:00:00,0.06609312128754866,-0.05208427716950642,0.18427051974460373,133.25,35.55
295,1979-10-25 00:00:00,0.07587228523705793,-0.042262322902362516,0.1940068933764784,133.25,35.55
296,1979-10-26 00:00:00,0.06770158450611627,-0.050432481753430465,0.18583565076566305,133.25,35.55
297,1979-10-27 00:00:00,0.06463065099717731,-0.05354870595346901,0.1828100079478236,133.25,35.55
298,1979-10-28 00:00:00,0.05846603957310637,-0.059672751050892085,0.17660483019710485,133.25,35.55
299,1979-10-29 00:00:00,0.05278950646882693,-0.06539773448473102,0.1709767474223849,133.25,35.55
300,1979-10-30 00:00:00,0.03948279135078946,-0.07889393174248324,0.15785951444406215,133.25,35.55
301,1979-10-31 00:00:00,0.07515477987850121,-0.04323247671021797,0.1935420364672204,133.25,35.55
302,1979-11-01 00:00:00,0.026657252100109413,-0.0916024058351621,0.14491691003538093,133.25,35.55
303,1979-11-02 00:00:00,0.04983520019140951,-0.06838374088474715,0.16805414126756618,133.25,35.55
304,1979-11-03 00:00:00,-0.03818354467958402,-0.1565646274156723,0.08019753805650423,133.25,35.55
305,1979-11-04 00:00:00,0.07153174783020448,-0.04663307667891517,0.18969657233932413,133.25,35.55
306,1979-11-05 00:00:00,0.20743917263925815,0.08890644250691042,0.3259719027716059,133.25,35.55
307,1979-11-06 00:00:00,0.06210521100627795,-0.057580679793384285,0.1817911018059402,133.25,35.55
308,1979-11-07 00:00:00,-0.06701789272835268,-0.18625556489200096,0.052219779435295634,133.25,35.55
309,1979-11-08 00:00:00,-0.03123767141684085,-0.14945374685399834,0.08697840402031665,133.25,35.55
310,1979-11-09 00:00:00,-0.040877733414495285,-0.15909706103818705,0.07734159420919648,133.25,35.55
311,1979-11-10 00:00:00,0.051482271629447664,-0.06697703995942547,0.1699415832183208,133.25,35.55
312,1979-11-11 00:00:00,0.11414859763980395,-0.0047049944198447324,0.23300218969945266,133.25,35.55
313,1979-11-12 00:00:00,-0.0242079387746684,-0.14304752963869347,0.09463165208935667,133.25,35.55
314,1979-11-13 00:00:00,0.07741287749390513,-0.041371486530670326,0.1961972415184806,133.25,35.55
315,1979-11-14 00:00:00,0.0794670127451186,-0.03913751210591833,0.19807153759615556,133.25,35.55
316,1979-11-15 00:00:00,-0.03998744855655307,-0.15836947633969994,0.07839457922659382,133.25,35.55
317,1979-11-16 00:00:00,0.02335920812126268,-0.09476970899416927,0.14148812523669466,133.25,35.55
318,1979-11-17 00:00:00,-0.02882308128648418,-0.14701917999757158,0.08937301742460321,133.25,35.55
319,1979-11-18 00:00:00,0.1204707224681856,0.0008843542440990781,0.2400570906922721,133.25,35.55
320,1979-11-19 00:00:00,0.0668493546764012,-0.053850055166692716,0.18754876451949512,133.25,35.55
321,1979-11-20 00:00:00,0.006337175048745078,-0.1124611930618456,0.12513554315933575,133.25,35.55
322,1979-11-21 00:00:00,-0.050169878505612366,-0.1683848899436947,0.06804513293246994,133.25,35.55
323,1979-11-22 00:00:00,0.07358722837239458,-0.04480653589154995,0.1919809926363391,133.25,35.55
324,1979-11-23 00:00:00,0.03697088973655899,-0.08228277993323528,0.15622455940635324,133.25,35.55
325,1979-11-24 00:00:00,-0.06127299536147191,-0.18038645434161532,0.057840463618671525,133.25,35.55
326,1979-11-25 00:00:00,0.01763623160355701,-0.10068560613084204,0.13595806933795607,133.25,35.55
327,1979-11-26 00:00:00,0.04882689495480147,-0.06945950662182962,0.1671132965314326,133.25,35.55
328,1979-11-27 00:00:00,-0.06881477907590766,-0.1872504357877946,0.04962087763597929,133.25,35.55
329,1979-11-28 00:00:00,0.07571314664018874,-0.0425695793650954,0.19399587264547288,133.25,35.55
330,1979-11-29 00:00:00,0.15495546812484942,0.03653479053921428,0.2733761457104846,133.25,35.55
331,1979-11-30 00:00:00,-0.033857779935479636,-0.15240072712111946,0.08468516725016018,133.25,35.55
332,1979-12-01 00:00:00,0.01918173502561452,-0.0990010094486406,0.13736447949986966,133.25,35.55
333,1979-12-02 00:00:00,0.002854961098920673,-0.1154032514008986,0.12111317359873995,133.25,35.55
334,1979-12-03 00:00:00,-0.026997119991072068,-0.145206428147788,0.09121218816564387,133.25,35.55
335,1979-12-04 00:00:00,0.02581602380761872,-0.09231048207883903,0.1439425296940765,133.25,35.55
336,1979-12-05 00:00:00,0.0622576389287452,-0.056051657629029625,0.18056693548652006,133.25,35.55
337,1979-12-06 00:00:00,-0.009994736000080402,-0.12825180810941658,0.10826233610925576,133.25,35.55
338,1979-12-07 00:00:00,0.035907669953640205,-0.08225469788605919,0.1540700377933396,133.25,35.55
339,1979-12-08 00:00:00,0.049090141361889515,-0.06907466462188433,0.16725494734566332,133.25,35.55
340,1979-12-09 00:00:00,0.013788657714626592,-0.1044053767719332,0.1319826922011864,133.25,35.55
341,1979-12-10 00:00:00,0.03381112651359421,-0.08496712437472376,0.1525893774019122,133.25,35.55
342,1979-12-11 00:00:00,-0.0322118356670455,-0.15069039757462896,0.08626672624053798,133.25,35.55
343,1979-12-12 00:00:00,0.0056095876742707634,-0.1126998236173178,0.12391899896585935,133.25,35.55
344,1979-12-13 00:00:00,0.04478675160622242,-0.07341049955675139,0.16298400276919622,133.25,35.55
345,1979-12-14 00:00:00,0.01540013928503689,-0.10277537417785068,0.13357565274792446,133.25,35.55
346,1979-12-15 00:00:00,0.08605689232221198,-0.03226387197248823,0.20437765661691215,133.25,35.55
347,1979-12-16 00:00:00,-0.006133352831230565,-0.1244160479499604,0.11214934228749926,133.25,35.55
348,1979-12-17 00:00:00,-0.003426523867502175,-0.12152523457278573,0.11467218683778135,133.25,35.55
349,1979-12-18 00:00:00,0.006419052300253293,-0.11169358623848187,0.12453169083898845,133.25,35.55
350,1979-12-19 00:00:00,0.07800499637601815,-0.04024032045925936,0.19625031321129568,133.25,35.55
351,1979-12-20 00:00:00,0.15355153356434822,0.03248299576645092,0.27462007136224553,133.25,35.55
352,1979-12-21 00:00:00,-0.02010524019947556,-0.13888731170190532,0.0986768313029542,133.25,35.55
353,1979-12-22 00:00:00,0.02233833088882137,-0.096473883687571,0.14115054546521374,133.25,35.55
354,1979-12-23 00:00:00,0.019581710679621715,-0.09902367596935048,0.13818709732859388,133.25,35.55
355,1979-12-24 00:00:00,0.024493539752785082,-0.09426415065744524,0.1432512301630154,133.25,35.55
356,1979-12-25 00:00:00,0.10099614937443717,-0.01793824873178762,0.21993054748066196,133.25,35.55
357,1979-12-26 00:00:00,0.03838470101902272,-0.08051466059986978,0.15728406263791522,133.25,35.55
358,1979-12-27 00:00:00,0.14187749147814255,0.022704786033797556,0.26105019692248754,133.25,35.55
359,1979-12-28 00:00:00,-0.045823096920679735,-0.16475034327019386,0.07310414942883436,133.25,35.55
360,1979-12-29 00:00:00,0.048002035416864236,-0.07015564872625582,0.16615971955998432,133.25,35.55
361,1979-12-30 00:00:00,0.021428969857730018,-0.09674248342903542,0.13960042314449547,133.25,35.55
362,1979-12-31 00:00:00,0.10391586861902112,-0.014755676505767631,0.22258741374380991,133.25,35.55
363,1980-01-01 00:00:00,-0.15080433853597344,-0.2700027816871091,-0.03160589538483774,133.25,35.55
364,1980-01-02 00:00:00,-0.03479435690108545,-0.15344647657124366,0.08385776276907275,133.25,35.55
365,1980-01-03 00:00:00,0.10058203215374573,-0.01860373884696449,0.21976780315445596,133.25,35.55
366,1980-01-04 00:00:00,0.04616093574041552,-0.07288272387683865,0.16520459535766968,133.25,35.55
367,1980-01-05 00:00:00,0.04527110455810817,-0.07486337033761456,0.16540557945383091,133.25,35.55
368,1980-01-06 00:00:00,0.12974640342268026,0.009870105508777122,0.2496227013365833,133.25,35.55
369,1980-01-07 00:00:00,0.22381393036872166,0.1035698357484748,0.3440580249889684,133.25,35.55
370,1980-01-08 00:00:00,-0.0003792240992720186,-0.12018362031719555,0.11942517211865153,133.25,35.55
371,1980-01-09 00:00:00,0.04278046801458571,-0.07549341462339784,0.16105435065256926,133.25,35.55
372,1980-01-10 00:00:00,0.13163897101470806,0.013075173083431618,0.2502027689459845,133.25,35.55
373,1980-01-11 00:00:00,0.012043439739428093,-0.10678286401062796,0.13086974348948416,133.25,35.55
374,1980-01-12 00:00:00,0.058834464531241325,-0.059649601010619425,0.17731853007310205,133.25,35.55
375,1980-01-13 00:00:00,0.09310959707955124,-0.02532915249229416,0.2115483466513966,133.25,35.55
376,1980-01-14 00:00:00,0.17501436268006176,0.05585152001307922,0.2941772053470443,133.25,35.55
377,1980-01-15 00:00:00,0.1197115143527122,0.0006426430793726733,0.2387803856260517,133.25,35.55
378,1980-01-16 00:00:00,0.21467352936835749,0.09559264181580808,0.3337544169209069,133.25,35.55
379,1980-01-17 00:00:00,0.2347622456344093,0.11514081615452774,0.3543836751142908,133.25,35.55
380,1980-01-18 00:00:00,-0.02178677879656456,-0.14143637278436422,0.09786281519123513,133.25,35.55
381,1980-01-19 00:00:00,0.06159720896224107,-0.05685611178319475,0.1800505297076769,133.25,35.55
382,1980-01-20 00:00:00,0.20900740469293974,0.090477986846187,0.3275368225396925,133.25,35.55
383,1980-01-21 00:00:00,0.06890405343019035,-0.049694408817607824,0.18750251567798853,133.25,35.55
384,1980-01-22 00:00:00,0.0407000237751046,-0.07802137180230567,0.1594214193525149,133.25,35.55
385,1980-01-23 00:00:00,0.10123271548231484,-0.017206612370537874,0.21967204333516754,133.25,35.55
386,1980-01-24 00:00:00,0.11202158625738733,-0.006770681632488632,0.23081385414726324,133.25,35.55
387,1980-01-25 00:00:00,0.011516307044719136,-0.10681870167816687,0.12985131576760514,133.25,35.55
388,1980-01-26 00:00:00,-0.015548264694697675,-0.13372447646938604,0.10262794707999068,133.25,35.55
389,1980-01-27 00:00:00,0.0442400936126309,-0.07403177525012301,0.1625119624753848,133.25,35.55
390,1980-01-28 00:00:00,0.05172517147829657,-0.06659181663022347,0.17004215958681662,133.25,35.55
391,1980-01-29 00:00:00,-0.039992670776893294,-0.15848369230070486,0.07849835074691824,133.25,35.55
392,1980-01-30 00:00:00,0.1758234410430254,0.056785455357283236,0.2948614267287676,133.25,35.55
393,1980-01-31 00:00:00,0.21524456192052946,0.0941018362741394,0.3363872875669195,133.25,35.55
394,1980-02-01 00:00:00,0.18698356265453486,0.06748763760064698,0.3064794877084228,133.25,35.55
395,1980-02-02 00:00:00,0.16982850712468278,0.050350874182993284,0.2893061400663723,133.25,35.55
396,1980-02-03 00:00:00,0.16824417925265908,0.049172674825575566,0.2873156836797426,133.25,35.55
397,1980-02-04 00:00:00,0.15141419016537133,0.032691444725792086,0.27013693560495056,133.25,35.55
398,1980-02-05 00:00:00,0.10342319236848936,-0.015100414458847619,0.22194679919582636,133.25,35.55
399,1980-02-06 00:00:00,0.07704982297829012,-0.04251401115554071,0.19661365711212092,133.25,35.55
400,1980-02-07 00:00:00,0.020276834631243024,-0.09841117677394916,0.13896484603643522,133.25,35.55
401,1980-02-08 00:00:00,0.06804858341070208,-0.05028184456067178,0.1863790113820759,133.25,35.55
402,1980-02-09 00:00:00,0.06737657762287941,-0.051215579342605316,0.18596873458836413,133.25,35.55
403,1980-02-10 00:00:00,0.04614030969543282,-0.07224207745617828,0.1645226968470439,133.25,35.55
404,1980-02-11 00:00:00,0.1081886664455408,-0.010106066492980584,0.2264833993840621,133.25,35.55
405,1980-02-12 00:00:00,0.04675506707785507,-0.0715552774101916,0.16506541156590174,133.25,35.55
406,1980-02-13 00:00:00,0.03377885839430822,-0.0846182735833247,0.15217599037194113,133.25,35.55
407,1980-02-14 00:00:00,0.030627154863724217,-0.08793522044365745,0.1491895301711059,133.25,35.55
408,1980-02-15 00:00:00,0.1346727158184483,0.01621654249787503,0.2531288891390216,133.25,35.55
409,1980-02-16 00:00:00,0.0138712728836571,-0.10461349180499936,0.13235603757231354,133.25,35.55
410,1980-02-17 00:00:00,0.0077039735835053155,-0.11071367341556444,0.12612162058257506,133.25,35.55
411,1980-02-18 00:00:00,-0.014853017943415016,-0.13313986091263044,0.1034338250258004,133.25,35.55
412,1980-02-19 00:00:00,0.08905192009653387,-0.02926094389599601,0.20736478408906373,133.25,35.55
413,1980-02-20 00:00:00,-0.015475307916096526,-0.13375647640282612,0.10280586057063308,133.25,35.55
414,1980-02-21 00:00:00,-0.0133325638292991,-0.1314894884235049,0.1048243607649067,133.25,35.55
415,1980-02-22 00:00:00,-0.02784060758176521,-0.1460609439205349,0.09037972875700448,133.25,35.55
416,1980-02-23 00:00:00,0.061082958759040185,-0.05718027854555905,0.17934619606363944,133.25,35.55
417,1980-02-24 00:00:00,0.05867460837406387,-0.059553120326679365,0.17690233707480713,133.25,35.55
418,1980-02-25 00:00:00,-0.03858001877551031,-0.15684790731049794,0.07968786975947731,133.25,35.55
419,1980-02-26 00:00:00,0.1194438573035383,0.0011325566978475365,0.2377551579092291,133.25,35.55
420,1980-02-27 00:00:00,0.03488279752265862,-0.08376350059509588,0.15352909564041312,133.25,35.55
421,1980-02-28 00:00:00,0.08256551203672373,-0.03580911349584884,0.2009401375692963,133.25,35.55
422,1980-02-29 00:00:00,0.06095306809732029,-0.05739625759277785,0.1793023937874184,133.25,35.55
423,1980-03-01 00:00:00,0.21853153309502246,0.09868791567056202,0.338375150519483,133.25,35.55
424,1980-03-02 00:00:00,-0.034600028830989185,-0.15464053700352087,0.0854404793415425,133.25,35.55
425,1980-03-03 00:00:00,-0.017678788324769767,-0.1359057432069748,0.10054816655743523,133.25,35.55
426,1980-03-04 00:00:00,0.05684876063767005,-0.06149682290700005,0.17519434418234014,133.25,35.55
427,1980-03-05 00:00:00,-0.02042620244615149,-0.1387529321999844,0.09790052730768144,133.25,35.55
428,1980-03-06 00:00:00,0.02329036298769245,-0.09484306558403152,0.14142379155941642,133.25,35.55
429,1980-03-07 00:00:00,0.010640594593353548,-0.1075219930020357,0.1288031821887428,133.25,35.55
430,1980-03-08 00:00:00,-0.0163081394258505,-0.13485015119686525,0.10223387234516426,133.25,35.55
431,1980-03-09 00:00:00,0.024181457099118363,-0.09465611128526366,0.1430190254835004,133.25,35.55
432,1980-03-10 00:00:00,0.016265536853397933,-0.10380961842350536,0.1363406921303012,133.25,35.55
433,1980-03-11 00:00:00,-0.11233744737549722,-0.2311787823652853,0.006503887614290813,133.25,35.55
434,1980-03-12 00:00:00,-0.0270361967248023,-0.14549640963509458,0.09142401618549001,133.25,35.55
435,1980-03-13 00:00:00,0.009219239040900495,-0.1090345252868826,0.1274730033686836,133.25,35.55
436,1980-03-14 00:00:00,0.08270351362209273,-0.03559634085592983,0.2010033681001153,133.25,35.55
437,1980-03-15 00:00:00,0.014406563187522288,-0.10411312735490257,0.13292625372994712,133.25,35.55
438,1980-03-16 00:00:00,0.05294033509634628,-0.06538520382949223,0.1712658740221848,133.25,35.55
439,1980-03-17 00:00:00,0.07024313713023607,-0.04798714270799608,0.18847341696846825,133.25,35.55
440,1980-03-18 00:00:00,-0.051217993825578886,-0.16966147718011124,0.06722548952895346,133.25,35.55
441,1980-03-19 00:00:00,0.0102191020350286,-0.10817790698591398,0.12861611105597118,133.25,35.55
442,1980-03-20 00:00:00,0.08098239050083395,-0.03738752656074944,0.1993523075624173,133.25,35.55
443,1980-03-21 00:00:00,-0.016053387196248804,-0.13440466558734518,0.10229789119484756,133.25,35.55
444,1980-03-22 00:00:00,-0.03574175304276924,-0.15428215825547226,0.0827986521699338,133.25,35.55
445,1980-03-23 00:00:00,0.05363219614641453,-0.06560687777720264,0.1728712700700317,133.25,35.55
446,1980-03-24 00:00:00,0.020895705099820645,-0.09765248313295788,0.13944389333259918,133.25,35.55
447,1980-03-25 00:00:00,0.03554552088575519,-0.0828334004165506,0.15392444218806098,133.25,35.55
448,1980-03-26 00:00:00,0.1147762704697923,-0.003492936440788158,0.2330454773803728,133.25,35.55
449,1980-03-27 00:00:00,0.0034866861090385864,-0.1148732212490005,0.12184659346707767,133.25,35.55
450,1980-03-28 00:00:00,-0.005676440929751518,-0.12389151135445632,0.11253862949495327,133.25,35.55
451,1980-03-29 00:00:00,0.10046046318122,-0.01788776739233601,0.218808693754776,133.25,35.55
452,1980-03-30 00:00:00,0.016774873427728376,-0.10223235464001994,0.1357821014954767,133.25,35.55
453,1980-03-31 00:00:00,-0.07371703453231662,-0.19230538704810105,0.044871317983467766,133.25,35.55
454,1980-04-01 00:00:00,0.08631895421069667,-0.03246082345334077,0.2050987318747341,133.25,35.55
455,1980-04-02 00:00:00,0.03270720848276932,-0.08593238961944512,0.15134680658498378,133.25,35.55
456,1980-04-03 00:00:00,-0.0053293386808741395,-0.12376141173419652,0.11310273437244825,133.25,35.55
457,1980-04-04 00:00:00,0.0547404828046629,-0.06364618828449432,0.1731271538938201,133.25,35.55
458,1980-04-05 00:00:00,0.21194739590423695,0.09331878551273877,0.33057600629573514,133.25,35.55
459,1980-04-06 00:00:00,0.3304781738057393,0.20906947005541215,0.4518868775560664,133.25,35.55
460,1980-04-07 00:00:00,-0.00692895520748496,-0.12819933651037765,0.11434142609540772,133.25,35.55
461,1980-04-08 00:00:00,0.03709887558360639,-0.08116510054074813,0.15536285170796094,133.25,35.55
462,1980-04-09 00:00:00,0.07953205385627872,-0.03872645076516304,0.1977905584777205,133.25,35.55
463,1980-04-10 00:00:00,-0.08590170036407606,-0.2045832788951868,0.032779878167034704,133.25,35.55
464,1980-04-11 00:00:00,0.005253159834613358,-0.11334100934372345,0.12384732901295015,133.25,35.55
465,1980-04-12 00:00:00,0.046481149716682116,-0.07188389964968743,0.16484619908305165,133.25,35.55
466,1980-04-13 00:00:00,0.07231778451190657,-0.046315783732132985,0.19095135275594613,133.25,35.55
467,1980-04-14 00:00:00,0.03242180730332609,-0.08640449817122013,0.1512481127778723,133.25,35.55
468,1980-04-15 00:00:00,0.04729411310460088,-0.07151215620465654,0.1661003824138583,133.25,35.55
469,1980-04-16 00:00:00,-0.009306030870496671,-0.12750924262540042,0.10889718088440707,133.25,35.55
470,1980-04-17 00:00:00,0.06050384527175921,-0.057766270835908774,0.1787739613794272,133.25,35.55
471,1980-04-18 00:00:00,0.015442726836058884,-0.1028337908618712,0.13371924453398895,133.25,35.55
472,1980-04-19 00:00:00,0.2763094177761889,0.15690492592929933,0.3957139096230785,133.25,35.55
473,1980-04-20 00:00:00,0.2311967887445721,0.10730147907440392,0.3550920984147403,133.25,35.55
474,1980-04-21 00:00:00,0.1505657256614241,0.028245940026929494,0.2728855112959187,133.25,35.55
475,1980-04-22 00:00:00,-0.0038440252869421,-0.12227156993745505,0.11458351936357085,133.25,35.55
476,1980-04-23 00:00:00,0.0796629552926349,-0.03869611828252775,0.19802202886779754,133.25,35.55
477,1980-04-24 00:00:00,0.046660875605568315,-0.07173509805656501,0.16505684926770164,133.25,35.55
478,1980-04-25 00:00:00,0.01820228374205654,-0.09996870557316186,0.13637327305727492,133.25,35.55
479,1980-04-26 00:00:00,6.361680391259866e-05,-0.11808746970877948,0.11821470331660465,133.25,35.55
480,1980-04-27 00:00:00,0.02876680810103727,-0.0895547793822202,0.14708839558429473,133.25,35.55
481,1980-04-28 00:00:00,0.15107508031903327,0.03052592940351745,0.2716242312345491,133.25,35.55
482,1980-04-29 00:00:00,-0.031575248888331214,-0.15006326124397446,0.08691276346731204,133.25,35.55
483,1980-04-30 00:00:00,0.045679179033737034,-0.07247825167990274,0.16383660974737682,133.25,35.55
484,1980-05-01 00:00:00,0.053672096015593126,-0.06470556355140154,0.17204975558258778,133.25,35.55
485,1980-05-02 00:00:00,0.04436820757615807,-0.07397621357354843,0.16271262872586453,133.25,35.55
486,1980-05-03 00:00:00,0.08277495504113985,-0.03548018182780356,0.20103009191008325,133.25,35.55
487,1980-05-04 00:00:00,0.13836530761033305,0.020029853427888544,0.2567007617927775,133.25,35.55
488,1980-05-05 00:00:00,0.07689809529521832,-0.0416149454060991,0.19541113599653576,133.25,35.55
489,1980-05-06 00:00:00,0.059669168013504185,-0.0592307961217529,0.17856913214876127,133.25,35.55
490,1980-05-07 00:00:00,-0.08501569927399705,-0.20351372112431204,0.03348232257631796,133.25,35.55
491,1980-05-08 00:00:00,0.025871013012107424,-0.09239947312761057,0.14414149915182545,133.25,35.55
492,1980-05-09 00:00:00,0.1280482258962578,0.009143463392569787,0.24695298839994584,133.25,35.55
493,1980-05-10 00:00:00,0.027596547245913525,-0.09120462100894958,0.14639771550077665,133.25,35.55
494,1980-05-11 00:00:00,0.023994046927039797,-0.09438584286759938,0.14237393672167895,133.25,35.55
495,1980-05-12 00:00:00,0.07401746848846318,-0.044221924512753516,0.19225686148967985,133.25,35.55
496,1980-05-13 00:00:00,0.14244502122355499,0.023441484555046216,0.2614485578920638,133.25,35.55
497,1980-05-14 00:00:00,0.08842603785740041,-0.03025659753820052,0.20710867325300136,133.25,35.55
498,1980-05-15 00:00:00,0.17042568059222993,0.051594616673519306,0.2892567445109405,133.25,35.55
499,1980-05-16 00:00:00,0.05698754591513155,-0.061982036258273185,0.17595712808853628,133.25,35.55
500,1980-05-17 00:00:00,0.060846136061396675,-0.05767464526814677,0.1793669173909401,133.25,35.55
501,1980-05-18 00:00:00,-0.011367463800162562,-0.12957666345258112,0.106841735852256,133.25,35.55
502,1980-05-19 00:00:00,0.016372413020881958,-0.10183930139275396,0.13458412743451784,133.25,35.55
503,1980-05-20 00:00:00,0.07603759664308593,-0.04226110718047586,0.19433630046664768,133.25,35.55
504,1980-05-21 00:00:00,0.09450721314420467,-0.024094141537149418,0.2131085678255588,133.25,35.55
505,1980-05-22 00:00:00,0.018401096408874437,-0.10003156569349478,0.13683375851124366,133.25,35.55
506,1980-05-23 00:00:00,0.016455608866685886,-0.10174839031469964,0.13465960804807142,133.25,35.55
507,1980-05-24 00:00:00,0.07378105540332082,-0.044364773353554564,0.1919268841601962,133.25,35.55
508,1980-05-25 00:00:00,0.10517072680890883,-0.013020361407491065,0.22336181502530872,133.25,35.55
509,1980-05-26 00:00:00,0.2596764327908764,0.140563953641965,0.37878891193978775,133.25,35.55
510,1980-05-27 00:00:00,0.11168378393328827,-0.007725965256593027,0.2310935331231696,133.25,35.55
511,1980-05-28 00:00:00,0.04279625235012098,-0.07607404436555575,0.1616665490657977,133.25,35.55
512,1980-05-29 00:00:00,0.04572318380846313,-0.07261802767606902,0.16406439529299527,133.25,35.55
513,1980-05-30 00:00:00,0.0486901628868208,-0.06948055109130828,0.16686087686494985,133.25,35.55
514,1980-05-31 00:00:00,0.03679884016753091,-0.08138437561468984,0.15498205594975165,133.25,35.55
515,1980-06-01 00:00:00,0.03405648754727796,-0.08422824874672627,0.1523412238412822,133.25,35.55
516,1980-06-02 00:00:00,0.1131549462827982,-0.005109273561807043,0.23141916612740346,133.25,35.55
517,1980-06-03 00:00:00,0.10841860253069306,-0.010129473260962446,0.22696667832234854,133.25,35.55
518,1980-06-04 00:00:00,0.053528538948956914,-0.06493208665249815,0.17198916455041194,133.25,35.55
519,1980-06-05 00:00:00,0.06278979937009734,-0.055391491015261085,0.18097108975545576,133.25,35.55
520,1980-06-06 00:00:00,0.049810410530090624,-0.06831911061281246,0.1679399316729937,133.25,35.55
521,1980-06-07 00:00:00,0.0333956130335469,-0.08479617096353376,0.15158739703062754,133.25,35.55
522,1980-06-08 00:00:00,0.13613092670067206,0.017364885199718724,0.2548969682016254,133.25,35.55
523,1980-06-09 00:00:00,0.14478777626246375,0.02612448120022426,0.26345107132470325,133.25,35.55
524,1980-06-10 00:00:00,0.011010090015446387,-0.10748948668302258,0.12950966671391534,133.25,35.55
525,1980-06-11 00:00:00,0.04202498016891332,-0.07615996866533475,0.1602099290031614,133.25,35.55
526,1980-06-12 00:00:00,0.05757111152954094,-0.0605774763323273,0.1757196993914092,133.25,35.55
527,1980-06-13 00:00:00,0.0608440898114921,-0.0572571778157103,0.1789453574386945,133.25,35.55
528,1980-06-14 00:00:00,0.030126068961589845,-0.08797466973894162,0.14822680766212132,133.25,35.55
529,1980-06-15 00:00:00,0.06756637516910781,-0.050546862702825636,0.18567961304104125,133.25,35.55
530,1980-06-16 00:00:00,0.11239586901916213,-0.0057467565909185845,0.23053849462924286,133.25,35.55
531,1980-06-17 00:00:00,0.25405531715954,0.1353980819485797,0.37271255237050027,133.25,35.55
532,1980-06-18 00:00:00,0.16868509327478326,0.049310517739497337,0.2880596688100691,133.25,35.55
533,1980-06-19 00:00:00,-0.09284383985613608,-0.21145445941246774,0.0257667797001956,133.25,35.55
534,1980-06-20 00:00:00,0.02058307488789001,-0.09754146772640472,0.13870761750218474,133.25,35.55
535,1980-06-21 00:00:00,0.04537001139166422,-0.07278060127335594,0.16352062405668438,133.25,35.55
536,1980-06-22 00:00:00,0.04413522095350928,-0.07395284978253311,0.16222329168955166,133.25,35.55
537,1980-06-23 00:00:00,0.061263176323155775,-0.05684670225460574,0.17937305490091732,133.25,35.55
538,1980-06-24 00:00:00,0.07208462678963709,-0.04599855499688825,0.19016780857616244,133.25,35.55
539,1980-06-25 00:00:00,0.07131665534462259,-0.04681064162160488,0.18944395231085004,133.25,35.55
540,1980-06-26 00:00:00,0.1427495952258412,0.02398270989534761,0.26151648055633475,133.25,35.55
541,1980-06-27 00:00:00,0.1863522636829953,0.06761326112519031,0.3050912662408003,133.25,35.55
542,1980-06-28 00:00:00,0.040711686470889914,-0.07761212425779253,0.15903549719957233,133.25,35.55
543,1980-06-29 00:00:00,0.03804967278493869,-0.08015606188124427,0.15625540745112165,133.25,35.55
544,1980-06-30 00:00:00,-0.0071782114041418765,-0.1253488637264007,0.11099244091811697,133.25,35.55
545,1980-07-01 00:00:00,0.041660549024038665,-0.07662252848708861,0.15994362653516594,133.25,35.55
546,1980-07-02 00:00:00,0.0894604310255118,-0.0294807234414704,0.208401585492494,133.25,35.55
547,1980-07-03 00:00:00,0.054433875127295465,-0.06410751585032055,0.17297526610491148,133.25,35.55
548,1980-07-04 00:00:00,0.06609345880854714,-0.05213702828715477,0.18432394590424905,133.25,35.55
549,1980-07-05 00:00:00,0.08126819499697605,-0.0368621004100351,0.1993984904039872,133.25,35.55
550,1980-07-06 00:00:00,0.06568673556395416,-0.052446540337434636,0.18382001146534294,133.25,35.55
551,1980-07-07 00:00:00,0.07876238742185729,-0.03957705868796478,0.19710183353167934,133.25,35.55
552,1980-07-08 00:00:00,0.025023569095847745,-0.093357540187411,0.14340467837910648,133.25,35.55
553,1980-07-09 00:00:00,0.043208593201677706,-0.07499124325610766,0.16140842965946306,133.25,35.55
554,1980-07-10 00:00:00,0.04189452821193143,-0.07625656670746148,0.16004562313132434,133.25,35.55
555,1980-07-11 00:00:00,0.08770706848224441,-0.0306079386067427,0.20602207557123156,133.25,35.55
556,1980-07-12 00:00:00,0.05763715619106405,-0.061275947346658886,0.176550259728787,133.25,35.55
557,1980-07-13 00:00:00,-0.007522625935819556,-0.12582493649333806,0.11077968462169893,133.25,35.55
558,1980-07-14 00:00:00,0.11606462191703835,-0.002408158746073349,0.23453740258015005,133.25,35.55
559,1980-07-15 00:00:00,0.1911688661347065,0.0719070473556627,0.31043068491375025,133.25,35.55
560,1980-07-16 00:00:00,0.005409694403091442,-0.1131900065316516,0.12400939533783448,133.25,35.55
561,1980-07-17 00:00:00,0.025660701495098515,-0.0925407545713762,0.14386215756157322,133.25,35.55
562,1980-07-18 00:00:00,0.0870138904879205,-0.03119667327021781,0.20522445424605884,133.25,35.55
563,1980-07-19 00:00:00,0.06500027104089888,-0.053349475715099286,0.18335001779689705,133.25,35.55
564,1980-07-20 00:00:00,0.02365496401833851,-0.0945141326684618,0.1418240607051388,133.25,35.55
565,1980-07-21 00:00:00,0.06204490302511479,-0.05609473682501052,0.1801845428752401,133.25,35.55
566,1980-07-22 00:00:00,0.1066113498562764,-0.011506415576105449,0.22472911528865824,133.25,35.55
567,1980-07-23 00:00:00,0.1492793622224001,0.031090136566651706,0.2674685878781485,133.25,35.55
568,1980-07-24 00:00:00,0.1632364226497073,0.044927441088077655,0.2815454042113369,133.25,35.55
569,1980-07-25 00:00:00,0.04769931405216568,-0.07046362041443485,0.1658622485187662,133.25,35.55
570,1980-07-26 00:00:00,0.04880634029573409,-0.06935292807845131,0.16696560866991947,133.25,35.55
571,1980-07-27 00:00:00,0.0681939506345121,-0.050071812326474105,0.1864597135954983,133.25,35.55
572,1980-07-28 00:00:00,0.0004233483955209776,-0.11774555125829285,0.11859224804933485,133.25,35.55
573,1980-07-29 00:00:00,0.04881517720020157,-0.0692910539640663,0.16692140836446945,133.25,35.55
574,1980-07-30 00:00:00,0.09785960579325832,-0.020725545693310542,0.21644475727982715,133.25,35.55
575,1980-07-31 00:00:00,0.06835881465083486,-0.05061653400955542,0.18733416331122515,133.25,35.55
576,1980-08-01 00:00:00,0.028134884388155347,-0.0900466000543565,0.1463163688306672,133.25,35.55
577,1980-08-02 00:00:00,-0.0026292310192968797,-0.1207908561480714,0.11553239410947765,133.25,35.55
578,1980-08-03 00:00:00,-0.007174441392066092,-0.12536647077728855,0.11101758799315638,133.25,35.55
579,1980-08-04 00:00:00,-0.002845376176172018,-0.12121756213080707,0.11552680977846305,133.25,35.55
580,1980-08-05 00:00:00,0.022188458118576827,-0.09635618155963678,0.14073309779679044,133.25,35.55
581,1980-08-06 00:00:00,0.029527700412126857,-0.08878016061353428,0.147835561437788,133.25,35.55
582,1980-08-07 00:00:00,0.02612068629791766,-0.09202764668700572,0.14426901928284105,133.25,35.55
583,1980-08-08 00:00:00,0.013059476849857143,-0.10515016703075084,0.13126912073046515,133.25,35.55
584,1980-08-09 00:00:00,0.010138744714615046,-0.10825110733430544,0.1285285967635355,133.25,35.55
585,1980-08-10 00:00:00,0.024640622512092033,-0.0937594125057392,0.1430406575299233,133.25,35.55
586,1980-08-11 00:00:00,0.016537174970968974,-0.10180192877770612,0.13487627871964405,133.25,35.55
587,1980-08-12 00:00:00,0.007604062731683046,-0.11054434170438164,0.12575246716774774,133.25,35.55
588,1980-08-13 00:00:00,0.048650605959821465,-0.06949431065494732,0.16679552257459027,133.25,35.55
589,1980-08-14 00:00:00,0.1293383681705985,0.011030546225337959,0.24764619011585906,133.25,35.55
590,1980-08-15 00:00:00,0.08498080021170523,-0.03332160500992255,0.203283205433333,133.25,35.55
591,1980-08-16 00:00:00,0.02804987741508776,-0.09022529336583192,0.14632504819600745,133.25,35.55
592,1980-08-17 00:00:00,0.05510694332379326,-0.06317866653165508,0.1733925531792416,133.25,35.55
593,1980-08-18 00:00:00,0.06644673439987271,-0.0517308127624654,0.18462428156221086,133.25,35.55
594,1980-08-19 00:00:00,0.03575903245863445,-0.08238969764902733,0.15390776256629626,133.25,35.55
595,1980-08-20 00:00:00,0.028198505399077093,-0.08988254359043292,0.1462795543885871,133.25,35.55
596,1980-08-21 00:00:00,0.03453469909473147,-0.08360039350326579,0.15266979169272873,133.25,35.55
597,1980-08-22 00:00:00,0.05564288864610386,-0.06251833557307424,0.17380411286528194,133.25,35.55
598,1980-08-23 00:00:00,0.08003095978421045,-0.038191524548416914,0.19825344411683785,133.25,35.55
599,1980-08-24 00:00:00,0.03958818256272341,-0.07862432779125249,0.1578006929166993,133.25,35.55
600,1980-08-25 00:00:00,0.059188319497150726,-0.05892549030740316,0.17730212930170464,133.25,35.55
601,1980-08-26 00:00:00,0.06203790825306955,-0.056392921975894676,0.18046873848203376,133.25,35.55
602,1980-08-27 00:00:00,0.12626768077738432,0.0076586936103841124,0.2448766679443845,133.25,35.55
603,1980-08-28 00:00:00,-0.05897014240136194,-0.1772891284328256,0.059348843630101726,133.25,35.55
604,1980-08-29 00:00:00,0.06090611991125399,-0.05736339064051488,0.17917563046302287,133.25,35.55
605,1980-08-30 00:00:00,0.07043346409773125,-0.04783093203950943,0.18869786023497195,133.25,35.55
606,1980-08-31 00:00:00,0.05942308788592345,-0.059210359256213575,0.17805653502806046,133.25,35.55
607,1980-09-01 00:00:00,0.007916020801364764,-0.11070601434073604,0.12653805594346554,133.25,35.55
608,1980-09-02 00:00:00,0.009232789125522984,-0.10890576738930254,0.1273713456403485,133.25,35.55
609,1980-09-03 00:00:00,0.03878409536441769,-0.07933847828973006,0.15690666901856545,133.25,35.55
610,1980-09-04 00:00:00,0.03576113081903877,-0.08234287328151135,0.1538651349195889,133.25,35.55
611,1980-09-05 00:00:00,0.1371711339940703,0.018927594815353197,0.25541467317278743,133.25,35.55
612,1980-09-06 00:00:00,0.12849158064367533,0.009974383498687523,0.24700877778866315,133.25,35.55
613,1980-09-07 00:00:00,0.027517734367294044,-0.09068784433981653,0.1457233130744046,133.25,35.55
614,1980-09-08 00:00:00,-0.021590873684906763,-0.13978452447978273,0.09660277710996923,133.25,35.55
615,1980-09-09 00:00:00,-0.04023019226532719,-0.15856470452947125,0.07810431999881685,133.25,35.55
616,1980-09-10 00:00:00,0.035296537097691934,-0.08346353037842025,0.1540566045738041,133.25,35.55
617,1980-09-11 00:00:00,0.4296661610322095,0.3022035874942981,0.5571287345701208,133.25,35.55
618,1980-09-12 00:00:00,0.2488857006057888,0.11682760516352984,0.38094379604804784,133.25,35.55
619,1980-09-13 00:00:00,0.04640377907055042,-0.07212392131656624,0.16493147945766706,133.25,35.55
620,1980-09-14 00:00:00,0.02958758150339993,-0.08856067660921135,0.14773583961601122,133.25,35.55
621,1980-09-15 00:00:00,0.017192336833883756,-0.10091401660320973,0.13529869027097724,133.25,35.55
622,1980-09-16 00:00:00,0.08594499309521073,-0.03215892828221985,0.20404891447264129,133.25,35.55
623,1980-09-17 00:00:00,0.029110039961863513,-0.0890421617889094,0.1472622417126364,133.25,35.55
624,1980-09-18 00:00:00,-0.031463594091870266,-0.14964220225282798,0.08671501406908742,133.25,35.55
625,1980-09-19 00:00:00,0.010373349229547269,-0.10777187140380234,0.1285185698628969,133.25,35.55
626,1980-09-20 00:00:00,0.05717493602128584,-0.06096725802860008,0.17531713007117175,133.25,35.55
627,1980-09-21 00:00:00,-0.013513329927571005,-0.13167098696664215,0.10464432711150018,133.25,35.55
628,1980-09-22 00:00:00,0.07084206944342326,-0.047589974860926115,0.18927411374777264,133.25,35.55
629,1980-09-23 00:00:00,-0.008665056768699895,-0.1270184881537358,0.109688374616336,133.25,35.55
630,1980-09-24 00:00:00,0.014871569625992552,-0.10325941222247273,0.13300255147445786,133.25,35.55
631,1980-09-25 00:00:00,0.007280673780483592,-0.1108627437301828,0.12542409129114998,133.25,35.55
632,1980-09-26 00:00:00,-0.0018962152971361281,-0.1201235217295197,0.11633109113524745,133.25,35.55
633,1980-09-27 00:00:00,-0.012888325150944123,-0.13155577771407514,0.10577912741218692,133.25,35.55
634,1980-09-28 00:00:00,0.02522048699772899,-0.0933200876933733,0.14376106168883127,133.25,35.55
635,1980-09-29 00:00:00,0.03203279137520133,-0.08609906923803251,0.15016465198843518,133.25,35.55
636,1980-09-30 00:00:00,0.000701964110140979,-0.1175184346985295,0.11892236291881145,133.25,35.55
637,1980-10-01 00:00:00,0.011930345269382815,-0.10631368940881228,0.1301743799475779,133.25,35.55
638,1980-10-02 00:00:00,-0.04022735979602898,-0.158388037798411,0.07793331820635302,133.25,35.55
639,1980-10-03 00:00:00,-0.03633259723707472,-0.15452959438884228,0.08186439991469288,133.25,35.55
640,1980-10-04 00:00:00,-0.04249689264703107,-0.16068296920755604,0.07568918391349391,133.25,35.55
641,1980-10-05 00:00:00,0.03295019265053617,-0.08528265482438309,0.1511830401254554,133.25,35.55
642,1980-10-06 00:00:00,0.1423738094609155,0.023778879855698987,0.260968739066132,133.25,35.55
643,1980-10-07 00:00:00,0.1453037855414651,0.02549587798631497,0.26511169309661525,133.25,35.55
644,1980-10-08 00:00:00,0.04984002291984445,-0.0686149104953213,0.16829495633501018,133.25,35.55
645,1980-10-09 00:00:00,-0.12748274995903136,-0.24592544877040076,-0.009040051147661972,133.25,35.55
646,1980-10-10 00:00:00,0.027742404299807438,-0.09043664045707694,0.1459214490566918,133.25,35.55
647,1980-10-11 00:00:00,0.06610818204281955,-0.052113756917666176,0.1843301210033053,133.25,35.55
648,1980-10-12 00:00:00,-0.01835468544786716,-0.13664760929907965,0.09993823840334533,133.25,35.55
649,1980-10-13 00:00:00,0.06662741459065945,-0.05162261176418274,0.18487744094550165,133.25,35.55
650,1980-10-14 00:00:00,0.06216650360207411,-0.0585150794901793,0.1828480866943275,133.25,35.55
651,1980-10-15 00:00:00,-0.12307714263682246,-0.24516378663694746,-0.0009904986366973958,133.25,35.55
652,1980-10-16 00:00:00,-0.010446120120105228,-0.12866174589325186,0.1077695056530414,133.25,35.55
653,1980-10-17 00:00:00,0.036519143074759265,-0.08157398983028732,0.15461227597980584,133.25,35.55
654,1980-10-18 00:00:00,0.006903448975592986,-0.11124432645544052,0.1250512244066265,133.25,35.55
655,1980-10-19 00:00:00,0.03609969029778328,-0.08239769810071224,0.1545970786962788,133.25,35.55
656,1980-10-20 00:00:00,-0.043552148514456684,-0.16207711354165574,0.07497281651274239,133.25,35.55
657,1980-10-21 00:00:00,0.11353570997238314,-0.004829259840012021,0.23190067978477835,133.25,35.55
658,1980-10-22 00:00:00,-0.023837628134005726,-0.14256921730095187,0.09489396103294044,133.25,35.55
659,1980-10-23 00:00:00,-0.028109943418952173,-0.14627889456324655,0.09005900772534221,133.25,35.55
660,1980-10-24 00:00:00,0.010311209175025284,-0.10782200602156866,0.12844442437161924,133.25,35.55
661,1980-10-25 00:00:00,0.19876710798141736,0.08012157296832681,0.3174126429945079,133.25,35.55
662,1980-10-26 00:00:00,0.34829256391112146,0.22302985450407672,0.4735552733181662,133.25,35.55
663,1980-10-27 00:00:00,0.21447227929048648,0.09128284376148556,0.33766171481948737,133.25,35.55
664,1980-10-28 00:00:00,0.011940907815861442,-0.10688836527112522,0.1307701809028481,133.25,35.55
665,1980-10-29 00:00:00,0.06561369121469493,-0.05253957421742477,0.18376695664681464,133.25,35.55
666,1980-10-30 00:00:00,0.02385481089199577,-0.09429953714087846,0.14200915892486998,133.25,35.55
667,1980-10-31 00:00:00,0.1322181508502619,0.012398845232219471,0.25203745646830433,133.25,35.55
668,1980-11-01 00:00:00,0.013477840080817205,-0.10584069233330312,0.1327963724949375,133.25,35.55
669,1980-11-02 00:00:00,0.03609696115176938,-0.0821038109441071,0.15429773324764584,133.25,35.55
670,1980-11-03 00:00:00,-0.041808756427882864,-0.16000873342327954,0.0763912205675138,133.25,35.55
671,1980-11-04 00:00:00,0.05332860342331601,-0.06487426650461317,0.1715314733512452,133.25,35.55
672,1980-11-05 00:00:00,0.14872578182975615,0.03047581466299684,0.26697574899651544,133.25,35.55
673,1980-11-06 00:00:00,0.05472803191620276,-0.06346634870940432,0.17292241254180984,133.25,35.55
674,1980-11-07 00:00:00,0.07047447896495368,-0.047670768312456764,0.1886197262423641,133.25,35.55
675,1980-11-08 00:00:00,-0.01031117267634355,-0.12882725955174573,0.10820491419905864,133.25,35.55
676,1980-11-09 00:00:00,0.0878398249541209,-0.030646460679901524,0.20632611058814326,133.25,35.55
677,1980-11-10 00:00:00,0.024174593218123,-0.09403582249502944,0.14238500893127545,133.25,35.55
678,1980-11-11 00:00:00,0.009081203463479305,-0.10908866314693713,0.12725107007389572,133.25,35.55
679,1980-11-12 00:00:00,0.06204236157202965,-0.056141783430730084,0.1802265065747894,133.25,35.55
680,1980-11-13 00:00:00,0.1825075841849748,0.06330467729750275,0.30171049107244685,133.25,35.55
681,1980-11-14 00:00:00,0.031371883446801016,-0.0878991976699321,0.15064296456353413,133.25,35.55
682,1980-11-15 00:00:00,-0.0101629039041697,-0.12872248832543146,0.10839668051709203,133.25,35.55
683,1980-11-16 00:00:00,0.008186395053530492,-0.11003760288898412,0.12641039299604512,133.25,35.55
684,1980-11-17 00:00:00,0.02622630798241056,-0.09191574945349633,0.14436836541831746,133.25,35.55
685,1980-11-18 00:00:00,-0.011894867529098272,-0.1300263466474958,0.10623661158929924,133.25,35.55
686,1980-11-19 00:00:00,-0.05801843432067984,-0.17616522051593575,0.060128351874576075,133.25,35.55
687,1980-11-20 00:00:00,-0.010902000038046152,-0.12904796126169818,0.10724396118560588,133.25,35.55
688,1980-11-21 00:00:00,0.0286620624895615,-0.08966223594048385,0.14698636091960685,133.25,35.55
689,1980-11-22 00:00:00,-0.008123572903707646,-0.1273965883825408,0.11114944257512553,133.25,35.55
690,1980-11-23 00:00:00,0.034308439807279316,-0.08413170594592277,0.15274858556048146,133.25,35.55
691,1980-11-24 00:00:00,0.006354203848475189,-0.11176105135334423,0.1244694590502946,133.25,35.55
692,1980-11-25 00:00:00,0.16434365240581197,0.04558891311874487,0.28309839169287915,133.25,35.55
693,1980-11-26 00:00:00,-0.059774704041807986,-0.17953082913157584,0.059981421047959886,133.25,35.55
694,1980-11-27 00:00:00,-0.02307378603473185,-0.1414418824241105,0.09529431035464678,133.25,35.55
695,1980-11-28 00:00:00,0.04741038590784237,-0.07080181764134165,0.1656225894570264,133.25,35.55
696,1980-11-29 00:00:00,-0.0009947762216708511,-0.11978341572701,0.11779386328366832,133.25,35.55
697,1980-11-30 00:00:00,0.0668265292361567,-0.05159466717095748,0.18524772564327088,133.25,35.55
698,1980-12-01 00:00:00,0.04524125428642061,-0.07330714292348564,0.16378965149632688,133.25,35.55
699,1980-12-02 00:00:00,0.15746609356500182,0.03886501822359313,0.2760671689064105,133.25,35.55
700,1980-12-03 00:00:00,0.05990562535588216,-0.0598155542918216,0.1796268050035859,133.25,35.55
701,1980-12-04 00:00:00,0.18012875230634107,0.056921373972919326,0.30333613063976284,133.25,35.55
702,1980-12-05 00:00:00,0.06055506739999297,-0.05966147949205075,0.1807716142920367,133.25,35.55
703,1980-12-06 00:00:00,0.08786085676335344,-0.030495909417300817,0.2062176229440077,133.25,35.55
704,1980-12-07 00:00:00,0.05213866741257667,-0.06612198140620397,0.17039931623135732,133.25,35.55
705,1980-12-08 00:00:00,0.05437250029688899,-0.06384838237183646,0.17259338296561444,133.25,35.55
706,1980-12-09 00:00:00,0.10474181600862342,-0.01382664951473335,0.22331028153198015,133.25,35.55
707,1980-12-10 00:00:00,0.07406157092922566,-0.044784671421202814,0.19290781327965406,133.25,35.55
708,1980-12-11 00:00:00,0.049088453346916916,-0.06933740876353707,0.16751431545737092,133.25,35.55
709,1980-12-12 00:00:00,0.1691144740535153,0.04945600073770706,0.2887729473693235,133.25,35.55
710,1980-12-13 00:00:00,0.2709217592784166,0.1493370782235297,0.3925064403333035,133.25,35.55
711,1980-12-14 00:00:00,0.2500588176339521,0.13015328311930607,0.3699643521485981,133.25,35.55
712,1980-12-15 00:00:00,0.08720755651673116,-0.032558630587190746,0.20697374362065307,133.25,35.55
713,1980-12-16 00:00:00,0.0790996787761129,-0.039455863338672466,0.19765522089089824,133.25,35.55
714,1980-12-17 00:00:00,0.04031270668053009,-0.07790943725678448,0.15853485061784467,133.25,35.55
715,1980-12-18 00:00:00,0.1097066922920493,-0.008497420581057373,0.227910805165156,133.25,35.55
716,1980-12-19 00:00:00,0.0380342121274414,-0.08042426460209917,0.15649268885698195,133.25,35.55
717,1980-12-20 00:00:00,0.13541135971624088,0.01638412454327448,0.2544385948892073,133.25,35.55
718,1980-12-21 00:00:00,-0.01129497443643912,-0.13019873696294926,0.107608788090071,133.25,35.55
719,1980-12-22 00:00:00,0.02001935717173539,-0.09812975755641458,0.13816847189988535,133.25,35.55
720,1980-12-23 00:00:00,0.17161591395117465,0.05294671475923049,0.2902851131431188,133.25,35.55
721,1980-12-24 00:00:00,0.08758981986529324,-0.034267962244279,0.20944760197486548,133.25,35.55
722,1980-12-25 00:00:00,-0.04171711940813084,-0.16394262961485248,0.08050839079859083,133.25,35.55
723,1980-12-26 00:00:00,0.15427186481506788,0.03500621416785532,0.27353751546228044,133.25,35.55
724,1980-12-27 00:00:00,0.14264738229254398,0.022899918666868246,0.2623948459182197,133.25,35.55
725,1980-12-28 00:00:00,0.1525281587784399,0.03252719801503594,0.27252911954184383,133.25,35.55
726,1980-12-29 00:00:00,0.0806734740855685,-0.039142156462374,0.200489104633511,133.25,35.55
727,1980-12-30 00:00:00,0.034410058545562984,-0.08465863320795428,0.15347875029908026,133.25,35.55
728,1980-12-31 00:00:00,0.052583264733848924,-0.06587571538276007,0.17104224485045794,133.25,35.55
729,1981-01-01 00:00:00,0.03853508275322444,-0.07972434243082041,0.1567945079372693,133.25,35.55
730,1981-01-02 00:00:00,0.2350058592638761,0.11316396242688373,0.3568477561008686,133.25,35.55
731,1981-01-03 00:00:00,0.2095962843048514,0.08885986275321872,0.33033270585648405,133.25,35.55
732,1981-01-04 00:00:00,0.028555558306329606,-0.09101104262913996,0.14812215924179914,133.25,35.55
733,1981-01-05 00:00:00,0.08591819737867183,-0.032804910275515645,0.20464130503285927,133.25,35.55
734,1981-01-06 00:00:00,0.10096334883638608,-0.017626646658232575,0.21955334433100476,133.25,35.55
735,1981-01-07 00:00:00,0.0788756581842927,-0.03959450990209014,0.19734582627067554,133.25,35.55
736,1981-01-08 00:00:00,0.06381873955900763,-0.05448263375573585,0.18212011287375116,133.25,35.55
737,1981-01-09 00:00:00,0.09446233632129236,-0.023759600155279004,0.2126842727978637,133.25,35.55
738,1981-01-10 00:00:00,0.22235699986971025,0.10371572774309228,0.3409982719963281,133.25,35.55
739,1981-01-11 00:00:00,0.047089578210597734,-0.07253203368930754,0.16671119011050303,133.25,35.55
740,1981-01-12 00:00:00,0.1534724037305993,0.03411891921450248,0.2728258882466961,133.25,35.55
741,1981-01-13 00:00:00,0.06899138530915172,-0.04983125878033155,0.18781402939863498,133.25,35.55
742,1981-01-14 00:00:00,0.08536052979319822,-0.033416775434371035,0.2041378350207675,133.25,35.55
743,1981-01-15 00:00:00,0.05361251261980976,-0.06484236852414804,0.17206739376376756,133.25,35.55
744,1981-01-16 00:00:00,-0.025270207557515204,-0.1439185713792972,0.09337815626426678,133.25,35.55
745,1981-01-17 00:00:00,0.043584776739897683,-0.07487482186221732,0.1620443753420127,133.25,35.55
746,1981-01-18 00:00:00,0.08920714491816703,-0.02907915811952272,0.20749344795585675,133.25,35.55
747,1981-01-19 00:00:00,0.060659356343087015,-0.05764090735029445,0.17895962003646845,133.25,35.55
748,1981-01-20 00:00:00,0.053678552541533135,-0.0646605917083021,0.1720176967913684,133.25,35.55
749,1981-01-21 00:00:00,0.06211848190161377,-0.05620225325178957,0.18043921705501711,133.25,35.55
750,1981-01-22 00:00:00,-0.008755212154496041,-0.12709199748926464,0.10958157318027258,133.25,35.55
751,1981-01-23 00:00:00,0.00280153719921334,-0.11542855454805866,0.12103162894648535,133.25,35.55
752,1981-01-24 00:00:00,0.0887233030826593,-0.029629021722492887,0.20707562788781148,133.25,35.55
753,1981-01-25 00:00:00,-0.052967489195427736,-0.17197273518864128,0.06603775679778577,133.25,35.55
754,1981-01-26 00:00:00,0.01570058777029295,-0.10271140681229304,0.13411258235287893,133.25,35.55
755,1981-01-27 00:00:00,0.018566110559762,-0.09979153802123784,0.13692375914076182,133.25,35.55
756,1981-01-28 00:00:00,0.000391403773204263,-0.11782256383640748,0.11860537138281603,133.25,35.55
757,1981-01-29 00:00:00,0.12117270908779301,0.0029462583539179997,0.239399159821668,133.25,35.55
758,1981-01-30 00:00:00,-0.02528647934153581,-0.14360418064934705,0.09303122196627543,133.25,35.55
759,1981-01-31 00:00:00,0.020083564581465173,-0.0980754824572028,0.13824261162013315,133.25,35.55
760,1981-02-01 00:00:00,0.09476708333403117,-0.023541895880685768,0.2130760625487481,133.25,35.55
761,1981-02-02 00:00:00,0.051026778429573066,-0.06761796878130857,0.1696715256404547,133.25,35.55
762,1981-02-03 00:00:00,0.10838868677428044,-0.009874685226493138,0.22665205877505398,133.25,35.55
763,1981-02-04 00:00:00,0.0171940298049036,-0.10135730841254073,0.13574536802234793,133.25,35.55
764,1981-02-05 00:00:00,-0.017665897700459524,-0.1359393898551261,0.10060759445420704,133.25,35.55
765,1981-02-06 00:00:00,0.029087875650693075,-0.08904671398672613,0.14722246528811228,133.25,35.55
766,1981-02-07 00:00:00,0.05456433750283665,-0.06362937807822161,0.1727580530838949,133.25,35.55
767,1981-02-08 00:00:00,0.10672927238823164,-0.01156132776724994,0.2250198725437132,133.25,35.55
768,1981-02-09 00:00:00,0.08334187453143675,-0.03490293792635905,0.20158668698923252,133.25,35.55
769,1981-02-10 00:00:00,0.0969673408552415,-0.021723152634056,0.21565783434453897,133.25,35.55
770,1981-02-11 00:00:00,0.1170898930380984,-0.0018986348452084828,0.23607842092140524,133.25,35.55
771,1981-02-12 00:00:00,0.1184390109597961,-6.84032575775928e-05,0.2369464251771698,133.25,35.55
772,1981-02-13 00:00:00,0.05605788839480405,-0.06228354172171178,0.17439931851131987,133.25,35.55
773,1981-02-14 00:00:00,-0.013761375883600664,-0.13198621964844556,0.1044634678812442,133.25,35.55
774,1981-02-15 00:00:00,0.033408585111675056,-0.08481373213211492,0.15163090235546506,133.25,35.55
775,1981-02-16 00:00:00,0.04760609082911006,-0.07069618158201589,0.165908363240236,133.25,35.55
776,1981-02-17 00:00:00,-0.14143380224760455,-0.2623753696343386,-0.020492234860870512,133.25,35.55
777,1981-02-18 00:00:00,-0.0876660046357632,-0.2085712044990383,0.0332391952275119,133.25,35.55
778,1981-02-19 00:00:00,0.10126810484888353,-0.017140934879750963,0.219677144577518,133.25,35.55
779,1981-02-20 00:00:00,-0.04069737155255977,-0.15918467294887034,0.07778992984375079,133.25,35.55
780,1981-02-21 00:00:00,0.05566434308886602,-0.06280488472525124,0.17413357090298326,133.25,35.55
781,1981-02-22 00:00:00,-0.0013779974698448633,-0.11958402415512953,0.1168280292154398,133.25,35.55
782,1981-02-23 00:00:00,0.05322901469557851,-0.0651611652908233,0.17161919468198036,133.25,35.55
783,1981-02-24 00:00:00,0.040239295699509715,-0.07847950099825836,0.15895809239727776,133.25,35.55
784,1981-02-25 00:00:00,0.11944470306446375,-6.14016192854866e-05,0.23895080774821306,133.25,35.55
785,1981-02-26 00:00:00,0.2387346269850612,0.11796207445363645,0.35950717951648603,133.25,35.55
786,1981-02-27 00:00:00,0.04072168734716601,-0.08018471561063567,0.1616280903049677,133.25,35.55
787,1981-02-28 00:00:00,0.008032382283895703,-0.11087838288539943,0.12694314745319085,133.25,35.55
788,1981-03-01 00:00:00,0.03320782286840171,-0.08496205275955754,0.15137769849636096,133.25,35.55
789,1981-03-02 00:00:00,-0.06167491849691616,-0.17994364948059174,0.05659381248675946,133.25,35.55
790,1981-03-03 00:00:00,0.027965808259051598,-0.09027787831856153,0.1462094948366647,133.25,35.55
791,1981-03-04 00:00:00,0.09196954769371313,-0.026249145557139756,0.210188240944566,133.25,35.55
792,1981-03-05 00:00:00,0.010905349504788052,-0.10741533516317074,0.12922603417274686,133.25,35.55
793,1981-03-06 00:00:00,0.0907698676508982,-0.0280812674525555,0.20962100275435191,133.25,35.55
794,1981-03-07 00:00:00,0.15410432311055544,0.03512361802526669,0.2730850281958442,133.25,35.55
795,1981-03-08 00:00:00,0.04073965703780903,-0.07879842588766474,0.16027773996328282,133.25,35.55
796,1981-03-09 00:00:00,0.05609642864341825,-0.0626799465207635,0.17487280380759998,133.25,35.55
797,1981-03-10 00:00:00,0.02978755857645161,-0.09016411687822692,0.14973923403113015,133.25,35.55
798,1981-03-11 00:00:00,-0.10405504535910584,-0.22256045353975054,0.014450362821538916,133.25,35.55
799,1981-03-12 00:00:00,0.0376534841128066,-0.0806276010225345,0.1559345692481477,133.25,35.55
800,1981-03-13 00:00:00,0.03958499342866137,-0.07869013041732788,0.1578601172746506,133.25,35.55
801,1981-03-14 00:00:00,0.07417015123123721,-0.04436650468211952,0.19270680714459396,133.25,35.55
802,1981-03-15 00:00:00,0.3066629185762312,0.18554473917198167,0.4277810979804807,133.25,35.55
803,1981-03-16 00:00:00,-0.0006231197110184232,-0.12168044944338532,0.12043421002134845,133.25,35.55
804,1981-03-17 00:00:00,0.07137205780043722,-0.04696514785512973,0.1897092634560042,133.25,35.55
805,1981-03-18 00:00:00,0.02647760127895568,-0.09171955854951756,0.14467476110742894,133.25,35.55
806,1981-03-19 00:00:00,0.04253241767704029,-0.07563155768981503,0.1606963930438956,133.25,35.55
807,1981-03-20 00:00:00,0.029795252680335824,-0.08859914987583767,0.14818965523650932,133.25,35.55
808,1981-03-21 00:00:00,-0.051917524443960215,-0.17029117744136596,0.0664561285534455,133.25,35.55
809,1981-03-22 00:00:00,0.04209705113585871,-0.0776254357084161,0.16181953798013352,133.25,35.55
810,1981-03-23 00:00:00,-0.1339135741862917,-0.2531101220837315,-0.014717026288851897,133.25,35.55
811,1981-03-24 00:00:00,-0.036201992981796,-0.1544889814117812,0.08208499544818923,133.25,35.55
812,1981-03-25 00:00:00,0.31647471426979845,0.19620242355951997,0.4367470049800769,133.25,35.55
813,1981-03-26 00:00:00,0.23950305513799094,0.11791561797964965,0.3610904922963323,133.25,35.55
814,1981-03-27 00:00:00,0.024387220803652927,-0.0957116115074022,0.14448605311470802,133.25,35.55
815,1981-03-28 00:00:00,-0.022172048439823545,-0.14041847451442954,0.09607437763478248,133.25,35.55
816,1981-03-29 00:00:00,0.032851027426231666,-0.08530375997057194,0.15100581482303527,133.25,35.55
817,1981-03-30 00:00:00,-0.06802399214256635,-0.18618697158780875,0.05013898730267602,133.25,35.55
818,1981-03-31 00:00:00,-0.047027217247090136,-0.165224999424693,0.07117056493051271,133.25,35.55
819,1981-04-01 00:00:00,0.04572769488335075,-0.07259178123743606,0.16404717100413754,133.25,35.55
820,1981-04-02 00:00:00,0.11545261482043555,-0.003098682823578613,0.2340039124644497,133.25,35.55
821,1981-04-03 00:00:00,0.012220345046232744,-0.1065226097924028,0.13096329988486827,133.25,35.55
822,1981-04-04 00:00:00,0.08323303420433494,-0.0349578514464456,0.20142391985511549,133.25,35.55
823,1981-04-05 00:00:00,0.030996099709497626,-0.0872833660228025,0.14927556544179774,133.25,35.55
824,1981-04-06 00:00:00,0.08127774131747527,-0.03696179989296451,0.19951728252791506,133.25,35.55
825,1981-04-07 00:00:00,-0.03038904977794628,-0.14866859135132873,0.08789049179543618,133.25,35.55
826,1981-04-08 00:00:00,-0.10201403621991108,-0.2202389968710345,0.01621092443121233,133.25,35.55
827,1981-04-09 00:00:00,0.06234509037833332,-0.055896249745216106,0.18058643050188272,133.25,35.55
828,1981-04-10 00:00:00,0.11235052749360612,-0.007068680184965177,0.23176973517217744,133.25,35.55
829,1981-04-11 00:00:00,0.1188108887146705,-0.00013822904497379218,0.2377600064743148,133.25,35.55
830,1981-04-12 00:00:00,0.026475759894848443,-0.09174487861750172,0.1446963984071986,133.25,35.55
831,1981-04-13 00:00:00,0.00847281464921125,-0.10980622269392366,0.12675185199234618,133.25,35.55
832,1981-04-14 00:00:00,0.05297198468875335,-0.06538282251155568,0.17132679188906236,133.25,35.55
833,1981-04-15 00:00:00,0.04080177737831889,-0.07736725925156537,0.15897081400820315,133.25,35.55
834,1981-04-16 00:00:00,0.13810770440015244,0.019230324777853275,0.2569850840224517,133.25,35.55
835,1981-04-17 00:00:00,0.03173504884968022,-0.08706392393329082,0.15053402163265125,133.25,35.55
836,1981-04-18 00:00:00,-0.006453604799740199,-0.12472567923666752,0.11181846963718714,133.25,35.55
837,1981-04-19 00:00:00,0.054608405698886336,-0.06384084378284041,0.17305765518061308,133.25,35.55
838,1981-04-20 00:00:00,0.2127193714441154,0.08674900891785148,0.3386897339703793,133.25,35.55
839,1981-04-21 00:00:00,0.0933001868113818,-0.02730614860964581,0.2139065222324094,133.25,35.55
840,1981-04-22 00:00:00,0.04252656943544909,-0.0758172530542347,0.1608703919251329,133.25,35.55
841,1981-04-23 00:00:00,0.062464127029157386,-0.05573386257299985,0.18066211663131465,133.25,35.55
842,1981-04-24 00:00:00,0.08417860364793986,-0.03401114848747197,0.2023683557833517,133.25,35.55
843,1981-04-25 00:00:00,0.11126846078257448,-0.007475826092292749,0.2300127476574417,133.25,35.55
844,1981-04-26 00:00:00,0.03409435308616927,-0.08454024104658799,0.15272894721892655,133.25,35.55
845,1981-04-27 00:00:00,0.03865712282254585,-0.07973390114088677,0.1570481467859785,133.25,35.55
846,1981-04-28 00:00:00,-0.015826051876986116,-0.1340752826426045,0.10242317888863227,133.25,35.55
847,1981-04-29 00:00:00,0.06460287233407946,-0.053597877146533364,0.18280362181469229,133.25,35.55
848,1981-04-30 00:00:00,0.09214991302525548,-0.026855389756199586,0.21115521580671054,133.25,35.55
849,1981-05-01 00:00:00,0.026736941225417414,-0.09204830222391576,0.14552218467475056,133.25,35.55
850,1981-05-02 00:00:00,0.07751893065858467,-0.040741831003734234,0.1957796923209036,133.25,35.55
851,1981-05-03 00:00:00,0.0991908031823686,-0.01938483056239383,0.21776643692713105,133.25,35.55
852,1981-05-04 00:00:00,0.04601296271242048,-0.0727961790702885,0.16482210449512946,133.25,35.55
853,1981-05-05 00:00:00,0.02575554312375881,-0.09259968089574486,0.14411076714326249,133.25,35.55
854,1981-05-06 00:00:00,0.04918228922099523,-0.06905888633129548,0.16742346477328593,133.25,35.55
855,1981-05-07 00:00:00,0.06247102692216465,-0.05575589626466966,0.18069795010899894,133.25,35.55
856,1981-05-08 00:00:00,0.09649764096541416,-0.021723995219235848,0.21471927715006414,133.25,35.55
857,1981-05-09 00:00:00,0.11190520972315064,-0.006409578586485665,0.2302199980327869,133.25,35.55
858,1981-05-10 00:00:00,0.047139445319205074,-0.07127889706528599,0.16555778770369614,133.25,35.55
859,1981-05-11 00:00:00,0.1868492081992996,0.06839591873370242,0.3053024976648967,133.25,35.55
860,1981-05-12 00:00:00,0.1455532472535454,0.026487981761527796,0.26461851274556303,133.25,35.55
861,1981-05-13 00:00:00,0.014288464816459671,-0.10431901753953088,0.13289594717245026,133.25,35.55
862,1981-05-14 00:00:00,0.028267970987573138,-0.08995146804001225,0.14648741001515853,133.25,35.55
863,1981-05-15 00:00:00,0.0312659638853149,-0.08689484074911702,0.14942676851974682,133.25,35.55
864,1981-05-16 00:00:00,-0.03778232123614807,-0.15627894499943076,0.08071430252713463,133.25,35.55
865,1981-05-17 00:00:00,0.05786095993084661,-0.06107844329255481,0.17680036315424802,133.25,35.55
866,1981-05-18 00:00:00,0.11372906970286616,-0.0050506175648678256,0.2325087569706001,133.25,35.55
867,1981-05-19 00:00:00,0.04567831142494965,-0.0727267321831232,0.16408335503302252,133.25,35.55
868,1981-05-20 00:00:00,0.04957189849839011,-0.06862322890489929,0.16776702590167952,133.25,35.55
869,1981-05-21 00:00:00,0.0365492086397904,-0.08158114722540005,0.15467956450498085,133.25,35.55
870,1981-05-22 00:00:00,0.094009323344688,-0.02414781789181583,0.21216646458119184,133.25,35.55
871,1981-05-23 00:00:00,0.0939252965149012,-0.02423325753802183,0.21208385056782425,133.25,35.55
872,1981-05-24 00:00:00,0.04238752026897257,-0.07582437871485231,0.16059941925279747,133.25,35.55
873,1981-05-25 00:00:00,0.09575837786093022,-0.02271617392253712,0.21423292964439755,133.25,35.55
874,1981-05-26 00:00:00,0.038805254232804974,-0.07952367978126497,0.15713418824687492,133.25,35.55
875,1981-05-27 00:00:00,0.04210240069652417,-0.07606312212883681,0.16026792352188515,133.25,35.55
876,1981-05-28 00:00:00,0.1463223164151054,0.027891831578930104,0.2647528012512807,133.25,35.55
877,1981-05-29 00:00:00,0.11960232041905634,0.0004988768105948366,0.23870576402751786,133.25,35.55
878,1981-05-30 00:00:00,-0.08659643279141423,-0.20539961147240549,0.03220674588957705,133.25,35.55
879,1981-05-31 00:00:00,0.04455115966175397,-0.07367424867230035,0.1627765679958083,133.25,35.55
880,1981-06-01 00:00:00,0.07729208895940044,-0.041007293658293316,0.1955914715770942,133.25,35.55
881,1981-06-02 00:00:00,-0.007790984664348632,-0.12608017466906324,0.11049820534036596,133.25,35.55
882,1981-06-03 00:00:00,0.03468738146999794,-0.08347378707893169,0.15284855001892758,133.25,35.55
883,1981-06-04 00:00:00,0.06279523883930611,-0.05533738364171946,0.18092786132033167,133.25,35.55
884,1981-06-05 00:00:00,0.0689409601980881,-0.049155397687977935,0.18703731808415414,133.25,35.55
885,1981-06-06 00:00:00,0.037879595168320894,-0.08023964880664944,0.15599883914329124,133.25,35.55
886,1981-06-07 00:00:00,0.012698258223993874,-0.1054642823241492,0.13086079877213694,133.25,35.55
887,1981-06-08 00:00:00,0.016540937813665536,-0.10160405673518866,0.13468593236251974,133.25,35.55
888,1981-06-09 00:00:00,0.030540502894898118,-0.0875724130562245,0.14865341884602076,133.25,35.55
889,1981-06-10 00:00:00,0.011700286716447048,-0.10644552569750727,0.12984609913040138,133.25,35.55
890,1981-06-11 00:00:00,0.046798621826986034,-0.07137851095134531,0.16497575460531738,133.25,35.55
891,1981-06-12 00:00:00,0.07154790162139207,-0.046627931799192036,0.1897237350419762,133.25,35.55
892,1981-06-13 00:00:00,0.05424404529582495,-0.06399707776363701,0.17248516835528693,133.25,35.55
893,1981-06-14 00:00:00,0.020050701354051497,-0.09808505232165372,0.1381864550297567,133.25,35.55
894,1981-06-15 00:00:00,0.03094512556786245,-0.08719775834353674,0.14908800947926165,133.25,35.55
895,1981-06-16 00:00:00,0.05050587720899767,-0.06759929214838847,0.16861104656638382,133.25,35.55
896,1981-06-17 00:00:00,0.06993885441354553,-0.04817923935044192,0.18805694817753305,133.25,35.55
897,1981-06-18 00:00:00,0.08128456559019584,-0.036874596526785416,0.1994437277071771,133.25,35.55
898,1981-06-19 00:00:00,-0.005006276250182927,-0.12315865599763808,0.11314610349727225,133.25,35.55
899,1981-06-20 00:00:00,0.039765875833522465,-0.07832738906475142,0.15785914073179635,133.25,35.55
900,1981-06-21 00:00:00,0.028996935365540287,-0.08916518823605568,0.14715905896713627,133.25,35.55
901,1981-06-22 00:00:00,0.19156678638535324,0.07315555775909054,0.3099780150116159,133.25,35.55
902,1981-06-23 00:00:00,0.20261181676181728,0.08151090849578232,0.3237127250278522,133.25,35.55
903,1981-06-24 00:00:00,-0.016195328961825614,-0.13670983190918468,0.10431917398553343,133.25,35.55
904,1981-06-25 00:00:00,0.10844670628451948,-0.0098520140075435,0.2267454265765825,133.25,35.55
905,1981-06-26 00:00:00,0.13309679243932654,0.014154077798799694,0.25203950707985345,133.25,35.55
906,1981-06-27 00:00:00,0.07900816746082727,-0.039654635243580205,0.19767097016523472,133.25,35.55
907,1981-06-28 00:00:00,0.06097736087526703,-0.0573784559854032,0.17933317773593724,133.25,35.55
908,1981-06-29 00:00:00,0.07034810470037359,-0.04823185982389848,0.18892806922464567,133.25,35.55
909,1981-06-30 00:00:00,-0.0048634026937887116,-0.12324901914728235,0.11352221375970492,133.25,35.55
910,1981-07-01 00:00:00,0.029336619161278582,-0.08878490491926966,0.14745814324182682,133.25,35.55
911,1981-07-02 00:00:00,0.08465995120759708,-0.03358195113999443,0.20290185355518855,133.25,35.55
912,1981-07-03 00:00:00,0.06812453958807453,-0.050421501747112255,0.18667058092326133,133.25,35.55
913,1981-07-04 00:00:00,0.024427274271593254,-0.09382072640474863,0.14267527494793514,133.25,35.55
914,1981-07-05 00:00:00,0.13292447376007074,0.014615095203447281,0.25123385231669426,133.25,35.55
915,1981-07-06 00:00:00,0.2316224706741089,0.113003712756103,0.3502412285921148,133.25,35.55
916,1981-07-07 00:00:00,0.1590477946552948,0.04037546507421276,0.2777201242363769,133.25,35.55
917,1981-07-08 00:00:00,0.055845266618544775,-0.0623806808000876,0.17407121403717715,133.25,35.55
918,1981-07-09 00:00:00,0.2021769149319048,0.08388153419095935,0.3204722956728502,133.25,35.55
919,1981-07-10 00:00:00,0.11510479725512847,-0.003263871916647579,0.2334734664269045,133.25,35.55
920,1981-07-11 00:00:00,0.03254122347110144,-0.0856457495726296,0.15072819651483246,133.25,35.55
921,1981-07-12 00:00:00,0.02593475273557436,-0.09230984042893636,0.14417934590008508,133.25,35.55
922,1981-07-13 00:00:00,0.04799850907417759,-0.07022284238620008,0.16621986053455526,133.25,35.55
923,1981-07-14 00:00:00,0.06967920358879537,-0.04843463281712554,0.1877930399947163,133.25,35.55
924,1981-07-15 00:00:00,0.06615558906417368,-0.051955120180302995,0.18426629830865032,133.25,35.55
925,1981-07-16 00:00:00,0.051705332506070865,-0.0664162151803087,0.16982688019245046,133.25,35.55
926,1981-07-17 00:00:00,0.03584436503874997,-0.08225688417403149,0.15394561425153144,133.25,35.55
927,1981-07-18 00:00:00,0.0585458219668562,-0.05952919395613385,0.17662083788984625,133.25,35.55
928,1981-07-19 00:00:00,0.0740244429170021,-0.04406979705327413,0.19211868288727832,133.25,35.55
929,1981-07-20 00:00:00,0.07725993651938129,-0.04083531590651526,0.19535518894527784,133.25,35.55
930,1981-07-21 00:00:00,0.06925812485711197,-0.04883388789893982,0.1873501376131637,133.25,35.55
931,1981-07-22 00:00:00,0.06472872687014745,-0.05337361191261085,0.18283106565290572,133.25,35.55
932,1981-07-23 00:00:00,0.02423942320124565,-0.09392627120795996,0.14240511761045124,133.25,35.55
933,1981-07-24 00:00:00,0.03464094150554746,-0.08349278882096088,0.1527746718320558,133.25,35.55
934,1981-07-25 00:00:00,0.04593044095824708,-0.07218247452799542,0.1640433564444896,133.25,35.55
935,1981-07-26 00:00:00,0.050065769153839416,-0.0680207730594822,0.16815231136716105,133.25,35.55
936,1981-07-27 00:00:00,0.02819371196184408,-0.08991362480193782,0.146301048725626,133.25,35.55
937,1981-07-28 00:00:00,0.02348130479863809,-0.0946397595594182,0.1416023691566944,133.25,35.55
938,1981-07-29 00:00:00,0.023229978056805527,-0.09491723411363476,0.14137719022724582,133.25,35.55
939,1981-07-30 00:00:00,0.026879812794969246,-0.09147007061398152,0.14522969620392,133.25,35.55
940,1981-07-31 00:00:00,0.008122321384546903,-0.11153540507677913,0.1277800478458729,133.25,35.55
941,1981-08-01 00:00:00,0.02723711388800181,-0.09210961209394672,0.14658383986995036,133.25,35.55
942,1981-08-02 00:00:00,0.056164624938127815,-0.062091104862895964,0.17442035473915155,133.25,35.55
943,1981-08-03 00:00:00,0.09782859960397444,-0.020344377618001355,0.21600157682595025,133.25,35.55
944,1981-08-04 00:00:00,0.15441911009259854,0.03613117085629708,0.27270704932890005,133.25,35.55
945,1981-08-05 00:00:00,0.01892442117148385,-0.09970405694469106,0.13755289928765874,133.25,35.55
946,1981-08-06 00:00:00,0.0510517396400963,-0.067418258131826,0.16952173741201862,133.25,35.55
947,1981-08-07 00:00:00,0.08898615635920404,-0.029247829656179582,0.20722014237458766,133.25,35.55
948,1981-08-08 00:00:00,0.11163702814964484,-0.006603518694191886,0.2298775749934816,133.25,35.55
949,1981-08-09 00:00:00,0.07829827434762507,-0.039900822353874134,0.19649737104912424,133.25,35.55
950,1981-08-10 00:00:00,0.06755578294688057,-0.0505787959780382,0.18569036187179935,133.25,35.55
951,1981-08-11 00:00:00,0.09394653293992676,-0.024312550940273625,0.2122056168201272,133.25,35.55
952,1981-08-12 00:00:00,0.109210772005984,-0.0095474647897352,0.2279690088017032,133.25,35.55
953,1981-08-13 00:00:00,-0.012728102667684291,-0.13097479530301004,0.10551858996764146,133.25,35.55
954,1981-08-14 00:00:00,-0.003922926096201771,-0.12203455236808405,0.1141887001756805,133.25,35.55
955,1981-08-15 00:00:00,-0.001985874526130041,-0.12008667286604414,0.11611492381378408,133.25,35.55
956,1981-08-16 00:00:00,0.03289613102065205,-0.08522677540072103,0.15101903744202513,133.25,35.55
957,1981-08-17 00:00:00,0.06821656284488851,-0.04992881029349271,0.18636193598326967,133.25,35.55
958,1981-08-18 00:00:00,0.15123317453314844,0.03289442526092555,0.2695719238053713,133.25,35.55
959,1981-08-19 00:00:00,0.10316906955253917,-0.01526494639580342,0.22160308550088176,133.25,35.55
960,1981-08-20 00:00:00,-0.006517587363472426,-0.1247376280038074,0.11170245327686254,133.25,35.55
961,1981-08-21 00:00:00,0.07912536833902338,-0.03920257357742751,0.19745331025547427,133.25,35.55
962,1981-08-22 00:00:00,0.07793414535959381,-0.04064277636192788,0.1965110670811155,133.25,35.55
963,1981-08-23 00:00:00,0.0729885453129237,-0.0472810703806861,0.1932581610065335,133.25,35.55
964,1981-08-24 00:00:00,0.025569404473661832,-0.09323057321387088,0.14436938216119455,133.25,35.55
965,1981-08-25 00:00:00,0.062490808409995685,-0.05568470612579708,0.18066632294578844,133.25,35.55
966,1981-08-26 00:00:00,0.1825390201246713,0.06401898634917863,0.301059053900164,133.25,35.55
967,1981-08-27 00:00:00,0.15125011809528596,0.032450595281301516,0.2700496409092704,133.25,35.55
968,1981-08-28 00:00:00,0.002060790912878325,-0.116233670920745,0.12035525274650165,133.25,35.55
969,1981-08-29 00:00:00,0.06154575779297235,-0.05669920941561305,0.17979072500155774,133.25,35.55
970,1981-08-30 00:00:00,0.10182395224448916,-0.016704750923980563,0.2203526554129589,133.25,35.55
971,1981-08-31 00:00:00,0.06279378595519344,-0.055878674584581664,0.18146624649496856,133.25,35.55
972,1981-09-01 00:00:00,0.008186547281752802,-0.1103320812595817,0.1267051758230873,133.25,35.55
973,1981-09-02 00:00:00,0.04106326518258619,-0.07762549097775243,0.15975202134292482,133.25,35.55
974,1981-09-03 00:00:00,0.10108768324949786,-0.01778686040351049,0.21996222690250625,133.25,35.55
975,1981-09-04 00:00:00,0.2311742118520085,0.10781234057758583,0.3545360831264313,133.25,35.55
976,1981-09-05 00:00:00,-0.011847264600022065,-0.13417075843330695,0.11047622923326283,133.25,35.55
977,1981-09-06 00:00:00,-0.034423086099792916,-0.15266517457174264,0.08381900237215681,133.25,35.55
978,1981-09-07 00:00:00,-0.01401349485199932,-0.13221194977994016,0.10418496007594154,133.25,35.55
979,1981-09-08 00:00:00,0.03440163190186213,-0.08379672826854065,0.1525999920722649,133.25,35.55
980,1981-09-09 00:00:00,0.13264605179909775,0.014309734358601278,0.2509823692395942,133.25,35.55
981,1981-09-10 00:00:00,-0.005340350461550136,-0.1236699763314832,0.11298927540838292,133.25,35.55
982,1981-09-11 00:00:00,0.03794722309697232,-0.08025478724212541,0.15614923343607007,133.25,35.55
983,1981-09-12 00:00:00,0.0753760372411297,-0.042793136549147404,0.1935452110314068,133.25,35.55
984,1981-09-13 00:00:00,0.043542609837809006,-0.07461700565425539,0.16170222532987338,133.25,35.55
985,1981-09-14 00:00:00,0.01563394713536227,-0.10250379050556664,0.13377168477629114,133.25,35.55
986,1981-09-15 00:00:00,-0.02625273086672855,-0.14435904350923826,0.09185358177578117,133.25,35.55
987,1981-09-16 00:00:00,-0.023433197707191628,-0.14152872963414145,0.0946623342197582,133.25,35.55
988,1981-09-17 00:00:00,0.01757778713577566,-0.10051566304205944,0.13567123731361078,133.25,35.55
989,1981-09-18 00:00:00,0.03414630041804457,-0.08397847106005446,0.1522710718961436,133.25,35.55
990,1981-09-19 00:00:00,0.02634888816397968,-0.09181861675924144,0.14451639308720074,133.25,35.55
991,1981-09-20 00:00:00,-4.529025844848822e-05,-0.1182730772635008,0.11818249674660382,133.25,35.55
992,1981-09-21 00:00:00,-0.03037708570411468,-0.14851630753298092,0.08776213612475156,133.25,35.55
993,1981-09-22 00:00:00,0.001707895873096197,-0.11643165183487784,0.11984744358107025,133.25,35.55
994,1981-09-23 00:00:00,0.02088939402205512,-0.0972203620350056,0.13899915007911584,133.25,35.55
995,1981-09-24 00:00:00,0.012697838404447662,-0.10540418216997116,0.13079985897886648,133.25,35.55
996,1981-09-25 00:00:00,0.03933424852787447,-0.08235587895618053,0.16102437601192948,133.25,35.55
997,1981-09-26 00:00:00,0.11033693986331447,-0.01214071708308638,0.2328145968097153,133.25,35.55
998,1981-09-27 00:00:00,0.1343549003043024,0.01522673993329231,0.25348306067531245,133.25,35.55
999,1981-09-28 00:00:00,0.0042459995360091185,-0.11442960643457027,0.12292160550658855,133.25,35.55
1000,1981-09-29 00:00:00,-0.000473961394092004,-0.11898859270907705,0.11804066992089304,133.25,35.55
1001,1981-09-30 00:00:00,0.026867273873236477,-0.0912646370184446,0.14499918476491755,133.25,35.55
1002,1981-10-01 00:00:00,0.058905533239880126,-0.05934263954469119,0.17715370602445146,133.25,35.55
1003,1981-10-02 00:00:00,0.07771256256022399,-0.04095253790345285,0.19637766302390086,133.25,35.55
1004,1981-10-03 00:00:00,-0.07603570095663068,-0.19462277772900574,0.04255137581574443,133.25,35.55
1005,1981-10-04 00:00:00,-0.024134860338730857,-0.14247315054410198,0.09420342986664028,133.25,35.55
1006,1981-10-05 00:00:00,0.20010740019063925,0.08136365997686401,0.3188511404044145,133.25,35.55
1007,1981-10-06 00:00:00,0.07658525718694766,-0.04224239335335688,0.19541290772725214,133.25,35.55
1008,1981-10-07 00:00:00,0.03366254513620191,-0.08447713438786475,0.15180222466026858,133.25,35.55
1009,1981-10-08 00:00:00,0.045135242251276034,-0.0731510622853024,0.16342154678785448,133.25,35.55
1010,1981-10-09 00:00:00,0.22209984518603468,0.10303361336447514,0.3411660770075942,133.25,35.55
1011,1981-10-10 00:00:00,0.060231232083450464,-0.05889138096078893,0.17935384512768984,133.25,35.55
1012,1981-10-11 00:00:00,-0.010663081007456929,-0.1289445439922798,0.10761838197736597,133.25,35.55
1013,1981-10-12 00:00:00,-0.004000053957446414,-0.1221801384325461,0.11418003051765327,133.25,35.55
1014,1981-10-13 00:00:00,0.022641298004298184,-0.09554039651431462,0.14082299252291103,133.25,35.55
1015,1981-10-14 00:00:00,0.01825879476279013,-0.10048133666959294,0.1369989261951732,133.25,35.55
1016,1981-10-15 00:00:00,0.05313252109654247,-0.06534679531159224,0.17161183750467718,133.25,35.55
1017,1981-10-16 00:00:00,0.0621051291299838,-0.056049185347962036,0.1802594436079296,133.25,35.55
1018,1981-10-17 00:00:00,0.008210819473618545,-0.10996176771733844,0.12638340666457554,133.25,35.55
1019,1981-10-18 00:00:00,0.009369916352810877,-0.10880929309325267,0.12754912579887442,133.25,35.55
1020,1981-10-19 00:00:00,-0.0174272357783418,-0.1357809885428548,0.10092651698617122,133.25,35.55
1021,1981-10-20 00:00:00,-0.0276468306862764,-0.1459808345786348,0.09068717320608198,133.25,35.55
1022,1981-10-21 00:00:00,-0.028816895270749095,-0.1475153703940197,0.08988157985252151,133.25,35.55
1023,1981-10-22 00:00:00,0.17545015423065025,0.05581755485878502,0.29508275360251546,133.25,35.55
1024,1981-10-23 00:00:00,0.1034285125713618,-0.01748863135271816,0.22434565649544172,133.25,35.55
1025,1981-10-24 00:00:00,0.15306103142652727,0.03326846658200547,0.2728535962710491,133.25,35.55
1026,1981-10-25 00:00:00,0.06706880935743115,-0.05168050119524377,0.18581811991010605,133.25,35.55
1027,1981-10-26 00:00:00,-0.02067709115467241,-0.13893470033411678,0.09758051802477197,133.25,35.55
1028,1981-10-27 00:00:00,-0.008870627581666252,-0.1270063996547167,0.10926514449138418,133.25,35.55
1029,1981-10-28 00:00:00,0.0642470814208263,-0.05391530672581285,0.18240946956746545,133.25,35.55
1030,1981-10-29 00:00:00,0.09467540800537758,-0.024183846721291063,0.21353466273204624,133.25,35.55
1031,1981-10-30 00:00:00,-0.037089136551399726,-0.15567378392618342,0.08149551082338398,133.25,35.55
1032,1981-10-31 00:00:00,0.05384816568605097,-0.06434559478703714,0.17204192615913907,133.25,35.55
1033,1981-11-01 00:00:00,0.003278596915209568,-0.11498608312101168,0.1215432769514308,133.25,35.55
1034,1981-11-02 00:00:00,-0.02241215165566212,-0.14207070594074156,0.0972464026294173,133.25,35.55
1035,1981-11-03 00:00:00,0.2256500141848244,0.10249550806954076,0.34880452030010806,133.25,35.55
1036,1981-11-04 00:00:00,0.00879385209733995,-0.10988459520750136,0.12747229940218127,133.25,35.55
1037,1981-11-05 00:00:00,-0.0187651563783782,-0.1370127318007751,0.0994824190440187,133.25,35.55
1038,1981-11-06 00:00:00,-0.03785106174439553,-0.1561074149037901,0.08040529141499905,133.25,35.55
1039,1981-11-07 00:00:00,0.03249023162285265,-0.08601806336615031,0.15099852661185562,133.25,35.55
1040,1981-11-08 00:00:00,0.029297314300415076,-0.08939436145788185,0.14798899005871202,133.25,35.55
1041,1981-11-09 00:00:00,-0.0063933597237729725,-0.12472899035776397,0.11194227091021804,133.25,35.55
1042,1981-11-10 00:00:00,0.04337053864803467,-0.07489291397871345,0.16163399127478278,133.25,35.55
1043,1981-11-11 00:00:00,0.1264865746800828,0.0080707708512225,0.24490237850894314,133.25,35.55
1044,1981-11-12 00:00:00,0.011732297551622485,-0.1065609567094262,0.13002555181267114,133.25,35.55
1045,1981-11-13 00:00:00,0.09419071342174601,-0.024115331642193368,0.21249675848568536,133.25,35.55
1046,1981-11-14 00:00:00,-0.010774802133622134,-0.12916683011820854,0.10761722585096424,133.25,35.55
1047,1981-11-15 00:00:00,0.11826308856999132,-4.7978043166585493e-05,0.23657415518314925,133.25,35.55
1048,1981-11-16 00:00:00,0.0600964928159255,-0.0586679375224947,0.1788609231543457,133.25,35.55
1049,1981-11-17 00:00:00,-0.03338694544002758,-0.15202360783237967,0.08524971695232451,133.25,35.55
1050,1981-11-18 00:00:00,-0.011543484769236093,-0.12998612366409168,0.10689915412561952,133.25,35.55
1051,1981-11-19 00:00:00,0.05165026954847413,-0.06653151674340521,0.16983205584035346,133.25,35.55
1052,1981-11-20 00:00:00,0.09978155382623186,-0.018480475368750013,0.21804358302121374,133.25,35.55
1053,1981-11-21 00:00:00,0.031859370845455794,-0.08650903545554955,0.15022777714646113,133.25,35.55
1054,1981-11-22 00:00:00,-0.012921144136370391,-0.13124331615536156,0.10540102788262076,133.25,35.55
1055,1981-11-23 00:00:00,0.10110342681742693,-0.01727278549158004,0.2194796391264339,133.25,35.55
1056,1981-11-24 00:00:00,0.058415341991908114,-0.06012481324297344,0.17695549722678966,133.25,35.55
1057,1981-11-25 00:00:00,-0.03865632020099576,-0.15690229261433242,0.07958965221234088,133.25,35.55
1058,1981-11-26 00:00:00,0.02483155263364217,-0.09344167358397536,0.14310477885125972,133.25,35.55
1059,1981-11-27 00:00:00,0.010374855790474535,-0.1078874411653861,0.12863715274633514,133.25,35.55
1060,1981-11-28 00:00:00,-0.02688803608765819,-0.14557036740847962,0.09179429523316324,133.25,35.55
1061,1981-11-29 00:00:00,-0.023549163416143038,-0.14217800561613253,0.09507967878384646,133.25,35.55
1062,1981-11-30 00:00:00,0.009353786776683559,-0.1090800728516752,0.12778764640504234,133.25,35.55
1063,1981-12-01 00:00:00,0.10672520365216062,-0.01186435549640745,0.2253147628007287,133.25,35.55
1064,1981-12-02 00:00:00,-0.07803943512820241,-0.199476685094162,0.04339781483775716,133.25,35.55
1065,1981-12-03 00:00:00,-0.013322421870896469,-0.13269257082812885,0.10604772708633588,133.25,35.55
1066,1981-12-04 00:00:00,0.029046685536526225,-0.08931043037913419,0.14740380145218665,133.25,35.55
1067,1981-12-05 00:00:00,0.13925341526235846,0.0208654045757876,0.2576414259489293,133.25,35.55
1068,1981-12-06 00:00:00,0.008903143953638431,-0.1094215789591284,0.12722786686640525,133.25,35.55
1069,1981-12-07 00:00:00,0.0915637187166078,-0.026624244111317585,0.2097516815445332,133.25,35.55
1070,1981-12-08 00:00:00,0.007430120396950228,-0.11087855073926524,0.12573879153316572,133.25,35.55
1071,1981-12-09 00:00:00,0.05044995034053036,-0.0678004065612451,0.16870030724230586,133.25,35.55
1072,1981-12-10 00:00:00,-0.04025982536923309,-0.1586154283160351,0.07809577757756891,133.25,35.55
1073,1981-12-11 00:00:00,0.09616927878482064,-0.0221012743531665,0.2144398319228078,133.25,35.55
1074,1981-12-12 00:00:00,0.1300944058306366,0.011706929605204223,0.24848188205606897,133.25,35.55
1075,1981-12-13 00:00:00,0.02957298499693503,-0.0888995583321997,0.14804552832606974,133.25,35.55
1076,1981-12-14 00:00:00,0.054772858462472,-0.06365113532781866,0.17319685225276266,133.25,35.55
1077,1981-12-15 00:00:00,0.06991030340855456,-0.048508224896115296,0.1883288317132244,133.25,35.55
1078,1981-12-16 00:00:00,-0.006472004971496846,-0.1251554867067055,0.11221147676371182,133.25,35.55
1079,1981-12-17 00:00:00,-0.0393559132035693,-0.15763135275604234,0.07891952634890376,133.25,35.55
1080,1981-12-18 00:00:00,-0.021631169691779268,-0.139843123659035,0.09658078427547648,133.25,35.55
1081,1981-12-19 00:00:00,0.11477749913985985,-0.0036503404683695118,0.2332053387480892,133.25,35.55
1082,1981-12-20 00:00:00,0.1840202264365982,0.06350425194788266,0.3045362009253137,133.25,35.55
1083,1981-12-21 00:00:00,-0.01486495028764781,-0.1340008668138908,0.1042709662385952,133.25,35.55
1084,1981-12-22 00:00:00,0.08260835624205985,-0.03569113005766207,0.2009078425417818,133.25,35.55
1085,1981-12-23 00:00:00,0.17840092485668246,0.059901164355897776,0.2969006853574672,133.25,35.55
1086,1981-12-24 00:00:00,0.011983576072007188,-0.10672203607139366,0.13068918821540804,133.25,35.55
1087,1981-12-25 00:00:00,0.02625604404105683,-0.09212792616284753,0.14464001424496115,133.25,35.55
1088,1981-12-26 00:00:00,0.12569070902425755,0.007459063389910703,0.2439223546586044,133.25,35.55
1089,1981-12-27 00:00:00,0.059044025658453465,-0.059189776671576134,0.17727782798848307,133.25,35.55
1090,1981-12-28 00:00:00,0.013477135073792073,-0.10469859064528006,0.1316528607928642,133.25,35.55
1091,1981-12-29 00:00:00,0.08398423650432423,-0.034302163952822436,0.2022706369614709,133.25,35.55
1092,1981-12-30 00:00:00,-0.045393249152042785,-0.1642162081491395,0.07342970984505398,133.25,35.55
1093,1981-12-31 00:00:00,0.038476725201900215,-0.07978606203623136,0.15673951244003176,133.25,35.55
1094,1982-01-01 00:00:00,0.045045078079048576,-0.07331715655053853,0.16340731270863568,133.25,35.55
1095,1982-01-02 00:00:00,0.02262982395772945,-0.0957205311065102,0.14098017902196913,133.25,35.55
1096,1982-01-03 00:00:00,-0.02714201330735708,-0.14538680136530102,0.09110277475058688,133.25,35.55
1097,1982-01-04 00:00:00,0.11854331434633228,-6.160101145458174e-05,0.23714822970411914,133.25,35.55
1098,1982-01-05 00:00:00,-0.004376837839641878,-0.1243412538495934,0.11558757817030965,133.25,35.55
1099,1982-01-06 00:00:00,0.07788073068871902,-0.041020326822164964,0.19678178819960299,133.25,35.55
1100,1982-01-07 00:00:00,-0.012194053330339072,-0.1311360236703806,0.10674791700970246,133.25,35.55
1101,1982-01-08 00:00:00,0.14501068955095886,0.026196129907498755,0.26382524919441896,133.25,35.55
1102,1982-01-09 00:00:00,0.191033536728695,0.07252095016664581,0.30954612329074416,133.25,35.55
1103,1982-01-10 00:00:00,-0.002461780222185225,-0.1211168262081708,0.11619326576380035,133.25,35.55
1104,1982-01-11 00:00:00,0.0568765983109067,-0.06133267626361801,0.17508587288543145,133.25,35.55
1105,1982-01-12 00:00:00,0.10263838202915354,-0.016302987351536218,0.22157975140984326,133.25,35.55
1106,1982-01-13 00:00:00,0.032422194567888925,-0.08664088861846511,0.15148527775424298,133.25,35.55
1107,1982-01-14 00:00:00,0.10762398202314497,-0.011026628304956085,0.22627459235124606,133.25,35.55
1108,1982-01-15 00:00:00,0.0868494710919577,-0.031436153339035405,0.2051350955229508,133.25,35.55
1109,1982-01-16 00:00:00,0.05141092152441089,-0.06706155312715957,0.16988339617598136,133.25,35.55
1110,1982-01-17 00:00:00,0.039394954774113485,-0.07928530094442005,0.15807521049264706,133.25,35.55
1111,1982-01-18 00:00:00,0.10133015745932693,-0.017516459316198954,0.2201767742348528,133.25,35.55
1112,1982-01-19 00:00:00,0.12050567897396082,0.0010495461791283497,0.2399618117687933,133.25,35.55
1113,1982-01-20 00:00:00,0.06234984146956751,-0.0563984351798539,0.1810981181189889,133.25,35.55
1114,1982-01-21 00:00:00,0.17260649905786007,0.05402486763553531,0.2911881304801848,133.25,35.55
1115,1982-01-22 00:00:00,0.08872231631880984,-0.029936589820972068,0.20738122245859172,133.25,35.55
1116,1982-01-23 00:00:00,0.02153840420436487,-0.09704367911054257,0.1401204875192723,133.25,35.55
1117,1982-01-24 00:00:00,0.011020845530374941,-0.10732211922681227,0.12936381028756214,133.25,35.55
1118,1982-01-25 00:00:00,0.032097851024925475,-0.08719145141065063,0.15138715346050158,133.25,35.55
1119,1982-01-26 00:00:00,0.01073209163054295,-0.10813349847833537,0.12959768173942127,133.25,35.55
1120,1982-01-27 00:00:00,0.13451334676228505,0.01616567480838581,0.2528610187161843,133.25,35.55
1121,1982-01-28 00:00:00,0.027904632716724182,-0.09084915763042924,0.1466584230638776,133.25,35.55
1122,1982-01-29 00:00:00,0.07960193904413182,-0.03942866564324941,0.19863254373151307,133.25,35.55
1123,1982-01-30 00:00:00,0.015963953168468797,-0.10264140559421496,0.13456931193115254,133.25,35.55
1124,1982-01-31 00:00:00,0.07729582022376226,-0.04096730030619528,0.1955589407537198,133.25,35.55
1125,1982-02-01 00:00:00,0.08618933838093792,-0.03215282703605478,0.2045315037979306,133.25,35.55
1126,1982-02-02 00:00:00,-0.009032281505465832,-0.1275835991370477,0.10951903612611603,133.25,35.55
1127,1982-02-03 00:00:00,0.0802948217856492,-0.03787422028405375,0.1984638638553521,133.25,35.55
1128,1982-02-04 00:00:00,0.0710940029421967,-0.047372651353235866,0.18956065723762927,133.25,35.55
1129,1982-02-05 00:00:00,0.02936644611837157,-0.0893659409777392,0.14809883321448233,133.25,35.55
1130,1982-02-06 00:00:00,0.08764032650161141,-0.031039311567323993,0.2063199645705468,133.25,35.55
1131,1982-02-07 00:00:00,0.03498200869843804,-0.08403066347313445,0.15399468087001053,133.25,35.55
1132,1982-02-08 00:00:00,0.002431346943597479,-0.11575057173321612,0.12061326562041108,133.25,35.55
1133,1982-02-09 00:00:00,0.033839444146437324,-0.08437476245572627,0.15205365074860092,133.25,35.55
1134,1982-02-10 00:00:00,0.05698335579904795,-0.0614390900666775,0.1754058016647734,133.25,35.55
1135,1982-02-11 00:00:00,0.06479263867812197,-0.05346035104580886,0.1830456284020528,133.25,35.55
1136,1982-02-12 00:00:00,0.00891622707434802,-0.10919717409386397,0.12702962824256,133.25,35.55
1137,1982-02-13 00:00:00,-0.02066061650897825,-0.13879620869736464,0.09747497567940812,133.25,35.55
1138,1982-02-14 00:00:00,-0.02623617747872416,-0.14458845795618944,0.09211610299874112,133.25,35.55
1139,1982-02-15 00:00:00,0.025910100727600097,-0.092383477001969,0.1442036784571692,133.25,35.55
1140,1982-02-16 00:00:00,0.025010713993925283,-0.0932287138549177,0.14325014184276827,133.25,35.55
1141,1982-02-17 00:00:00,0.011985752423843098,-0.1063918009798299,0.1303633058275161,133.25,35.55
1142,1982-02-18 00:00:00,-0.031021784194712687,-0.14976788842521416,0.08772432003578877,133.25,35.55
1143,1982-02-19 00:00:00,0.0484655701151919,-0.06987885349675346,0.16680999372713726,133.25,35.55
1144,1982-02-20 00:00:00,0.1214362761309782,0.002875872967386242,0.2399966792945701,133.25,35.55
1145,1982-02-21 00:00:00,-0.053525237937790016,-0.17184597217999753,0.06479549630441749,133.25,35.55
1146,1982-02-22 00:00:00,0.03453441195507292,-0.08377526360434556,0.15284408751449138,133.25,35.55
1147,1982-02-23 00:00:00,-0.07323485008740972,-0.19149012058610795,0.045020420411288495,133.25,35.55
1148,1982-02-24 00:00:00,-0.03237542836026617,-0.1508032087007066,0.08605235198017427,133.25,35.55
1149,1982-02-25 00:00:00,0.017380664326606583,-0.10149752041446088,0.13625884906767405,133.25,35.55
1150,1982-02-26 00:00:00,-0.07351805111969699,-0.1921183659820232,0.04508226374262922,133.25,35.55
1151,1982-02-27 00:00:00,0.06822823520155845,-0.050033020055470716,0.1864894904585876,133.25,35.55
1152,1982-02-28 00:00:00,0.08619674407079081,-0.032112798447040763,0.2045062865886224,133.25,35.55
1153,1982-03-01 00:00:00,0.0349127364271101,-0.08370430169801008,0.15352977455223027,133.25,35.55
1154,1982-03-02 00:00:00,0.02593727261996193,-0.09275094194104364,0.1446254871809675,133.25,35.55
1155,1982-03-03 00:00:00,0.00202083586980753,-0.11642210513757655,0.12046377687719165,133.25,35.55
1156,1982-03-04 00:00:00,0.06410412785092436,-0.054164537928302316,0.18237279363015105,133.25,35.55
1157,1982-03-05 00:00:00,0.13540878110577953,0.015124579160895046,0.25569298305066396,133.25,35.55
1158,1982-03-06 00:00:00,-0.04260974843445232,-0.16260591122957485,0.07738641436067019,133.25,35.55
1159,1982-03-07 00:00:00,-0.009135355805166386,-0.12778517488423338,0.10951446327390063,133.25,35.55
1160,1982-03-08 00:00:00,0.0279168008147928,-0.09029936526552956,0.14613296689511515,133.25,35.55
1161,1982-03-09 00:00:00,0.14048578962542246,0.02210197401041457,0.25886960524043034,133.25,35.55
1162,1982-03-10 00:00:00,0.10798824889409762,-0.010511205105785154,0.2264877028939804,133.25,35.55
1163,1982-03-11 00:00:00,0.08840730722540402,-0.030025965195458183,0.20684057964626626,133.25,35.55
1164,1982-03-12 00:00:00,0.002726333507250857,-0.11557044922978375,0.12102311624428545,133.25,35.55
1165,1982-03-13 00:00:00,0.0011967218258437107,-0.1179767530275912,0.12037019667927862,133.25,35.55
1166,1982-03-14 00:00:00,-0.07193973716280322,-0.190520355672486,0.046640881346879534,133.25,35.55
1167,1982-03-15 00:00:00,0.26346174266567873,0.14435384553138944,0.3825696397999681,133.25,35.55
1168,1982-03-16 00:00:00,0.020598691706690632,-0.1000441464744018,0.14124152988778307,133.25,35.55
1169,1982-03-17 00:00:00,-0.07040210283642595,-0.18870378175747496,0.047899576084623065,133.25,35.55
1170,1982-03-18 00:00:00,0.011154671048669351,-0.10719309880559688,0.12950244090293558,133.25,35.55
1171,1982-03-19 00:00:00,-0.06362595123412935,-0.18191099858113965,0.0546590961128809,133.25,35.55
1172,1982-03-20 00:00:00,0.027894725434686886,-0.09066917627005452,0.14645862713942828,133.25,35.55
1173,1982-03-21 00:00:00,0.090119715525004,-0.028843264766982218,0.20908269581699024,133.25,35.55
1174,1982-03-22 00:00:00,0.04269749349648082,-0.07583891183195787,0.1612338988249195,133.25,35.55
1175,1982-03-23 00:00:00,0.05573349682197884,-0.0626478867562354,0.17411488040019307,133.25,35.55
1176,1982-03-24 00:00:00,-0.023999975891385267,-0.14266840716860885,0.09466845538583832,133.25,35.55
1177,1982-03-25 00:00:00,0.0051071944007249894,-0.11384769650105153,0.12406208530250153,133.25,35.55
1178,1982-03-26 00:00:00,-0.04687808151135385,-0.16544233652635226,0.07168617350364455,133.25,35.55
1179,1982-03-27 00:00:00,-0.026388695103360126,-0.14455212630028658,0.09177473609356633,133.25,35.55
1180,1982-03-28 00:00:00,-0.015310075438193996,-0.13347718227528346,0.10285703139889543,133.25,35.55
1181,1982-03-29 00:00:00,0.012829582466153778,-0.10540753015517462,0.13106669508748214,133.25,35.55
1182,1982-03-30 00:00:00,0.13126883656240615,0.013005859575689728,0.24953181354912254,133.25,35.55
1183,1982-03-31 00:00:00,0.14108142134547189,0.0208390204863772,0.26132382220456657,133.25,35.55
1184,1982-04-01 00:00:00,-0.10366898502510014,-0.22393690248553516,0.016598932435334862,133.25,35.55
1185,1982-04-02 00:00:00,0.06172191353145906,-0.05646926811128195,0.17991309517420007,133.25,35.55
1186,1982-04-03 00:00:00,0.07690139530435508,-0.04265343789499003,0.19645622850370012,133.25,35.55
1187,1982-04-04 00:00:00,-0.03568600471361663,-0.15526981340680135,0.0838978039795681,133.25,35.55
1188,1982-04-05 00:00:00,-0.12623553385243932,-0.2449104665343509,-0.007560601170527746,133.25,35.55
1189,1982-04-06 00:00:00,0.03775707213980356,-0.08049547664402965,0.15600962092363674,133.25,35.55
1190,1982-04-07 00:00:00,0.06187412869120638,-0.05650085861307706,0.18024911599548984,133.25,35.55
1191,1982-04-08 00:00:00,0.12521546114009213,0.006688951516918368,0.2437419707632659,133.25,35.55
1192,1982-04-09 00:00:00,0.00682339013949125,-0.112436591200011,0.1260833714789935,133.25,35.55
1193,1982-04-10 00:00:00,-0.03092870687009538,-0.15272610106628448,0.09086868732609373,133.25,35.55
1194,1982-04-11 00:00:00,0.006984634127859393,-0.11249774866718534,0.12646701692290413,133.25,35.55
1195,1982-04-12 00:00:00,0.04155267439421878,-0.07659997418384476,0.15970532297228232,133.25,35.55
1196,1982-04-13 00:00:00,0.08332078733856156,-0.034809444785156116,0.2014510194622792,133.25,35.55
1197,1982-04-14 00:00:00,0.04280433310422078,-0.07534431801661412,0.1609529842250557,133.25,35.55
1198,1982-04-15 00:00:00,0.046787519184654784,-0.07166271152333913,0.16523774989264872,133.25,35.55
1199,1982-04-16 00:00:00,0.04121808136256538,-0.0772470830719575,0.15968324579708826,133.25,35.55
1200,1982-04-17 00:00:00,0.1148419340537932,-0.004116996737152032,0.23380086484473844,133.25,35.55
1201,1982-04-18 00:00:00,0.07405552053100924,-0.04473246389233088,0.19284350495434932,133.25,35.55
1202,1982-04-19 00:00:00,0.06514485420381214,-0.05306120980596382,0.1833509182135881,133.25,35.55
1203,1982-04-20 00:00:00,0.06572521132998714,-0.052464400376676,0.1839148230366503,133.25,35.55
1204,1982-04-21 00:00:00,0.02270712754905464,-0.0956869878854828,0.14110124298359208,133.25,35.55
1205,1982-04-22 00:00:00,0.011121994734820057,-0.10735023783892683,0.12959422730856696,133.25,35.55
1206,1982-04-23 00:00:00,0.039958211133448114,-0.07820576239313913,0.15812218466003536,133.25,35.55
1207,1982-04-24 00:00:00,0.05396981140772568,-0.06418051471431233,0.17212013752976368,133.25,35.55
1208,1982-04-25 00:00:00,0.015612911033402585,-0.1025662416905929,0.13379206375739808,133.25,35.55
1209,1982-04-26 00:00:00,0.01013887903600581,-0.10806187368759664,0.12833963175960827,133.25,35.55
1210,1982-04-27 00:00:00,-0.024809865601374517,-0.1433698486601357,0.09375011745738664,133.25,35.55
1211,1982-04-28 00:00:00,0.005299795383015164,-0.113566297067658,0.12416588783368833,133.25,35.55
1212,1982-04-29 00:00:00,0.04383290536220582,-0.07493395483124393,0.16259976555565558,133.25,35.55
1213,1982-04-30 00:00:00,-0.007867457567035134,-0.12625335778941835,0.11051844265534808,133.25,35.55
1214,1982-05-01 00:00:00,0.0955678773523031,-0.02263993452211438,0.21377568922672055,133.25,35.55
1215,1982-05-02 00:00:00,0.14126481167410776,0.022807599246385386,0.2597220241018301,133.25,35.55
1216,1982-05-03 00:00:00,0.042315777509119516,-0.0761819827034477,0.16081353772168674,133.25,35.55
1217,1982-05-04 00:00:00,0.15392997229925176,0.03534351079871753,0.272516433799786,133.25,35.55
1218,1982-05-05 00:00:00,0.08514182826927742,-0.0336184881805314,0.20390214471908624,133.25,35.55
1219,1982-05-06 00:00:00,0.10347798383945447,-0.014943187860334772,0.22189915553924366,133.25,35.55
1220,1982-05-07 00:00:00,0.10244514578664926,-0.016266494566638215,0.22115678613993672,133.25,35.55
1221,1982-05-08 00:00:00,-0.015117909173077124,-0.13351135187690535,0.10327553353075113,133.25,35.55
1222,1982-05-09 00:00:00,0.08472990644733502,-0.03339280956108058,0.20285262245575064,133.25,35.55
1223,1982-05-10 00:00:00,0.05258235667467921,-0.0655206907102479,0.1706854040596063,133.25,35.55
1224,1982-05-11 00:00:00,0.04523171123123665,-0.0728660645755539,0.1633294870380272,133.25,35.55
1225,1982-05-12 00:00:00,0.04967303883858831,-0.06855631478002966,0.16790239245720628,133.25,35.55
1226,1982-05-13 00:00:00,0.12937752563946384,0.010819190183982209,0.2479358610949455,133.25,35.55
1227,1982-05-14 00:00:00,0.11548836163443818,-0.003797778502633881,0.23477450177151024,133.25,35.55
1228,1982-05-15 00:00:00,0.019334941583949147,-0.09923372565933833,0.13790360882723662,133.25,35.55
1229,1982-05-16 00:00:00,0.06429849579880725,-0.05390847783687498,0.18250546943448948,133.25,35.55
1230,1982-05-17 00:00:00,0.08401004668377582,-0.034177055047859006,0.20219714841541064,133.25,35.55
1231,1982-05-18 00:00:00,0.051115804896492034,-0.06710929034752859,0.16934090014051267,133.25,35.55
1232,1982-05-19 00:00:00,-0.020529624232574,-0.1387584302048051,0.09769918173965712,133.25,35.55
1233,1982-05-20 00:00:00,0.14425860590062392,0.02572779060839879,0.26278942119284904,133.25,35.55
1234,1982-05-21 00:00:00,0.18270353679802626,0.06333825991887371,0.3020688136771788,133.25,35.55
1235,1982-05-22 00:00:00,0.028367593313081908,-0.09043493327490834,0.14717011990107215,133.25,35.55
1236,1982-05-23 00:00:00,0.03509612117220001,-0.08311450318499773,0.15330674552939774,133.25,35.55
1237,1982-05-24 00:00:00,0.06284041034816504,-0.05538822468292225,0.18106904537925236,133.25,35.55
1238,1982-05-25 00:00:00,0.03410722584657012,-0.08405476912328608,0.15226922081642633,133.25,35.55
1239,1982-05-26 00:00:00,0.06585466059709097,-0.05230795567650977,0.18401727687069172,133.25,35.55
1240,1982-05-27 00:00:00,0.09246997702655774,-0.02570219895090743,0.2106421530040229,133.25,35.55
1241,1982-05-28 00:00:00,0.09483560462855327,-0.02334093109895068,0.2130121403560572,133.25,35.55
1242,1982-05-29 00:00:00,0.06153940373585755,-0.05664649104783578,0.17972529851955088,133.25,35.55
1243,1982-05-30 00:00:00,0.01826529226110888,-0.09993374312444568,0.13646432764666344,133.25,35.55
1244,1982-05-31 00:00:00,-0.01279569723163676,-0.13113319571807347,0.10554180125479996,133.25,35.55
1245,1982-06-01 00:00:00,0.1351516758403506,0.016584631267112737,0.25371872041358845,133.25,35.55
1246,1982-06-02 00:00:00,0.06531245623242432,-0.05311317065943122,0.1837380831242799,133.25,35.55
1247,1982-06-03 00:00:00,0.06623531869369427,-0.05231581081020749,0.18478644819759604,133.25,35.55
1248,1982-06-04 00:00:00,0.027476585974922755,-0.09110044086012108,0.1460536128099666,133.25,35.55
1249,1982-06-05 00:00:00,0.030320752813962938,-0.08788044062193087,0.14852194624985673,133.25,35.55
1250,1982-06-06 00:00:00,0.01525494854754446,-0.10284386312505316,0.1333537602201421,133.25,35.55
1251,1982-06-07 00:00:00,0.08090716139230585,-0.03723481460338933,0.199049137388001,133.25,35.55
1252,1982-06-08 00:00:00,0.05120923161553129,-0.06689478922519591,0.1693132524562585,133.25,35.55
1253,1982-06-09 00:00:00,-0.005826082858136909,-0.12393287998553383,0.11228071426926,133.25,35.55
1254,1982-06-10 00:00:00,0.04729940715465068,-0.07082373132354895,0.1654225456328503,133.25,35.55
1255,1982-06-11 00:00:00,0.07518940611042935,-0.0429176807567406,0.1932964929775993,133.25,35.55
1256,1982-06-12 00:00:00,0.08381565829172367,-0.034301169794396784,0.2019324863778441,133.25,35.55
1257,1982-06-13 00:00:00,0.061214573735727834,-0.05697283340642001,0.17940198087787568,133.25,35.55
1258,1982-06-14 00:00:00,0.04949536104923377,-0.06938073199364364,0.16837145409211116,133.25,35.55
1259,1982-06-15 00:00:00,0.015423279549123663,-0.1036157011203181,0.13446226021856542,133.25,35.55
1260,1982-06-16 00:00:00,0.04374302848781564,-0.07446096195848721,0.1619470189341185,133.25,35.55
1261,1982-06-17 00:00:00,0.05878503103133509,-0.059389103746041665,0.17695916580871185,133.25,35.55
1262,1982-06-18 00:00:00,0.020864309033723192,-0.09733271450668654,0.13906133257413292,133.25,35.55
1263,1982-06-19 00:00:00,0.036632846381998506,-0.0815306693848861,0.15479636214888312,133.25,35.55
1264,1982-06-20 00:00:00,0.022517896763829558,-0.095603680858226,0.1406394743858851,133.25,35.55
1265,1982-06-21 00:00:00,0.02437888409889532,-0.09370922646021236,0.14246699465800303,133.25,35.55
1266,1982-06-22 00:00:00,0.040012054960186366,-0.07810174118368285,0.15812585110405558,133.25,35.55
1267,1982-06-23 00:00:00,0.026152871477110214,-0.09251542282738677,0.14482116578160725,133.25,35.55
1268,1982-06-24 00:00:00,0.050056016797210084,-0.0693819680183822,0.16949400161280234,133.25,35.55
1269,1982-06-25 00:00:00,-0.017748959501466682,-0.13605271298810373,0.10055479398517037,133.25,35.55
1270,1982-06-26 00:00:00,-0.030566793645672788,-0.14873424128343424,0.08760065399208865,133.25,35.55
1271,1982-06-27 00:00:00,0.033476281325397636,-0.08487885769746667,0.15183142034826194,133.25,35.55
1272,1982-06-28 00:00:00,0.0955454516210632,-0.02278579307868349,0.2138766963208099,133.25,35.55
1273,1982-06-29 00:00:00,0.016256075706538732,-0.10190081780153748,0.13441296921461493,133.25,35.55
1274,1982-06-30 00:00:00,0.027139120056149192,-0.09102114015704417,0.14529938026934258,133.25,35.55
1275,1982-07-01 00:00:00,0.02679892461807213,-0.0913602070923926,0.14495805632853687,133.25,35.55
1276,1982-07-02 00:00:00,0.027877363095684667,-0.09024155447469637,0.14599628066606568,133.25,35.55
1277,1982-07-03 00:00:00,-0.006933290694742512,-0.12508749548599007,0.11122091409650504,133.25,35.55
1278,1982-07-04 00:00:00,-0.0031948175449256003,-0.12134727388776904,0.11495763879791784,133.25,35.55
1279,1982-07-05 00:00:00,0.01734320688867033,-0.1007934640712999,0.13547987784864055,133.25,35.55
1280,1982-07-06 00:00:00,0.050203995267455455,-0.06792732429379664,0.16833531482870753,133.25,35.55
1281,1982-07-07 00:00:00,0.062097980471415876,-0.05610588200471164,0.1803018429475434,133.25,35.55
1282,1982-07-08 00:00:00,0.06944504372449938,-0.0487045221517592,0.187594609600758,133.25,35.55
1283,1982-07-09 00:00:00,0.032144492576472845,-0.08593911695735187,0.15022810211029758,133.25,35.55
1284,1982-07-10 00:00:00,0.08125746563739161,-0.03685109010843012,0.19936602138321333,133.25,35.55
1285,1982-07-11 00:00:00,0.2640716230928594,0.1454102066791086,0.3827330395066103,133.25,35.55
1286,1982-07-12 00:00:00,0.11669211379667906,-0.002620658985011293,0.23600488657836935,133.25,35.55
1287,1982-07-13 00:00:00,0.00236260315804512,-0.11600085588141652,0.12072606219750676,133.25,35.55
1288,1982-07-14 00:00:00,0.049439435762140056,-0.0688456248002359,0.167724496324516,133.25,35.55
1289,1982-07-15 00:00:00,0.030180172461648582,-0.08844154426932213,0.14880188919261927,133.25,35.55
1290,1982-07-16 00:00:00,0.1336669981704902,0.01480217068420224,0.2525318256567782,133.25,35.55
1291,1982-07-17 00:00:00,0.10977397789321898,-0.009769053122323805,0.22931700890876175,133.25,35.55
1292,1982-07-18 00:00:00,0.004337691474934236,-0.11395106610766305,0.1226264490575315,133.25,35.55
1293,1982-07-19 00:00:00,0.060750072437217376,-0.05751229489560559,0.17901243977004036,133.25,35.55
1294,1982-07-20 00:00:00,0.04279818276031425,-0.07546102263462426,0.16105738815525275,133.25,35.55
1295,1982-07-21 00:00:00,0.07127233566739967,-0.04687399923304675,0.1894186705678461,133.25,35.55
1296,1982-07-22 00:00:00,0.01847632691376373,-0.0996383696482134,0.13659102347574087,133.25,35.55
1297,1982-07-23 00:00:00,0.05240084631476953,-0.06571556703769411,0.1705172596672332,133.25,35.55
1298,1982-07-24 00:00:00,0.061001029235662925,-0.05771482636632831,0.1797168848376542,133.25,35.55
1299,1982-07-25 00:00:00,0.08760337795793627,-0.031606330969644734,0.20681308688551725,133.25,35.55
1300,1982-07-26 00:00:00,0.06716676175238695,-0.05144073169054325,0.18577425519531715,133.25,35.55
1301,1982-07-27 00:00:00,0.029270691143108395,-0.08889388160162906,0.14743526388784586,133.25,35.55
1302,1982-07-28 00:00:00,0.012502006129806188,-0.1056177618317835,0.13062177409139586,133.25,35.55
1303,1982-07-29 00:00:00,0.02648957553698578,-0.09162796910495333,0.14460712017892488,133.25,35.55
1304,1982-07-30 00:00:00,0.025933196925610625,-0.0921751872309818,0.14404158108220305,133.25,35.55
1305,1982-07-31 00:00:00,0.022306529409652,-0.0957777484983632,0.14039080731766718,133.25,35.55
1306,1982-08-01 00:00:00,0.006251606319969943,-0.1120592008347205,0.1245624134746604,133.25,35.55
1307,1982-08-02 00:00:00,0.16825439990121482,0.044029371598617785,0.29247942820381184,133.25,35.55
1308,1982-08-03 00:00:00,0.10003957710798483,-0.02197189749738336,0.22205105171335304,133.25,35.55
1309,1982-08-04 00:00:00,0.04833350691201961,-0.07015473432523882,0.16682174814927805,133.25,35.55
1310,1982-08-05 00:00:00,0.06349977945356522,-0.05466834335754522,0.18166790226467566,133.25,35.55
1311,1982-08-06 00:00:00,0.0753534290605248,-0.042791990030953936,0.19349884815200355,133.25,35.55
1312,1982-08-07 00:00:00,0.04903621306977144,-0.06912926622819167,0.16720169236773455,133.25,35.55
1313,1982-08-08 00:00:00,0.04460397388144891,-0.07351632178607402,0.16272426954897184,133.25,35.55
1314,1982-08-09 00:00:00,0.032952879981002214,-0.08513073524989834,0.15103649521190274,133.25,35.55
1315,1982-08-10 00:00:00,0.03971387117547707,-0.07836054218998376,0.15778828454093788,133.25,35.55
1316,1982-08-11 00:00:00,0.03950083387703893,-0.078571124457396,0.15757279221147386,133.25,35.55
1317,1982-08-12 00:00:00,0.015915141989361538,-0.10223572218380197,0.13406600616252504,133.25,35.55
1318,1982-08-13 00:00:00,-0.006252759244967331,-0.12446882120154115,0.11196330271160647,133.25,35.55
1319,1982-08-14 00:00:00,0.05484264816368658,-0.0634601785314369,0.17314547485881007,133.25,35.55
1320,1982-08-15 00:00:00,0.11200736501508428,-0.006365834796696696,0.2303805648268653,133.25,35.55
1321,1982-08-16 00:00:00,0.1809551317066424,0.061988562939030885,0.2999217004742539,133.25,35.55
1322,1982-08-17 00:00:00,0.050721088431463716,-0.06830013158215452,0.16974230844508198,133.25,35.55
1323,1982-08-18 00:00:00,0.0474773746754544,-0.07082841358770414,0.16578316293861295,133.25,35.55
1324,1982-08-19 00:00:00,0.039498830942243685,-0.07862059578947919,0.15761825767396656,133.25,35.55
1325,1982-08-20 00:00:00,0.05270056160023525,-0.0654001035137157,0.17080122671418618,133.25,35.55
1326,1982-08-21 00:00:00,0.09859467681471316,-0.01963548676579732,0.2168248403952236,133.25,35.55
1327,1982-08-22 00:00:00,0.0824439319643318,-0.035929566115976634,0.20081743004464025,133.25,35.55
1328,1982-08-23 00:00:00,0.012266167442595958,-0.10596896794999254,0.13050130283518446,133.25,35.55
1329,1982-08-24 00:00:00,0.022084895109925638,-0.09621429001658864,0.14038408023643992,133.25,35.55
1330,1982-08-25 00:00:00,-0.03128954650883605,-0.14948245114632885,0.08690335812865671,133.25,35.55
1331,1982-08-26 00:00:00,0.006987951030836904,-0.11250718433761253,0.12648308639928632,133.25,35.55
1332,1982-08-27 00:00:00,0.08985788979523986,-0.04289541867031845,0.22261119826079814,133.25,35.55
1333,1982-08-28 00:00:00,0.41396832011815576,0.28072332615179096,0.5472133140845206,133.25,35.55
1334,1982-08-29 00:00:00,0.06438613227767308,-0.055361864046239766,0.1841341286015859,133.25,35.55
1335,1982-08-30 00:00:00,0.045266104134365104,-0.07294353461614889,0.1634757428848791,133.25,35.55
1336,1982-08-31 00:00:00,0.01273501268955398,-0.10537123237006464,0.1308412577491726,133.25,35.55
1337,1982-09-01 00:00:00,-0.0005643825190715553,-0.11864433311154808,0.11751556807340495,133.25,35.55
1338,1982-09-02 00:00:00,0.009567048274014415,-0.10852120154209426,0.1276552980901231,133.25,35.55
1339,1982-09-03 00:00:00,0.02024565150451944,-0.09790726449853218,0.13839856750757104,133.25,35.55
1340,1982-09-04 00:00:00,-0.02725034141539412,-0.14572038362776527,0.09121970079697704,133.25,35.55
1341,1982-09-05 00:00:00,-0.01805222460698608,-0.1365067192506128,0.10040227003664066,133.25,35.55
1342,1982-09-06 00:00:00,0.055460264235947486,-0.06267798329322732,0.17359851176512228,133.25,35.55
1343,1982-09-07 00:00:00,0.02080293416213713,-0.0973193740606885,0.13892524238496276,133.25,35.55
1344,1982-09-08 00:00:00,0.0063314375430768175,-0.11176515682769854,0.12442803191385216,133.25,35.55
1345,1982-09-09 00:00:00,0.019372741452737773,-0.09876154376008266,0.1375070266655582,133.25,35.55
1346,1982-09-10 00:00:00,0.0436139831477648,-0.07477061743662461,0.16199858373215426,133.25,35.55
1347,1982-09-11 00:00:00,-0.00556204974121384,-0.12390011612532408,0.1127760166428964,133.25,35.55
1348,1982-09-12 00:00:00,-0.0586593764626169,-0.17897509584055749,0.061656342915323674,133.25,35.55
1349,1982-09-13 00:00:00,-0.15203655394165674,-0.27449976046709634,-0.029573347416217144,133.25,35.55
1350,1982-09-14 00:00:00,-0.05192114555277017,-0.1701659093741616,0.06632361826862126,133.25,35.55
1351,1982-09-15 00:00:00,-0.02629642516151853,-0.1444489628602247,0.09185611253718767,133.25,35.55
1352,1982-09-16 00:00:00,-0.0062880511495379465,-0.12448624005239788,0.11191013775332198,133.25,35.55
1353,1982-09-17 00:00:00,-0.003068748122881857,-0.12116467341647574,0.11502717717071205,133.25,35.55
1354,1982-09-18 00:00:00,-0.003185205625696241,-0.12126514690845926,0.11489473565706675,133.25,35.55
1355,1982-09-19 00:00:00,0.06326644906848787,-0.054993050872141874,0.1815259490091176,133.25,35.55
1356,1982-09-20 00:00:00,0.07696128315483497,-0.04153553799250122,0.19545810430217114,133.25,35.55
1357,1982-09-21 00:00:00,0.08787757401094624,-0.03065256147477502,0.2064077094966675,133.25,35.55
1358,1982-09-22 00:00:00,-0.021468440406302303,-0.13991264056696578,0.09697575975436117,133.25,35.55
1359,1982-09-23 00:00:00,-0.04151182577165132,-0.1596752255672389,0.07665157402393624,133.25,35.55
1360,1982-09-24 00:00:00,-0.04771248753333504,-0.16616233496044402,0.07073735989377397,133.25,35.55
1361,1982-09-25 00:00:00,-0.1139247218121494,-0.25753052180655844,0.0296810781822596,133.25,35.55
1362,1982-09-26 00:00:00,0.3894138424692869,0.24781031322684385,0.5310173717117299,133.25,35.55
1363,1982-09-27 00:00:00,0.041801840220493686,-0.07734342449430427,0.16094710493529166,133.25,35.55
1364,1982-09-28 00:00:00,0.019003121841881642,-0.09928699422568417,0.13729323790944745,133.25,35.55
1365,1982-09-29 00:00:00,0.011816143023570536,-0.1062948166496616,0.12992710269680266,133.25,35.55
1366,1982-09-30 00:00:00,0.05770493282441349,-0.060383698437601024,0.17579356408642802,133.25,35.55
1367,1982-10-01 00:00:00,0.006411330168109747,-0.11169710381847794,0.12451976415469745,133.25,35.55
1368,1982-10-02 00:00:00,0.006286253976809621,-0.1118496431495277,0.12442215110314694,133.25,35.55
1369,1982-10-03 00:00:00,0.02286589957684333,-0.0952539722315008,0.14098577138518747,133.25,35.55
1370,1982-10-04 00:00:00,-0.022133996236118718,-0.14022593706659972,0.09595794459436227,133.25,35.55
1371,1982-10-05 00:00:00,-0.002161952425533114,-0.12025051239035335,0.1159266075392871,133.25,35.55
1372,1982-10-06 00:00:00,0.015640595452400652,-0.1024943952559856,0.13377558616078689,133.25,35.55
1373,1982-10-07 00:00:00,0.02489273287998355,-0.09330757861650936,0.14309304437647646,133.25,35.55
1374,1982-10-08 00:00:00,0.02505814293959204,-0.09326796422542227,0.14338425010460634,133.25,35.55
1375,1982-10-09 00:00:00,-0.1297238467825935,-0.24950868101385584,-0.009939012551331172,133.25,35.55
1376,1982-10-10 00:00:00,-0.07704855122289392,-0.19603192098693964,0.0419348185411518,133.25,35.55
1377,1982-10-11 00:00:00,0.0070893605723785095,-0.1112240116356472,0.1254027327804042,133.25,35.55
1378,1982-10-12 00:00:00,0.026349193599725797,-0.09187324026255578,0.14457162746200736,133.25,35.55
1379,1982-10-13 00:00:00,-0.006089585318468392,-0.12419072536152988,0.11201155472459312,133.25,35.55
1380,1982-10-14 00:00:00,0.0209209204801978,-0.0971759413476362,0.1390177823080318,133.25,35.55
1381,1982-10-15 00:00:00,0.051558943147419316,-0.06655709520440886,0.16967498149924748,133.25,35.55
1382,1982-10-16 00:00:00,-0.012872719044355769,-0.13131285505153395,0.10556741696282244,133.25,35.55
1383,1982-10-17 00:00:00,0.025310294195950437,-0.09330020404282968,0.14392079243473055,133.25,35.55
1384,1982-10-18 00:00:00,0.029476340559512024,-0.08877961539124431,0.14773229651026834,133.25,35.55
1385,1982-10-19 00:00:00,0.11939216799956537,0.0010750103418311202,0.23770932565729966,133.25,35.55
1386,1982-10-20 00:00:00,0.14676392058557886,0.02737105942221074,0.26615678174894697,133.25,35.55
1387,1982-10-21 00:00:00,0.02247063958330744,-0.09630670279947492,0.1412479819660898,133.25,35.55
1388,1982-10-22 00:00:00,-0.02924076814317545,-0.14743930078095288,0.08895776449460198,133.25,35.55
1389,1982-10-23 00:00:00,0.00227341060848767,-0.1159202103693848,0.12046703158636013,133.25,35.55
1390,1982-10-24 00:00:00,0.08724276080361408,-0.03132411696454604,0.2058096385717742,133.25,35.55
1391,1982-10-25 00:00:00,0.05386304589455969,-0.06647020254444402,0.1741962943335634,133.25,35.55
1392,1982-10-26 00:00:00,-0.0013756465362141231,-0.11977404691348092,0.11702275384105268,133.25,35.55
1393,1982-10-27 00:00:00,-0.011074367474955688,-0.12921916316862506,0.10707042821871368,133.25,35.55
1394,1982-10-28 00:00:00,0.02641544057233964,-0.09167389483989367,0.14450477598457295,133.25,35.55
1395,1982-10-29 00:00:00,0.008603459766660139,-0.10949121323936628,0.12669813277268654,133.25,35.55
1396,1982-10-30 00:00:00,-0.01713195208300013,-0.13521561799941836,0.10095171383341807,133.25,35.55
1397,1982-10-31 00:00:00,0.05483068882224815,-0.06328923872636529,0.17295061637086154,133.25,35.55
1398,1982-11-01 00:00:00,0.09950313518872952,-0.01906638083862437,0.21807265121608346,133.25,35.55
1399,1982-11-02 00:00:00,-0.04038923729510941,-0.15910494875930414,0.07832647416908531,133.25,35.55
1400,1982-11-03 00:00:00,-0.06422327034776333,-0.18247910439776344,0.054032563702236816,133.25,35.55
1401,1982-11-04 00:00:00,0.02874235541254885,-0.08945514804063302,0.14693985886573074,133.25,35.55
1402,1982-11-05 00:00:00,0.028054084113931833,-0.09021294332960904,0.14632111155747268,133.25,35.55
1403,1982-11-06 00:00:00,-0.09150363911386933,-0.2097916116832122,0.026784333455473555,133.25,35.55
1404,1982-11-07 00:00:00,0.035648803710484615,-0.08255274686728997,0.15385035428825922,133.25,35.55
1405,1982-11-08 00:00:00,-0.011123791573824579,-0.12926206300195864,0.10701447985430948,133.25,35.55
1406,1982-11-09 00:00:00,0.00905986581002608,-0.1090986608865314,0.12721839250658354,133.25,35.55
1407,1982-11-10 00:00:00,0.0559480501607508,-0.06407602878015448,0.17597212910165605,133.25,35.55
1408,1982-11-11 00:00:00,0.1880817595106504,0.06745771627169335,0.30870580274960746,133.25,35.55
1409,1982-11-12 00:00:00,0.19082369138368585,0.07189210505676605,0.3097552777106056,133.25,35.55
1410,1982-11-13 00:00:00,-0.04819829283781892,-0.16656507049235625,0.07016848481671842,133.25,35.55
1411,1982-11-14 00:00:00,0.0038679161025009477,-0.11425010111785346,0.12198593332285533,133.25,35.55
1412,1982-11-15 00:00:00,0.04233768972310308,-0.07585191291272299,0.16052729235892915,133.25,35.55
1413,1982-11-16 00:00:00,0.05243826462428985,-0.06610438036362158,0.17098090961220128,133.25,35.55
1414,1982-11-17 00:00:00,0.001918050656282949,-0.1164231857614271,0.12025928707399301,133.25,35.55
1415,1982-11-18 00:00:00,0.030701050967736617,-0.08757275083851515,0.1489748527739884,133.25,35.55
1416,1982-11-19 00:00:00,0.05645490992246247,-0.06168900273434906,0.17459882257927403,133.25,35.55
1417,1982-11-20 00:00:00,0.022039295956090804,-0.09617386652089244,0.14025245843307405,133.25,35.55
1418,1982-11-21 00:00:00,0.05414442234283085,-0.06411029871852633,0.172399143404188,133.25,35.55
1419,1982-11-22 00:00:00,0.10887020395040906,-0.009539902129164987,0.2272803100299831,133.25,35.55
1420,1982-11-23 00:00:00,0.01978055168198705,-0.0989389062278695,0.13850000959184358,133.25,35.55
1421,1982-11-24 00:00:00,0.18036387201226356,0.06153531628851401,0.2991924277360131,133.25,35.55
1422,1982-11-25 00:00:00,0.042356561905633916,-0.07667834179957908,0.16139146561084694,133.25,35.55
1423,1982-11-26 00:00:00,-0.012295759726568656,-0.13062493972446604,0.10603342027132873,133.25,35.55
1424,1982-11-27 00:00:00,-0.03391646479416025,-0.1520982007747196,0.08426527118639912,133.25,35.55
1425,1982-11-28 00:00:00,-0.06331448531464877,-0.1815646100788955,0.05493563944959798,133.25,35.55
1426,1982-11-29 00:00:00,0.2087654781903465,0.08979184158505228,0.3277391147956407,133.25,35.55
1427,1982-11-30 00:00:00,0.3705032378966412,0.2467076222416689,0.4942988535516135,133.25,35.55
1428,1982-12-01 00:00:00,-0.002177249350995697,-0.12458116530280502,0.12022666660081364,133.25,35.55
1429,1982-12-02 00:00:00,0.10099963539595347,-0.017535748732049942,0.21953501952395688,133.25,35.55
1430,1982-12-03 00:00:00,0.034984160399925204,-0.08380156657292008,0.15376988737277048,133.25,35.55
1431,1982-12-04 00:00:00,0.021635435508608383,-0.09671895673554254,0.1399898277527593,133.25,35.55
1432,1982-12-05 00:00:00,0.15859816081328304,0.03969627003475533,0.27750005159181074,133.25,35.55
1433,1982-12-06 00:00:00,-0.03744718133264205,-0.1585230421339738,0.08362867946868971,133.25,35.55
1434,1982-12-07 00:00:00,-0.00447471418133566,-0.12413167690964548,0.11518224854697415,133.25,35.55
1435,1982-12-08 00:00:00,0.008812729123839513,-0.1094580698466633,0.1270835280943423,133.25,35.55
1436,1982-12-09 00:00:00,0.025197238162988828,-0.09297862177827323,0.1433730981042509,133.25,35.55
1437,1982-12-10 00:00:00,0.05809407688852562,-0.06011337984332683,0.17630153362037804,133.25,35.55
1438,1982-12-11 00:00:00,0.1869533916815432,0.067963092218636,0.3059436911444504,133.25,35.55
1439,1982-12-12 00:00:00,0.14867543418465545,0.02918962650024083,0.26816124186907003,133.25,35.55
1440,1982-12-13 00:00:00,-0.061509743312666176,-0.18030715602235425,0.0572876693970219,133.25,35.55
1441,1982-12-14 00:00:00,0.028900662305948382,-0.08948246566439998,0.14728379027629673,133.25,35.55
1442,1982-12-15 00:00:00,0.031400577873551806,-0.08706480892784403,0.14986596467494762,133.25,35.55
1443,1982-12-16 00:00:00,0.050043576162207726,-0.0682322443015767,0.16831939662599216,133.25,35.55
1444,1982-12-17 00:00:00,0.16346930811469162,0.045237865982784925,0.28170075024659835,133.25,35.55
1445,1982-12-18 00:00:00,0.031868769070207435,-0.08745361935555902,0.1511911574959739,133.25,35.55
1446,1982-12-19 00:00:00,0.01872723032577406,-0.0998779943414575,0.13733245499300564,133.25,35.55
1447,1982-12-20 00:00:00,0.0207899055835168,-0.0974890826021984,0.13906889376923198,133.25,35.55
1448,1982-12-21 00:00:00,0.038559049837033565,-0.0796267688024337,0.15674486847650082,133.25,35.55
1449,1982-12-22 00:00:00,0.10324303241995816,-0.015025019216405672,0.221511084056322,133.25,35.55
1450,1982-12-23 00:00:00,0.1782390844837085,0.0591451046189055,0.29733306434851153,133.25,35.55
1451,1982-12-24 00:00:00,0.13791941460175652,0.018992644434419458,0.2568461847690936,133.25,35.55
1452,1982-12-25 00:00:00,0.035022784974746334,-0.0839448577201487,0.15399042766964138,133.25,35.55
1453,1982-12-26 00:00:00,0.11576247381927217,-0.002653230161406714,0.2341781777999511,133.25,35.55
1454,1982-12-27 00:00:00,0.14959424287402862,0.030961940801462695,0.2682265449465945,133.25,35.55
1455,1982-12-28 00:00:00,-0.026224878900581467,-0.1445176268310451,0.09206786902988218,133.25,35.55
1456,1982-12-29 00:00:00,0.06350669540443267,-0.05471945677141453,0.1817328475802799,133.25,35.55
1457,1982-12-30 00:00:00,0.06632057122955358,-0.05202195036773381,0.18466309282684096,133.25,35.55
1458,1982-12-31 00:00:00,-0.008560611434992024,-0.12681640929384708,0.109695186423863,133.25,35.55
1459,1983-01-01 00:00:00,0.013404438699347536,-0.10478192051243553,0.13159079791113054,133.25,35.55
1460,1983-01-02 00:00:00,0.013274075161137905,-0.10497949281582156,0.13152764313809734,133.25,35.55
1461,1983-01-03 00:00:00,-0.031579203248812464,-0.15011586034187138,0.08695745384424647,133.25,35.55
1462,1983-01-04 00:00:00,0.0064972063210450995,-0.11186603929098986,0.12486045193308005,133.25,35.55
1463,1983-01-05 00:00:00,0.1148897637252214,-0.0034607917905759705,0.23324031924101876,133.25,35.55
1464,1983-01-06 00:00:00,-0.04188972785502218,-0.16056718956221264,0.0767877338521683,133.25,35.55
1465,1983-01-07 00:00:00,0.005052773069611598,-0.11314018629091603,0.1232457324301392,133.25,35.55
1466,1983-01-08 00:00:00,0.13397998669187092,0.01509038165091203,0.2528695917328298,133.25,35.55
1467,1983-01-09 00:00:00,-0.04628458678357654,-0.16504589769576491,0.07247672412861184,133.25,35.55
1468,1983-01-10 00:00:00,0.09587063075413244,-0.02288966039984316,0.21463092190810806,133.25,35.55
1469,1983-01-11 00:00:00,0.059739055578286064,-0.05911305058191959,0.1785911617384917,133.25,35.55
1470,1983-01-12 00:00:00,0.1554648283330729,0.03704603149328516,0.27388362517286063,133.25,35.55
1471,1983-01-13 00:00:00,0.0720001193641905,-0.04628464635050103,0.19028488507888205,133.25,35.55
1472,1983-01-14 00:00:00,0.020289167103505097,-0.09816213641331832,0.1387404706203285,133.25,35.55
1473,1983-01-15 00:00:00,0.0023732887511123853,-0.1159593677327448,0.12070594523496955,133.25,35.55
1474,1983-01-16 00:00:00,0.02517192738839086,-0.0930136874882498,0.14335754226503153,133.25,35.55
1475,1983-01-17 00:00:00,0.029044725065570532,-0.08919524437340515,0.1472846945045462,133.25,35.55
1476,1983-01-18 00:00:00,0.06420487659283138,-0.05423219160905636,0.18264194479471912,133.25,35.55
1477,1983-01-19 00:00:00,0.060324784526553876,-0.05851271130202618,0.17916228035513396,133.25,35.55
1478,1983-01-20 00:00:00,0.058402097771403975,-0.06078194237132119,0.17758613791412914,133.25,35.55
1479,1983-01-21 00:00:00,0.0466529932509502,-0.0722502174961263,0.16555620399802667,133.25,35.55
1480,1983-01-22 00:00:00,-0.0050285939491132026,-0.12376339418457777,0.11370620628635138,133.25,35.55
1481,1983-01-23 00:00:00,0.005688114150929985,-0.11270575404678933,0.1240819823486493,133.25,35.55
1482,1983-01-24 00:00:00,0.12913590101165545,0.010753431244124577,0.2475183707791863,133.25,35.55
1483,1983-01-25 00:00:00,0.045849495366834185,-0.07250634030875693,0.1642053310424253,133.25,35.55
1484,1983-01-26 00:00:00,0.04550711173374379,-0.07275239413682061,0.1637666176043082,133.25,35.55
1485,1983-01-27 00:00:00,0.003629075625998953,-0.1145292701718921,0.12178742142389,133.25,35.55
1486,1983-01-28 00:00:00,0.0738691447633308,-0.04427409142812355,0.19201238095478515,133.25,35.55
1487,1983-01-29 00:00:00,0.1117448303498908,-0.006483997663529167,0.22997365836331074,133.25,35.55
1488,1983-01-30 00:00:00,0.1025532085773117,-0.016287592452637098,0.22139400960726047,133.25,35.55
1489,1983-01-31 00:00:00,-0.06069954272811366,-0.18110830685083426,0.05970922139460691,133.25,35.55
1490,1983-02-01 00:00:00,0.011663270944864572,-0.10665945722782508,0.12998599911755426,133.25,35.55
1491,1983-02-02 00:00:00,0.05937101996316134,-0.05919139272850653,0.1779334326548292,133.25,35.55
1492,1983-02-03 00:00:00,-0.0074979132142623936,-0.1263178562354081,0.1113220298068833,133.25,35.55
1493,1983-02-04 00:00:00,0.014965967908616429,-0.103420359637072,0.13335229545430488,133.25,35.55
1494,1983-02-05 00:00:00,0.06328237549913507,-0.054944342501152266,0.18150909349942246,133.25,35.55
1495,1983-02-06 00:00:00,0.12698773550895434,0.008681293014454028,0.24529417800345465,133.25,35.55
1496,1983-02-07 00:00:00,0.1266613854545358,0.006929834572725932,0.2463929363363457,133.25,35.55
1497,1983-02-08 00:00:00,0.062494603240846776,-0.05694412554257273,0.18193333202426626,133.25,35.55
1498,1983-02-09 00:00:00,0.18383937629329855,0.06465449904966082,0.30302425353693635,133.25,35.55
1499,1983-02-10 00:00:00,0.011694219708062205,-0.11116480735528647,0.13455324677141087,133.25,35.55
1500,1983-02-11 00:00:00,0.07097474813632668,-0.048202312714880284,0.19015180898753364,133.25,35.55
1501,1983-02-12 00:00:00,0.11034156072770687,-0.008607060863709978,0.2292901823191237,133.25,35.55
1502,1983-02-13 00:00:00,0.10311265342001552,-0.015763243507225355,0.2219885503472564,133.25,35.55
1503,1983-02-14 00:00:00,-0.039812348868175806,-0.1582686806944376,0.07864398295808599,133.25,35.55
1504,1983-02-15 00:00:00,0.16835853062856942,0.04918287423620035,0.2875341870209385,133.25,35.55
1505,1983-02-16 00:00:00,0.007218698154448695,-0.11214821715618796,0.12658561346508534,133.25,35.55
1506,1983-02-17 00:00:00,0.02047909342650701,-0.0982267042894764,0.1391848911424904,133.25,35.55
1507,1983-02-18 00:00:00,0.2269795626164942,0.10653166299364714,0.3474274622393413,133.25,35.55
1508,1983-02-19 00:00:00,0.1779382073199442,0.05649239782920445,0.29938401681068394,133.25,35.55
1509,1983-02-20 00:00:00,0.07861384006563531,-0.041164853199244116,0.1983925333305147,133.25,35.55
1510,1983-02-21 00:00:00,0.009003275328879422,-0.1098153092596807,0.12782185991743955,133.25,35.55
1511,1983-02-22 00:00:00,-0.0443922961753553,-0.16267151409781602,0.07388692174710541,133.25,35.55
1512,1983-02-23 00:00:00,0.03560148137772927,-0.08258877550854518,0.15379173826400372,133.25,35.55
1513,1983-02-24 00:00:00,0.04594641760588803,-0.07233563846325566,0.1642284736750317,133.25,35.55
1514,1983-02-25 00:00:00,0.01172155937512382,-0.10660637742458393,0.13004949617483155,133.25,35.55
1515,1983-02-26 00:00:00,-0.027657688947613945,-0.14590113726437848,0.0905857593691506,133.25,35.55
1516,1983-02-27 00:00:00,-0.036899839550156015,-0.15520452742344898,0.08140484832313698,133.25,35.55
1517,1983-02-28 00:00:00,-2.3403739324141807e-05,-0.1182302945469611,0.1181834870683128,133.25,35.55
1518,1983-03-01 00:00:00,0.013689212262275458,-0.1044636211573769,0.1318420456819278,133.25,35.55
1519,1983-03-02 00:00:00,0.17389100757416118,0.05492805462496597,0.2928539605233564,133.25,35.55
1520,1983-03-03 00:00:00,0.014276988110418581,-0.10514486690087664,0.13369884312171382,133.25,35.55
1521,1983-03-04 00:00:00,0.03237174609292204,-0.08600293274678128,0.15074642493262536,133.25,35.55
1522,1983-03-05 00:00:00,0.04194836751273888,-0.07629586384248642,0.1601925988679642,133.25,35.55
1523,1983-03-06 00:00:00,0.1165677803962903,-0.0019464122091780718,0.2350819730017587,133.25,35.55
1524,1983-03-07 00:00:00,0.03952418219268804,-0.07914667882255995,0.15819504320793604,133.25,35.55
1525,1983-03-08 00:00:00,-0.07074188766840794,-0.1897637287299848,0.04827995339316889,133.25,35.55
1526,1983-03-09 00:00:00,0.008624548003349053,-0.10963512086272842,0.12688421686942652,133.25,35.55
1527,1983-03-10 00:00:00,0.10009258273495833,-0.01820827615702443,0.21839344162694108,133.25,35.55
1528,1983-03-11 00:00:00,0.05541950342330847,-0.06323826686431921,0.17407727371093615,133.25,35.55
1529,1983-03-12 00:00:00,-0.0041483816001569316,-0.12242401045855344,0.11412724725823956,133.25,35.55
1530,1983-03-13 00:00:00,0.042896631419527084,-0.07575151219657741,0.16154477503563158,133.25,35.55
1531,1983-03-14 00:00:00,0.0320023534017047,-0.0874390976571986,0.15144380446060798,133.25,35.55
1532,1983-03-15 00:00:00,0.0239221367705834,-0.09453895600069223,0.14238322954185906,133.25,35.55
1533,1983-03-16 00:00:00,0.010095159764157105,-0.1083267894657568,0.12851710899407098,133.25,35.55
1534,1983-03-17 00:00:00,0.2147685326545387,0.0943505049356332,0.3351865603734442,133.25,35.55
1535,1983-03-18 00:00:00,0.01640066927227371,-0.10514148098218563,0.13794281952673304,133.25,35.55
1536,1983-03-19 00:00:00,0.004522198064440819,-0.11416277067730067,0.12320716680618232,133.25,35.55
1537,1983-03-20 00:00:00,0.03885634748841664,-0.07934167044685232,0.15705436542368562,133.25,35.55
1538,1983-03-21 00:00:00,0.06849485174233234,-0.04971676747431529,0.18670647095898002,133.25,35.55
1539,1983-03-22 00:00:00,-0.035419716552072725,-0.15364813030358293,0.08280869719943748,133.25,35.55
1540,1983-03-23 00:00:00,0.07737408491653637,-0.040895588456239314,0.19564375828931208,133.25,35.55
1541,1983-03-24 00:00:00,-0.01346989285468743,-0.13262183058359567,0.10568204487422082,133.25,35.55
1542,1983-03-25 00:00:00,0.025386615532256632,-0.09335831298412116,0.14413154404863446,133.25,35.55
1543,1983-03-26 00:00:00,-0.0769662389882509,-0.19516614315956565,0.04123366518306383,133.25,35.55
1544,1983-03-27 00:00:00,-0.00018155577756521696,-0.11832937285620808,0.11796626130107765,133.25,35.55
1545,1983-03-28 00:00:00,-0.029595316992977155,-0.14775264229218216,0.08856200830622785,133.25,35.55
1546,1983-03-29 00:00:00,-0.052336117537772564,-0.17060798569366484,0.06593575061811974,133.25,35.55
1547,1983-03-30 00:00:00,-0.003280917956212576,-0.12177423903548305,0.11521240312305787,133.25,35.55
1548,1983-03-31 00:00:00,-0.003805989577200082,-0.12211696160744008,0.11450498245303987,133.25,35.55
1549,1983-04-01 00:00:00,0.14808839786900296,0.02698669446970621,0.2691901012682997,133.25,35.55
1550,1983-04-02 00:00:00,0.2049617513156988,0.0816810581231976,0.32824244450819995,133.25,35.55
1551,1983-04-03 00:00:00,-0.02555382925016968,-0.1449502037248535,0.09384254522451416,133.25,35.55
1552,1983-04-04 00:00:00,0.045645019615531635,-0.07322487312497084,0.1645149123560341,133.25,35.55
1553,1983-04-05 00:00:00,0.018180722413188282,-0.10048789319850053,0.1368493380248771,133.25,35.55
1554,1983-04-06 00:00:00,0.053548304185111056,-0.06466525093990856,0.17176185931013066,133.25,35.55
1555,1983-04-07 00:00:00,0.05429881163155798,-0.06394893713469166,0.17254656039780766,133.25,35.55
1556,1983-04-08 00:00:00,0.02576817301851341,-0.09274410045496546,0.1442804464919923,133.25,35.55
1557,1983-04-09 00:00:00,-0.0449386592842231,-0.16331301575652826,0.07343569718808203,133.25,35.55
1558,1983-04-10 00:00:00,0.15103924498441362,0.032214236760302176,0.2698642532085251,133.25,35.55
1559,1983-04-11 00:00:00,0.09069151822639866,-0.0285574400014314,0.20994047645422872,133.25,35.55
1560,1983-04-12 00:00:00,0.017725613684510116,-0.10050459568948594,0.13595582305850618,133.25,35.55
1561,1983-04-13 00:00:00,-0.0366816009320951,-0.1548891014118031,0.08152589954761291,133.25,35.55
1562,1983-04-14 00:00:00,0.05489477431847385,-0.06360866471429055,0.17339821335123826,133.25,35.55
1563,1983-04-15 00:00:00,0.140677948718589,0.02004762553411743,0.2613082719030605,133.25,35.55
1564,1983-04-16 00:00:00,0.07514096160241229,-0.04423449823117577,0.19451642143600034,133.25,35.55
1565,1983-04-17 00:00:00,-0.02739846829680221,-0.14575326769200947,0.09095633109840504,133.25,35.55
1566,1983-04-18 00:00:00,-0.021529151812110892,-0.13971243517610446,0.09665413155188267,133.25,35.55
1567,1983-04-19 00:00:00,0.14563300346220465,0.027313935945823167,0.2639520709785861,133.25,35.55
1568,1983-04-20 00:00:00,0.07460360786358805,-0.043977454402651495,0.1931846701298276,133.25,35.55
1569,1983-04-21 00:00:00,-0.008574976325882264,-0.1269088727468704,0.10975892009510588,133.25,35.55
1570,1983-04-22 00:00:00,0.2671842772397616,0.1477506518037483,0.3866179026757749,133.25,35.55
1571,1983-04-23 00:00:00,0.0925207647554436,-0.02707505650989964,0.2121165860207868,133.25,35.55
1572,1983-04-24 00:00:00,0.031199759259250524,-0.087100085511858,0.14949960403035906,133.25,35.55
1573,1983-04-25 00:00:00,0.033579327417519365,-0.08461697667180487,0.15177563150684362,133.25,35.55
1574,1983-04-26 00:00:00,0.1159604501560029,-0.0023149153586765198,0.2342358156706823,133.25,35.55
1575,1983-04-27 00:00:00,0.14755946915544724,0.027241593965564626,0.2678773443453299,133.25,35.55
1576,1983-04-28 00:00:00,0.11637845502517764,-0.003298815029338473,0.2360557250796938,133.25,35.55
1577,1983-04-29 00:00:00,0.2606721853641708,0.14101659609076694,0.38032777463757467,133.25,35.55
1578,1983-04-30 00:00:00,0.019123904817438413,-0.10056685945317778,0.1388146690880546,133.25,35.55
1579,1983-05-01 00:00:00,-0.00694382626562021,-0.12541393369744255,0.11152628116620213,133.25,35.55
1580,1983-05-02 00:00:00,0.03675013337811448,-0.08149995485220421,0.15500022160843316,133.25,35.55
1581,1983-05-03 00:00:00,-0.03869231755764032,-0.15688050250068564,0.07949586738540497,133.25,35.55
1582,1983-05-04 00:00:00,0.037007995834901525,-0.08115012080807332,0.15516611247787634,133.25,35.55
1583,1983-05-05 00:00:00,0.041743542329961,-0.07647422479736173,0.1599613094572837,133.25,35.55
1584,1983-05-06 00:00:00,0.015242475049185425,-0.10317118582046043,0.1336561359188313,133.25,35.55
1585,1983-05-07 00:00:00,0.23421042896355104,0.114301819415419,0.35411903851168297,133.25,35.55
1586,1983-05-08 00:00:00,0.08445800959807159,-0.03500791929265505,0.20392393848879825,133.25,35.55
1587,1983-05-09 00:00:00,0.02231820142387363,-0.09631932712768294,0.1409557299754302,133.25,35.55
1588,1983-05-10 00:00:00,0.03910074275894705,-0.07903563158633824,0.15723711710423233,133.25,35.55
1589,1983-05-11 00:00:00,0.045317078888177015,-0.07283438464953007,0.1634685424258841,133.25,35.55
1590,1983-05-12 00:00:00,0.057481356424567996,-0.060746381054241766,0.17570909390337774,133.25,35.55
1591,1983-05-13 00:00:00,0.07581371375228428,-0.04247350114033015,0.1941009286448987,133.25,35.55
1592,1983-05-14 00:00:00,0.0691424228220964,-0.04921427431314356,0.1874991199573364,133.25,35.55
1593,1983-05-15 00:00:00,-0.019881690864238875,-0.13822359983199325,0.09846021810351548,133.25,35.55
1594,1983-05-16 00:00:00,0.07095295691361456,-0.047773010104193575,0.1896789239314227,133.25,35.55
1595,1983-05-17 00:00:00,0.061673547120776724,-0.059127341160374325,0.18247443540192776,133.25,35.55
1596,1983-05-18 00:00:00,-0.00248717544663893,-0.1212473872862901,0.11627303639301224,133.25,35.55
1597,1983-05-19 00:00:00,0.1223445234935634,0.004176151011282311,0.2405128959758445,133.25,35.55
1598,1983-05-20 00:00:00,0.07872210798922652,-0.039480070940814814,0.19692428691926786,133.25,35.55
1599,1983-05-21 00:00:00,0.06272873111737358,-0.05540187879413201,0.18085934102887916,133.25,35.55
1600,1983-05-22 00:00:00,0.05623402620316574,-0.0618991740431428,0.17436722644947428,133.25,35.55
1601,1983-05-23 00:00:00,-0.006823836202466504,-0.1249612397229436,0.1113135673180106,133.25,35.55
1602,1983-05-24 00:00:00,0.00696735197023058,-0.11120614264550956,0.12514084658597074,133.25,35.55
1603,1983-05-25 00:00:00,-0.024352410099379364,-0.1426175393316339,0.09391271913287516,133.25,35.55
1604,1983-05-26 00:00:00,0.0015106472993327708,-0.11684424612665725,0.11986554072532278,133.25,35.55
1605,1983-05-27 00:00:00,0.07583078544386213,-0.04241294951622289,0.19407452040394715,133.25,35.55
1606,1983-05-28 00:00:00,0.12894055586786438,0.010622381622284086,0.2472587301134447,133.25,35.55
1607,1983-05-29 00:00:00,0.08201373137046099,-0.03649356396235343,0.2005210267032754,133.25,35.55
1608,1983-05-30 00:00:00,0.09328587148540443,-0.02496474345514113,0.21153648642595,133.25,35.55
1609,1983-05-31 00:00:00,0.06594610548670649,-0.05243954152657361,0.18433175249998654,133.25,35.55
1610,1983-06-01 00:00:00,0.0748659202423461,-0.043527480143803664,0.19325932062849588,133.25,35.55
1611,1983-06-02 00:00:00,0.027311434524592396,-0.0909575109312885,0.1455803799804733,133.25,35.55
1612,1983-06-03 00:00:00,0.047360657947808714,-0.07098666584908328,0.1657079817447007,133.25,35.55
1613,1983-06-04 00:00:00,-0.030096872849662587,-0.1484029626059337,0.0882092169066085,133.25,35.55
1614,1983-06-05 00:00:00,0.020604856847926817,-0.09771338383618652,0.13892309753204013,133.25,35.55
1615,1983-06-06 00:00:00,0.09137800973735903,-0.02713184073777226,0.20988786021249028,133.25,35.55
1616,1983-06-07 00:00:00,0.06680428750810245,-0.0516334590322622,0.18524203404846712,133.25,35.55
1617,1983-06-08 00:00:00,0.06879545674996622,-0.04938052087471664,0.18697143437464908,133.25,35.55
1618,1983-06-09 00:00:00,0.06890631982710868,-0.04929482513441981,0.1871074647886372,133.25,35.55
1619,1983-06-10 00:00:00,0.04634328817640847,-0.07185616507876567,0.1645427414315826,133.25,35.55
1620,1983-06-11 00:00:00,-0.023614422133256045,-0.1418329133023761,0.094604069035864,133.25,35.55
1621,1983-06-12 00:00:00,0.047460921271438784,-0.0707260113317778,0.16564785387465536,133.25,35.55
1622,1983-06-13 00:00:00,0.13065643329194246,0.01104217873814302,0.2502706878457419,133.25,35.55
1623,1983-06-14 00:00:00,0.0585687076630125,-0.060628962274437724,0.17776637760046274,133.25,35.55
1624,1983-06-15 00:00:00,0.04342849593706841,-0.07480301414768928,0.1616600060218261,133.25,35.55
1625,1983-06-16 00:00:00,0.0037153065804642156,-0.1153152373785632,0.12274585053949165,133.25,35.55
1626,1983-06-17 00:00:00,0.06288225153650982,-0.0560821348471162,0.18184663792013586,133.25,35.55
1627,1983-06-18 00:00:00,0.01821538685014952,-0.09995910186369457,0.13638987556399362,133.25,35.55
1628,1983-06-19 00:00:00,0.02399542568003869,-0.09412017815718757,0.14211102951726495,133.25,35.55
1629,1983-06-20 00:00:00,0.05884431056429878,-0.059420859473965124,0.17710948060256265,133.25,35.55
1630,1983-06-21 00:00:00,0.11523548525109185,-0.0038482972774723095,0.234319267779656,133.25,35.55
1631,1983-06-22 00:00:00,-0.010299669998887992,-0.12899434746750496,0.10839500746972897,133.25,35.55
1632,1983-06-23 00:00:00,0.017170634209524846,-0.1009733873661689,0.1353146557852186,133.25,35.55
1633,1983-06-24 00:00:00,0.04821551909771472,-0.06997963147144863,0.16641066966687806,133.25,35.55
1634,1983-06-25 00:00:00,8.694586754296081e-05,-0.1181437724140858,0.1183176641491717,133.25,35.55
1635,1983-06-26 00:00:00,0.04542731687925676,-0.07268882581328732,0.16354345957180086,133.25,35.55
1636,1983-06-27 00:00:00,0.055484289859440684,-0.06297498144615334,0.17394356116503468,133.25,35.55
1637,1983-06-28 00:00:00,0.02181820241977054,-0.09659699776604916,0.14023340260559022,133.25,35.55
1638,1983-06-29 00:00:00,0.0021235016749757696,-0.11603639615707415,0.12028339950702573,133.25,35.55
1639,1983-06-30 00:00:00,0.024541877183087882,-0.09362183787316714,0.1427055922393429,133.25,35.55
1640,1983-07-01 00:00:00,0.04582597585469225,-0.07233061269820101,0.16398256440758552,133.25,35.55
1641,1983-07-02 00:00:00,0.031217453900934312,-0.0870380525370846,0.14947296033895324,133.25,35.55
1642,1983-07-03 00:00:00,0.18359075698054056,0.06451111924703286,0.3026703947140483,133.25,35.55
1643,1983-07-04 00:00:00,0.15357445440087147,0.0347146892147293,0.27243421958701364,133.25,35.55
1644,1983-07-05 00:00:00,0.1567286841996655,0.03765893065445601,0.275798437744875,133.25,35.55
1645,1983-07-06 00:00:00,0.04652537334250287,-0.07248966208301626,0.165540408768022,133.25,35.55
1646,1983-07-07 00:00:00,0.020956202787284883,-0.09727840925516988,0.13919081482973966,133.25,35.55
1647,1983-07-08 00:00:00,0.022748895259200118,-0.09543561891056984,0.14093340942897006,133.25,35.55
1648,1983-07-09 00:00:00,0.026726424536871424,-0.09140558660965,0.14485843568339285,133.25,35.55
1649,1983-07-10 00:00:00,0.014196455656371025,-0.10388135696770856,0.13227426828045066,133.25,35.55
1650,1983-07-11 00:00:00,0.02518152278070301,-0.09290193720106846,0.14326498276247449,133.25,35.55
1651,1983-07-12 00:00:00,0.009445739080003915,-0.10868844696083713,0.12757992512084493,133.25,35.55
1652,1983-07-13 00:00:00,0.04627644448080594,-0.07186088107467739,0.1644137700362893,133.25,35.55
1653,1983-07-14 00:00:00,0.043363644140803764,-0.07477581456753488,0.16150310284914238,133.25,35.55
1654,1983-07-15 00:00:00,0.12853568406761867,0.010095383294406277,0.24697598484083105,133.25,35.55
1655,1983-07-16 00:00:00,0.11642173366203888,-0.002048566561934112,0.23489203388601185,133.25,35.55
1656,1983-07-17 00:00:00,0.0471496121385458,-0.07125367239211486,0.16555289666920645,133.25,35.55
1657,1983-07-18 00:00:00,0.06581775114668602,-0.052584985838365766,0.18422048813173786,133.25,35.55
1658,1983-07-19 00:00:00,0.04397035205870711,-0.07420628399182211,0.1621469881092363,133.25,35.55
1659,1983-07-20 00:00:00,0.2078731595249198,0.08926067344892663,0.32648564560091303,133.25,35.55
1660,1983-07-21 00:00:00,0.18689935767144705,0.06787151257094487,0.30592720277194924,133.25,35.55
1661,1983-07-22 00:00:00,0.023420704238397445,-0.09518347629060947,0.14202488476740435,133.25,35.55
1662,1983-07-23 00:00:00,0.059287749941772126,-0.05946223353694535,0.17803773342048962,133.25,35.55
1663,1983-07-24 00:00:00,0.04317428891805067,-0.07537477878797218,0.1617233566240735,133.25,35.55
1664,1983-07-25 00:00:00,0.08168004845632576,-0.03670868979160356,0.2000687867042551,133.25,35.55
1665,1983-07-26 00:00:00,0.12301407045111765,0.004679602056256005,0.2413485388459793,133.25,35.55
1666,1983-07-27 00:00:00,0.11258238429846998,-0.005675449937046828,0.2308402185339868,133.25,35.55
1667,1983-07-28 00:00:00,0.10886853047969168,-0.009368856989097757,0.2271059179484811,133.25,35.55
1668,1983-07-29 00:00:00,0.09206742272584938,-0.02614748803761589,0.21028233348931466,133.25,35.55
1669,1983-07-30 00:00:00,0.09356290149091401,-0.024596788497286137,0.21172259147911413,133.25,35.55
1670,1983-07-31 00:00:00,0.09902805311319147,-0.019168492604955702,0.21722459883133868,133.25,35.55
1671,1983-08-01 00:00:00,0.08509595075914678,-0.03322713755236148,0.20341903907065506,133.25,35.55
1672,1983-08-02 00:00:00,0.0396781623850844,-0.07862264484111699,0.15797896961128574,133.25,35.55
1673,1983-08-03 00:00:00,0.0704958350385271,-0.04773628836095112,0.18872795843800533,133.25,35.55
1674,1983-08-04 00:00:00,0.037202536677988375,-0.08095465196795583,0.15535972532393258,133.25,35.55
1675,1983-08-05 00:00:00,0.042966152997466964,-0.0751387185133778,0.16107102450831173,133.25,35.55
1676,1983-08-06 00:00:00,0.06308521496320008,-0.05499369841019637,0.1811641283365965,133.25,35.55
1677,1983-08-07 00:00:00,0.06184280602834653,-0.056252037958938274,0.17993765001563133,133.25,35.55
1678,1983-08-08 00:00:00,0.038592497736952835,-0.07953565102507555,0.1567206464989812,133.25,35.55
1679,1983-08-09 00:00:00,0.0192846889873209,-0.09882596221967267,0.13739534019431449,133.25,35.55
1680,1983-08-10 00:00:00,0.021793920791028012,-0.0963130151612834,0.1399008567433394,133.25,35.55
1681,1983-08-11 00:00:00,0.013549812190714373,-0.10457659532537876,0.1316762197068075,133.25,35.55
1682,1983-08-12 00:00:00,-0.0029428409291958127,-0.12103427822923644,0.11514859637084482,133.25,35.55
1683,1983-08-13 00:00:00,0.004871714828699622,-0.11329198425764775,0.123035413915047,133.25,35.55
1684,1983-08-14 00:00:00,-0.005099815934453647,-0.12357696500657205,0.11337733313766475,133.25,35.55
1685,1983-08-15 00:00:00,0.03635479478537256,-0.08338839095405308,0.15609798052479815,133.25,35.55
1686,1983-08-16 00:00:00,0.0056191886627700435,-0.1160218915954792,0.1272602689210193,133.25,35.55
1687,1983-08-17 00:00:00,0.07829987578127634,-0.04368166875207105,0.20028142031462373,133.25,35.55
1688,1983-08-18 00:00:00,0.033374315061871065,-0.08608186671656988,0.15283049684031202,133.25,35.55
1689,1983-08-19 00:00:00,0.05292213728085969,-0.06547418539903413,0.1713184599607535,133.25,35.55
1690,1983-08-20 00:00:00,0.047468605266833365,-0.07101290341227058,0.16595011394593728,133.25,35.55
1691,1983-08-21 00:00:00,0.04405706687915562,-0.0741682006521648,0.162282334410476,133.25,35.55
1692,1983-08-22 00:00:00,0.02995549460769855,-0.0881994141141084,0.14811040332950548,133.25,35.55
1693,1983-08-23 00:00:00,0.027639649218807214,-0.09048039542655308,0.1457596938641675,133.25,35.55
1694,1983-08-24 00:00:00,0.0816046644532266,-0.03696090518238475,0.20017023408883794,133.25,35.55
1695,1983-08-25 00:00:00,0.09644957956771263,-0.02251163042957784,0.21541078956500315,133.25,35.55
1696,1983-08-26 00:00:00,-0.0344657823205905,-0.15268211900345166,0.08375055436227066,133.25,35.55
1697,1983-08-27 00:00:00,0.005880640416420134,-0.1124839790710179,0.12424525990385815,133.25,35.55
1698,1983-08-28 00:00:00,0.14747720605435108,0.02843263583207986,0.2665217762766223,133.25,35.55
1699,1983-08-29 00:00:00,0.15890493183553733,0.03995337781716622,0.27785648585390843,133.25,35.55
1700,1983-08-30 00:00:00,0.08231146915057312,-0.036009927351572164,0.2006328656527184,133.25,35.55
1701,1983-08-31 00:00:00,0.02587897734943017,-0.09222282243820064,0.143980777137061,133.25,35.55
1702,1983-09-01 00:00:00,0.05992777965349076,-0.05815508157187468,0.1780106408788562,133.25,35.55
1703,1983-09-02 00:00:00,0.09215548407231676,-0.02601072182520253,0.21032168996983608,133.25,35.55
1704,1983-09-03 00:00:00,0.06656164952719826,-0.051612959378549705,0.18473625843294625,133.25,35.55
1705,1983-09-04 00:00:00,0.036302829637448436,-0.08180741551453767,0.15441307478943456,133.25,35.55
1706,1983-09-05 00:00:00,0.040325693299655664,-0.07794503884645153,0.15859642544576286,133.25,35.55
1707,1983-09-06 00:00:00,0.04814888746786905,-0.07015856322251098,0.16645633815824906,133.25,35.55
1708,1983-09-07 00:00:00,0.0534582208345267,-0.06465966995153381,0.17157611162058722,133.25,35.55
1709,1983-09-08 00:00:00,0.044455625440616466,-0.07368726703066945,0.16259851791190238,133.25,35.55
1710,1983-09-09 00:00:00,0.045721616471390086,-0.07255171414942102,0.1639949470922012,133.25,35.55
1711,1983-09-10 00:00:00,0.08065719521621849,-0.03762429900920482,0.19893868944164175,133.25,35.55
1712,1983-09-11 00:00:00,0.06601892627655281,-0.052299307437784735,0.1843371599908904,133.25,35.55
1713,1983-09-12 00:00:00,0.13842199085547502,0.019576471976615883,0.2572675097343341,133.25,35.55
1714,1983-09-13 00:00:00,-0.027903545579798215,-0.1464162153091823,0.09060912414958587,133.25,35.55
1715,1983-09-14 00:00:00,0.036480292712981865,-0.08166081669110029,0.154621402117064,133.25,35.55
1716,1983-09-15 00:00:00,0.060695078237088536,-0.0574675034817536,0.17885765995593067,133.25,35.55
1717,1983-09-16 00:00:00,0.05132460159838762,-0.06686279345183621,0.16951199664861144,133.25,35.55
1718,1983-09-17 00:00:00,0.003146227933945634,-0.11502296783250138,0.12131542370039265,133.25,35.55
1719,1983-09-18 00:00:00,0.004193826753161479,-0.11396265135454516,0.12235030486086812,133.25,35.55
1720,1983-09-19 00:00:00,-0.020463506599108502,-0.13861192036129344,0.09768490716307644,133.25,35.55
1721,1983-09-20 00:00:00,0.020914304608505158,-0.09728031692908028,0.13910892614609058,133.25,35.55
1722,1983-09-21 00:00:00,0.028794163731598738,-0.08953688629267396,0.14712521375587145,133.25,35.55
1723,1983-09-22 00:00:00,0.025928464197755297,-0.09262931570588152,0.1444862441013921,133.25,35.55
1724,1983-09-23 00:00:00,-0.00248110663854138,-0.12092786364873355,0.1159656503716508,133.25,35.55
1725,1983-09-24 00:00:00,0.10552422710753193,-0.01278822541585753,0.22383667963092135,133.25,35.55
1726,1983-09-25 00:00:00,0.06625700698486311,-0.05210646524420042,0.18462047921392666,133.25,35.55
1727,1983-09-26 00:00:00,-0.05985775210811231,-0.17815228251788606,0.05843677830166144,133.25,35.55
1728,1983-09-27 00:00:00,-0.006943402645900796,-0.12519662168917392,0.11130981639737234,133.25,35.55
1729,1983-09-28 00:00:00,0.02055244966183249,-0.09946995155771762,0.1405748508813826,133.25,35.55
1730,1983-09-29 00:00:00,-0.007175389115483709,-0.1293910662285176,0.11504028799755014,133.25,35.55
1731,1983-09-30 00:00:00,-0.015327025122698304,-0.13404827783438025,0.10339422758898363,133.25,35.55
1732,1983-10-01 00:00:00,0.06656024328945248,-0.051699480048814465,0.18481996662771935,133.25,35.55
1733,1983-10-02 00:00:00,0.043111175146258215,-0.07511359019853539,0.16133594049105185,133.25,35.55
1734,1983-10-03 00:00:00,0.0923944935554118,-0.025833554874116663,0.21062254198494024,133.25,35.55
1735,1983-10-04 00:00:00,0.0409285208994517,-0.07726011379024958,0.15911715558915296,133.25,35.55
1736,1983-10-05 00:00:00,0.08042652977759551,-0.037859960630709885,0.19871302018590087,133.25,35.55
1737,1983-10-06 00:00:00,-0.02583984307898025,-0.1441492606370438,0.09246957447908333,133.25,35.55
1738,1983-10-07 00:00:00,0.00727799552941589,-0.11101006224498687,0.12556605330381868,133.25,35.55
1739,1983-10-08 00:00:00,0.006194450750361054,-0.11254251801868084,0.12493141951940295,133.25,35.55
1740,1983-10-09 00:00:00,0.1148745764931434,-0.004714698824262245,0.23446385181054905,133.25,35.55
1741,1983-10-10 00:00:00,-0.07137214894878871,-0.1900923296788052,0.04734803178122775,133.25,35.55
1742,1983-10-11 00:00:00,0.01907126639141968,-0.09984198557346632,0.13798451835630565,133.25,35.55
1743,1983-10-12 00:00:00,-0.024686720316477256,-0.1431810526129819,0.09380761198002738,133.25,35.55
1744,1983-10-13 00:00:00,0.08083392192353507,-0.03743932329571899,0.19910716714278914,133.25,35.55
1745,1983-10-14 00:00:00,0.031738156156740534,-0.08673896478506386,0.15021527709854493,133.25,35.55
1746,1983-10-15 00:00:00,-0.029703997988017664,-0.1479045472607169,0.08849655128468156,133.25,35.55
1747,1983-10-16 00:00:00,0.0788255457682325,-0.039442817444231865,0.19709390898069687,133.25,35.55
1748,1983-10-17 00:00:00,0.047126317769959306,-0.07111986246626831,0.16537249800618692,133.25,35.55
1749,1983-10-18 00:00:00,-0.08782648581956035,-0.2062189524331972,0.03056598079407653,133.25,35.55
1750,1983-10-19 00:00:00,0.01834696708914244,-0.09991610477402484,0.13661003895230972,133.25,35.55
1751,1983-10-20 00:00:00,0.045745495449946966,-0.07264525149522255,0.16413624239511646,133.25,35.55
1752,1983-10-21 00:00:00,0.017705047106958853,-0.10051690073434788,0.13592699494826554,133.25,35.55
1753,1983-10-22 00:00:00,0.06171332907201516,-0.05645104563883897,0.1798777037828693,133.25,35.55
1754,1983-10-23 00:00:00,0.009851992160798505,-0.10844726844576397,0.12815125276736095,133.25,35.55
1755,1983-10-24 00:00:00,0.035083055294996564,-0.08329410377111847,0.1534602143611116,133.25,35.55
1756,1983-10-25 00:00:00,-0.03909681717522817,-0.15736792331959365,0.0791742889691373,133.25,35.55
1757,1983-10-26 00:00:00,0.026484663844190376,-0.09170875702833704,0.14467808471671778,133.25,35.55
1758,1983-10-27 00:00:00,0.09095597569131236,-0.02791384969028809,0.2098258010729128,133.25,35.55
1759,1983-10-28 00:00:00,-0.032503510856205745,-0.1508509224505072,0.08584390073809567,133.25,35.55
1760,1983-10-29 00:00:00,0.04574306361920135,-0.07262529093001238,0.16411141816841507,133.25,35.55
1761,1983-10-30 00:00:00,-0.03635286144210487,-0.15503875759312513,0.08233303470891541,133.25,35.55
1762,1983-10-31 00:00:00,0.07045372550056403,-0.0481357258906166,0.18904317689174466,133.25,35.55
1763,1983-11-01 00:00:00,0.08698651263424981,-0.03165847505960115,0.2056315003281008,133.25,35.55
1764,1983-11-02 00:00:00,0.011244012322197006,-0.1070408280100523,0.1295288526544463,133.25,35.55
1765,1983-11-03 00:00:00,0.024823377778561948,-0.09339038249710864,0.14303713805423254,133.25,35.55
1766,1983-11-04 00:00:00,-0.008316087708826803,-0.1264904470129501,0.10985827159529647,133.25,35.55
1767,1983-11-05 00:00:00,0.0027374230172504807,-0.1154320255271418,0.12090687156164275,133.25,35.55
1768,1983-11-06 00:00:00,0.033716404591547657,-0.08449858958443321,0.1519313987675285,133.25,35.55
1769,1983-11-07 00:00:00,-0.04999193101695768,-0.1683838507955058,0.06839998876159045,133.25,35.55
1770,1983-11-08 00:00:00,0.006250601236439571,-0.11199171303210677,0.12449291550498592,133.25,35.55
1771,1983-11-09 00:00:00,-0.024500196630364204,-0.14260815895937778,0.09360776569864937,133.25,35.55
1772,1983-11-10 00:00:00,0.04327266702822913,-0.07489514954229362,0.1614404835987519,133.25,35.55
1773,1983-11-11 00:00:00,0.13428816199893245,0.016067987959347857,0.25250833603851697,133.25,35.55
1774,1983-11-12 00:00:00,0.15801951271643086,0.039552430846299724,0.27648659458656194,133.25,35.55
1775,1983-11-13 00:00:00,0.04724048655042418,-0.07147473297013313,0.1659557060709815,133.25,35.55
1776,1983-11-14 00:00:00,0.007431197456242654,-0.11103830767024113,0.12590070258272645,133.25,35.55
1777,1983-11-15 00:00:00,0.05309109727691138,-0.06504248029230038,0.17122467484612314,133.25,35.55
1778,1983-11-16 00:00:00,0.1508229221851741,0.03244600655954818,0.26919983781080004,133.25,35.55
1779,1983-11-17 00:00:00,0.1188340304244056,-0.0008371757799219697,0.23850523662873316,133.25,35.55
1780,1983-11-18 00:00:00,0.26711194319976395,0.14636308606732998,0.3878608003321981,133.25,35.55
1781,1983-11-19 00:00:00,0.09651895591838512,-0.02376882322949496,0.2168067350662652,133.25,35.55
1782,1983-11-20 00:00:00,-0.031152838336670964,-0.14932912946669086,0.0870234527933489,133.25,35.55
1783,1983-11-21 00:00:00,0.043588542065385816,-0.0745629888560933,0.1617400729868649,133.25,35.55
1784,1983-11-22 00:00:00,-0.044747781329457684,-0.163085142575985,0.07358957991706963,133.25,35.55
1785,1983-11-23 00:00:00,0.04305148207122599,-0.07529750988827848,0.16140047403073046,133.25,35.55
1786,1983-11-24 00:00:00,0.10384857514747586,-0.014538254590155952,0.22223540488510768,133.25,35.55
1787,1983-11-25 00:00:00,0.03641274084177365,-0.08207815917286368,0.15490364085641098,133.25,35.55
1788,1983-11-26 00:00:00,0.14241459608763835,0.023663805472204317,0.2611653867030724,133.25,35.55
1789,1983-11-27 00:00:00,-0.0038309998796460594,-0.12274580664904143,0.11508380688974933,133.25,35.55
1790,1983-11-28 00:00:00,-0.06267508758514337,-0.1813299307714321,0.0559797556011454,133.25,35.55
1791,1983-11-29 00:00:00,0.031123128985275913,-0.08714000947814679,0.1493862674486986,133.25,35.55
1792,1983-11-30 00:00:00,0.2429836525092777,0.1241502791930668,0.3618170258254887,133.25,35.55
1793,1983-12-01 00:00:00,0.1731014666923073,0.05373115228836303,0.2924717810962516,133.25,35.55
1794,1983-12-02 00:00:00,0.1037933028353934,-0.014845338055774924,0.22243194372656167,133.25,35.55
1795,1983-12-03 00:00:00,0.1545689242821048,0.03581732314913172,0.2733205254150779,133.25,35.55
1796,1983-12-04 00:00:00,0.007994734002416487,-0.11053721898086412,0.1265266869856971,133.25,35.55
1797,1983-12-05 00:00:00,0.11683067978791628,-0.0014678960930822882,0.2351292556689148,133.25,35.55
1798,1983-12-06 00:00:00,0.019362872597928668,-0.09921893956344134,0.1379446847592987,133.25,35.55
1799,1983-12-07 00:00:00,0.016891159457976236,-0.10133443703571003,0.13511675595166248,133.25,35.55
1800,1983-12-08 00:00:00,0.02956024038639993,-0.08874214663795701,0.1478626274107569,133.25,35.55
1801,1983-12-09 00:00:00,0.006703333319358049,-0.11151803131888703,0.12492469795760312,133.25,35.55
1802,1983-12-10 00:00:00,0.10390571973973732,-0.014388280693894973,0.22219972017336964,133.25,35.55
1803,1983-12-11 00:00:00,0.2851382686362609,0.16586501472227627,0.4044115225502456,133.25,35.55
1804,1983-12-12 00:00:00,-0.06590217804030503,-0.1856963122395308,0.05389195615892072,133.25,35.55
1805,1983-12-13 00:00:00,0.10681009505756804,-0.011639980492586924,0.22526017060772305,133.25,35.55
1806,1983-12-14 00:00:00,0.12301196508070852,0.004201244483011041,0.241822685678406,133.25,35.55
1807,1983-12-15 00:00:00,0.08090806352877619,-0.03765278343182736,0.19946891048937976,133.25,35.55
1808,1983-12-16 00:00:00,0.08606872055527627,-0.03251263989160126,0.20465008100215384,133.25,35.55
1809,1983-12-17 00:00:00,0.0945509274377722,-0.023916759801241208,0.2130186146767856,133.25,35.55
1810,1983-12-18 00:00:00,0.010526530571654286,-0.1081260219353048,0.12917908307861334,133.25,35.55
1811,1983-12-19 00:00:00,0.08161053898910349,-0.0367152032308669,0.19993628120907386,133.25,35.55
1812,1983-12-20 00:00:00,-0.002625856875100689,-0.12096019467539265,0.11570848092519125,133.25,35.55
1813,1983-12-21 00:00:00,0.013777239631583421,-0.10445030025172863,0.13200477951489548,133.25,35.55
1814,1983-12-22 00:00:00,0.1407865520617907,0.02240889676421888,0.2591642073593625,133.25,35.55
1815,1983-12-23 00:00:00,0.15556861817181775,0.035921263684115995,0.2752159726595195,133.25,35.55
1816,1983-12-24 00:00:00,-0.016285983090632047,-0.13545602506997362,0.10288405888870954,133.25,35.55
1817,1983-12-25 00:00:00,0.14149490158355946,0.02247892237535426,0.26051088079176465,133.25,35.55
1818,1983-12-26 00:00:00,0.03525795425363165,-0.08337465945169396,0.15389056795895728,133.25,35.55
1819,1983-12-27 00:00:00,0.03848476886122212,-0.07974228825557095,0.1567118259780152,133.25,35.55
1820,1983-12-28 00:00:00,0.07946976679402908,-0.03935090678871046,0.19829044037676866,133.25,35.55
1821,1983-12-29 00:00:00,0.07632251946038404,-0.043220909686737904,0.195865948607506,133.25,35.55
1822,1983-12-30 00:00:00,0.02032833323436039,-0.09833030493874652,0.13898697140746732,133.25,35.55
1823,1983-12-31 00:00:00,0.027636220835133125,-0.09291084416422662,0.1481832858344929,133.25,35.55
1824,1984-01-01 00:00:00,0.0810063844020742,-0.03920288018837638,0.20121564899252475,133.25,35.55
1825,1984-01-02 00:00:00,0.04675608082169329,-0.07149125091697857,0.16500341256036516,133.25,35.55
1826,1984-01-03 00:00:00,0.1287093492248899,0.010024942029921366,0.24739375641985845,133.25,35.55
1827,1984-01-04 00:00:00,-0.01787219574452286,-0.13842817149809922,0.10268378000905352,133.25,35.55
1828,1984-01-05 00:00:00,0.04092656621143996,-0.07787666205557221,0.15972979447845215,133.25,35.55
1829,1984-01-06 00:00:00,-0.006485196244829683,-0.12543755361380976,0.1124671611241504,133.25,35.55
1830,1984-01-07 00:00:00,0.05835307082896581,-0.0600414219899713,0.1767475636479029,133.25,35.55
1831,1984-01-08 00:00:00,0.061535332765736715,-0.05687110556298103,0.17994177109445444,133.25,35.55
1832,1984-01-09 00:00:00,0.11284885145275095,-0.005414697276155442,0.2311124001816573,133.25,35.55
1833,1984-01-10 00:00:00,0.1361202514593398,0.017713974931789903,0.2545265279868897,133.25,35.55
1834,1984-01-11 00:00:00,0.07213273502545878,-0.04668350670917304,0.1909489767600906,133.25,35.55
1835,1984-01-12 00:00:00,0.030524518973579436,-0.08775857944411354,0.1488076173912724,133.25,35.55
1836,1984-01-13 00:00:00,0.08980407978289551,-0.02853657292894514,0.2081447324947361,133.25,35.55
1837,1984-01-14 00:00:00,0.06403180597451405,-0.054223278577574134,0.18228689052660224,133.25,35.55
1838,1984-01-15 00:00:00,0.1383301480156905,0.01986991675141,0.2567903792799709,133.25,35.55
1839,1984-01-16 00:00:00,-0.02425434645058705,-0.14324523106174147,0.0947365381605674,133.25,35.55
1840,1984-01-17 00:00:00,0.061509598272179576,-0.05698225551326915,0.1800014520576283,133.25,35.55
1841,1984-01-18 00:00:00,0.03640574430708804,-0.08193090545063111,0.1547423940648072,133.25,35.55
1842,1984-01-19 00:00:00,0.03910838487645665,-0.07928940677332949,0.15750617652624274,133.25,35.55
1843,1984-01-20 00:00:00,-0.009325403802287163,-0.12797281497188925,0.10932200736731487,133.25,35.55
1844,1984-01-21 00:00:00,0.03633145231805045,-0.08186886091846457,0.1545317655545655,133.25,35.55
1845,1984-01-22 00:00:00,0.05272321126897075,-0.0655912774814047,0.17103770001934618,133.25,35.55
1846,1984-01-23 00:00:00,0.038027221615442884,-0.0803120206976326,0.15636646392851838,133.25,35.55
1847,1984-01-24 00:00:00,-0.01057569142271824,-0.12878769747513855,0.10763631462970208,133.25,35.55
1848,1984-01-25 00:00:00,0.11058320257623204,-0.007739361777962875,0.22890576693042694,133.25,35.55
1849,1984-01-26 00:00:00,0.14084960660761728,0.022163089086764898,0.2595361241284697,133.25,35.55
1850,1984-01-27 00:00:00,0.042746512296871625,-0.07589684506602087,0.16138986965976412,133.25,35.55
1851,1984-01-28 00:00:00,0.0860066617496689,-0.032569804266053395,0.2045831277653912,133.25,35.55
1852,1984-01-29 00:00:00,-0.008908474549937963,-0.12755862133462667,0.10974167223475076,133.25,35.55
1853,1984-01-30 00:00:00,-0.017726258757595134,-0.13600502927426855,0.10055251175907827,133.25,35.55
1854,1984-01-31 00:00:00,0.0040636730173747035,-0.114326211173413,0.1224535572081624,133.25,35.55
1855,1984-02-01 00:00:00,0.0276345193901167,-0.09126926011137518,0.14653829889160858,133.25,35.55
1856,1984-02-02 00:00:00,0.20017692153561725,0.08112107714702008,0.3192327659242145,133.25,35.55
1857,1984-02-03 00:00:00,-0.033358732810063664,-0.1525797336100203,0.08586226798989299,133.25,35.55
1858,1984-02-04 00:00:00,-0.023903947553230304,-0.14285091858925453,0.09504302348279392,133.25,35.55
1859,1984-02-05 00:00:00,0.08541423501484822,-0.032918341080208205,0.20374681110990467,133.25,35.55
1860,1984-02-06 00:00:00,0.06937580258130344,-0.04930305042041756,0.1880546555830244,133.25,35.55
1861,1984-02-07 00:00:00,0.1543969690932629,0.03558528644955033,0.27320865173697545,133.25,35.55
1862,1984-02-08 00:00:00,0.09069715226148783,-0.02815028462560828,0.209544589148584,133.25,35.55
1863,1984-02-09 00:00:00,0.07004941010583211,-0.04852060570461679,0.188619425916281,133.25,35.55
1864,1984-02-10 00:00:00,0.004885357061524362,-0.1135534471397156,0.12332416126276433,133.25,35.55
1865,1984-02-11 00:00:00,0.0018932450601191547,-0.11633912133079895,0.12012561145103727,133.25,35.55
1866,1984-02-12 00:00:00,0.018247430980408538,-0.09991446518291527,0.13640932714373236,133.25,35.55
1867,1984-02-13 00:00:00,0.0531154514446331,-0.06518597233521496,0.17141687522448118,133.25,35.55
1868,1984-02-14 00:00:00,0.069079172240909,-0.049226887814826426,0.1873852322966444,133.25,35.55
1869,1984-02-15 00:00:00,0.036338983829125364,-0.08216062372939945,0.1548385913876502,133.25,35.55
1870,1984-02-16 00:00:00,0.060896031751351484,-0.05767200105681705,0.17946406455952002,133.25,35.55
1871,1984-02-17 00:00:00,0.05345031697169388,-0.06476276399512178,0.17166339793850954,133.25,35.55
1872,1984-02-18 00:00:00,-0.023037364262472892,-0.14205868393617122,0.0959839554112254,133.25,35.55
1873,1984-02-19 00:00:00,-0.1207213061544498,-0.2394382087904692,-0.0020044035184304115,133.25,35.55
1874,1984-02-20 00:00:00,0.05154893273287209,-0.06666124958898008,0.16975911505472424,133.25,35.55
1875,1984-02-21 00:00:00,0.019536833184131283,-0.09866029218352257,0.1377339585517851,133.25,35.55
1876,1984-02-22 00:00:00,-0.05484157240005098,-0.1731207455109868,0.06343760071088482,133.25,35.55
1877,1984-02-23 00:00:00,0.1356822908527155,0.01703389579859227,0.2543306859068387,133.25,35.55
1878,1984-02-24 00:00:00,-0.05566119821929984,-0.17450937184485915,0.06318697540625948,133.25,35.55
1879,1984-02-25 00:00:00,-0.10286940823580476,-0.2211873883250782,0.015448571853468653,133.25,35.55
1880,1984-02-26 00:00:00,0.12620662679516725,0.00743715744616287,0.2449760961441716,133.25,35.55
1881,1984-02-27 00:00:00,0.13469660288584184,0.014698291781791772,0.2546949139898919,133.25,35.55
1882,1984-02-28 00:00:00,0.017325184584669532,-0.10182469261019664,0.13647506177953572,133.25,35.55
1883,1984-02-29 00:00:00,0.0890221262862987,-0.02947823728633388,0.2075224898589313,133.25,35.55
1884,1984-03-01 00:00:00,0.06575185549946902,-0.05264944904643679,0.18415316004537485,133.25,35.55
1885,1984-03-02 00:00:00,0.16062731108577824,0.04100525922534548,0.280249362946211,133.25,35.55
1886,1984-03-03 00:00:00,0.11454013211655308,-0.00537160195897432,0.2344518661920805,133.25,35.55
1887,1984-03-04 00:00:00,0.0732432653729605,-0.04530924588963224,0.19179577663555325,133.25,35.55
1888,1984-03-05 00:00:00,0.036752026797769344,-0.08149002547019021,0.1549940790657289,133.25,35.55
1889,1984-03-06 00:00:00,0.05732185376439373,-0.060858066377502074,0.17550177390628952,133.25,35.55
1890,1984-03-07 00:00:00,0.03040609068436645,-0.08785964975942001,0.1486718311281529,133.25,35.55
1891,1984-03-08 00:00:00,0.04375429991787226,-0.07440701744108279,0.1619156172768273,133.25,35.55
1892,1984-03-09 00:00:00,0.009701232345750514,-0.10852048949265718,0.1279229541841582,133.25,35.55
1893,1984-03-10 00:00:00,0.16244452665601838,0.04384328970156942,0.2810457636104673,133.25,35.55
1894,1984-03-11 00:00:00,0.07111815025957909,-0.04802694582955741,0.1902632463487156,133.25,35.55
1895,1984-03-12 00:00:00,0.25892053723863084,0.13928112695737888,0.3785599475198828,133.25,35.55
1896,1984-03-13 00:00:00,-0.028138032168570054,-0.14789427944297806,0.09161821510583797,133.25,35.55
1897,1984-03-14 00:00:00,-0.0004480385687847151,-0.11863582761749412,0.1177397504799247,133.25,35.55
1898,1984-03-15 00:00:00,-0.007778766512558265,-0.1260210429465627,0.11046350992144616,133.25,35.55
1899,1984-03-16 00:00:00,0.09045201659684272,-0.027912701469673118,0.20881673466335854,133.25,35.55
1900,1984-03-17 00:00:00,0.1866215047189062,0.0677124371314857,0.30553057230632674,133.25,35.55
1901,1984-03-18 00:00:00,0.023796955543828057,-0.0946853838521291,0.14227929493978522,133.25,35.55
1902,1984-03-19 00:00:00,-0.05285525616766003,-0.17126913320277018,0.06555862086745012,133.25,35.55
1903,1984-03-20 00:00:00,0.07326207220829381,-0.04572002402171532,0.19224416843830291,133.25,35.55
1904,1984-03-21 00:00:00,-0.0329158587847512,-0.15299657112444615,0.08716485355494377,133.25,35.55
1905,1984-03-22 00:00:00,-0.040295657476720335,-0.16073716326497128,0.08014584831153057,133.25,35.55
1906,1984-03-23 00:00:00,0.003349838569057955,-0.11489093154632656,0.12159060868444245,133.25,35.55
1907,1984-03-24 00:00:00,0.11266359687481416,-0.005650884382555925,0.2309780781321842,133.25,35.55
1908,1984-03-25 00:00:00,0.0350096001697055,-0.08363817992785977,0.15365738026727074,133.25,35.55
1909,1984-03-26 00:00:00,-0.054387700939789785,-0.1731740705651737,0.06439866868559413,133.25,35.55
1910,1984-03-27 00:00:00,0.021539051281168,-0.09670853871145124,0.13978664127378726,133.25,35.55
1911,1984-03-28 00:00:00,0.05528986326269509,-0.06294014837411957,0.17351987489950976,133.25,35.55
1912,1984-03-29 00:00:00,0.09688702348145148,-0.021500264721406592,0.21527431168430955,133.25,35.55
1913,1984-03-30 00:00:00,0.04856824943129636,-0.06971501968665217,0.1668515185492449,133.25,35.55
1914,1984-03-31 00:00:00,-0.05208087114789224,-0.17049413273709332,0.06633239044130887,133.25,35.55
1915,1984-04-01 00:00:00,0.012008406823683322,-0.1062818735263098,0.13029868717367646,133.25,35.55
1916,1984-04-02 00:00:00,-0.02900995682407269,-0.1472673208795075,0.08924740723136211,133.25,35.55
1917,1984-04-03 00:00:00,0.032619144475457336,-0.08561674870413857,0.15085503765505326,133.25,35.55
1918,1984-04-04 00:00:00,0.017317946401516345,-0.1009614018975872,0.13559729470061987,133.25,35.55
1919,1984-04-05 00:00:00,0.1109711621578498,-0.008377323799903608,0.23031964811560324,133.25,35.55
1920,1984-04-06 00:00:00,0.08478216204892333,-0.0348665722825553,0.204430896380402,133.25,35.55
1921,1984-04-07 00:00:00,-0.084422571125002,-0.2028621560978338,0.03401701384782983,133.25,35.55
1922,1984-04-08 00:00:00,-0.013615299120114869,-0.13203893000704225,0.10480833176681252,133.25,35.55
1923,1984-04-09 00:00:00,0.015091129962359938,-0.10326756036098586,0.13344982028570573,133.25,35.55
1924,1984-04-10 00:00:00,0.040412350924692315,-0.0778052334612194,0.158629935310604,133.25,35.55
1925,1984-04-11 00:00:00,0.022653844807704264,-0.09553065956588347,0.140838349181292,133.25,35.55
1926,1984-04-12 00:00:00,0.004010411017300833,-0.11417138843009356,0.12219221046469525,133.25,35.55
1927,1984-04-13 00:00:00,-0.005025165049016171,-0.12317021039463205,0.11311988029659972,133.25,35.55
1928,1984-04-14 00:00:00,-0.008354833010303157,-0.12657434285178112,0.1098646768311748,133.25,35.55
1929,1984-04-15 00:00:00,0.04315378408446069,-0.07506187215276132,0.1613694403216827,133.25,35.55
1930,1984-04-16 00:00:00,0.03762905672197082,-0.08057957290433013,0.15583768634827175,133.25,35.55
1931,1984-04-17 00:00:00,0.06343569529692537,-0.054802031441395734,0.18167342203524647,133.25,35.55
1932,1984-04-18 00:00:00,0.10444980017346578,-0.013909401307414596,0.2228090016543461,133.25,35.55
1933,1984-04-19 00:00:00,0.053754687637154866,-0.0672376946013847,0.17474706987569447,133.25,35.55
1934,1984-04-20 00:00:00,0.02722607431762093,-0.09447598265961572,0.14892813129485755,133.25,35.55
1935,1984-04-21 00:00:00,-0.008206436978251963,-0.127281956930873,0.11086908297436908,133.25,35.55
1936,1984-04-22 00:00:00,0.032977326705791545,-0.08523093221663214,0.1511855856282152,133.25,35.55
1937,1984-04-23 00:00:00,0.00044964662145695333,-0.11779353848522682,0.11869283172814073,133.25,35.55
1938,1984-04-24 00:00:00,0.013984793496895504,-0.10425484468405327,0.13222443167784428,133.25,35.55
1939,1984-04-25 00:00:00,0.04367851271646708,-0.07455477825616619,0.16191180368910033,133.25,35.55
1940,1984-04-26 00:00:00,-0.023522045241925315,-0.14176738593804314,0.09472329545419253,133.25,35.55
1941,1984-04-27 00:00:00,0.002442520521342855,-0.11585411372138466,0.12073915476407035,133.25,35.55
1942,1984-04-28 00:00:00,0.02496116864397812,-0.09328309741469712,0.14320543470265334,133.25,35.55
1943,1984-04-29 00:00:00,0.02739654181718047,-0.0908839193431118,0.14567700297747274,133.25,35.55
1944,1984-04-30 00:00:00,0.07966121535736502,-0.03919350963007548,0.19851594034480555,133.25,35.55
1945,1984-05-01 00:00:00,0.07015204115597704,-0.04862997232533653,0.1889340546372906,133.25,35.55
1946,1984-05-02 00:00:00,0.02858893380243479,-0.09120474673756368,0.14838261434243327,133.25,35.55
1947,1984-05-03 00:00:00,0.001548842547449636,-0.117709498334886,0.12080718342978525,133.25,35.55
1948,1984-05-04 00:00:00,0.01706603640676984,-0.10120705251205027,0.13533912532558992,133.25,35.55
1949,1984-05-05 00:00:00,0.0435475209319902,-0.07457664624185363,0.16167168810583404,133.25,35.55
1950,1984-05-06 00:00:00,0.05084422346765069,-0.06727122544092642,0.1689596723762278,133.25,35.55
1951,1984-05-07 00:00:00,0.05472557668405964,-0.06340942438559498,0.17286057775371427,133.25,35.55
1952,1984-05-08 00:00:00,0.06674388727968128,-0.05143433380426327,0.18492210836362585,133.25,35.55
1953,1984-05-09 00:00:00,0.0843057921020518,-0.033905710879359265,0.20251729508346286,133.25,35.55
1954,1984-05-10 00:00:00,-0.0353256720803524,-0.15355171636393095,0.08290037220322613,133.25,35.55
1955,1984-05-11 00:00:00,0.06279980495477082,-0.055434189423464585,0.18103379933300626,133.25,35.55
1956,1984-05-12 00:00:00,0.0834913600258976,-0.03480305664434312,0.20178577669613834,133.25,35.55
1957,1984-05-13 00:00:00,0.051496871390310665,-0.06685078524126357,0.16984452802188493,133.25,35.55
1958,1984-05-14 00:00:00,0.13129641553683022,0.012347197812284508,0.25024563326137594,133.25,35.55
1959,1984-05-15 00:00:00,-0.035565336576852014,-0.1541149388114441,0.0829842656577401,133.25,35.55
1960,1984-05-16 00:00:00,-0.0209066609326317,-0.1390853694774247,0.09727204761216128,133.25,35.55
1961,1984-05-17 00:00:00,0.024387524730131525,-0.09388820888043814,0.14266325834070118,133.25,35.55
1962,1984-05-18 00:00:00,0.016632107892286866,-0.10151009276496352,0.13477430854953726,133.25,35.55
1963,1984-05-19 00:00:00,0.018659328898945175,-0.09947583682152314,0.13679449461941348,133.25,35.55
1964,1984-05-20 00:00:00,-0.016113867171896674,-0.13434453021134454,0.1021167958675512,133.25,35.55
1965,1984-05-21 00:00:00,-0.012616242850351869,-0.13089638334264053,0.1056638976419368,133.25,35.55
1966,1984-05-22 00:00:00,-0.009644608108826995,-0.1277648969316974,0.10847568071404344,133.25,35.55
1967,1984-05-23 00:00:00,0.03701533871874721,-0.08114619220670681,0.15517686964420124,133.25,35.55
1968,1984-05-24 00:00:00,0.03833492433926814,-0.0797809801744637,0.15645082885299996,133.25,35.55
1969,1984-05-25 00:00:00,-0.01430987675436146,-0.1324085816780648,0.10378882816934187,133.25,35.55
1970,1984-05-26 00:00:00,0.031407467797905216,-0.08668496831138224,0.14949990390719264,133.25,35.55
1971,1984-05-27 00:00:00,0.052554324331323315,-0.0655895888405417,0.17069823750318833,133.25,35.55
1972,1984-05-28 00:00:00,0.05363173599434895,-0.06460979016720034,0.17187326215589824,133.25,35.55
1973,1984-05-29 00:00:00,0.06686509745397451,-0.05138927045907113,0.18511946536702012,133.25,35.55
1974,1984-05-30 00:00:00,0.03354298980676692,-0.08465181199921609,0.15173779161274994,133.25,35.55
1975,1984-05-31 00:00:00,0.01928573612648275,-0.09885864889874182,0.13743012115170733,133.25,35.55
1976,1984-06-01 00:00:00,0.02487211545599876,-0.09325648301417327,0.14300071392617078,133.25,35.55
1977,1984-06-02 00:00:00,0.06898758646879938,-0.04913478650306079,0.1871099594406596,133.25,35.55
1978,1984-06-03 00:00:00,0.04227222592545178,-0.07583539077108517,0.16037984262198873,133.25,35.55
1979,1984-06-04 00:00:00,-0.017406895411686503,-0.13556129106738274,0.10074750024400976,133.25,35.55
1980,1984-06-05 00:00:00,-0.006976895836142235,-0.1251911975334914,0.11123740586120692,133.25,35.55
1981,1984-06-06 00:00:00,0.07802210135448444,-0.04024849410437943,0.19629269681334832,133.25,35.55
1982,1984-06-07 00:00:00,0.18147043804291094,0.06263832388915855,0.3003025521966633,133.25,35.55
1983,1984-06-08 00:00:00,0.16738165883912204,0.04791998803878205,0.28684332963946196,133.25,35.55
1984,1984-06-09 00:00:00,0.022089600550030574,-0.09664179243430147,0.14082099353436264,133.25,35.55
1985,1984-06-10 00:00:00,0.11332044140283284,-0.005870772561837975,0.2325116553675037,133.25,35.55
1986,1984-06-11 00:00:00,0.005197365165009439,-0.1135606903424346,0.12395542067245348,133.25,35.55
1987,1984-06-12 00:00:00,-0.009160047381683044,-0.1273259854490302,0.10900589068566413,133.25,35.55
1988,1984-06-13 00:00:00,0.0058733893425689495,-0.11228752946093708,0.124034308146075,133.25,35.55
1989,1984-06-14 00:00:00,0.0038561535904844367,-0.11431472757027825,0.12202703475124715,133.25,35.55
1990,1984-06-15 00:00:00,0.00734627249411297,-0.11085899437969274,0.12555153936791869,133.25,35.55
1991,1984-06-16 00:00:00,0.09166101738363724,-0.02672468507412604,0.21004671984140053,133.25,35.55
1992,1984-06-17 00:00:00,0.2310697429640433,0.1112510087998187,0.35088847712826793,133.25,35.55
1993,1984-06-18 00:00:00,0.08020668445704579,-0.03898591215318109,0.19939928106727267,133.25,35.55
1994,1984-06-19 00:00:00,0.13362299773326258,0.015261093980964537,0.25198490148556063,133.25,35.55
1995,1984-06-20 00:00:00,0.07967425272454222,-0.03879722381028058,0.19814572925936505,133.25,35.55
1996,1984-06-21 00:00:00,-0.039702200752641054,-0.1578191442378919,0.07841474273260979,133.25,35.55
1997,1984-06-22 00:00:00,0.04488535371032689,-0.07320744437289095,0.16297815179354475,133.25,35.55
1998,1984-06-23 00:00:00,0.043229623921799534,-0.07494631756512067,0.16140556540871975,133.25,35.55
1999,1984-06-24 00:00:00,-0.00337431075808221,-0.12150841104249027,0.11475978952632584,133.25,35.55
2000,1984-06-25 00:00:00,0.08284322709179874,-0.035391400779172286,0.20107785496276973,133.25,35.55
2001,1984-06-26 00:00:00,0.0867639337733519,-0.03160054530331863,0.2051284128500224,133.25,35.55
2002,1984-06-27 00:00:00,0.09196885686491096,-0.02651215710341577,0.21044987083323768,133.25,35.55
2003,1984-06-28 00:00:00,0.03419818912602319,-0.08408874163335647,0.15248511988540284,133.25,35.55
2004,1984-06-29 00:00:00,0.07226578657827339,-0.04600663916521326,0.19053821232176005,133.25,35.55
2005,1984-06-30 00:00:00,0.009020366944648663,-0.10919798473966336,0.1272387186289607,133.25,35.55
2006,1984-07-01 00:00:00,0.039011434734085235,-0.07908680089200831,0.1571096703601788,133.25,35.55
2007,1984-07-02 00:00:00,0.09219611245076988,-0.025944170480745682,0.21033639538228546,133.25,35.55
2008,1984-07-03 00:00:00,0.1315320987159304,0.013357482589646016,0.2497067148422148,133.25,35.55
2009,1984-07-04 00:00:00,0.11630235708975907,-0.0019294111484369073,0.23453412532795506,133.25,35.55
2010,1984-07-05 00:00:00,0.06687792475990298,-0.051398325614721636,0.1851541751345276,133.25,35.55
2011,1984-07-06 00:00:00,0.013772356213355355,-0.10448726400986648,0.1320319764365772,133.25,35.55
2012,1984-07-07 00:00:00,0.06241681015993977,-0.05578840259569656,0.1806220229155761,133.25,35.55
2013,1984-07-08 00:00:00,0.10798368489645574,-0.010402394908950716,0.2263697647018622,133.25,35.55
2014,1984-07-09 00:00:00,0.0928250933486211,-0.02554149418781,0.2111916808850522,133.25,35.55
2015,1984-07-10 00:00:00,0.024429113286696225,-0.09376566252231604,0.1426238890957085,133.25,35.55
2016,1984-07-11 00:00:00,0.02649471173516333,-0.09164049163953618,0.14462991510986284,133.25,35.55
2017,1984-07-12 00:00:00,0.05143886428726222,-0.06668336036080183,0.16956108893532626,133.25,35.55
2018,1984-07-13 00:00:00,0.2175268141925933,0.09897838411375548,0.3360752442714311,133.25,35.55
2019,1984-07-14 00:00:00,0.11602189202971833,-0.0028127603807458768,0.2348565444401825,133.25,35.55
2020,1984-07-15 00:00:00,0.06703023071023295,-0.051192503532865516,0.18525296495333146,133.25,35.55
2021,1984-07-16 00:00:00,0.06828728464505307,-0.04988540272743026,0.1864599720175364,133.25,35.55
2022,1984-07-17 00:00:00,0.044896895746483464,-0.0732755936163445,0.16306938510931146,133.25,35.55
2023,1984-07-18 00:00:00,0.015493879278805129,-0.1026704995984102,0.13365825815602048,133.25,35.55
2024,1984-07-19 00:00:00,0.030147549105615488,-0.08797582754448838,0.14827092575571935,133.25,35.55
2025,1984-07-20 00:00:00,0.02596269507305261,-0.0921495711799099,0.1440749613260151,133.25,35.55
2026,1984-07-21 00:00:00,0.029706987118101037,-0.08839350111085041,0.14780747534705246,133.25,35.55
2027,1984-07-22 00:00:00,0.01867855468733421,-0.09944696244043932,0.13680407181510776,133.25,35.55
2028,1984-07-23 00:00:00,0.07032388218379065,-0.04790913046671488,0.1885568948342962,133.25,35.55
2029,1984-07-24 00:00:00,0.07866152259676777,-0.039637341776915455,0.19696038697045096,133.25,35.55
2030,1984-07-25 00:00:00,0.05708971139507885,-0.06106803875560599,0.1752474615457637,133.25,35.55
2031,1984-07-26 00:00:00,0.017448719437914068,-0.10067011780173853,0.13556755667756665,133.25,35.55
2032,1984-07-27 00:00:00,0.04678998895215314,-0.07132486916371394,0.16490484706802022,133.25,35.55
2033,1984-07-28 00:00:00,0.032689877351312735,-0.08547411786267814,0.1508538725653036,133.25,35.55
2034,1984-07-29 00:00:00,0.03677461200198858,-0.0821608736434356,0.15571009764741275,133.25,35.55
2035,1984-07-30 00:00:00,-0.0018170489632394415,-0.12118849681748388,0.11755439889100501,133.25,35.55
2036,1984-07-31 00:00:00,0.005471630725834708,-0.11355407149106042,0.12449733294272985,133.25,35.55
2037,1984-08-01 00:00:00,0.045175112835568035,-0.0729568974687417,0.1633071231398778,133.25,35.55
2038,1984-08-02 00:00:00,0.06050964202021979,-0.05757952125885156,0.17859880529929112,133.25,35.55
2039,1984-08-03 00:00:00,0.05376901400534365,-0.06433444025397872,0.17187246826466598,133.25,35.55
2040,1984-08-04 00:00:00,0.05836165870556565,-0.05971900845611435,0.17644232586724562,133.25,35.55
2041,1984-08-05 00:00:00,0.06288135721707125,-0.055203234416347814,0.1809659488504903,133.25,35.55
2042,1984-08-06 00:00:00,0.062212577595226075,-0.05587861108881359,0.18030376627926573,133.25,35.55
2043,1984-08-07 00:00:00,0.058438059372677625,-0.059681168890290286,0.17655728763564552,133.25,35.55
2044,1984-08-08 00:00:00,0.049950419975973714,-0.06816420748046759,0.168065047432415,133.25,35.55
2045,1984-08-09 00:00:00,0.04156264644278529,-0.0765163184480267,0.15964161133359728,133.25,35.55
2046,1984-08-10 00:00:00,0.0417243786629652,-0.07635771094669419,0.15980646827262454,133.25,35.55
2047,1984-08-11 00:00:00,0.05984645400485303,-0.0582548498375061,0.17794775784721215,133.25,35.55
2048,1984-08-12 00:00:00,0.0586276113936447,-0.05946528620455566,0.17672050899184508,133.25,35.55
2049,1984-08-13 00:00:00,0.00896583809879863,-0.10916419627268728,0.12709587247028453,133.25,35.55
2050,1984-08-14 00:00:00,0.05883775669967607,-0.05932051155998425,0.1769960249593364,133.25,35.55
2051,1984-08-15 00:00:00,0.09839986348221136,-0.01981122487539007,0.2166109518398128,133.25,35.55
2052,1984-08-16 00:00:00,0.06576970781596879,-0.05255705332927549,0.18409646896121307,133.25,35.55
2053,1984-08-17 00:00:00,-0.003323132429625869,-0.1215716336499556,0.11492536879070385,133.25,35.55
2054,1984-08-18 00:00:00,-0.007048878135285409,-0.12525672131142693,0.1111589650408561,133.25,35.55
2055,1984-08-19 00:00:00,-0.01641851603619231,-0.1348640963955677,0.10202706432318308,133.25,35.55
2056,1984-08-20 00:00:00,-0.0008035740804732024,-0.11939001662407472,0.11778286846312833,133.25,35.55
2057,1984-08-21 00:00:00,0.16971026765520444,0.0494204807444078,0.2900000545660011,133.25,35.55
2058,1984-08-22 00:00:00,0.2771434757035605,0.15146718685263674,0.4028197645544843,133.25,35.55
2059,1984-08-23 00:00:00,0.02335252563122414,-0.0989443319321235,0.14564938319457174,133.25,35.55
2060,1984-08-24 00:00:00,-0.03871539403934154,-0.15715128880479193,0.07972050072610888,133.25,35.55
2061,1984-08-25 00:00:00,0.035309431370271656,-0.08312358937198752,0.15374245211253085,133.25,35.55
2062,1984-08-26 00:00:00,0.01262475737435323,-0.10577040159482072,0.13101991634352714,133.25,35.55
2063,1984-08-27 00:00:00,0.06340061663109013,-0.05511361062831227,0.1819148438904925,133.25,35.55
2064,1984-08-28 00:00:00,0.03439231254917249,-0.08389455768284793,0.1526791827811929,133.25,35.55
2065,1984-08-29 00:00:00,0.041704323617491317,-0.07646281719498046,0.15987146442996308,133.25,35.55
2066,1984-08-30 00:00:00,0.07092072666391222,-0.04724700575353634,0.1890884590813608,133.25,35.55
2067,1984-08-31 00:00:00,0.039008792852284084,-0.07910843420032959,0.15712601990489775,133.25,35.55
2068,1984-09-01 00:00:00,0.11465637796892073,-0.0035397049036159094,0.23285246084145736,133.25,35.55
2069,1984-09-02 00:00:00,0.197473263136065,0.07873186849122392,0.3162146577809061,133.25,35.55
2070,1984-09-03 00:00:00,0.1050012932280649,-0.014192149358257562,0.22419473581438734,133.25,35.55
2071,1984-09-04 00:00:00,0.05986679308667583,-0.05914461165253086,0.1788781978258825,133.25,35.55
2072,1984-09-05 00:00:00,0.02038577553404203,-0.09814151781649152,0.13891306888457558,133.25,35.55
2073,1984-09-06 00:00:00,-0.017837492015473695,-0.13598961390442438,0.10031462987347696,133.25,35.55
2074,1984-09-07 00:00:00,0.027366445284887256,-0.09069999652618453,0.14543288709595906,133.25,35.55
2075,1984-09-08 00:00:00,0.06322531478475435,-0.05506773992663931,0.181518369496148,133.25,35.55
2076,1984-09-09 00:00:00,0.14716331924934647,0.02830896129397009,0.2660176772047229,133.25,35.55
2077,1984-09-10 00:00:00,0.06828877393249451,-0.05084630457932916,0.1874238524443182,133.25,35.55
2078,1984-09-11 00:00:00,0.0538529197072907,-0.0643871988528972,0.1720930382674786,133.25,35.55
2079,1984-09-12 00:00:00,0.06466621881244558,-0.05345917451079131,0.18279161213568249,133.25,35.55
2080,1984-09-13 00:00:00,0.04789486711998422,-0.07022882138883188,0.16601855562880033,133.25,35.55
2081,1984-09-14 00:00:00,0.0346696741866267,-0.0834354393622316,0.15277478773548497,133.25,35.55
2082,1984-09-15 00:00:00,-0.0267889775296406,-0.14488110073252636,0.09130314567324514,133.25,35.55
2083,1984-09-16 00:00:00,0.0235461956417688,-0.09454491571297388,0.14163730699651148,133.25,35.55
2084,1984-09-17 00:00:00,0.031075884020844543,-0.08703159153912637,0.14918335958081547,133.25,35.55
2085,1984-09-18 00:00:00,0.04911404992582757,-0.06898424192833208,0.16721234177998726,133.25,35.55
2086,1984-09-19 00:00:00,-0.024928376253198003,-0.1430741763128314,0.0932174238064354,133.25,35.55
2087,1984-09-20 00:00:00,-0.004707787744596193,-0.12282522907026835,0.11340965358107595,133.25,35.55
2088,1984-09-21 00:00:00,-0.0044182221454890066,-0.12250521833491215,0.11366877404393412,133.25,35.55
2089,1984-09-22 00:00:00,-0.010492121737432854,-0.128569966061967,0.10758572258710128,133.25,35.55
2090,1984-09-23 00:00:00,0.02089557179342997,-0.09722700953442988,0.13901815312128982,133.25,35.55
2091,1984-09-24 00:00:00,0.06193226949220389,-0.056187974771393916,0.1800525137558017,133.25,35.55
2092,1984-09-25 00:00:00,0.09726873905137816,-0.0208952587882619,0.21543273689101824,133.25,35.55
2093,1984-09-26 00:00:00,-0.08303527211652742,-0.20134646732213968,0.035275923089084824,133.25,35.55
2094,1984-09-27 00:00:00,-0.04614268726350385,-0.16459787945699936,0.07231250492999168,133.25,35.55
2095,1984-09-28 00:00:00,-0.04431137643156964,-0.1626650956157336,0.07404234275259433,133.25,35.55
2096,1984-09-29 00:00:00,0.1730706285469301,0.05433537068811538,0.2918058864057448,133.25,35.55
2097,1984-09-30 00:00:00,0.08994233892675993,-0.028756865798958007,0.20864154365247786,133.25,35.55
2098,1984-10-01 00:00:00,0.0176035064365333,-0.10051002422186422,0.13571703709493085,133.25,35.55
2099,1984-10-02 00:00:00,0.021500233131148086,-0.09659368297150273,0.13959414923379887,133.25,35.55
2100,1984-10-03 00:00:00,0.17907897720960694,0.06022914511556654,0.2979288093036473,133.25,35.55
2101,1984-10-04 00:00:00,-0.01980372651976449,-0.13868789554676075,0.09908044250723178,133.25,35.55
2102,1984-10-05 00:00:00,0.04860379855483517,-0.06979815418281574,0.16700575129248607,133.25,35.55
2103,1984-10-06 00:00:00,-0.0037742523700263,-0.12216307292589405,0.11461456818584145,133.25,35.55
2104,1984-10-07 00:00:00,-0.08338837375501014,-0.201746593953116,0.0349698464430957,133.25,35.55
2105,1984-10-08 00:00:00,-0.02859945116588211,-0.1469596889394963,0.08976078660773205,133.25,35.55
2106,1984-10-09 00:00:00,-0.002470736865160701,-0.12063272189887235,0.11569124816855092,133.25,35.55
2107,1984-10-10 00:00:00,-0.01135635362967423,-0.1294795768276775,0.10676686956832904,133.25,35.55
2108,1984-10-11 00:00:00,-0.024768799018001667,-0.14302460738163744,0.09348700934563407,133.25,35.55
2109,1984-10-12 00:00:00,0.0021169542028505045,-0.11682400602249784,0.12105791442819885,133.25,35.55
2110,1984-10-13 00:00:00,0.025794602667241484,-0.0933075255916886,0.14489673092617156,133.25,35.55
2111,1984-10-14 00:00:00,0.0046140479944939425,-0.11382338251725102,0.1230514785062389,133.25,35.55
2112,1984-10-15 00:00:00,-0.08614363769429724,-0.2044125868960785,0.032125311507483996,133.25,35.55
2113,1984-10-16 00:00:00,0.09096293252148736,-0.027786357257267164,0.2097122223002419,133.25,35.55
2114,1984-10-17 00:00:00,0.07048108775955808,-0.04845000664429541,0.18941218216341155,133.25,35.55
2115,1984-10-18 00:00:00,-0.021192231173530092,-0.13975945214149788,0.0973749897944377,133.25,35.55
2116,1984-10-19 00:00:00,-0.12554702234480214,-0.2440074990476804,-0.007086545641923875,133.25,35.55
2117,1984-10-20 00:00:00,0.18108153536949628,0.06243550248147595,0.2997275682575166,133.25,35.55
2118,1984-10-21 00:00:00,0.21184711255906244,0.0928360864505192,0.3308581386676057,133.25,35.55
2119,1984-10-22 00:00:00,0.012909869628268324,-0.10572008652063733,0.13153982577717402,133.25,35.55
2120,1984-10-23 00:00:00,0.08498669326226972,-0.03325034927639864,0.20322373580093808,133.25,35.55
2121,1984-10-24 00:00:00,0.026002516386259986,-0.09235485811200553,0.1443598908845255,133.25,35.55
2122,1984-10-25 00:00:00,0.05402984553018121,-0.06415014921269899,0.1722098402730614,133.25,35.55
2123,1984-10-26 00:00:00,-0.07382667403417471,-0.19213205900572186,0.044478710937372386,133.25,35.55
2124,1984-10-27 00:00:00,0.16098420688598225,0.04263349710196092,0.2793349166700036,133.25,35.55
2125,1984-10-28 00:00:00,0.09617087794589753,-0.02247011569208679,0.21481187158388185,133.25,35.55
2126,1984-10-29 00:00:00,0.02780453396130151,-0.09070645628222604,0.14631552420482907,133.25,35.55
2127,1984-10-30 00:00:00,0.010264680142827012,-0.1081857545416363,0.1287151148272903,133.25,35.55
2128,1984-10-31 00:00:00,-0.012754290087303014,-0.13104041075335565,0.10553183057874964,133.25,35.55
2129,1984-11-01 00:00:00,0.08645380630503645,-0.03177448470342506,0.204682097313498,133.25,35.55
2130,1984-11-02 00:00:00,0.03952004406694391,-0.0788749302024605,0.1579150183363483,133.25,35.55
2131,1984-11-03 00:00:00,0.00854428481736938,-0.10973516893840513,0.12682373857314388,133.25,35.55
2132,1984-11-04 00:00:00,0.015120118149749015,-0.10305307690867467,0.1332933132081727,133.25,35.55
2133,1984-11-05 00:00:00,0.054492352274443816,-0.06373074778098528,0.17271545232987293,133.25,35.55
2134,1984-11-06 00:00:00,0.04142917537691895,-0.0767852942520252,0.1596436450058631,133.25,35.55
2135,1984-11-07 00:00:00,0.0637735246575914,-0.054334727002580505,0.1818817763177633,133.25,35.55
2136,1984-11-08 00:00:00,0.037948360046191836,-0.08018088639251994,0.1560776064849036,133.25,35.55
2137,1984-11-09 00:00:00,0.048539484732316285,-0.06970563622654072,0.16678460569117332,133.25,35.55
2138,1984-11-10 00:00:00,-0.046216476094313765,-0.16441720516588826,0.07198425297726074,133.25,35.55
2139,1984-11-11 00:00:00,0.11504600982049525,-0.0035445393227834243,0.2336365589637739,133.25,35.55
2140,1984-11-12 00:00:00,-0.02716962061079817,-0.1459533973843896,0.09161415616279324,133.25,35.55
2141,1984-11-13 00:00:00,-0.002792978115402203,-0.12111439665202847,0.11552844042122408,133.25,35.55
2142,1984-11-14 00:00:00,-0.07120445341015966,-0.1894790777152464,0.04707017089492703,133.25,35.55
2143,1984-11-15 00:00:00,0.1350442327341445,0.01637512088280449,0.25371334458548456,133.25,35.55
2144,1984-11-16 00:00:00,-0.11655263993949665,-0.23611192974560455,0.0030066498666113106,133.25,35.55
2145,1984-11-17 00:00:00,0.043633861953645166,-0.0747539142438114,0.16202163815110174,133.25,35.55
2146,1984-11-18 00:00:00,-0.03662013572874548,-0.15500532303491815,0.0817650515774272,133.25,35.55
2147,1984-11-19 00:00:00,0.035451543104052234,-0.08325511607605758,0.15415820228416205,133.25,35.55
2148,1984-11-20 00:00:00,-0.06089278772141056,-0.18187552033678267,0.060089944893961536,133.25,35.55
2149,1984-11-21 00:00:00,-0.017566234257801374,-0.13756913816695096,0.1024366696513482,133.25,35.55
2150,1984-11-22 00:00:00,-0.028478283915440914,-0.1466534394141687,0.08969687158328687,133.25,35.55
2151,1984-11-23 00:00:00,0.04287724529068557,-0.07537373853985715,0.1611282291212283,133.25,35.55
2152,1984-11-24 00:00:00,0.09678966474112087,-0.021476148038904755,0.2150554775211465,133.25,35.55
2153,1984-11-25 00:00:00,-0.11277800976153933,-0.2312802056348727,0.005724186111794052,133.25,35.55
2154,1984-11-26 00:00:00,0.007016657458584763,-0.11132566150191464,0.12535897641908414,133.25,35.55
2155,1984-11-27 00:00:00,0.11038841518435727,-0.008242645173184376,0.2290194755418989,133.25,35.55
2156,1984-11-28 00:00:00,-0.011738703508439044,-0.13037556397924885,0.10689815696237076,133.25,35.55
2157,1984-11-29 00:00:00,0.023771527461934037,-0.09435871798686586,0.14190177291073391,133.25,35.55
2158,1984-11-30 00:00:00,0.03989001590351099,-0.07826002425244344,0.15804005605946542,133.25,35.55
2159,1984-12-01 00:00:00,0.1019598966621186,-0.016279248416049618,0.2201990417402868,133.25,35.55
2160,1984-12-02 00:00:00,0.13326176480244378,0.014711626519785803,0.25181190308510176,133.25,35.55
2161,1984-12-03 00:00:00,-0.04610687111654745,-0.1645295115760277,0.0723157693429328,133.25,35.55
2162,1984-12-04 00:00:00,0.031396960438578286,-0.08682673968516659,0.14962066056232315,133.25,35.55
2163,1984-12-05 00:00:00,0.16210068409441974,0.04379442792196524,0.28040694026687424,133.25,35.55
2164,1984-12-06 00:00:00,-0.07169839923334542,-0.190367643144816,0.04697084467812517,133.25,35.55
2165,1984-12-07 00:00:00,0.014467335158025547,-0.1039698405609454,0.1329045108769965,133.25,35.55
2166,1984-12-08 00:00:00,-0.016286805952325303,-0.13462116891183865,0.10204755700718804,133.25,35.55
2167,1984-12-09 00:00:00,0.005595196249339718,-0.11260445457360575,0.12379484707228522,133.25,35.55
2168,1984-12-10 00:00:00,0.01686590148180994,-0.10145356393212028,0.13518536689574012,133.25,35.55
2169,1984-12-11 00:00:00,0.04510145505248059,-0.07363582579993676,0.16383873590489795,133.25,35.55
2170,1984-12-12 00:00:00,0.052534805059224386,-0.0663921098425798,0.1714617199610286,133.25,35.55
2171,1984-12-13 00:00:00,-0.07562492082413587,-0.19413861400062374,0.04288877235235203,133.25,35.55
2172,1984-12-14 00:00:00,0.107032292997086,-0.01146917271210604,0.22553375870627804,133.25,35.55
2173,1984-12-15 00:00:00,-0.1454432332016448,-0.2641581095487809,-0.026728356854508608,133.25,35.55
2174,1984-12-16 00:00:00,-0.014160349433482225,-0.1327596272019373,0.10443892833497284,133.25,35.55
2175,1984-12-17 00:00:00,0.09147726909702077,-0.02754846239602643,0.21050300059006796,133.25,35.55
2176,1984-12-18 00:00:00,0.1009179984441042,-0.01811365710189844,0.21994965399010685,133.25,35.55
2177,1984-12-19 00:00:00,-0.04955602083242064,-0.16848020134107333,0.06936815967623207,133.25,35.55
2178,1984-12-20 00:00:00,0.015613129988229441,-0.10262138700990052,0.1338476469863594,133.25,35.55
2179,1984-12-21 00:00:00,0.09753480903408862,-0.02075192023712928,0.21582153830530654,133.25,35.55
2180,1984-12-22 00:00:00,0.08366147819785971,-0.034881164114736386,0.20220412051045586,133.25,35.55
2181,1984-12-23 00:00:00,0.13597122083812402,0.01734177110240212,0.25460067057384594,133.25,35.55
2182,1984-12-24 00:00:00,0.14959969334538475,0.030846809468554018,0.2683525772222155,133.25,35.55
2183,1984-12-25 00:00:00,0.03459550544902738,-0.08420689495848775,0.1533979058565425,133.25,35.55
2184,1984-12-26 00:00:00,0.1106954696660302,-0.007805039424682886,0.2291959787567433,133.25,35.55
2185,1984-12-27 00:00:00,0.047688746823656016,-0.07064604899150079,0.16602354263881286,133.25,35.55
2186,1984-12-28 00:00:00,0.10959428130413557,-0.008866833469998517,0.22805539607826966,133.25,35.55
2187,1984-12-29 00:00:00,0.07285336651673721,-0.04582116363642818,0.1915278966699026,133.25,35.55
2188,1984-12-30 00:00:00,0.07341732238015918,-0.0452549874637022,0.19208963222402053,133.25,35.55
2189,1984-12-31 00:00:00,0.06845661367723166,-0.049820932567901335,0.18673415992236464,133.25,35.55
2190,1985-01-01 00:00:00,0.0003702052454109504,-0.1178544602050974,0.11859487069591933,133.25,35.55
2191,1985-01-02 00:00:00,-0.012916413276581308,-0.13114361985067433,0.10531079329751172,133.25,35.55
2192,1985-01-03 00:00:00,0.06673349544497545,-0.05157823721691486,0.18504522810686572,133.25,35.55
2193,1985-01-04 00:00:00,0.03179540061093123,-0.08666838212774805,0.15025918334961053,133.25,35.55
2194,1985-01-05 00:00:00,0.060822120421884514,-0.057622666331160914,0.17926690717492993,133.25,35.55
2195,1985-01-06 00:00:00,0.06058258499007223,-0.057655607088006315,0.17882077706815075,133.25,35.55
2196,1985-01-07 00:00:00,0.030761266321276542,-0.08750681914568023,0.14902935178823332,133.25,35.55
2197,1985-01-08 00:00:00,0.031208691634905368,-0.0870595886823573,0.14947697195216805,133.25,35.55
2198,1985-01-09 00:00:00,0.05778871014531376,-0.06050494887737792,0.17608236916800546,133.25,35.55
2199,1985-01-10 00:00:00,0.15897366977899674,0.04029785454942035,0.2776494850085732,133.25,35.55
2200,1985-01-11 00:00:00,0.03666304956682362,-0.0819743852383405,0.15530048437198773,133.25,35.55
2201,1985-01-12 00:00:00,0.12389084107812777,0.005363458208445651,0.24241822394780996,133.25,35.55
2202,1985-01-13 00:00:00,0.14514702883879352,0.026136749367975776,0.2641573083096113,133.25,35.55
2203,1985-01-14 00:00:00,0.18786792884742234,0.06842187244052968,0.30731398525431497,133.25,35.55
2204,1985-01-15 00:00:00,0.028667895878812143,-0.09074466010772599,0.1480804518653503,133.25,35.55
2205,1985-01-16 00:00:00,0.14526072285299144,0.025990296836953752,0.2645311488690292,133.25,35.55
2206,1985-01-17 00:00:00,-0.05106217441068284,-0.16970188829194105,0.06757753947057539,133.25,35.55
2207,1985-01-18 00:00:00,-0.022263853638175082,-0.14045551836744938,0.0959278110910992,133.25,35.55
2208,1985-01-19 00:00:00,0.020856444322200088,-0.09730782870147553,0.13902071734587568,133.25,35.55
2209,1985-01-20 00:00:00,0.1434345752081951,0.024868872956917643,0.2620002774594726,133.25,35.55
2210,1985-01-21 00:00:00,-0.048588387719004936,-0.16715862829168096,0.06998185285367109,133.25,35.55
2211,1985-01-22 00:00:00,0.07289263979860926,-0.04542973523473165,0.19121501483195014,133.25,35.55
2212,1985-01-23 00:00:00,0.04028939462189123,-0.07799291894570809,0.15857170818949054,133.25,35.55
2213,1985-01-24 00:00:00,0.04038384122409385,-0.07803157619927417,0.15879925864746186,133.25,35.55
2214,1985-01-25 00:00:00,0.04750059631112154,-0.07116430942458188,0.16616550204682495,133.25,35.55
2215,1985-01-26 00:00:00,0.02631919125948457,-0.09210131344562852,0.14473969596459768,133.25,35.55
2216,1985-01-27 00:00:00,0.06073992104134844,-0.05756888434399093,0.1790487264266878,133.25,35.55
2217,1985-01-28 00:00:00,0.13560247107803886,0.016891328733399644,0.254313613422678,133.25,35.55
2218,1985-01-29 00:00:00,0.02883379410923322,-0.08992435764248183,0.14759194586094826,133.25,35.55
2219,1985-01-30 00:00:00,0.02801031162180221,-0.09158156148478183,0.14760218472838624,133.25,35.55
2220,1985-01-31 00:00:00,0.09853987588589744,-0.02001123173257548,0.2170909835043704,133.25,35.55
2221,1985-02-01 00:00:00,0.3094014086964724,0.19042008849402287,0.4283827288989218,133.25,35.55
2222,1985-02-02 00:00:00,0.038002005750714336,-0.08123805992875943,0.1572420714301881,133.25,35.55
2223,1985-02-03 00:00:00,0.1444017296902677,0.026015077015296872,0.2627883823652385,133.25,35.55
2224,1985-02-04 00:00:00,0.00906386110780228,-0.10929519423533826,0.12742291645094286,133.25,35.55
2225,1985-02-05 00:00:00,0.023497794849744992,-0.09469883682919704,0.14169442652868702,133.25,35.55
2226,1985-02-06 00:00:00,0.03454973279040397,-0.08363030326360013,0.15272976884440806,133.25,35.55
2227,1985-02-07 00:00:00,0.006424305114895199,-0.111743311618395,0.1245919218481854,133.25,35.55
2228,1985-02-08 00:00:00,-0.03698954570280369,-0.15516949616746584,0.08119040476185847,133.25,35.55
2229,1985-02-09 00:00:00,0.09185697800671476,-0.02839955216644933,0.21211350817987884,133.25,35.55
2230,1985-02-10 00:00:00,0.11752011785501085,-0.004189584060655324,0.23922981977067706,133.25,35.55
2231,1985-02-11 00:00:00,-0.05444087739447392,-0.1734967281522865,0.06461497336333866,133.25,35.55
2232,1985-02-12 00:00:00,0.019572680626176682,-0.0987595712638881,0.13790493251624145,133.25,35.55
2233,1985-02-13 00:00:00,0.1463847763442046,0.027743554905478668,0.26502599778293057,133.25,35.55
2234,1985-02-14 00:00:00,0.04653935883048355,-0.07248409176684095,0.16556280942780804,133.25,35.55
2235,1985-02-15 00:00:00,0.07043567682143043,-0.04805618010632305,0.18892753374918392,133.25,35.55
2236,1985-02-16 00:00:00,0.03135814315083089,-0.0869585130629687,0.1496747993646305,133.25,35.55
2237,1985-02-17 00:00:00,-0.05394339324949168,-0.17343062183462746,0.06554383533564406,133.25,35.55
2238,1985-02-18 00:00:00,-0.04826832422397595,-0.16707927641486958,0.07054262796691768,133.25,35.55
2239,1985-02-19 00:00:00,-0.06557220479441125,-0.18568739033426,0.05454298074543747,133.25,35.55
2240,1985-02-20 00:00:00,0.1983171804380081,0.076333856618895,0.3203005042571212,133.25,35.55
2241,1985-02-21 00:00:00,0.29348295886293385,0.17392157024581698,0.4130443474800507,133.25,35.55
2242,1985-02-22 00:00:00,0.2106094108784517,0.091206347434827,0.3300124743220764,133.25,35.55
2243,1985-02-23 00:00:00,0.11641940283986138,-0.002427304405182379,0.23526611008490514,133.25,35.55
2244,1985-02-24 00:00:00,0.1065108158873927,-0.012296920975845949,0.2253185527506313,133.25,35.55
2245,1985-02-25 00:00:00,-0.04795557227834126,-0.16643841961816958,0.07052727506148708,133.25,35.55
2246,1985-02-26 00:00:00,0.013941789806080358,-0.10418186804970404,0.13206544766186473,133.25,35.55
2247,1985-02-27 00:00:00,-0.07005018408902901,-0.18823387386706186,0.04813350568900383,133.25,35.55
2248,1985-02-28 00:00:00,-0.015888907343273306,-0.13453927448674452,0.1027614598001979,133.25,35.55
2249,1985-03-01 00:00:00,0.06429942482730748,-0.05425892525886662,0.1828577749134816,133.25,35.55
2250,1985-03-02 00:00:00,0.07496033430336926,-0.043275682675319685,0.1931963512820582,133.25,35.55
2251,1985-03-03 00:00:00,-0.022725022645441788,-0.14110814517476905,0.09565809988388548,133.25,35.55
2252,1985-03-04 00:00:00,-0.0375994197541506,-0.1560946772129027,0.08089583770460153,133.25,35.55
2253,1985-03-05 00:00:00,0.08922816269450201,-0.02930143651344513,0.2077577619024492,133.25,35.55
2254,1985-03-06 00:00:00,-0.0012822902444887055,-0.1196819283571758,0.11711734786819837,133.25,35.55
2255,1985-03-07 00:00:00,0.043393400741641,-0.07488043316795857,0.16166723465124055,133.25,35.55
2256,1985-03-08 00:00:00,0.0604663194674055,-0.05809623274768324,0.17902887168249426,133.25,35.55
2257,1985-03-09 00:00:00,0.1154137428244357,-0.004310269551321327,0.23513775520019276,133.25,35.55
2258,1985-03-10 00:00:00,-0.10643194112024934,-0.22514719039824727,0.012283308157748626,133.25,35.55
2259,1985-03-11 00:00:00,-0.017896916773377368,-0.1361962564143351,0.10040242286758036,133.25,35.55
2260,1985-03-12 00:00:00,0.06580656035961911,-0.05278606288666278,0.18439918360590105,133.25,35.55
2261,1985-03-13 00:00:00,-0.020637869603963185,-0.13888748277397395,0.09761174356604757,133.25,35.55
2262,1985-03-14 00:00:00,-0.0064683197001759035,-0.12480324806910616,0.11186660866875434,133.25,35.55
2263,1985-03-15 00:00:00,-0.11971296358177573,-0.2383160556515587,-0.0011098715119927244,133.25,35.55
2264,1985-03-16 00:00:00,-0.07404622813553999,-0.19243239290415884,0.044339936633078836,133.25,35.55
2265,1985-03-17 00:00:00,0.09208638055152928,-0.02678174306034785,0.21095450416340644,133.25,35.55
2266,1985-03-18 00:00:00,-0.015361798522844675,-0.1342163162725313,0.10349271922684196,133.25,35.55
2267,1985-03-19 00:00:00,-0.03142573473247201,-0.14975814470690196,0.08690667524195791,133.25,35.55
2268,1985-03-20 00:00:00,0.02522011617306701,-0.09316680273234634,0.14360703507848036,133.25,35.55
2269,1985-03-21 00:00:00,0.02752362244656674,-0.09084004294802056,0.14588728784115407,133.25,35.55
2270,1985-03-22 00:00:00,-0.08178569394724136,-0.20017155413240176,0.036600166237919084,133.25,35.55
2271,1985-03-23 00:00:00,-0.06452466561159657,-0.18269382151602,0.05364449029282682,133.25,35.55
2272,1985-03-24 00:00:00,-0.05178342269670117,-0.17000620658029414,0.06643936118689181,133.25,35.55
2273,1985-03-25 00:00:00,0.15698917686576624,0.03838168815042958,0.2755966655811029,133.25,35.55
2274,1985-03-26 00:00:00,0.12117229361577796,0.0004604386035806929,0.2418841486279752,133.25,35.55
2275,1985-03-27 00:00:00,0.09004577227607724,-0.029532676480488133,0.2096242210326426,133.25,35.55
2276,1985-03-28 00:00:00,0.05804765611458919,-0.060923933933191364,0.17701924616236975,133.25,35.55
2277,1985-03-29 00:00:00,0.03562494463166169,-0.08264045305811385,0.15389034232143722,133.25,35.55
2278,1985-03-30 00:00:00,0.034912130886309865,-0.08347807500031547,0.15330233677293525,133.25,35.55
2279,1985-03-31 00:00:00,0.013256902331132782,-0.1051714206454526,0.13168522530771815,133.25,35.55
2280,1985-04-01 00:00:00,-0.033500320248133666,-0.15190625704714195,0.08490561655087461,133.25,35.55
2281,1985-04-02 00:00:00,0.04167732550865705,-0.07652878235674802,0.15988343337406213,133.25,35.55
2282,1985-04-03 00:00:00,0.06106563729426377,-0.05731254874428604,0.17944382333281358,133.25,35.55
2283,1985-04-04 00:00:00,0.1851830806253963,0.06480107798851123,0.3055650832622814,133.25,35.55
2284,1985-04-05 00:00:00,0.08540016260736423,-0.034267157688884706,0.20506748290361315,133.25,35.55
2285,1985-04-06 00:00:00,0.013708798235104729,-0.10469395756703373,0.13211155403724315,133.25,35.55
2286,1985-04-07 00:00:00,0.06858805587591585,-0.0496374605146091,0.1868135722664408,133.25,35.55
2287,1985-04-08 00:00:00,0.05133057617239088,-0.06720231214863381,0.16986346449341558,133.25,35.55
2288,1985-04-09 00:00:00,-0.01717985073753459,-0.13543299536943956,0.10107329389437036,133.25,35.55
2289,1985-04-10 00:00:00,-0.002062617788170979,-0.1202077262183444,0.11608249064200245,133.25,35.55
2290,1985-04-11 00:00:00,-0.013118049291712765,-0.1315220208175436,0.10528592223411808,133.25,35.55
2291,1985-04-12 00:00:00,-0.0882721472893776,-0.20839457910848186,0.03185028452972663,133.25,35.55
2292,1985-04-13 00:00:00,0.03319733515922918,-0.0885686478847892,0.15496331820324755,133.25,35.55
2293,1985-04-14 00:00:00,0.02494569456314958,-0.09434394042943904,0.14423532955573826,133.25,35.55
2294,1985-04-15 00:00:00,0.03077874408112984,-0.08758884287227331,0.14914633103453298,133.25,35.55
2295,1985-04-16 00:00:00,0.015474176585429416,-0.10291328507695052,0.13386163824780933,133.25,35.55
2296,1985-04-17 00:00:00,0.045949043424096656,-0.07221337482371994,0.16411146167191326,133.25,35.55
2297,1985-04-18 00:00:00,0.0635895334196822,-0.05473723964270381,0.1819163064820682,133.25,35.55
2298,1985-04-19 00:00:00,0.0929309455132692,-0.025386304158212008,0.2112481951847504,133.25,35.55
2299,1985-04-20 00:00:00,0.11915623467265192,0.0004831891147961953,0.2378292802305077,133.25,35.55
2300,1985-04-21 00:00:00,-0.016523475819627962,-0.1349150031914274,0.10186805155217148,133.25,35.55
2301,1985-04-22 00:00:00,0.10033157270078216,-0.017833393691196797,0.21849653909276112,133.25,35.55
2302,1985-04-23 00:00:00,0.03667546137776581,-0.08155363621660447,0.1549045589721361,133.25,35.55
2303,1985-04-24 00:00:00,0.027988126022464824,-0.09043840638654074,0.1464146584314704,133.25,35.55
2304,1985-04-25 00:00:00,0.00736642446268107,-0.11097516751518116,0.1257080164405433,133.25,35.55
2305,1985-04-26 00:00:00,0.1895843909549395,0.07123063806494849,0.3079381438449305,133.25,35.55
2306,1985-04-27 00:00:00,0.1027937510012832,-0.0162123485517692,0.22179985055433565,133.25,35.55
2307,1985-04-28 00:00:00,-0.008498365353016478,-0.1267879353137621,0.10979120460772912,133.25,35.55
2308,1985-04-29 00:00:00,0.03816800226481746,-0.08015751742214974,0.15649352195178468,133.25,35.55
2309,1985-04-30 00:00:00,0.0808243315342381,-0.03754277011104538,0.1991914331795216,133.25,35.55
2310,1985-05-01 00:00:00,0.055828740113848516,-0.0623863123477564,0.17404379257545344,133.25,35.55
2311,1985-05-02 00:00:00,0.0561146283944844,-0.06206860803169245,0.17429786482066126,133.25,35.55
2312,1985-05-03 00:00:00,0.05145363239623557,-0.0666837213587449,0.16959098615121604,133.25,35.55
2313,1985-05-04 00:00:00,0.030363099858887924,-0.08776385870726511,0.14849005842504095,133.25,35.55
2314,1985-05-05 00:00:00,0.10871994073193296,-0.009546859064412605,0.2269867405282785,133.25,35.55
2315,1985-05-06 00:00:00,0.12692753501170584,0.007814675162582635,0.24604039486082904,133.25,35.55
2316,1985-05-07 00:00:00,0.07749695770388199,-0.041355775175729866,0.19634969058349386,133.25,35.55
2317,1985-05-08 00:00:00,-0.022674353124870608,-0.1410013887619488,0.09565268251220756,133.25,35.55
2318,1985-05-09 00:00:00,0.007536013499967038,-0.11065918598271482,0.1257312129826489,133.25,35.55
2319,1985-05-10 00:00:00,0.01659738445754451,-0.10155559766632456,0.13475036658141354,133.25,35.55
2320,1985-05-11 00:00:00,0.036650011306902416,-0.08168516451375958,0.15498518712756446,133.25,35.55
2321,1985-05-12 00:00:00,0.05823685623090084,-0.060022151377202015,0.17649586383900367,133.25,35.55
2322,1985-05-13 00:00:00,0.14855981697661674,0.03021308114113216,0.2669065528121013,133.25,35.55
2323,1985-05-14 00:00:00,0.08358782122445227,-0.035380613916201106,0.20255625636510569,133.25,35.55
2324,1985-05-15 00:00:00,-0.09136190368930476,-0.21005102663386085,0.027327219255251358,133.25,35.55
2325,1985-05-16 00:00:00,-0.08995400838670692,-0.208330093022406,0.028422076248992113,133.25,35.55
2326,1985-05-17 00:00:00,-0.014697423910203091,-0.13296163367489655,0.10356678585449036,133.25,35.55
2327,1985-05-18 00:00:00,0.08100460798216587,-0.03719060618969258,0.19919982215402432,133.25,35.55
2328,1985-05-19 00:00:00,0.14941325441474365,0.03109775183955195,0.26772875698993537,133.25,35.55
2329,1985-05-20 00:00:00,0.1744911121996275,0.05566553977221458,0.2933166846270404,133.25,35.55
2330,1985-05-21 00:00:00,0.022983598460253087,-0.09567139288963457,0.14163858981014074,133.25,35.55
2331,1985-05-22 00:00:00,0.01967736296336071,-0.0986446395169196,0.13799936544364105,133.25,35.55
2332,1985-05-23 00:00:00,0.018891287668546072,-0.09926721330745288,0.13704978864454506,133.25,35.55
2333,1985-05-24 00:00:00,0.08330571508475633,-0.03482818768419778,0.2014396178537104,133.25,35.55
2334,1985-05-25 00:00:00,0.08275817216750843,-0.03551120923665768,0.20102755357167454,133.25,35.55
2335,1985-05-26 00:00:00,0.017362185585475514,-0.1010296680097043,0.13575403918065532,133.25,35.55
2336,1985-05-27 00:00:00,0.039367553051306736,-0.07895136482542202,0.1576864709280355,133.25,35.55
2337,1985-05-28 00:00:00,0.036706921857819416,-0.0814588072030087,0.15487265091864755,133.25,35.55
2338,1985-05-29 00:00:00,-0.033867576745794645,-0.15229591621530403,0.08456076272371471,133.25,35.55
2339,1985-05-30 00:00:00,-0.013306987825672759,-0.13181179336279358,0.10519781771144808,133.25,35.55
2340,1985-05-31 00:00:00,0.01928727210962257,-0.09900465511880732,0.13757919933805246,133.25,35.55
2341,1985-06-01 00:00:00,0.030827073782621787,-0.08744908417499961,0.14910323174024318,133.25,35.55
2342,1985-06-02 00:00:00,0.02720824916811081,-0.0909852594439159,0.14540175778013753,133.25,35.55
2343,1985-06-03 00:00:00,0.036186964413096566,-0.0819364850685547,0.1543104138947478,133.25,35.55
2344,1985-06-04 00:00:00,0.0166314443939084,-0.1014723111595127,0.13473519994732952,133.25,35.55
2345,1985-06-05 00:00:00,0.01856408221746481,-0.09956660389165682,0.13669476832658645,133.25,35.55
2346,1985-06-06 00:00:00,0.06540037335619818,-0.052734824171387716,0.18353557088378408,133.25,35.55
2347,1985-06-07 00:00:00,0.08978043430645216,-0.02838888968321864,0.20794975829612292,133.25,35.55
2348,1985-06-08 00:00:00,0.007317369418968225,-0.11208345904561734,0.1267181978835538,133.25,35.55
2349,1985-06-09 00:00:00,0.03463497449351278,-0.08479763244233468,0.15406758142936025,133.25,35.55
2350,1985-06-10 00:00:00,-0.02763141600135452,-0.1458711036045549,0.09060827160184587,133.25,35.55
2351,1985-06-11 00:00:00,0.02331364491358021,-0.09478597852700443,0.14141326835416484,133.25,35.55
2352,1985-06-12 00:00:00,0.019168453951721814,-0.09893792466927152,0.13727483257271514,133.25,35.55
2353,1985-06-13 00:00:00,-0.01344209431245191,-0.1316734190874441,0.10478923046254028,133.25,35.55
2354,1985-06-14 00:00:00,0.017064980134012864,-0.10145580622378736,0.1355857664918131,133.25,35.55
2355,1985-06-15 00:00:00,0.022559477645931917,-0.09573051574669712,0.14084947103856096,133.25,35.55
2356,1985-06-16 00:00:00,0.02381769464324733,-0.0942894054100388,0.14192479469653346,133.25,35.55
2357,1985-06-17 00:00:00,-0.00038992528399963566,-0.11853061497201985,0.11775076440402055,133.25,35.55
2358,1985-06-18 00:00:00,0.004189200732084682,-0.11399097097344582,0.1223693724376152,133.25,35.55
2359,1985-06-19 00:00:00,0.037737885443977125,-0.08051957122529338,0.15599534211324764,133.25,35.55
2360,1985-06-20 00:00:00,0.03384261870811043,-0.08433661285899352,0.1520218502752144,133.25,35.55
2361,1985-06-21 00:00:00,0.06960303238094324,-0.048564242647946135,0.18777030740983264,133.25,35.55
2362,1985-06-22 00:00:00,0.09114134377586328,-0.027119110707789367,0.20940179825951594,133.25,35.55
2363,1985-06-23 00:00:00,0.05503937901987449,-0.06313357247940697,0.17321233051915594,133.25,35.55
2364,1985-06-24 00:00:00,0.055115770413430264,-0.06310958123009155,0.17334112205695207,133.25,35.55
2365,1985-06-25 00:00:00,0.11891450930634667,0.0003802331095127537,0.2374487855031806,133.25,35.55
2366,1985-06-26 00:00:00,-0.009756141286924893,-0.12832518159890707,0.10881289902505728,133.25,35.55
2367,1985-06-27 00:00:00,0.03642370002350126,-0.08173115855796846,0.154578558604971,133.25,35.55
2368,1985-06-28 00:00:00,0.055159309912556284,-0.06330566371967612,0.1736242835447887,133.25,35.55
2369,1985-06-29 00:00:00,0.03655168889106833,-0.08183658605651313,0.15493996383864975,133.25,35.55
2370,1985-06-30 00:00:00,0.0683269265769631,-0.049970948893039685,0.18662480204696588,133.25,35.55
2371,1985-07-01 00:00:00,0.030282740677706657,-0.09010220848711452,0.15066768984252785,133.25,35.55
2372,1985-07-02 00:00:00,-0.010061260793144984,-0.12905855498249338,0.1089360333962034,133.25,35.55
2373,1985-07-03 00:00:00,0.06641278220068055,-0.05207335777205119,0.18489892217341228,133.25,35.55
2374,1985-07-04 00:00:00,0.093276662511029,-0.026038377919087502,0.21259170294114552,133.25,35.55
2375,1985-07-05 00:00:00,0.07300606446929304,-0.045924386579775316,0.1919365155183614,133.25,35.55
2376,1985-07-06 00:00:00,0.0943510878235432,-0.024333941463414305,0.21303611711050072,133.25,35.55
2377,1985-07-07 00:00:00,0.07555793911520084,-0.0429726824402504,0.19408856067065208,133.25,35.55
2378,1985-07-08 00:00:00,0.1365231937199181,0.017323564031682958,0.2557228234081533,133.25,35.55
2379,1985-07-09 00:00:00,0.10387013224037916,-0.015176270846031391,0.22291653532678973,133.25,35.55
2380,1985-07-10 00:00:00,0.09784589461074364,-0.020371520901321997,0.21606331012280927,133.25,35.55
2381,1985-07-11 00:00:00,0.15403886592137106,0.035559636475629694,0.2725180953671124,133.25,35.55
2382,1985-07-12 00:00:00,0.06733572859803029,-0.051054145156999915,0.1857256023530605,133.25,35.55
2383,1985-07-13 00:00:00,0.10710025066578176,-0.011384016595755414,0.2255845179273189,133.25,35.55
2384,1985-07-14 00:00:00,0.08767142070075998,-0.03097530190651465,0.2063181433080346,133.25,35.55
2385,1985-07-15 00:00:00,0.01608769499548229,-0.10209424609615124,0.1342696360871158,133.25,35.55
2386,1985-07-16 00:00:00,0.035559289620534416,-0.0825619715240113,0.15368055076508014,133.25,35.55
2387,1985-07-17 00:00:00,0.1890996831559179,0.0708020116022992,0.3073973547095366,133.25,35.55
2388,1985-07-18 00:00:00,0.17550395975408395,0.057065755759725174,0.29394216374844273,133.25,35.55
2389,1985-07-19 00:00:00,0.04779892516151557,-0.07046144748117786,0.166059297804209,133.25,35.55
2390,1985-07-20 00:00:00,0.007992735696417638,-0.1101436547817122,0.12612912617454747,133.25,35.55
2391,1985-07-21 00:00:00,0.01795785833132258,-0.10014838037686702,0.1360640970395122,133.25,35.55
2392,1985-07-22 00:00:00,0.035922338034590086,-0.08215748288844943,0.1540021589576296,133.25,35.55
2393,1985-07-23 00:00:00,0.06796687548885558,-0.050117360110235404,0.18605111108794656,133.25,35.55
2394,1985-07-24 00:00:00,0.0692766718459396,-0.04880225578578981,0.18735559947766897,133.25,35.55
2395,1985-07-25 00:00:00,0.0691548975317394,-0.048935944920434384,0.1872457399839132,133.25,35.55
2396,1985-07-26 00:00:00,0.04444964469291123,-0.07367341827100851,0.162572707656831,133.25,35.55
2397,1985-07-27 00:00:00,0.014698891243642988,-0.10351480203469504,0.132912584521981,133.25,35.55
2398,1985-07-28 00:00:00,0.007795854347614397,-0.11040308627032472,0.12599479496555352,133.25,35.55
2399,1985-07-29 00:00:00,0.04887422299744673,-0.06929315902689392,0.1670416050217874,133.25,35.55
2400,1985-07-30 00:00:00,0.06203682424123624,-0.056064685244032485,0.18013833372650495,133.25,35.55
2401,1985-07-31 00:00:00,0.05246767215230905,-0.06563399390510738,0.17056933820972547,133.25,35.55
2402,1985-08-01 00:00:00,0.03719451291531243,-0.08092016233228144,0.15530918816290631,133.25,35.55
2403,1985-08-02 00:00:00,0.07252038326931907,-0.04561162179903233,0.19065238833767048,133.25,35.55
2404,1985-08-03 00:00:00,0.07075127112502179,-0.04755809693814586,0.18906063918818944,133.25,35.55
2405,1985-08-04 00:00:00,0.067387833825148,-0.050808846277500236,0.18558451392779626,133.25,35.55
2406,1985-08-05 00:00:00,0.05473227876942988,-0.06344221008924622,0.172906767628106,133.25,35.55
2407,1985-08-06 00:00:00,0.07001557581943604,-0.04814993550661074,0.1881810871454828,133.25,35.55
2408,1985-08-07 00:00:00,0.08392084084037904,-0.034346317240956825,0.2021879989217149,133.25,35.55
2409,1985-08-08 00:00:00,0.07518565504317844,-0.04331927602699366,0.19369058611335052,133.25,35.55
2410,1985-08-09 00:00:00,0.044946177195862164,-0.07373660895385298,0.1636289633455773,133.25,35.55
2411,1985-08-10 00:00:00,0.07211812262003546,-0.04630369014544436,0.19053993538551528,133.25,35.55
2412,1985-08-11 00:00:00,0.14584103117006153,0.027191805167399302,0.2644902571727238,133.25,35.55
2413,1985-08-12 00:00:00,0.1217644714827805,0.0030653952073814573,0.2404635477581795,133.25,35.55
2414,1985-08-13 00:00:00,-0.0018799388792388216,-0.1202830556884232,0.11652317792994556,133.25,35.55
2415,1985-08-14 00:00:00,0.1126476510424334,-0.006180035655309364,0.23147533774017615,133.25,35.55
2416,1985-08-15 00:00:00,0.11649529322543925,-0.002491491058196807,0.2354820775090753,133.25,35.55
2417,1985-08-16 00:00:00,0.0788349336063135,-0.03949349332613159,0.19716336053875855,133.25,35.55
2418,1985-08-17 00:00:00,0.057742044174779274,-0.0605214079814635,0.17600549633102205,133.25,35.55
2419,1985-08-18 00:00:00,0.03159914570767322,-0.08663476619427653,0.14983305760962295,133.25,35.55
2420,1985-08-19 00:00:00,0.0003970299031804039,-0.11776351283339402,0.11855757263975482,133.25,35.55
2421,1985-08-20 00:00:00,0.013567443592549154,-0.10465258310410043,0.1317874702891987,133.25,35.55
2422,1985-08-21 00:00:00,0.007199497534632106,-0.11098540488109176,0.12538439995035594,133.25,35.55
2423,1985-08-22 00:00:00,0.0037101142728321757,-0.11450913705361028,0.1219293655992746,133.25,35.55
2424,1985-08-23 00:00:00,-0.013437296776273713,-0.1316580821404252,0.1047834885878778,133.25,35.55
2425,1985-08-24 00:00:00,0.008867911944999949,-0.10928927420445553,0.12702509809445542,133.25,35.55
2426,1985-08-25 00:00:00,0.03470677458962821,-0.08340928460647068,0.1528228337857271,133.25,35.55
2427,1985-08-26 00:00:00,0.07328057286678234,-0.04485862592538505,0.19141977165894972,133.25,35.55
2428,1985-08-27 00:00:00,0.1019050733612717,-0.01624118478703014,0.2200513315095736,133.25,35.55
2429,1985-08-28 00:00:00,0.0303848379617884,-0.08776032320974042,0.1485299991333172,133.25,35.55
2430,1985-08-29 00:00:00,0.012436669136477214,-0.10578523185246967,0.13065857012542412,133.25,35.55
2431,1985-08-30 00:00:00,-0.012182161512089429,-0.13047686061850267,0.10611253759432382,133.25,35.55
2432,1985-08-31 00:00:00,0.050882457803872516,-0.06766752466303913,0.16943244027078413,133.25,35.55
2433,1985-09-01 00:00:00,0.08511675675886574,-0.03454614125288846,0.20477965477061996,133.25,35.55
2434,1985-09-02 00:00:00,-0.047770737004215004,-0.16668518450801245,0.07114371049958243,133.25,35.55
2435,1985-09-03 00:00:00,0.030084405570609225,-0.08813713505396248,0.14830594619518095,133.25,35.55
2436,1985-09-04 00:00:00,0.05441254349545625,-0.06375098802209468,0.17257607501300715,133.25,35.55
2437,1985-09-05 00:00:00,0.07181252735147803,-0.046287181911161664,0.1899122366141177,133.25,35.55
2438,1985-09-06 00:00:00,0.08809045234452494,-0.03003495638815605,0.2062158610772059,133.25,35.55
2439,1985-09-07 00:00:00,0.1359802997570039,0.017782625896789875,0.25417797361721794,133.25,35.55
2440,1985-09-08 00:00:00,0.02988221265159925,-0.08836812962639724,0.14813255492959576,133.25,35.55
2441,1985-09-09 00:00:00,0.03187781798185493,-0.08624300925187503,0.14999864521558487,133.25,35.55
2442,1985-09-10 00:00:00,0.08054719405245372,-0.03758169800768504,0.1986760861125925,133.25,35.55
2443,1985-09-11 00:00:00,0.10629453975369292,-0.012349296302162529,0.2249383758095484,133.25,35.55
2444,1985-09-12 00:00:00,0.10481129903874063,-0.01390884369878255,0.22353144177626386,133.25,35.55
2445,1985-09-13 00:00:00,-0.011077413594341348,-0.12948414809644673,0.10732932090776404,133.25,35.55
2446,1985-09-14 00:00:00,-0.03765418782275115,-0.15581619606832794,0.08050782042282564,133.25,35.55
2447,1985-09-15 00:00:00,-0.03552141597237131,-0.15364915803454193,0.08260632608979933,133.25,35.55
2448,1985-09-16 00:00:00,0.03287044660533135,-0.0854688638431679,0.1512097570538306,133.25,35.55
2449,1985-09-17 00:00:00,-0.005623493407849098,-0.12397574082461525,0.11272875400891705,133.25,35.55
2450,1985-09-18 00:00:00,0.1477267944476231,0.029301130478095693,0.2661524584171505,133.25,35.55
2451,1985-09-19 00:00:00,0.051345057166959016,-0.06716228927637831,0.16985240361029635,133.25,35.55
2452,1985-09-20 00:00:00,0.02591570704411637,-0.09292159613700908,0.1447530102252418,133.25,35.55
2453,1985-09-21 00:00:00,0.004593227613002243,-0.11379957320025234,0.12298602842625685,133.25,35.55
2454,1985-09-22 00:00:00,-0.0018656497105570718,-0.1199839011880033,0.11625260176688915,133.25,35.55
2455,1985-09-23 00:00:00,-0.038208290503458704,-0.15658645087770484,0.08016986987078745,133.25,35.55
2456,1985-09-24 00:00:00,0.01754178525482334,-0.10110865343529676,0.13619222394494346,133.25,35.55
2457,1985-09-25 00:00:00,0.06231565291757591,-0.056236248193238164,0.18086755402839,133.25,35.55
2458,1985-09-26 00:00:00,-0.04556304207079388,-0.16372332314404142,0.07259723900245366,133.25,35.55
2459,1985-09-27 00:00:00,-0.0300857720608147,-0.14825958426131147,0.08808804013968206,133.25,35.55
2460,1985-09-28 00:00:00,0.03891479841499308,-0.07928865521140158,0.1571182520413877,133.25,35.55
2461,1985-09-29 00:00:00,0.08818815961778598,-0.030392307534014826,0.2067686267695868,133.25,35.55
2462,1985-09-30 00:00:00,0.03727531636502369,-0.08110770723238682,0.1556583399624342,133.25,35.55
2463,1985-10-01 00:00:00,0.09599074676987618,-0.022473273441443148,0.2144547669811955,133.25,35.55
2464,1985-10-02 00:00:00,0.002321272578195765,-0.1161146676272412,0.12075721278363273,133.25,35.55
2465,1985-10-03 00:00:00,-0.025090367697035088,-0.14329151698228418,0.09311078158821401,133.25,35.55
2466,1985-10-04 00:00:00,0.018776603812631017,-0.09932447930484148,0.13687768693010355,133.25,35.55
2467,1985-10-05 00:00:00,-0.02590644740328124,-0.14434089990670348,0.092528005100141,133.25,35.55
2468,1985-10-06 00:00:00,0.09664573838470396,-0.032504054087603186,0.2257955308570111,133.25,35.55
2469,1985-10-07 00:00:00,0.1836818649518624,0.060793329919806974,0.30657039998391783,133.25,35.55
2470,1985-10-08 00:00:00,0.07058773921084333,-0.04856858355698171,0.1897440619786684,133.25,35.55
2471,1985-10-09 00:00:00,-0.003881488023215587,-0.12213032438094933,0.11436734833451816,133.25,35.55
2472,1985-10-10 00:00:00,0.026609330155890745,-0.09154848785925908,0.14476714817104058,133.25,35.55
2473,1985-10-11 00:00:00,0.0460521352065894,-0.07244446343646294,0.16454873384964175,133.25,35.55
2474,1985-10-12 00:00:00,0.06763968840673049,-0.050811225413926686,0.18609060222738769,133.25,35.55
2475,1985-10-13 00:00:00,0.15502004233816685,0.035088615041834775,0.2749514696344989,133.25,35.55
2476,1985-10-14 00:00:00,0.00901480592375805,-0.1108704851434004,0.12890009699091648,133.25,35.55
2477,1985-10-15 00:00:00,-0.048046207969660214,-0.16632321265467398,0.07023079671535358,133.25,35.55
2478,1985-10-16 00:00:00,0.09013655849082487,-0.02815207688573043,0.20842519386738015,133.25,35.55
2479,1985-10-17 00:00:00,0.03700620303916507,-0.08186670251482522,0.15587910859315535,133.25,35.55
2480,1985-10-18 00:00:00,0.055785240760345765,-0.06268650391277518,0.1742569854334667,133.25,35.55
2481,1985-10-19 00:00:00,0.016477943631955136,-0.10177610957653684,0.13473199684044712,133.25,35.55
2482,1985-10-20 00:00:00,-0.0497089720300205,-0.16790400516674206,0.06848606110670105,133.25,35.55
2483,1985-10-21 00:00:00,-0.0183081418359538,-0.13645225537844702,0.0998359717065394,133.25,35.55
2484,1985-10-22 00:00:00,0.05577377007587776,-0.06241069389726675,0.17395823404902228,133.25,35.55
2485,1985-10-23 00:00:00,0.04366556268931075,-0.07469185869283003,0.16202298407145152,133.25,35.55
2486,1985-10-24 00:00:00,0.11231180815174742,-0.006053522932132946,0.23067713923562774,133.25,35.55
2487,1985-10-25 00:00:00,-0.11243087189744716,-0.2309272751874006,0.0060655313925062635,133.25,35.55
2488,1985-10-26 00:00:00,0.012103043328247902,-0.10614165348068656,0.13034774013718234,133.25,35.55
2489,1985-10-27 00:00:00,0.018886756063468717,-0.09943455598379357,0.137208068110731,133.25,35.55
2490,1985-10-28 00:00:00,-0.00883109746191392,-0.12714130434885967,0.10947910942503182,133.25,35.55
2491,1985-10-29 00:00:00,0.020446862480421428,-0.0977022825164493,0.13859600747729214,133.25,35.55
2492,1985-10-30 00:00:00,0.04864131553091997,-0.06968504190096055,0.16696767296280046,133.25,35.55
2493,1985-10-31 00:00:00,-0.023663178107903544,-0.14189513462697956,0.09456877841117248,133.25,35.55
2494,1985-11-01 00:00:00,0.09290328439927913,-0.02571991845361,0.21152648725216824,133.25,35.55
2495,1985-11-02 00:00:00,-0.11723103317854232,-0.2370085671199295,0.002546500762844892,133.25,35.55
2496,1985-11-03 00:00:00,-0.0735185176912657,-0.1923386434771577,0.0453016080946263,133.25,35.55
2497,1985-11-04 00:00:00,0.018042706298870226,-0.1001615110087432,0.13624692360648366,133.25,35.55
2498,1985-11-05 00:00:00,0.043539788058387166,-0.07473632744413572,0.16181590356091005,133.25,35.55
2499,1985-11-06 00:00:00,0.0031807153653431943,-0.11509682495990398,0.12145825569059038,133.25,35.55
2500,1985-11-07 00:00:00,0.011301153355263535,-0.1071571711525132,0.12975947786304026,133.25,35.55
2501,1985-11-08 00:00:00,-0.002328245402158799,-0.1211224680511969,0.11646597724687932,133.25,35.55
2502,1985-11-09 00:00:00,0.10054757787347043,-0.01788611643426334,0.21898127218120425,133.25,35.55
2503,1985-11-10 00:00:00,0.1656862336913688,0.04710100435462075,0.2842714630281169,133.25,35.55
2504,1985-11-11 00:00:00,0.15241726917841156,0.03351337620281948,0.27132116215400365,133.25,35.55
2505,1985-11-12 00:00:00,0.2106896256328742,0.09130566382512133,0.33007358744062704,133.25,35.55
2506,1985-11-13 00:00:00,0.11746435303414808,-0.0018918007080141184,0.2368205067763103,133.25,35.55
2507,1985-11-14 00:00:00,0.1390358826770594,0.020298566983216082,0.25777319837090273,133.25,35.55
2508,1985-11-15 00:00:00,0.13580916900875656,0.017126945945035218,0.2544913920724779,133.25,35.55
2509,1985-11-16 00:00:00,0.057419571659887585,-0.0609658133285039,0.17580495664827908,133.25,35.55
2510,1985-11-17 00:00:00,0.16303469773196433,0.044442736908757496,0.2816266585551712,133.25,35.55
2511,1985-11-18 00:00:00,0.13048737641573796,0.01163803672272369,0.24933671610875224,133.25,35.55
2512,1985-11-19 00:00:00,0.031050161463067532,-0.08738271686400748,0.14948303979014255,133.25,35.55
2513,1985-11-20 00:00:00,0.06186029066486363,-0.0563177726087028,0.18003835393843004,133.25,35.55
2514,1985-11-21 00:00:00,0.05085296708714655,-0.06740423582867275,0.16911017000296585,133.25,35.55
2515,1985-11-22 00:00:00,0.07552742274395234,-0.04270388981607895,0.19375873530398366,133.25,35.55
2516,1985-11-23 00:00:00,0.11613891413899576,-0.00255380142569582,0.2348316297036873,133.25,35.55
2517,1985-11-24 00:00:00,-0.0478839689436268,-0.16675789927971468,0.07098996139246108,133.25,35.55
2518,1985-11-25 00:00:00,0.12255296951784192,0.003119393638283785,0.24198654539740005,133.25,35.55
2519,1985-11-26 00:00:00,0.03744090243241748,-0.08130069264713635,0.15618249751197133,133.25,35.55
2520,1985-11-27 00:00:00,0.030727536687713525,-0.08762457554970432,0.14907964892513134,133.25,35.55
2521,1985-11-28 00:00:00,0.21359565629435254,0.09472538066130216,0.33246593192740304,133.25,35.55
2522,1985-11-29 00:00:00,0.03771102369357422,-0.0818487652414282,0.15727081262857665,133.25,35.55
2523,1985-11-30 00:00:00,0.09149135351904812,-0.02696629458961307,0.2099490016277093,133.25,35.55
2524,1985-12-01 00:00:00,0.0922684350134583,-0.026173526305228872,0.21071039633214547,133.25,35.55
2525,1985-12-02 00:00:00,0.11458935368836118,-0.00411864188193499,0.23329734925865736,133.25,35.55
2526,1985-12-03 00:00:00,-0.007404635103794442,-0.1260391631002878,0.1112298928926989,133.25,35.55
2527,1985-12-04 00:00:00,0.09456133766227254,-0.023665336136956625,0.2127880114615017,133.25,35.55
2528,1985-12-05 00:00:00,-0.018713904351908586,-0.13713647228407286,0.09970866358025568,133.25,35.55
2529,1985-12-06 00:00:00,-0.0016908989730626126,-0.12033802923138055,0.11695623128525533,133.25,35.55
2530,1985-12-07 00:00:00,-0.006405454651914402,-0.1251727424170503,0.11236183311322147,133.25,35.55
2531,1985-12-08 00:00:00,0.046989901813544066,-0.07139486425823703,0.16537466788532518,133.25,35.55
2532,1985-12-09 00:00:00,0.059436683143427066,-0.059674264978769175,0.17854763126562329,133.25,35.55
2533,1985-12-10 00:00:00,0.036037774052912336,-0.08430854413356317,0.15638409223938785,133.25,35.55
2534,1985-12-11 00:00:00,0.06417180514767543,-0.054254888039446725,0.1825984983347976,133.25,35.55
2535,1985-12-12 00:00:00,0.12031358185293295,0.001875156072878706,0.23875200763298715,133.25,35.55
2536,1985-12-13 00:00:00,0.1084187413885832,-0.010042963600873214,0.2268804463780396,133.25,35.55
2537,1985-12-14 00:00:00,0.18636938696336305,0.06762833706320903,0.30511043686351697,133.25,35.55
2538,1985-12-15 00:00:00,0.03900967479227693,-0.08022351379389965,0.1582428633784535,133.25,35.55
2539,1985-12-16 00:00:00,0.09684326354820294,-0.02214307192362121,0.21582959902002707,133.25,35.55
2540,1985-12-17 00:00:00,0.02957319755293584,-0.08943454447402419,0.14858093957989588,133.25,35.55
2541,1985-12-18 00:00:00,-0.03235315486332871,-0.1516556695285733,0.08694935980191587,133.25,35.55
2542,1985-12-19 00:00:00,0.15549252160452948,0.03691175495842039,0.2740732882506386,133.25,35.55
2543,1985-12-20 00:00:00,-0.05846002477666036,-0.17695169299448274,0.060031643441161985,133.25,35.55
2544,1985-12-21 00:00:00,-0.059877006398594376,-0.1781359134086134,0.05838190061142464,133.25,35.55
2545,1985-12-22 00:00:00,0.06816405963186943,-0.05006569723320834,0.1863938164969472,133.25,35.55
2546,1985-12-23 00:00:00,0.08215965107775627,-0.03626719696323115,0.2005864991187437,133.25,35.55
2547,1985-12-24 00:00:00,-0.07573424638718318,-0.19443311137407754,0.042964618599711214,133.25,35.55
2548,1985-12-25 00:00:00,0.07506824954894684,-0.043297569088783884,0.19343406818667755,133.25,35.55
2549,1985-12-26 00:00:00,0.02168713462625712,-0.0967418438327057,0.14011611308521996,133.25,35.55
2550,1985-12-27 00:00:00,0.07054388729900968,-0.047832162021955484,0.18891993661997486,133.25,35.55
2551,1985-12-28 00:00:00,-0.03783395012650809,-0.15618063218767786,0.08051273193466169,133.25,35.55
2552,1985-12-29 00:00:00,0.06427442604776855,-0.053922606165289086,0.18247145826082614,133.25,35.55
2553,1985-12-30 00:00:00,0.16061186261950533,0.042245044134791104,0.27897868110421953,133.25,35.55
2554,1985-12-31 00:00:00,0.05130124947231832,-0.06943595064342345,0.17203844958806008,133.25,35.55
2555,1986-01-01 00:00:00,0.12652530658415329,0.007792889248684209,0.2452577239196224,133.25,35.55
2556,1986-01-02 00:00:00,0.1072799771916946,-0.01206629694063635,0.22662625132402556,133.25,35.55
2557,1986-01-03 00:00:00,0.03772294064336965,-0.08088132152039841,0.1563272028071377,133.25,35.55
2558,1986-01-04 00:00:00,0.1322404931693266,0.012792020609869642,0.2516889657287835,133.25,35.55
2559,1986-01-05 00:00:00,0.14575265923624922,0.0259708263777282,0.26553449209477026,133.25,35.55
2560,1986-01-06 00:00:00,0.2674943536381189,0.1482240849700796,0.3867646223061582,133.25,35.55
2561,1986-01-07 00:00:00,0.11320246178079392,-0.005664093283314131,0.23206901684490197,133.25,35.55
2562,1986-01-08 00:00:00,0.13435463850868445,0.015322160584279319,0.25338711643308953,133.25,35.55
2563,1986-01-09 00:00:00,0.2351279648002232,0.11498920349298207,0.35526672610746424,133.25,35.55
2564,1986-01-10 00:00:00,0.07335357639465195,-0.04555506634791871,0.19226221913722266,133.25,35.55
2565,1986-01-11 00:00:00,0.024770739425007026,-0.0936383590988807,0.14317983794889474,133.25,35.55
2566,1986-01-12 00:00:00,0.01083613416974745,-0.1073697822012263,0.1290420505407212,133.25,35.55
2567,1986-01-13 00:00:00,0.14166914976837786,0.023294722261474318,0.2600435772752813,133.25,35.55
2568,1986-01-14 00:00:00,0.05143990448128656,-0.06736209597342085,0.17024190493599395,133.25,35.55
2569,1986-01-15 00:00:00,0.020645894198434597,-0.09761990598608963,0.13891169438295886,133.25,35.55
2570,1986-01-16 00:00:00,0.043262303175782224,-0.0749835250640789,0.16150813141564335,133.25,35.55
2571,1986-01-17 00:00:00,0.1002327832426815,-0.01810005018399881,0.2185656166693618,133.25,35.55
2572,1986-01-18 00:00:00,0.004984923233227562,-0.11328828680012724,0.1232581332665824,133.25,35.55
2573,1986-01-19 00:00:00,-0.01541664923906294,-0.13366327954070986,0.10282998106258394,133.25,35.55
2574,1986-01-20 00:00:00,0.035177405714919736,-0.08309017467780616,0.15344498610764565,133.25,35.55
2575,1986-01-21 00:00:00,-0.04756694520139917,-0.16595385329712056,0.07081996289432221,133.25,35.55
2576,1986-01-22 00:00:00,0.10995671186585372,-0.009019483824728586,0.22893290755643605,133.25,35.55
2577,1986-01-23 00:00:00,0.14232102843078287,0.023428630116021167,0.2612134267455446,133.25,35.55
2578,1986-01-24 00:00:00,0.02756041240228369,-0.09107133890981932,0.1461921637143867,133.25,35.55
2579,1986-01-25 00:00:00,0.06801778778911116,-0.05044065007943452,0.18647622565765684,133.25,35.55
2580,1986-01-26 00:00:00,0.047160312674761465,-0.07119588927310043,0.16551651462262335,133.25,35.55
2581,1986-01-27 00:00:00,0.08109729157874247,-0.03727807671863195,0.1994726598761169,133.25,35.55
2582,1986-01-28 00:00:00,0.2027074115023412,0.08404220495939331,0.32137261804528905,133.25,35.55
2583,1986-01-29 00:00:00,0.019347226312900482,-0.09932566342971463,0.13802011605551562,133.25,35.55
2584,1986-01-30 00:00:00,0.09201022685560303,-0.026196144778679608,0.21021659848988566,133.25,35.55
2585,1986-01-31 00:00:00,0.02773639138036598,-0.09052401514620197,0.1459967979069339,133.25,35.55
2586,1986-02-01 00:00:00,0.01087582179745844,-0.10758711686831947,0.12933876046323636,133.25,35.55
2587,1986-02-02 00:00:00,0.11433684054711847,-0.0040954894168720455,0.23276917051110896,133.25,35.55
2588,1986-02-03 00:00:00,0.13338578314488034,0.014418099553442781,0.2523534667363179,133.25,35.55
2589,1986-02-04 00:00:00,0.005357081253007646,-0.1135006439279972,0.12421480643401248,133.25,35.55
2590,1986-02-05 00:00:00,0.0779819393527712,-0.04040252599841088,0.19636640470395328,133.25,35.55
2591,1986-02-06 00:00:00,0.038217409766504486,-0.0800997257246873,0.15653454525769628,133.25,35.55
2592,1986-02-07 00:00:00,0.02833650219857068,-0.08995232522229665,0.14662532961943806,133.25,35.55
2593,1986-02-08 00:00:00,0.025272873587325544,-0.09308178228852412,0.1436275294631752,133.25,35.55
2594,1986-02-09 00:00:00,0.040115082063831416,-0.0782395754887753,0.15846973961643812,133.25,35.55
2595,1986-02-10 00:00:00,-0.019859914052111696,-0.13806437442797734,0.09834454632375396,133.25,35.55
2596,1986-02-11 00:00:00,0.04256928851437167,-0.0756452582692048,0.16078383529794815,133.25,35.55
2597,1986-02-12 00:00:00,0.025011743079194654,-0.09340000557896314,0.14342349173735244,133.25,35.55
2598,1986-02-13 00:00:00,0.08603284866343286,-0.032185157544203015,0.20425085487106875,133.25,35.55
2599,1986-02-14 00:00:00,0.08438859397446505,-0.033994304485116825,0.2027714924340469,133.25,35.55
2600,1986-02-15 00:00:00,-0.03745695126221095,-0.15594087878006085,0.08102697625563893,133.25,35.55
2601,1986-02-16 00:00:00,-0.0015518821443813169,-0.12056739394089948,0.11746362965213684,133.25,35.55
2602,1986-02-17 00:00:00,-0.061104709400169585,-0.1797566596219271,0.05754724082158795,133.25,35.55
2603,1986-02-18 00:00:00,-0.011402443724881651,-0.13008215606643067,0.10727726861666737,133.25,35.55
2604,1986-02-19 00:00:00,0.1057986565350728,-0.01382530707582269,0.2254226201459683,133.25,35.55
2605,1986-02-20 00:00:00,-0.0007015729998790797,-0.11916409664941968,0.11776095064966152,133.25,35.55
2606,1986-02-21 00:00:00,0.021850041773327267,-0.0964746729727896,0.14017475651944414,133.25,35.55
2607,1986-02-22 00:00:00,0.06051125208508777,-0.0576952486308612,0.17871775280103674,133.25,35.55
2608,1986-02-23 00:00:00,0.15531398963892834,0.03695426570452408,0.2736737135733326,133.25,35.55
2609,1986-02-24 00:00:00,0.023924035515241016,-0.0945981099210644,0.14244618095154646,133.25,35.55
2610,1986-02-25 00:00:00,0.06554765082420988,-0.052982520807034215,0.184077822455454,133.25,35.55
2611,1986-02-26 00:00:00,0.02965258693586525,-0.08877831518558152,0.14808348905731206,133.25,35.55
2612,1986-02-27 00:00:00,0.13031453018391895,0.011850280120213191,0.2487787802476247,133.25,35.55
2613,1986-02-28 00:00:00,0.14311581071595292,0.023082423850543488,0.26314919758136235,133.25,35.55
2614,1986-03-01 00:00:00,0.021167876543664036,-0.0992081148722831,0.14154386795961116,133.25,35.55
2615,1986-03-02 00:00:00,0.09579648633444274,-0.02261920057143009,0.21421217324031555,133.25,35.55
2616,1986-03-03 00:00:00,0.09498009446091063,-0.023510505691210926,0.2134706946130321,133.25,35.55
2617,1986-03-04 00:00:00,-0.001532023343622041,-0.11996930062804045,0.11690525394079634,133.25,35.55
2618,1986-03-05 00:00:00,0.1454218558883469,0.02654810540179013,0.2642956063749037,133.25,35.55
2619,1986-03-06 00:00:00,-0.11743444174902586,-0.2369614878942308,0.0020926043961790874,133.25,35.55
2620,1986-03-07 00:00:00,0.024271604943903503,-0.0939364147259779,0.1424796246137849,133.25,35.55
2621,1986-03-08 00:00:00,-0.03755711958744587,-0.15576892192873293,0.08065468275384118,133.25,35.55
2622,1986-03-09 00:00:00,0.07432950675055518,-0.04384084663744794,0.1924998601385583,133.25,35.55
2623,1986-03-10 00:00:00,0.1475963828488332,0.028774429718617395,0.26641833597904896,133.25,35.55
2624,1986-03-11 00:00:00,0.03466269635760273,-0.08405793756415643,0.15338333027936188,133.25,35.55
2625,1986-03-12 00:00:00,0.03993464982767477,-0.0785190305673761,0.15838833022272564,133.25,35.55
2626,1986-03-13 00:00:00,0.03753666696614117,-0.08068246353589878,0.1557557974681811,133.25,35.55
2627,1986-03-14 00:00:00,-0.0724358706968023,-0.19110469211046388,0.04623295071685928,133.25,35.55
2628,1986-03-15 00:00:00,0.06596539324028525,-0.05293785982762248,0.18486864630819294,133.25,35.55
2629,1986-03-16 00:00:00,0.07516772730482495,-0.043328302917241386,0.1936637575268913,133.25,35.55
2630,1986-03-17 00:00:00,-0.026145600791751225,-0.14475495370884514,0.0924637521253427,133.25,35.55
2631,1986-03-18 00:00:00,-0.014463389661641853,-0.13290736716585574,0.10398058784257204,133.25,35.55
2632,1986-03-19 00:00:00,0.1030532016605144,-0.01609822674385844,0.22220463006488725,133.25,35.55
2633,1986-03-20 00:00:00,0.03905557331270028,-0.07996100968701343,0.15807215631241398,133.25,35.55
2634,1986-03-21 00:00:00,-0.07561463079238476,-0.19400838860718236,0.042779127022412836,133.25,35.55
2635,1986-03-22 00:00:00,-0.018082926458036545,-0.13622111350426944,0.10005526058819636,133.25,35.55
2636,1986-03-23 00:00:00,0.04096986421737973,-0.07896164679704483,0.16090137523180428,133.25,35.55
2637,1986-03-24 00:00:00,-0.060159412435645924,-0.18101959176542054,0.06070076689412871,133.25,35.55
2638,1986-03-25 00:00:00,-0.080884763439136,-0.19962080316647068,0.03785127628819866,133.25,35.55
2639,1986-03-26 00:00:00,0.013238996491467763,-0.10498237978494393,0.13146037276787947,133.25,35.55
2640,1986-03-27 00:00:00,0.06470424580918246,-0.053505288289468975,0.18291377990783392,133.25,35.55
2641,1986-03-28 00:00:00,0.06453560900075361,-0.053766697381634636,0.18283791538314187,133.25,35.55
2642,1986-03-29 00:00:00,0.01805710046007917,-0.10051110510862947,0.13662530602878786,133.25,35.55
2643,1986-03-30 00:00:00,0.08225497655571007,-0.03597860953460834,0.2004885626460285,133.25,35.55
2644,1986-03-31 00:00:00,0.05129957271848195,-0.06710182850837187,0.16970097394533576,133.25,35.55
2645,1986-04-01 00:00:00,-0.028171013166329875,-0.14636286476047072,0.09002083842781099,133.25,35.55
2646,1986-04-02 00:00:00,0.03316785127085749,-0.0850707812202791,0.15140648376199406,133.25,35.55
2647,1986-04-03 00:00:00,-0.008826045403182672,-0.12703230030916396,0.1093802095027986,133.25,35.55
2648,1986-04-04 00:00:00,0.12662485421360925,0.008309863913880458,0.2449398445133381,133.25,35.55
2649,1986-04-05 00:00:00,0.0489933536729536,-0.06953854958613638,0.16752525693204354,133.25,35.55
2650,1986-04-06 00:00:00,0.09994253847651276,-0.01857439391437378,0.2184594708673993,133.25,35.55
2651,1986-04-07 00:00:00,0.04701025909702479,-0.0724718400217172,0.16649235821576674,133.25,35.55
2652,1986-04-08 00:00:00,0.04076929009406447,-0.07770546748057466,0.1592440476687036,133.25,35.55
2653,1986-04-09 00:00:00,0.10250404818874437,-0.01575249134893229,0.22076058772642101,133.25,35.55
2654,1986-04-10 00:00:00,0.204707915075254,0.08576771242093424,0.3236481177295737,133.25,35.55
2655,1986-04-11 00:00:00,0.06231742350841218,-0.05665210472776221,0.18128695174458653,133.25,35.55
2656,1986-04-12 00:00:00,0.03803154424714969,-0.08044198352603345,0.1565050720203328,133.25,35.55
2657,1986-04-13 00:00:00,0.042581953422664506,-0.07573463169206057,0.16089853853738958,133.25,35.55
2658,1986-04-14 00:00:00,0.010714706020530077,-0.10750089530850457,0.12893030734956473,133.25,35.55
2659,1986-04-15 00:00:00,0.2559189202589699,0.13656286175274446,0.3752749787651953,133.25,35.55
2660,1986-04-16 00:00:00,-0.078193235886489,-0.1986206436889084,0.04223417191593043,133.25,35.55
2661,1986-04-17 00:00:00,0.06404125208002713,-0.054439989304718515,0.18252249346477276,133.25,35.55
2662,1986-04-18 00:00:00,0.055303786262278005,-0.06296146491620166,0.17356903744075766,133.25,35.55
2663,1986-04-19 00:00:00,-0.02319883239573588,-0.14166650739889095,0.09526884260741922,133.25,35.55
2664,1986-04-20 00:00:00,0.06182224965187817,-0.056541937568991125,0.1801864368727475,133.25,35.55
2665,1986-04-21 00:00:00,0.0013622863195861664,-0.11706976365083695,0.11979433629000928,133.25,35.55
2666,1986-04-22 00:00:00,0.013682347855515108,-0.10466434449543008,0.1320290402064603,133.25,35.55
2667,1986-04-23 00:00:00,0.07638288737346915,-0.041984346638441236,0.1947501213853796,133.25,35.55
2668,1986-04-24 00:00:00,0.03150599412415804,-0.08670324999395748,0.14971523824227356,133.25,35.55
2669,1986-04-25 00:00:00,0.05862628071582807,-0.059602533331668976,0.17685509476332512,133.25,35.55
2670,1986-04-26 00:00:00,0.009228169090619184,-0.10899354191342413,0.1274498800946625,133.25,35.55
2671,1986-04-27 00:00:00,0.19166965199304808,0.07305463634025895,0.31028466764583723,133.25,35.55
2672,1986-04-28 00:00:00,0.03963477961024865,-0.07915435767214132,0.15842391689263866,133.25,35.55
2673,1986-04-29 00:00:00,-0.058672118970469575,-0.17686526777614506,0.059521029835205866,133.25,35.55
2674,1986-04-30 00:00:00,-0.02135184607495145,-0.1394810649353959,0.09677737278549298,133.25,35.55
2675,1986-05-01 00:00:00,0.057245207680211435,-0.060973519076132375,0.17546393443655525,133.25,35.55
2676,1986-05-02 00:00:00,0.10958621279383372,-0.009054836871259587,0.228227262458927,133.25,35.55
2677,1986-05-03 00:00:00,-0.0018953757457004481,-0.12027367074088414,0.11648291924948324,133.25,35.55
2678,1986-05-04 00:00:00,-0.0015331018624225833,-0.11969410735243928,0.1166279036275941,133.25,35.55
2679,1986-05-05 00:00:00,0.009033380843300649,-0.10910303567215614,0.12716979735875744,133.25,35.55
2680,1986-05-06 00:00:00,0.05698637774516604,-0.06116991025051133,0.1751426657408434,133.25,35.55
2681,1986-05-07 00:00:00,0.09961458995929667,-0.01870353479551604,0.2179327147141094,133.25,35.55
2682,1986-05-08 00:00:00,0.07990609182610604,-0.03829602806897915,0.19810821172119125,133.25,35.55
2683,1986-05-09 00:00:00,0.14015613694420853,0.021675572647480882,0.2586367012409362,133.25,35.55
2684,1986-05-10 00:00:00,0.005270214521521021,-0.11343547377402975,0.12397590281707176,133.25,35.55
2685,1986-05-11 00:00:00,0.07179343281969505,-0.04643587285955682,0.1900227384989469,133.25,35.55
2686,1986-05-12 00:00:00,-0.011660987550308756,-0.12987990263447466,0.10655792753385712,133.25,35.55
2687,1986-05-13 00:00:00,0.024463460403427874,-0.09373911351723788,0.14266603432409364,133.25,35.55
2688,1986-05-14 00:00:00,0.3035797758667218,0.18352201988204853,0.4236375318513951,133.25,35.55
2689,1986-05-15 00:00:00,0.12889776882935472,0.00855808814883717,0.24923744950987226,133.25,35.55
2690,1986-05-16 00:00:00,0.10540622174828324,-0.013189661797561036,0.2240021052941275,133.25,35.55
2691,1986-05-17 00:00:00,0.04425434196642007,-0.07413493073331773,0.16264361466615787,133.25,35.55
2692,1986-05-18 00:00:00,0.1026857764927826,-0.015585436171029171,0.2209569891565944,133.25,35.55
2693,1986-05-19 00:00:00,0.1758677460187631,0.057446865312880235,0.29428862672464595,133.25,35.55
2694,1986-05-20 00:00:00,0.1520694992814426,0.033164834752390064,0.2709741638104951,133.25,35.55
2695,1986-05-21 00:00:00,-0.024558206422559875,-0.14310618620897392,0.09398977336385418,133.25,35.55
2696,1986-05-22 00:00:00,-0.0008504121338707461,-0.11899495568547275,0.11729413141773128,133.25,35.55
2697,1986-05-23 00:00:00,0.0050588483082089075,-0.11306164403126608,0.1231793406476839,133.25,35.55
2698,1986-05-24 00:00:00,0.12153193214174345,0.00324863882984755,0.2398152254536393,133.25,35.55
2699,1986-05-25 00:00:00,0.10045368518997594,-0.01792585022925333,0.2188332206092052,133.25,35.55
2700,1986-05-26 00:00:00,-0.03945418221353258,-0.15767187794966214,0.07876351352259697,133.25,35.55
2701,1986-05-27 00:00:00,0.014802593695632629,-0.10334386767868776,0.132949055069953,133.25,35.55
2702,1986-05-28 00:00:00,0.08217730162490675,-0.035976487878797515,0.20033109112861106,133.25,35.55
2703,1986-05-29 00:00:00,0.10077294944461848,-0.017436226296020943,0.2189821251852579,133.25,35.55
2704,1986-05-30 00:00:00,0.09676212262334608,-0.02221335796932272,0.21573760321601487,133.25,35.55
2705,1986-05-31 00:00:00,0.047285716595676416,-0.0717488118283591,0.16632024501971193,133.25,35.55
2706,1986-06-01 00:00:00,0.007920063815233837,-0.1103910108754019,0.1262311385058696,133.25,35.55
2707,1986-06-02 00:00:00,0.033256397824727384,-0.08483936322758089,0.15135215887703565,133.25,35.55
2708,1986-06-03 00:00:00,0.07011161914022053,-0.04797858992159201,0.18820182820203307,133.25,35.55
2709,1986-06-04 00:00:00,0.0032432441298164533,-0.11489451226067884,0.12138100052031175,133.25,35.55
2710,1986-06-05 00:00:00,-0.01649187918890891,-0.13473619644465526,0.1017524380668374,133.25,35.55
2711,1986-06-06 00:00:00,0.02103141745335964,-0.09734047312614257,0.13940330803286186,133.25,35.55
2712,1986-06-07 00:00:00,0.06830702150175262,-0.05007729403509721,0.18669133703860247,133.25,35.55
2713,1986-06-08 00:00:00,0.06063941412666661,-0.05754482852620842,0.17882365677954165,133.25,35.55
2714,1986-06-09 00:00:00,0.03808912012373819,-0.08021372170691916,0.15639196195439553,133.25,35.55
2715,1986-06-10 00:00:00,-0.010024914026444915,-0.1282625509853378,0.108212722932448,133.25,35.55
2716,1986-06-11 00:00:00,-0.03078480645137318,-0.14892031736064007,0.08735070445789371,133.25,35.55
2717,1986-06-12 00:00:00,-0.024134629254555524,-0.14229819663824808,0.09402893812913704,133.25,35.55
2718,1986-06-13 00:00:00,0.02130706911984766,-0.09687605653163314,0.13949019477132849,133.25,35.55
2719,1986-06-14 00:00:00,0.02007215081122524,-0.09808998274114987,0.13823428436360036,133.25,35.55
2720,1986-06-15 00:00:00,0.060403988944100276,-0.05770860552022845,0.17851658340842902,133.25,35.55
2721,1986-06-16 00:00:00,0.0982039021244768,-0.020039722302469004,0.21644752655142255,133.25,35.55
2722,1986-06-17 00:00:00,0.10062619253434717,-0.021194819518810342,0.22244720458750467,133.25,35.55
2723,1986-06-18 00:00:00,0.15562181975862366,0.034898674000578014,0.2763449655166693,133.25,35.55
2724,1986-06-19 00:00:00,0.0869894290897086,-0.03122856805459717,0.2052074262340144,133.25,35.55
2725,1986-06-20 00:00:00,0.02578101222748866,-0.0924626332619296,0.14402465771690692,133.25,35.55
2726,1986-06-21 00:00:00,0.022072929287617126,-0.09611372901070722,0.14025958758594148,133.25,35.55
2727,1986-06-22 00:00:00,0.022115768104181092,-0.0961104533331436,0.14034198954150578,133.25,35.55
2728,1986-06-23 00:00:00,0.03328960944028235,-0.08489502508308658,0.15147424396365128,133.25,35.55
2729,1986-06-24 00:00:00,0.029761557825389907,-0.0885813806540008,0.14810449630478062,133.25,35.55
2730,1986-06-25 00:00:00,0.11069492730807053,-0.008475958976533512,0.2298658135926745,133.25,35.55
2731,1986-06-26 00:00:00,0.132425894798203,0.01187744513388471,0.2529743444625213,133.25,35.55
2732,1986-06-27 00:00:00,0.0062874609003950475,-0.11201411466908703,0.12458903646987715,133.25,35.55
2733,1986-06-28 00:00:00,0.09248349992750303,-0.02574020648439193,0.210707206339398,133.25,35.55
2734,1986-06-29 00:00:00,0.14328080479129793,0.02476802170767936,0.2617935878749165,133.25,35.55
2735,1986-06-30 00:00:00,0.06364975660135293,-0.0547439841941898,0.18204349739689565,133.25,35.55
2736,1986-07-01 00:00:00,0.023235214655526325,-0.0950066106646475,0.14147703997570016,133.25,35.55
2737,1986-07-02 00:00:00,0.012939845699048016,-0.10531075715727367,0.1311904485553697,133.25,35.55
2738,1986-07-03 00:00:00,0.024741274115940275,-0.09347050351288937,0.1429530517447699,133.25,35.55
2739,1986-07-04 00:00:00,-0.0018711873382461046,-0.12005875560626705,0.11631638092977485,133.25,35.55
2740,1986-07-05 00:00:00,0.08663837426164214,-0.03161169951462918,0.20488844803791345,133.25,35.55
2741,1986-07-06 00:00:00,0.09570242744433216,-0.022799237595031704,0.21420409248369604,133.25,35.55
2742,1986-07-07 00:00:00,-0.0038657903447736346,-0.12206812917640812,0.11433654848686085,133.25,35.55
2743,1986-07-08 00:00:00,-0.003349159155838513,-0.12144227056713087,0.11474395225545385,133.25,35.55
2744,1986-07-09 00:00:00,0.041593200589212766,-0.07651161180509332,0.15969801298351888,133.25,35.55
2745,1986-07-10 00:00:00,0.06460621147086082,-0.053572144315144836,0.18278456725686648,133.25,35.55
2746,1986-07-11 00:00:00,0.028860658372601506,-0.0892830507619281,0.1470043675071311,133.25,35.55
2747,1986-07-12 00:00:00,0.14059545377175686,0.02225149573392857,0.25893941180958513,133.25,35.55
2748,1986-07-13 00:00:00,0.132220484611007,0.013680856261712756,0.2507601129603012,133.25,35.55
2749,1986-07-14 00:00:00,0.031836409983798546,-0.08639886128176191,0.15007168124935902,133.25,35.55
2750,1986-07-15 00:00:00,0.09834239027445334,-0.02001848479147911,0.21670326534038575,133.25,35.55
2751,1986-07-16 00:00:00,0.059607898447931185,-0.05871668505152153,0.17793248194738387,133.25,35.55
2752,1986-07-17 00:00:00,0.19676613187689104,0.07823374918288285,0.31529851457089914,133.25,35.55
2753,1986-07-18 00:00:00,0.10691583396707904,-0.01175739202292031,0.2255890599570784,133.25,35.55
2754,1986-07-19 00:00:00,0.026081862729385945,-0.09216647840187404,0.1443302038606459,133.25,35.55
2755,1986-07-20 00:00:00,0.053433338475263735,-0.06483107781090475,0.17169775476143226,133.25,35.55
2756,1986-07-21 00:00:00,0.05052929795239719,-0.06768150287109155,0.16874009877588592,133.25,35.55
2757,1986-07-22 00:00:00,0.08641073516160505,-0.031889563680937594,0.2047110340041477,133.25,35.55
2758,1986-07-23 00:00:00,0.052477924726055065,-0.06589015024159263,0.17084599969370276,133.25,35.55
2759,1986-07-24 00:00:00,0.03333877060314529,-0.08477670643130804,0.15145424763759865,133.25,35.55
2760,1986-07-25 00:00:00,0.03336980151326799,-0.08476152168342238,0.15150112470995836,133.25,35.55
2761,1986-07-26 00:00:00,0.06092119907579961,-0.057204729387634025,0.17904712753923324,133.25,35.55
2762,1986-07-27 00:00:00,0.07685514934490424,-0.041283213799675256,0.1949935124894837,133.25,35.55
2763,1986-07-28 00:00:00,0.05674009843139007,-0.0613655752299297,0.17484577209270985,133.25,35.55
2764,1986-07-29 00:00:00,0.051661843631367034,-0.06643427263361272,0.1697579598963468,133.25,35.55
2765,1986-07-30 00:00:00,0.06626835809454366,-0.05183189819216398,0.1843686143812513,133.25,35.55
2766,1986-07-31 00:00:00,0.050981548438214334,-0.0671395834251644,0.16910268030159306,133.25,35.55
2767,1986-08-01 00:00:00,0.02994752387169493,-0.08818202891610957,0.14807707665949946,133.25,35.55
2768,1986-08-02 00:00:00,0.012588386228817208,-0.10555462613292173,0.13073139859055613,133.25,35.55
2769,1986-08-03 00:00:00,0.03237507673589651,-0.08583914415591855,0.15058929762771156,133.25,35.55
2770,1986-08-04 00:00:00,0.06524428602358909,-0.053439734853982304,0.18392830690116047,133.25,35.55
2771,1986-08-05 00:00:00,0.05022745574067408,-0.06934010430236658,0.16979501578371475,133.25,35.55
2772,1986-08-06 00:00:00,-0.031203179406453414,-0.14986307282941544,0.08745671401650862,133.25,35.55
2773,1986-08-07 00:00:00,0.005804701111565589,-0.11236301809479593,0.1239724203179271,133.25,35.55
2774,1986-08-08 00:00:00,0.025893263001976276,-0.09222149129482002,0.14400801729877258,133.25,35.55
2775,1986-08-09 00:00:00,0.03542078072617712,-0.08267282414374921,0.15351438559610345,133.25,35.55
2776,1986-08-10 00:00:00,0.021389141218062138,-0.0967107569218719,0.13948903935799614,133.25,35.55
2777,1986-08-11 00:00:00,0.07542893427738029,-0.04270299904942866,0.1935608676041892,133.25,35.55
2778,1986-08-12 00:00:00,0.10090275609635208,-0.01722621922002304,0.2190317314127272,133.25,35.55
2779,1986-08-13 00:00:00,0.18889739273539835,0.07059086910449214,0.30720391636630456,133.25,35.55
2780,1986-08-14 00:00:00,0.08645667583673161,-0.03195949031600569,0.20487284198946887,133.25,35.55
2781,1986-08-15 00:00:00,0.05171001841165001,-0.06646187189432036,0.16988190871762038,133.25,35.55
2782,1986-08-16 00:00:00,0.04009082182117478,-0.0780074730282716,0.15818911667062116,133.25,35.55
2783,1986-08-17 00:00:00,0.027004133403711647,-0.0910917216018792,0.1450999884093025,133.25,35.55
2784,1986-08-18 00:00:00,0.026066601176608747,-0.09201776624606264,0.14415096859928014,133.25,35.55
2785,1986-08-19 00:00:00,0.047899753611510935,-0.0701796718197505,0.16597917904277235,133.25,35.55
2786,1986-08-20 00:00:00,0.12333721381261505,0.005192310433449947,0.2414821171917801,133.25,35.55
2787,1986-08-21 00:00:00,0.1010364587975746,-0.017214465184024072,0.2192873827791733,133.25,35.55
2788,1986-08-22 00:00:00,0.04930628410623993,-0.06898236105065872,0.1675949292631386,133.25,35.55
2789,1986-08-23 00:00:00,-0.01348681774701211,-0.13175532765563816,0.10478169216161397,133.25,35.55
2790,1986-08-24 00:00:00,-0.007053351717090945,-0.125204655084869,0.1110979516506871,133.25,35.55
2791,1986-08-25 00:00:00,-0.02330962167200255,-0.14153543917090042,0.09491619582689532,133.25,35.55
2792,1986-08-26 00:00:00,0.0002359410894493333,-0.11815266830884795,0.11862455048774663,133.25,35.55
2793,1986-08-27 00:00:00,0.021995908888085523,-0.09649088248565532,0.14048270026182635,133.25,35.55
2794,1986-08-28 00:00:00,0.11301523304844754,-0.005836550793033218,0.2318670168899283,133.25,35.55
2795,1986-08-29 00:00:00,0.4697217875106168,0.3438617408392325,0.5955818341820012,133.25,35.55
2796,1986-08-30 00:00:00,0.16265785757383294,0.04096939147011737,0.2843463236775485,133.25,35.55
2797,1986-08-31 00:00:00,0.05599233392581242,-0.062335337308745624,0.17432000516037044,133.25,35.55
2798,1986-09-01 00:00:00,-0.012456216606769224,-0.13055740775366026,0.1056449745401218,133.25,35.55
2799,1986-09-02 00:00:00,0.014393007811598638,-0.10377807899379657,0.13256409461699387,133.25,35.55
2800,1986-09-03 00:00:00,0.08823428068485359,-0.03008851298971758,0.2065570743594248,133.25,35.55
2801,1986-09-04 00:00:00,0.0378703202325992,-0.08041589416025974,0.15615653462545812,133.25,35.55
2802,1986-09-05 00:00:00,0.012912703196893641,-0.10526758389230312,0.1310929902860904,133.25,35.55
2803,1986-09-06 00:00:00,0.03147890633449843,-0.08665331324849479,0.14961112591749165,133.25,35.55
2804,1986-09-07 00:00:00,0.05605733720237698,-0.06206456753871424,0.1741792419434682,133.25,35.55
2805,1986-09-08 00:00:00,0.032989591711332214,-0.08509810705259813,0.15107729047526255,133.25,35.55
2806,1986-09-09 00:00:00,0.07947032535284737,-0.03866548901490563,0.1976061397206004,133.25,35.55
2807,1986-09-10 00:00:00,0.09496467053977968,-0.023333515257483367,0.21326285633704276,133.25,35.55
2808,1986-09-11 00:00:00,0.019727290576280174,-0.09853413232767308,0.13798871348023342,133.25,35.55
2809,1986-09-12 00:00:00,0.03396982701795171,-0.08415839556569862,0.15209804960160206,133.25,35.55
2810,1986-09-13 00:00:00,0.04703998876403978,-0.07109450054440622,0.1651744780724858,133.25,35.55
2811,1986-09-14 00:00:00,0.03970770434875342,-0.07845034294594946,0.15786575164345631,133.25,35.55
2812,1986-09-15 00:00:00,-0.0032475333716525945,-0.12137342514155253,0.11487835839824732,133.25,35.55
2813,1986-09-16 00:00:00,-0.0024918918185692428,-0.12060766146715406,0.11562387783001556,133.25,35.55
2814,1986-09-17 00:00:00,0.06635914004794725,-0.05180710086584059,0.1845253809617351,133.25,35.55
2815,1986-09-18 00:00:00,0.03685086277102458,-0.08153187724982762,0.1552336027918768,133.25,35.55
2816,1986-09-19 00:00:00,0.038164786660238655,-0.08011033996263847,0.15643991328311574,133.25,35.55
2817,1986-09-20 00:00:00,-0.014529476109511419,-0.1328243735772105,0.10376542135818764,133.25,35.55
2818,1986-09-21 00:00:00,0.20602636971017765,0.08642915032269573,0.32562358909765954,133.25,35.55
2819,1986-09-22 00:00:00,0.08769145677612193,-0.032304160625068586,0.20768707417731247,133.25,35.55
2820,1986-09-23 00:00:00,0.03552764002786536,-0.08276996320400301,0.15382524325973373,133.25,35.55
2821,1986-09-24 00:00:00,0.05126752366119028,-0.06691378594034203,0.1694488332627226,133.25,35.55
2822,1986-09-25 00:00:00,-0.0019037726791021547,-0.12001866538798164,0.11621112002977735,133.25,35.55
2823,1986-09-26 00:00:00,-0.012162881519162087,-0.13027375765558047,0.1059479946172563,133.25,35.55
2824,1986-09-27 00:00:00,0.03243975611843339,-0.08569346758424076,0.15057297982110754,133.25,35.55
2825,1986-09-28 00:00:00,0.00012901527176099707,-0.11815375960166732,0.11841179014518932,133.25,35.55
2826,1986-09-29 00:00:00,0.057323998912640076,-0.060956523488481275,0.17560452131376142,133.25,35.55
2827,1986-09-30 00:00:00,-0.00935491136447638,-0.1276134330215076,0.10890361029255484,133.25,35.55
2828,1986-10-01 00:00:00,-0.023459594923236016,-0.14178455682644686,0.0948653669799748,133.25,35.55
2829,1986-10-02 00:00:00,0.0789781810259667,-0.040080373751312376,0.19803673580324574,133.25,35.55
2830,1986-10-03 00:00:00,0.03631141313332231,-0.08269543460618822,0.15531826087283285,133.25,35.55
2831,1986-10-04 00:00:00,0.008700138766426002,-0.10969228176366602,0.12709255929651805,133.25,35.55
2832,1986-10-05 00:00:00,-0.004886535004442985,-0.1232007208858706,0.11342765087698466,133.25,35.55
2833,1986-10-06 00:00:00,0.030564138528168087,-0.08752793287307271,0.1486562099294089,133.25,35.55
2834,1986-10-07 00:00:00,-0.014669060273123953,-0.13278439098441333,0.10344627043816544,133.25,35.55
2835,1986-10-08 00:00:00,0.016578666945469528,-0.10174370821562237,0.13490104210656145,133.25,35.55
2836,1986-10-09 00:00:00,-0.013394154147014505,-0.1317492545919559,0.1049609462979269,133.25,35.55
2837,1986-10-10 00:00:00,0.030349479338317775,-0.08780030495246682,0.14849926362910235,133.25,35.55
2838,1986-10-11 00:00:00,0.05983719166129295,-0.05984045512496035,0.17951483844754626,133.25,35.55
2839,1986-10-12 00:00:00,0.07495386538500895,-0.04520767367301938,0.19511540444303727,133.25,35.55
2840,1986-10-13 00:00:00,0.04549372815145748,-0.07337535585105366,0.16436281215396864,133.25,35.55
2841,1986-10-14 00:00:00,0.05111676250547121,-0.06700668357512055,0.16924020858606298,133.25,35.55
2842,1986-10-15 00:00:00,0.05669553142048036,-0.061427150434075074,0.17481821327503586,133.25,35.55
2843,1986-10-16 00:00:00,0.058492413644409234,-0.059718615372711274,0.17670344266152976,133.25,35.55
2844,1986-10-17 00:00:00,-0.012843660511294458,-0.13128916352426495,0.10560184250167604,133.25,35.55
2845,1986-10-18 00:00:00,-0.024079955542858442,-0.14243444264748412,0.09427453156176724,133.25,35.55
2846,1986-10-19 00:00:00,-0.030971228523828637,-0.14926864898333006,0.08732619193567279,133.25,35.55
2847,1986-10-20 00:00:00,-0.018032935514326512,-0.13658971100245865,0.10052383997380562,133.25,35.55
2848,1986-10-21 00:00:00,0.07505322823133086,-0.04319260456369549,0.1932990610263572,133.25,35.55
2849,1986-10-22 00:00:00,0.031142847476220183,-0.08916241279094353,0.1514481077433839,133.25,35.55
2850,1986-10-23 00:00:00,0.008817162739800877,-0.11049210792718307,0.12812643340678484,133.25,35.55
2851,1986-10-24 00:00:00,0.009768474824944593,-0.10843625863044726,0.12797320828033645,133.25,35.55
2852,1986-10-25 00:00:00,0.04235729112898337,-0.07585012506264327,0.16056470732060998,133.25,35.55
2853,1986-10-26 00:00:00,0.08819266268564284,-0.03000997685868456,0.20639530222997024,133.25,35.55
2854,1986-10-27 00:00:00,0.055690344443639496,-0.0626244880260515,0.1740051769133305,133.25,35.55
2855,1986-10-28 00:00:00,0.08283103924932074,-0.035588947188579814,0.2012510256872213,133.25,35.55
2856,1986-10-29 00:00:00,0.03297676016745752,-0.0853585001753449,0.15131202051025994,133.25,35.55
2857,1986-10-30 00:00:00,0.06677026172255653,-0.05144022433507288,0.18498074778018592,133.25,35.55
2858,1986-10-31 00:00:00,-0.034326066383524895,-0.1526016005050184,0.0839494677379686,133.25,35.55
2859,1986-11-01 00:00:00,0.044697259822588015,-0.07346141479110369,0.1628559344362797,133.25,35.55
2860,1986-11-02 00:00:00,0.03318407596910447,-0.08502112657726334,0.1513892785154723,133.25,35.55
2861,1986-11-03 00:00:00,0.04633204499392733,-0.07184197772393495,0.1645060677117896,133.25,35.55
2862,1986-11-04 00:00:00,0.07502566894802595,-0.04322712200252271,0.19327845989857464,133.25,35.55
2863,1986-11-05 00:00:00,-0.024036631148124318,-0.14220422537864388,0.09413096308239527,133.25,35.55
2864,1986-11-06 00:00:00,-0.007392369168195516,-0.12556227984132792,0.11077754150493688,133.25,35.55
2865,1986-11-07 00:00:00,0.06008346376724988,-0.058088253967214086,0.17825518150171385,133.25,35.55
2866,1986-11-08 00:00:00,0.05832210607604939,-0.059929176899940866,0.17657338905203962,133.25,35.55
2867,1986-11-09 00:00:00,0.0196075959088337,-0.09858395028435446,0.13779914210202188,133.25,35.55
2868,1986-11-10 00:00:00,0.1335101376163398,0.015083706431754369,0.25193656880092524,133.25,35.55
2869,1986-11-11 00:00:00,0.08645254086036189,-0.03206336887762677,0.20496845059835056,133.25,35.55
2870,1986-11-12 00:00:00,-0.049926062857299065,-0.16823676052582898,0.06838463481123082,133.25,35.55
2871,1986-11-13 00:00:00,0.08552577571691733,-0.03266124810980085,0.20371279954363555,133.25,35.55
2872,1986-11-14 00:00:00,0.031647230563669686,-0.08657202447036268,0.14986648559770205,133.25,35.55
2873,1986-11-15 00:00:00,-0.012675143674038051,-0.1309849179525163,0.1056346306044402,133.25,35.55
2874,1986-11-16 00:00:00,0.02704799855756377,-0.09130514096983748,0.14540113808496502,133.25,35.55
2875,1986-11-17 00:00:00,0.011867114132639064,-0.1062915608278652,0.13002578909314333,133.25,35.55
2876,1986-11-18 00:00:00,0.044830866163457515,-0.07335729537779764,0.16301902770471266,133.25,35.55
2877,1986-11-19 00:00:00,0.008188423874701173,-0.1099731499046531,0.12634999765405544,133.25,35.55
2878,1986-11-20 00:00:00,0.059226421295400525,-0.05902186777627495,0.17747471036707602,133.25,35.55
2879,1986-11-21 00:00:00,-0.022249413555743985,-0.1405198505817839,0.09602102347029594,133.25,35.55
2880,1986-11-22 00:00:00,0.0022927326520904845,-0.11598709227054704,0.12057255757472803,133.25,35.55
2881,1986-11-23 00:00:00,-0.09664691039618452,-0.21491110401500615,0.021617283222637104,133.25,35.55
2882,1986-11-24 00:00:00,0.029759980043827614,-0.08855546246026069,0.14807542254791592,133.25,35.55
2883,1986-11-25 00:00:00,0.12490806483231864,0.006387018244512474,0.2434291114201249,133.25,35.55
2884,1986-11-26 00:00:00,-0.06379415901586648,-0.1823826552810099,0.05479433724927693,133.25,35.55
2885,1986-11-27 00:00:00,-0.08037047300465287,-0.19874552567554954,0.03800457966624378,133.25,35.55
2886,1986-11-28 00:00:00,0.01745770184711184,-0.10073144469692297,0.13564684839114666,133.25,35.55
2887,1986-11-29 00:00:00,0.0560812276280091,-0.06224552779300958,0.17440798304902774,133.25,35.55
2888,1986-11-30 00:00:00,0.05544929907891564,-0.06294531793445507,0.17384391609228633,133.25,35.55
2889,1986-12-01 00:00:00,0.11182998742814024,-0.006610644875825647,0.2302706197321061,133.25,35.55
2890,1986-12-02 00:00:00,-0.054511896031404106,-0.1727718436428772,0.06374805158006899,133.25,35.55
2891,1986-12-03 00:00:00,0.08199627223567231,-0.03624707728003551,0.20023962175138013,133.25,35.55
2892,1986-12-04 00:00:00,0.2268396248686987,0.10832761251007986,0.34535163722731754,133.25,35.55
2893,1986-12-05 00:00:00,-0.023903733281801846,-0.14234782109810978,0.0945403545345061,133.25,35.55
2894,1986-12-06 00:00:00,0.037465093932533416,-0.08076680825347249,0.15569699611853935,133.25,35.55
2895,1986-12-07 00:00:00,0.09432624050400534,-0.02443000064816077,0.21308248165617144,133.25,35.55
2896,1986-12-08 00:00:00,-0.07837924309408925,-0.1971796230987448,0.0404211369105663,133.25,35.55
2897,1986-12-09 00:00:00,-0.02857066309494528,-0.14687424649590686,0.0897329203060163,133.25,35.55
2898,1986-12-10 00:00:00,0.09861182940643187,-0.01970734375426246,0.21693100256712625,133.25,35.55
2899,1986-12-11 00:00:00,0.06274515791541946,-0.05600213484368072,0.18149245067451966,133.25,35.55
2900,1986-12-12 00:00:00,0.004052642007634652,-0.11411011259591525,0.12221539661118455,133.25,35.55
2901,1986-12-13 00:00:00,-0.07611845178092805,-0.194331891105732,0.04209498754387586,133.25,35.55
2902,1986-12-14 00:00:00,0.07095209652408091,-0.04724181615261089,0.1891460092007727,133.25,35.55
2903,1986-12-15 00:00:00,-0.06710675345060374,-0.18644412522763265,0.05223061832642517,133.25,35.55
2904,1986-12-16 00:00:00,-0.031756062052839346,-0.15095150923342654,0.08743938512774782,133.25,35.55
2905,1986-12-17 00:00:00,-0.004549599268732926,-0.12274066958247228,0.11364147104500645,133.25,35.55
2906,1986-12-18 00:00:00,0.10329244218478358,-0.015006782695796209,0.22159166706536335,133.25,35.55
2907,1986-12-19 00:00:00,0.260587287239031,0.13968147946120202,0.38149309501686,133.25,35.55
2908,1986-12-20 00:00:00,-0.08237160737216864,-0.20314612054104236,0.03840290579670505,133.25,35.55
2909,1986-12-21 00:00:00,0.04068700753296951,-0.0779321413193859,0.15930615638532492,133.25,35.55
2910,1986-12-22 00:00:00,0.027953199337641184,-0.09052317930711284,0.1464295779823952,133.25,35.55
2911,1986-12-23 00:00:00,0.04574152509416055,-0.07262514496084617,0.16410819514916727,133.25,35.55
2912,1986-12-24 00:00:00,0.14208953495989585,0.023732396428425284,0.2604466734913664,133.25,35.55
2913,1986-12-25 00:00:00,0.11150682954025123,-0.006838916881308249,0.2298525759618107,133.25,35.55
2914,1986-12-26 00:00:00,-0.04107339222593518,-0.15944665319833112,0.07729986874646075,133.25,35.55
2915,1986-12-27 00:00:00,-0.020923674826827915,-0.1391474838410473,0.09730013418739146,133.25,35.55
2916,1986-12-28 00:00:00,0.11448440133852855,-0.00502337117139999,0.2339921738484571,133.25,35.55
2917,1986-12-29 00:00:00,0.09657983842349796,-0.023612295652851084,0.21677197249984695,133.25,35.55
2918,1986-12-30 00:00:00,0.060448309463422535,-0.057847385161469526,0.17874400408831462,133.25,35.55
2919,1986-12-31 00:00:00,0.2019940532529551,0.083279605096468,0.3207085014094422,133.25,35.55
2920,1987-01-01 00:00:00,-0.018655204254577527,-0.13796154705848154,0.10065113854932647,133.25,35.55
2921,1987-01-02 00:00:00,-0.07911707693472407,-0.1978911302070652,0.03965697633761703,133.25,35.55
2922,1987-01-03 00:00:00,0.2450578798329889,0.1252122797864421,0.36490347987953575,133.25,35.55
2923,1987-01-04 00:00:00,-0.016547130403295418,-0.13538308855770087,0.10228882775111003,133.25,35.55
2924,1987-01-05 00:00:00,-0.022765559653780285,-0.1410670457364253,0.09553592642886476,133.25,35.55
2925,1987-01-06 00:00:00,0.039604448121398114,-0.0791680042694486,0.15837690051224484,133.25,35.55
2926,1987-01-07 00:00:00,0.03863426174379859,-0.08016167606013916,0.15743019954773635,133.25,35.55
2927,1987-01-08 00:00:00,0.215613876005578,0.09621545649356243,0.3350122955175936,133.25,35.55
2928,1987-01-09 00:00:00,0.08236170958673528,-0.037022370776577856,0.2017457899500484,133.25,35.55
2929,1987-01-10 00:00:00,0.031362798245899264,-0.08755143619471814,0.15027703268651665,133.25,35.55
2930,1987-01-11 00:00:00,0.007030981871496561,-0.11156490409328022,0.12562686783627336,133.25,35.55
2931,1987-01-12 00:00:00,0.1254806417272782,0.007036511699270735,0.2439247717552857,133.25,35.55
2932,1987-01-13 00:00:00,0.04519637388729638,-0.07717212310515123,0.167564870879744,133.25,35.55
2933,1987-01-14 00:00:00,0.1001905919099626,-0.021677630213296148,0.22205881403322136,133.25,35.55
2934,1987-01-15 00:00:00,0.02210649637151377,-0.09657814335520047,0.14079113609822805,133.25,35.55
2935,1987-01-16 00:00:00,0.052159729905723685,-0.0660977315037938,0.1704171913152412,133.25,35.55
2936,1987-01-17 00:00:00,0.2379886337184407,0.1177121091138583,0.3582651583230231,133.25,35.55
2937,1987-01-18 00:00:00,0.017325016933751297,-0.10197854050270146,0.13662857437020404,133.25,35.55
2938,1987-01-19 00:00:00,0.050595785233387265,-0.0677423767982518,0.1689339472650263,133.25,35.55
2939,1987-01-20 00:00:00,-0.023978098027861702,-0.14229281027333762,0.09433661421761423,133.25,35.55
2940,1987-01-21 00:00:00,-0.027876656556801604,-0.1460533475210421,0.09030003440743888,133.25,35.55
2941,1987-01-22 00:00:00,-0.036613701218832666,-0.15474301776815902,0.0815156153304937,133.25,35.55
2942,1987-01-23 00:00:00,0.0906174030850916,-0.02769380007975572,0.20892860624993886,133.25,35.55
2943,1987-01-24 00:00:00,0.16274189175414303,0.04259869359893828,0.2828850899093477,133.25,35.55
2944,1987-01-25 00:00:00,0.004031119027041591,-0.1148388123781788,0.12290105043226195,133.25,35.55
2945,1987-01-26 00:00:00,0.033968205911548165,-0.08476568016847656,0.15270209199157286,133.25,35.55
2946,1987-01-27 00:00:00,0.06643565865829633,-0.051808037429315834,0.1846793547459085,133.25,35.55
2947,1987-01-28 00:00:00,0.056274497452948144,-0.061968079939369376,0.17451707484526569,133.25,35.55
2948,1987-01-29 00:00:00,0.0968184228131502,-0.021445504445283745,0.2150823500715841,133.25,35.55
2949,1987-01-30 00:00:00,0.08567789858949583,-0.03283181772605101,0.20418761490504264,133.25,35.55
2950,1987-01-31 00:00:00,0.02343678833464382,-0.09510058929208677,0.1419741659613744,133.25,35.55
2951,1987-02-01 00:00:00,-0.030386151737393438,-0.148711627081963,0.08793932360717614,133.25,35.55
2952,1987-02-02 00:00:00,0.0943746967647202,-0.0239284646969642,0.2126778582264046,133.25,35.55
2953,1987-02-03 00:00:00,0.020914020701825558,-0.10298008153683078,0.1448081229404819,133.25,35.55
2954,1987-02-04 00:00:00,-0.11687853569195858,-0.24456288899337966,0.010805817609462476,133.25,35.55
2955,1987-02-05 00:00:00,0.040835449724828526,-0.07885703950704817,0.16052793895670525,133.25,35.55
2956,1987-02-06 00:00:00,0.02658647240397092,-0.09168976970859366,0.14486271451653548,133.25,35.55
2957,1987-02-07 00:00:00,0.1215859217400614,0.003373512747707461,0.2397983307324153,133.25,35.55
2958,1987-02-08 00:00:00,-0.0062634496332977995,-0.1245324588628888,0.1120055595962932,133.25,35.55
2959,1987-02-09 00:00:00,0.07130640335896613,-0.046910478472908884,0.18952328519084116,133.25,35.55
2960,1987-02-10 00:00:00,0.1147272754098592,-0.0036286062017919095,0.2330831570215103,133.25,35.55
2961,1987-02-11 00:00:00,0.13841669593831216,0.019787067250669296,0.257046324625955,133.25,35.55
2962,1987-02-12 00:00:00,0.0668640117404179,-0.052789611048466016,0.1865176345293018,133.25,35.55
2963,1987-02-13 00:00:00,0.03966558158586026,-0.07929253210299332,0.15862369527471384,133.25,35.55
2964,1987-02-14 00:00:00,0.1979370347171995,0.07886893942805408,0.3170051300063449,133.25,35.55
2965,1987-02-15 00:00:00,-0.017382472486177802,-0.1362419579894984,0.10147701301714278,133.25,35.55
2966,1987-02-16 00:00:00,0.06676470848606222,-0.05157113162080024,0.18510054859292469,133.25,35.55
2967,1987-02-17 00:00:00,0.02178787124967736,-0.09649615738423452,0.14007189988358926,133.25,35.55
2968,1987-02-18 00:00:00,-0.001800346705281099,-0.12015158111309507,0.11655088770253287,133.25,35.55
2969,1987-02-19 00:00:00,-0.08060142924564939,-0.19911614814780887,0.03791328965651007,133.25,35.55
2970,1987-02-20 00:00:00,0.0023720376610453925,-0.11596581665044338,0.12070989197253415,133.25,35.55
2971,1987-02-21 00:00:00,-0.011961052032748741,-0.1302129022737865,0.10629079820828903,133.25,35.55
2972,1987-02-22 00:00:00,0.0667066205564378,-0.05144223012463625,0.18485547123751184,133.25,35.55
2973,1987-02-23 00:00:00,0.06767459789576384,-0.05060866308976182,0.18595785888128952,133.25,35.55
2974,1987-02-24 00:00:00,0.1435998455110759,0.02517196620064296,0.2620277248215088,133.25,35.55
2975,1987-02-25 00:00:00,0.07486758237874849,-0.04466933858974796,0.19440450334724496,133.25,35.55
2976,1987-02-26 00:00:00,0.1355294906022702,0.016327468258535524,0.2547315129460049,133.25,35.55
2977,1987-02-27 00:00:00,0.14933281957734304,0.03052250032552528,0.2681431388291608,133.25,35.55
2978,1987-02-28 00:00:00,0.11359510505291415,-0.00505126258435544,0.2322414726901838,133.25,35.55
2979,1987-03-01 00:00:00,0.14288830088421955,0.023364507171367843,0.2624120945970713,133.25,35.55
2980,1987-03-02 00:00:00,0.020098948435111674,-0.09926732790189696,0.1394652247721203,133.25,35.55
2981,1987-03-03 00:00:00,0.13148253947940994,0.013050896657765085,0.2499141823010548,133.25,35.55
2982,1987-03-04 00:00:00,0.15341736149418986,0.035027588782521754,0.2718071342058579,133.25,35.55
2983,1987-03-05 00:00:00,0.1477198089396985,0.029077279406055163,0.26636233847334184,133.25,35.55
2984,1987-03-06 00:00:00,0.05154512280031806,-0.06722228069722555,0.17031252629786167,133.25,35.55
2985,1987-03-07 00:00:00,-0.11272950096843395,-0.2318754403008041,0.006416438363936156,133.25,35.55
2986,1987-03-08 00:00:00,0.037672896041252235,-0.08171826045490392,0.1570640525374084,133.25,35.55
2987,1987-03-09 00:00:00,0.05006639105199637,-0.0683695719003571,0.16850235400434982,133.25,35.55
2988,1987-03-10 00:00:00,-0.08612034768536961,-0.20462740899637216,0.032386713625632946,133.25,35.55
2989,1987-03-11 00:00:00,0.07304298732264733,-0.04544558264614503,0.19153155729143967,133.25,35.55
2990,1987-03-12 00:00:00,-0.04490721037677097,-0.16338427824621504,0.07356985749267311,133.25,35.55
2991,1987-03-13 00:00:00,0.0931652227746502,-0.025243066714006262,0.21157351226330667,133.25,35.55
2992,1987-03-14 00:00:00,0.09443256492585632,-0.024239196271861385,0.213104326123574,133.25,35.55
2993,1987-03-15 00:00:00,-0.03344636909008621,-0.15183765788534168,0.08494491970516924,133.25,35.55
2994,1987-03-16 00:00:00,0.046171166339446484,-0.07220277434991275,0.1645451070288057,133.25,35.55
2995,1987-03-17 00:00:00,0.033070155863202916,-0.08523934058234531,0.15137965230875114,133.25,35.55
2996,1987-03-18 00:00:00,0.06849739488645717,-0.05016715099083227,0.18716194076374665,133.25,35.55
2997,1987-03-19 00:00:00,-0.03888058345254844,-0.15730264250426432,0.07954147559916744,133.25,35.55
2998,1987-03-20 00:00:00,0.10308938544021848,-0.017605647682803552,0.2237844185632405,133.25,35.55
2999,1987-03-21 00:00:00,-0.05877781181904777,-0.17817638646278236,0.060620762824686814,133.25,35.55
3000,1987-03-22 00:00:00,-0.05414887477240257,-0.17238290680636476,0.06408515726155961,133.25,35.55
3001,1987-03-23 00:00:00,0.023807415772102856,-0.09446723316887644,0.14208206471308216,133.25,35.55
3002,1987-03-24 00:00:00,0.12327332491358575,0.00454038700841293,0.2420062628187585,133.25,35.55
3003,1987-03-25 00:00:00,0.25856212414126034,0.13795076423606167,0.37917348404645895,133.25,35.55
3004,1987-03-26 00:00:00,-0.0162104299504888,-0.1360888406670897,0.10366798076611212,133.25,35.55
3005,1987-03-27 00:00:00,0.034560923411236594,-0.08381911496961039,0.15294096179208358,133.25,35.55
3006,1987-03-28 00:00:00,0.016424811673056882,-0.10188901793106392,0.1347386412771777,133.25,35.55
3007,1987-03-29 00:00:00,0.03262366428259045,-0.08563351974101897,0.15088084830619986,133.25,35.55
3008,1987-03-30 00:00:00,0.0759691464376893,-0.042273316548361216,0.19421160942373986,133.25,35.55
3009,1987-03-31 00:00:00,-0.029739611940650293,-0.14852541573825212,0.08904619185695152,133.25,35.55
3010,1987-04-01 00:00:00,-0.0002665901010042854,-0.118972060420045,0.11843888021803642,133.25,35.55
3011,1987-04-02 00:00:00,0.03296598600345045,-0.08522817625717669,0.1511601482640776,133.25,35.55
3012,1987-04-03 00:00:00,0.09224128450141474,-0.025949805516063323,0.2104323745188928,133.25,35.55
3013,1987-04-04 00:00:00,0.08435162133936598,-0.0338881219397372,0.20259136461846916,133.25,35.55
3014,1987-04-05 00:00:00,-0.02838694278170158,-0.14660553817560604,0.08983165261220287,133.25,35.55
3015,1987-04-06 00:00:00,0.02951856226744774,-0.08863953445743675,0.14767665899233226,133.25,35.55
3016,1987-04-07 00:00:00,0.1012868795536088,-0.017323735824589973,0.2198974949318076,133.25,35.55
3017,1987-04-08 00:00:00,0.012815214453887664,-0.1056714134315484,0.1313018423393237,133.25,35.55
3018,1987-04-09 00:00:00,0.025836960286018718,-0.09237674782031724,0.14405066839235467,133.25,35.55
3019,1987-04-10 00:00:00,0.11871585870676048,0.00024770603615689724,0.2371840113773641,133.25,35.55
3020,1987-04-11 00:00:00,-0.006118433924144056,-0.1245757723186524,0.11233890447036428,133.25,35.55
3021,1987-04-12 00:00:00,0.02154436474543664,-0.0967253501969626,0.13981407968783588,133.25,35.55
3022,1987-04-13 00:00:00,-0.05266589553535789,-0.17096109590657882,0.06562930483586303,133.25,35.55
3023,1987-04-14 00:00:00,-0.02434561781530317,-0.14255011295984896,0.09385887732924264,133.25,35.55
3024,1987-04-15 00:00:00,0.02234875413886881,-0.09582648655046183,0.14052399482819944,133.25,35.55
3025,1987-04-16 00:00:00,-0.011070645908231362,-0.12922948907980794,0.10708819726334523,133.25,35.55
3026,1987-04-17 00:00:00,0.04955470098485597,-0.06865972740217875,0.1677691293718907,133.25,35.55
3027,1987-04-18 00:00:00,0.055745939332848465,-0.06241235973346777,0.1739042383991647,133.25,35.55
3028,1987-04-19 00:00:00,0.04771479090433105,-0.07048249178178531,0.1659120735904474,133.25,35.55
3029,1987-04-20 00:00:00,0.05531698665464807,-0.06285117078438575,0.17348514409368188,133.25,35.55
3030,1987-04-21 00:00:00,0.4095298359240396,0.2894172973605386,0.5296423744875405,133.25,35.55
3031,1987-04-22 00:00:00,0.275074401175883,0.15074671573156334,0.39940208662020266,133.25,35.55
3032,1987-04-23 00:00:00,-0.009331923537729016,-0.12849748869074534,0.10983364161528733,133.25,35.55
3033,1987-04-24 00:00:00,0.017344622299376066,-0.100984882780456,0.13567412737920814,133.25,35.55
3034,1987-04-25 00:00:00,-0.07770859172306813,-0.1962057050724798,0.04078852162634357,133.25,35.55
3035,1987-04-26 00:00:00,0.0836242912229268,-0.03523484669843123,0.20248342914428485,133.25,35.55
3036,1987-04-27 00:00:00,0.011585163797133173,-0.10739714623087514,0.1305674738251415,133.25,35.55
3037,1987-04-28 00:00:00,-0.043745651276993175,-0.16231104042630987,0.07481973787232353,133.25,35.55
3038,1987-04-29 00:00:00,0.04719402770793856,-0.07094904939027061,0.16533710480614772,133.25,35.55
3039,1987-04-30 00:00:00,0.08615907529842716,-0.031993853755560006,0.2043120043524143,133.25,35.55
3040,1987-05-01 00:00:00,0.1469314108070534,0.0283205898813553,0.2655422317327515,133.25,35.55
3041,1987-05-02 00:00:00,0.034164780831568445,-0.08441326900489501,0.1527428306680319,133.25,35.55
3042,1987-05-03 00:00:00,0.0804867123600714,-0.038271220599868934,0.19924464532001174,133.25,35.55
3043,1987-05-04 00:00:00,0.09910863948264607,-0.019857793986629263,0.21807507295192144,133.25,35.55
3044,1987-05-05 00:00:00,0.09875944042392447,-0.01966986075399528,0.21718874160184426,133.25,35.55
3045,1987-05-06 00:00:00,0.06661147938042836,-0.05182113460822807,0.1850440933690848,133.25,35.55
3046,1987-05-07 00:00:00,0.04535089649192221,-0.07282512756418652,0.16352692054803095,133.25,35.55
3047,1987-05-08 00:00:00,0.012250884715604149,-0.10588035779959276,0.13038212723080106,133.25,35.55
3048,1987-05-09 00:00:00,0.040356226209968635,-0.07779889810110739,0.15851135052104465,133.25,35.55
3049,1987-05-10 00:00:00,0.043728541790698086,-0.07446300010301547,0.16192008368441166,133.25,35.55
3050,1987-05-11 00:00:00,0.0783848676544304,-0.03985878296652191,0.1966285182753827,133.25,35.55
3051,1987-05-12 00:00:00,0.07740967559156245,-0.040834920392369085,0.195654271575494,133.25,35.55
3052,1987-05-13 00:00:00,0.06670229075622773,-0.0515070309220985,0.18491161243455398,133.25,35.55
3053,1987-05-14 00:00:00,-0.077535997896653,-0.19651189272693312,0.04143989693362712,133.25,35.55
3054,1987-05-15 00:00:00,0.01329299340193902,-0.10540487078644653,0.13199085759032458,133.25,35.55
3055,1987-05-16 00:00:00,0.07054171080702487,-0.04762283531706564,0.18870625693111545,133.25,35.55
3056,1987-05-17 00:00:00,0.14909218055009466,0.03071586416416744,0.2674684969360219,133.25,35.55
3057,1987-05-18 00:00:00,0.018737010192124842,-0.09978193810399863,0.1372559584882483,133.25,35.55
3058,1987-05-19 00:00:00,0.02020864087020751,-0.09798620031859527,0.1384034820590103,133.25,35.55
3059,1987-05-20 00:00:00,0.06617907974445439,-0.05198436346964752,0.1843425229585563,133.25,35.55
3060,1987-05-21 00:00:00,0.03443494683694867,-0.08368121009803417,0.1525511037719315,133.25,35.55
3061,1987-05-22 00:00:00,0.10794634171681684,-0.01026243580347802,0.2261551192371117,133.25,35.55
3062,1987-05-23 00:00:00,0.17719691366654794,0.058191663314467075,0.2962021640186289,133.25,35.55
3063,1987-05-24 00:00:00,-0.0016415899036973172,-0.12054685172942906,0.11726367192203445,133.25,35.55
3064,1987-05-25 00:00:00,-0.018168633615235352,-0.13645576058431147,0.10011849335384078,133.25,35.55
3065,1987-05-26 00:00:00,0.11187663354960968,-0.0064381289139021905,0.2301913960131215,133.25,35.55
3066,1987-05-27 00:00:00,0.0735215016327517,-0.04492414950361125,0.19196715276911466,133.25,35.55
3067,1987-05-28 00:00:00,-0.0344913443980536,-0.1527823278978283,0.08379963910172113,133.25,35.55
3068,1987-05-29 00:00:00,0.010568852715758338,-0.1076223648927527,0.1287600703242694,133.25,35.55
3069,1987-05-30 00:00:00,0.060699068361446874,-0.05749426028144922,0.178892397004343,133.25,35.55
3070,1987-05-31 00:00:00,0.035030341972284565,-0.08313756674234582,0.15319825068691492,133.25,35.55
3071,1987-06-01 00:00:00,0.009929914883423973,-0.1081870569112118,0.12804688667805975,133.25,35.55
3072,1987-06-02 00:00:00,0.1473159147907592,0.02884508993419939,0.26578673964731897,133.25,35.55
3073,1987-06-03 00:00:00,0.2454425342972554,0.12607275845092894,0.36481231014358173,133.25,35.55
3074,1987-06-04 00:00:00,0.10263198541399564,-0.01618881786728185,0.2214527886952732,133.25,35.55
3075,1987-06-05 00:00:00,0.07536728452397487,-0.042819560485413966,0.1935541295333637,133.25,35.55
3076,1987-06-06 00:00:00,0.04426368304843764,-0.07387909937414136,0.16240646547101664,133.25,35.55
3077,1987-06-07 00:00:00,0.12263554090377125,0.004443372343446979,0.2408277094640955,133.25,35.55
3078,1987-06-08 00:00:00,0.11101009391265107,-0.007563673247782844,0.22958386107308498,133.25,35.55
3079,1987-06-09 00:00:00,0.03164670880170984,-0.08726277594528982,0.15055619354870953,133.25,35.55
3080,1987-06-10 00:00:00,0.0005484206225102213,-0.11800107543965525,0.11909791668467565,133.25,35.55
3081,1987-06-11 00:00:00,-0.046883648042853804,-0.16512383977971484,0.07135654369400724,133.25,35.55
3082,1987-06-12 00:00:00,0.04369222976858372,-0.07447966252629704,0.16186412206346448,133.25,35.55
3083,1987-06-13 00:00:00,0.06764823690242994,-0.05052434420679602,0.1858208180116559,133.25,35.55
3084,1987-06-14 00:00:00,0.050509410753696055,-0.06765151313555376,0.16867033464294587,133.25,35.55
3085,1987-06-15 00:00:00,-0.008850381383837362,-0.12709428098317058,0.10939351821549584,133.25,35.55
3086,1987-06-16 00:00:00,0.013733732505294534,-0.10460036114572728,0.13206782615631635,133.25,35.55
3087,1987-06-17 00:00:00,-0.002846996857479748,-0.12096927814420698,0.1152752844292475,133.25,35.55
3088,1987-06-18 00:00:00,0.011263291560654549,-0.10684253070698678,0.12936911382829588,133.25,35.55
3089,1987-06-19 00:00:00,0.01445885876826066,-0.10370362962825774,0.13262134716477908,133.25,35.55
3090,1987-06-20 00:00:00,0.0911145195066972,-0.02827420818823248,0.2105032472016269,133.25,35.55
3091,1987-06-21 00:00:00,0.12862872999249253,0.009128460271256024,0.24812899971372904,133.25,35.55
3092,1987-06-22 00:00:00,0.03480018449365717,-0.0836030587065153,0.15320342769382966,133.25,35.55
3093,1987-06-23 00:00:00,0.056686673603820084,-0.06151388443299888,0.17488723164063905,133.25,35.55
3094,1987-06-24 00:00:00,0.048346659765893286,-0.0698746440807832,0.16656796361256976,133.25,35.55
3095,1987-06-25 00:00:00,0.01151956383433523,-0.10693561062280756,0.12997473829147804,133.25,35.55
3096,1987-06-26 00:00:00,0.019495078665801403,-0.0990196810965934,0.13800983842819622,133.25,35.55
3097,1987-06-27 00:00:00,0.00356677329027831,-0.11458165501476385,0.12171520159532047,133.25,35.55
3098,1987-06-28 00:00:00,0.0014142521560359632,-0.11670265154710532,0.11953115585917724,133.25,35.55
3099,1987-06-29 00:00:00,0.0427998904124784,-0.07535699190651904,0.16095677273147582,133.25,35.55
3100,1987-06-30 00:00:00,0.04090809224424312,-0.07722012847242428,0.1590363129609105,133.25,35.55
3101,1987-07-01 00:00:00,0.02301491423192174,-0.09511073418894883,0.14114056265279232,133.25,35.55
3102,1987-07-02 00:00:00,0.0244178031576716,-0.09374887656947567,0.14258448288481887,133.25,35.55
3103,1987-07-03 00:00:00,0.10940248598323897,-0.008868289576372645,0.2276732615428506,133.25,35.55
3104,1987-07-04 00:00:00,0.06928898708988046,-0.049191772860464535,0.18776974704022545,133.25,35.55
3105,1987-07-05 00:00:00,0.060344110662145074,-0.05859683209177119,0.17928505341606135,133.25,35.55
3106,1987-07-06 00:00:00,0.1361922037379052,0.017334600921867473,0.2550498065539429,133.25,35.55
3107,1987-07-07 00:00:00,0.1406133480216673,0.021612129201872485,0.2596145668414621,133.25,35.55
3108,1987-07-08 00:00:00,0.02824508487952292,-0.08991302630080779,0.1464031960598536,133.25,35.55
3109,1987-07-09 00:00:00,0.058730698311927995,-0.05941129956837291,0.17687269619222892,133.25,35.55
3110,1987-07-10 00:00:00,0.04258959325238208,-0.07558731666283768,0.16076650316760185,133.25,35.55
3111,1987-07-11 00:00:00,0.3148287889598251,0.19575251240766933,0.4339050655119808,133.25,35.55
3112,1987-07-12 00:00:00,0.22051782101825154,0.10131274383676887,0.3397228981997342,133.25,35.55
3113,1987-07-13 00:00:00,0.029576095979019532,-0.08879577515679181,0.14794796711483088,133.25,35.55
3114,1987-07-14 00:00:00,0.050028544063574265,-0.06814130477118502,0.16819839289833355,133.25,35.55
3115,1987-07-15 00:00:00,0.033228016742323015,-0.08499721910686067,0.1514532525915067,133.25,35.55
3116,1987-07-16 00:00:00,0.5369590225248512,0.4082962321322237,0.6656218129174787,133.25,35.55
3117,1987-07-17 00:00:00,0.20338970840172949,0.0762254948396135,0.3305539219638455,133.25,35.55
3118,1987-07-18 00:00:00,0.06387024522346438,-0.05456839510323376,0.1823088855501625,133.25,35.55
3119,1987-07-19 00:00:00,0.1008828359827988,-0.017398909173401603,0.2191645811389992,133.25,35.55
3120,1987-07-20 00:00:00,0.0885545665081015,-0.029824705326494838,0.20693383834269785,133.25,35.55
3121,1987-07-21 00:00:00,0.04612201231432632,-0.07208988582171923,0.16433391045037188,133.25,35.55
3122,1987-07-22 00:00:00,0.1708444535185698,0.052547115312597266,0.28914179172454235,133.25,35.55
3123,1987-07-23 00:00:00,0.2049449185392045,0.08624087236450319,0.3236489647139058,133.25,35.55
3124,1987-07-24 00:00:00,0.1267989668313932,0.008086178267268916,0.24551175539551745,133.25,35.55
3125,1987-07-25 00:00:00,0.052516161051966666,-0.06568417365697073,0.17071649576090409,133.25,35.55
3126,1987-07-26 00:00:00,0.038622201787048685,-0.07953117562912893,0.15677557920322632,133.25,35.55
3127,1987-07-27 00:00:00,0.07116637923139868,-0.04695655270512124,0.18928931116791856,133.25,35.55
3128,1987-07-28 00:00:00,0.08145738859154047,-0.03668716462972492,0.19960194181280588,133.25,35.55
3129,1987-07-29 00:00:00,0.08277895118870185,-0.03537079137732442,0.2009286937547281,133.25,35.55
3130,1987-07-30 00:00:00,0.1184668584880312,0.00019272958223291722,0.2367409873938295,133.25,35.55
3131,1987-07-31 00:00:00,0.1164925096942142,-0.0019083670351381363,0.2348933864235665,133.25,35.55
3132,1987-08-01 00:00:00,0.09252110790748448,-0.02576400986379694,0.2108062256787659,133.25,35.55
3133,1987-08-02 00:00:00,0.013781312434435228,-0.10437205647551168,0.13193468134438213,133.25,35.55
3134,1987-08-03 00:00:00,0.026251787263121905,-0.09187695584901157,0.1443805303752554,133.25,35.55
3135,1987-08-04 00:00:00,0.08642822857176871,-0.031735859151780954,0.2045923162953184,133.25,35.55
3136,1987-08-05 00:00:00,0.14437811010683965,0.02592335140374621,0.26283286880993306,133.25,35.55
3137,1987-08-06 00:00:00,0.0249708377276747,-0.09341989754348408,0.14336157299883348,133.25,35.55
3138,1987-08-07 00:00:00,0.030990222145249813,-0.08712748410588575,0.14910792839638534,133.25,35.55
3139,1987-08-08 00:00:00,0.1688959283120139,0.04999286905715994,0.28779898756686784,133.25,35.55
3140,1987-08-09 00:00:00,0.10999646624794544,-0.008730145986360002,0.2287230784822509,133.25,35.55
3141,1987-08-10 00:00:00,0.0149088913742114,-0.10327123015352334,0.13308901290194616,133.25,35.55
3142,1987-08-11 00:00:00,-0.018874134638183424,-0.13702265437654326,0.0992743851001764,133.25,35.55
3143,1987-08-12 00:00:00,0.01846819239354017,-0.09964892921715736,0.1365853140042377,133.25,35.55
3144,1987-08-13 00:00:00,0.0329042458705588,-0.08520742661272906,0.15101591835384665,133.25,35.55
3145,1987-08-14 00:00:00,0.043669302909712236,-0.07442611475063403,0.16176472057005853,133.25,35.55
3146,1987-08-15 00:00:00,0.05261116576626599,-0.06547775941667877,0.17070009094921074,133.25,35.55
3147,1987-08-16 00:00:00,0.13082372630292202,0.012627819597205823,0.24901963300863825,133.25,35.55
3148,1987-08-17 00:00:00,0.12705299100792172,0.00880043138928692,0.2453055506265565,133.25,35.55
3149,1987-08-18 00:00:00,0.017815067098008057,-0.10037422223349526,0.1360043564295114,133.25,35.55
3150,1987-08-19 00:00:00,0.010055217660643032,-0.10803729810310636,0.12814773342439242,133.25,35.55
3151,1987-08-20 00:00:00,0.06821970154705546,-0.04988356089178445,0.18632296398589535,133.25,35.55
3152,1987-08-21 00:00:00,0.12566159630178653,0.007486361562729263,0.2438368310408438,133.25,35.55
3153,1987-08-22 00:00:00,0.09180978982379157,-0.026368470813711187,0.2099880504612943,133.25,35.55
3154,1987-08-23 00:00:00,0.029207054999009895,-0.08899517271848928,0.14740928271650908,133.25,35.55
3155,1987-08-24 00:00:00,0.038235693857600936,-0.07994568207700475,0.15641706979220665,133.25,35.55
3156,1987-08-25 00:00:00,0.09036256937429996,-0.027870238457897958,0.20859537720649787,133.25,35.55
3157,1987-08-26 00:00:00,0.1384952403907804,0.02004244258255025,0.2569480381990106,133.25,35.55
3158,1987-08-27 00:00:00,0.005871697128270282,-0.1124160110351172,0.12415940529165775,133.25,35.55
3159,1987-08-28 00:00:00,0.1512654330956576,0.032954849463123936,0.2695760167281913,133.25,35.55
3160,1987-08-29 00:00:00,0.13344170042449016,0.01521396257117981,0.2516694382778005,133.25,35.55
3161,1987-08-30 00:00:00,0.0947403390650842,-0.023480380219553,0.2129610583497214,133.25,35.55
3162,1987-08-31 00:00:00,0.6742928054216761,0.5293069650839819,0.8192786457593704,133.25,35.55
3163,1987-09-01 00:00:00,0.13299999612944333,-0.014595736264215925,0.2805957285231025,133.25,35.55
3164,1987-09-02 00:00:00,0.01068951146001251,-0.10753979249332134,0.12891881541334635,133.25,35.55
3165,1987-09-03 00:00:00,-0.02433675223760276,-0.1424574509437144,0.09378394646850888,133.25,35.55
3166,1987-09-04 00:00:00,0.008614323748819774,-0.10950815204637247,0.12673679954401199,133.25,35.55
3167,1987-09-05 00:00:00,0.03744426411121519,-0.08072047290358375,0.15560900112601414,133.25,35.55
3168,1987-09-06 00:00:00,0.05803541375490145,-0.060214502552478476,0.17628533006228134,133.25,35.55
3169,1987-09-07 00:00:00,0.08446441472315627,-0.03386316218492408,0.20279199163123665,133.25,35.55
3170,1987-09-08 00:00:00,0.0617602362631706,-0.05640534895791075,0.17992582148425196,133.25,35.55
3171,1987-09-09 00:00:00,-0.015253872223982369,-0.13341222335277764,0.10290447890481293,133.25,35.55
3172,1987-09-10 00:00:00,-0.03473824564370069,-0.1528748739521305,0.08339838266472911,133.25,35.55
3173,1987-09-11 00:00:00,-0.013171850848501664,-0.1313786699583834,0.10503496826138008,133.25,35.55
3174,1987-09-12 00:00:00,0.0022733891109482447,-0.1159816939411151,0.12052847216301155,133.25,35.55
3175,1987-09-13 00:00:00,0.008985972970889489,-0.10960329579206964,0.1275752417338486,133.25,35.55
3176,1987-09-14 00:00:00,0.050344784462945116,-0.06812147944207225,0.16881104836796249,133.25,35.55
3177,1987-09-15 00:00:00,0.029603152475084906,-0.08863289555615966,0.14783920050632945,133.25,35.55
3178,1987-09-16 00:00:00,-0.07047355924709048,-0.1890457410574582,0.04809862256327724,133.25,35.55
3179,1987-09-17 00:00:00,0.009435549978208307,-0.10954019478108076,0.12841129473749738,133.25,35.55
3180,1987-09-18 00:00:00,0.028113427901031,-0.09033183435286823,0.14655869015493025,133.25,35.55
3181,1987-09-19 00:00:00,0.03347288882163113,-0.08469384537972947,0.15163962302299172,133.25,35.55
3182,1987-09-20 00:00:00,0.019998451274361912,-0.09813831375293604,0.13813521630165987,133.25,35.55
3183,1987-09-21 00:00:00,0.03571686515668448,-0.08247814800098469,0.15391187831435366,133.25,35.55
3184,1987-09-22 00:00:00,0.03173511728044731,-0.08644461920604019,0.1499148537669348,133.25,35.55
3185,1987-09-23 00:00:00,-0.030777001604472862,-0.1488793469216508,0.08732534371270509,133.25,35.55
3186,1987-09-24 00:00:00,0.02979401607143245,-0.08862387394073952,0.14821190608360446,133.25,35.55
3187,1987-09-25 00:00:00,0.10222364598031512,-0.017035246656787004,0.22148253861741726,133.25,35.55
3188,1987-09-26 00:00:00,0.1568375526004014,0.0376895273754408,0.27598557782536204,133.25,35.55
3189,1987-09-27 00:00:00,0.0760959236984467,-0.04306979316869016,0.19526164056558354,133.25,35.55
3190,1987-09-28 00:00:00,-0.04847658455662998,-0.1668730574585881,0.06991988834532813,133.25,35.55
3191,1987-09-29 00:00:00,-0.04624490984961256,-0.16448865454860204,0.07199883484937697,133.25,35.55
3192,1987-09-30 00:00:00,0.007667050832860141,-0.11060157010131563,0.12593567176703593,133.25,35.55
3193,1987-10-01 00:00:00,-0.019081852763816763,-0.1373513766600849,0.0991876711324514,133.25,35.55
3194,1987-10-02 00:00:00,0.04517035506803717,-0.07302638615469062,0.16336709629076496,133.25,35.55
3195,1987-10-03 00:00:00,0.07628725997776517,-0.04190657719468895,0.19448109715021927,133.25,35.55
3196,1987-10-04 00:00:00,-0.012108680858322009,-0.1303029703358174,0.10608560861917336,133.25,35.55
3197,1987-10-05 00:00:00,0.02762999537828785,-0.0904982688843825,0.1457582596409582,133.25,35.55
3198,1987-10-06 00:00:00,0.05075566601252426,-0.06735628785028683,0.16886761987533536,133.25,35.55
3199,1987-10-07 00:00:00,0.05634003448695012,-0.06179604719696455,0.17447611617086478,133.25,35.55
3200,1987-10-08 00:00:00,0.011178189343828502,-0.10704444273521252,0.12940082142286954,133.25,35.55
3201,1987-10-09 00:00:00,-0.014954232664755013,-0.1331282217938532,0.10321975646434316,133.25,35.55
3202,1987-10-10 00:00:00,-0.006265295800545703,-0.12443918793620568,0.11190859633511427,133.25,35.55
3203,1987-10-11 00:00:00,0.046318530216878616,-0.07206219289905705,0.1646992533328143,133.25,35.55
3204,1987-10-12 00:00:00,0.004900412329145232,-0.1148082966452237,0.12460912130351415,133.25,35.55
3205,1987-10-13 00:00:00,-0.1095748290821594,-0.22884941784349486,0.009699759679176023,133.25,35.55
3206,1987-10-14 00:00:00,0.004196910080306211,-0.1143270454228794,0.12272086558349182,133.25,35.55
3207,1987-10-15 00:00:00,-0.08102525916605324,-0.1995938928990051,0.037543374566898616,133.25,35.55
3208,1987-10-16 00:00:00,-0.009733926143052934,-0.12823274696906573,0.10876489468295984,133.25,35.55
3209,1987-10-17 00:00:00,0.14048525939533785,0.010926465896306388,0.2700440528943693,133.25,35.55
3210,1987-10-18 00:00:00,0.16216853796539607,0.03766797139651365,0.2866691045342785,133.25,35.55
3211,1987-10-19 00:00:00,0.1417015132765064,0.02263354967581784,0.26076947687719504,133.25,35.55
3212,1987-10-20 00:00:00,0.10858120842843384,-0.010556045407204577,0.22771846226407225,133.25,35.55
3213,1987-10-21 00:00:00,0.07689200460323625,-0.04152740929029301,0.19531141849676556,133.25,35.55
3214,1987-10-22 00:00:00,-0.012239851145363842,-0.13037539165815348,0.1058956893674258,133.25,35.55
3215,1987-10-23 00:00:00,-0.035371214100229684,-0.15351383422583878,0.08277140602537944,133.25,35.55
3216,1987-10-24 00:00:00,-0.014096486818401484,-0.13223217313919974,0.1040391995023968,133.25,35.55
3217,1987-10-25 00:00:00,0.014755797740601803,-0.10358051232717604,0.13309210780837966,133.25,35.55
3218,1987-10-26 00:00:00,-0.03172006066779304,-0.14984137140268627,0.08640125006710021,133.25,35.55
3219,1987-10-27 00:00:00,0.05068850322658135,-0.06760834771739918,0.16898535417056187,133.25,35.55
3220,1987-10-28 00:00:00,0.015525693310454154,-0.10269339880425374,0.13374478542516205,133.25,35.55
3221,1987-10-29 00:00:00,0.05502447814656233,-0.06313246455370633,0.17318142084683094,133.25,35.55
3222,1987-10-30 00:00:00,0.08201393565711387,-0.03630917066340615,0.2003370419776339,133.25,35.55
3223,1987-10-31 00:00:00,-0.0726682728850589,-0.1911870206290532,0.04585047485893541,133.25,35.55
3224,1987-11-01 00:00:00,-0.015640930575551215,-0.13411253471283946,0.10283067356173704,133.25,35.55
3225,1987-11-02 00:00:00,0.14033954350359162,0.021756740378945275,0.258922346628238,133.25,35.55
3226,1987-11-03 00:00:00,0.09694405915143164,-0.022057475841884847,0.21594559414474807,133.25,35.55
3227,1987-11-04 00:00:00,-0.06478568605117549,-0.18324020396456875,0.05366883186221776,133.25,35.55
3228,1987-11-05 00:00:00,0.15092193178505925,0.031652929804672825,0.2701909337654457,133.25,35.55
3229,1987-11-06 00:00:00,-0.06756623916898462,-0.18686047822139545,0.05172799988342623,133.25,35.55
3230,1987-11-07 00:00:00,0.05110203669430256,-0.06704296914755134,0.16924704253615647,133.25,35.55
3231,1987-11-08 00:00:00,0.038369653226070215,-0.08008160760290996,0.1568209140550504,133.25,35.55
3232,1987-11-09 00:00:00,0.0614277661322583,-0.056814054701569264,0.17966958696608587,133.25,35.55
3233,1987-11-10 00:00:00,0.0906559646073898,-0.02758422979687176,0.20889615901165134,133.25,35.55
3234,1987-11-11 00:00:00,-0.030384080913430245,-0.14851895160825168,0.0877507897813912,133.25,35.55
3235,1987-11-12 00:00:00,0.006131758721091559,-0.11203069457474067,0.1242942120169238,133.25,35.55
3236,1987-11-13 00:00:00,-0.07308065749039433,-0.19170852915528394,0.04554721417449528,133.25,35.55
3237,1987-11-14 00:00:00,0.05483326844758246,-0.06393970538059834,0.17360624227576327,133.25,35.55
3238,1987-11-15 00:00:00,-0.027619442699369518,-0.14584840857297934,0.09060952317424033,133.25,35.55
3239,1987-11-16 00:00:00,0.06523877879894413,-0.05293497051699725,0.18341252811488548,133.25,35.55
3240,1987-11-17 00:00:00,0.013542270870978998,-0.10480480676197224,0.13188934850393025,133.25,35.55
3241,1987-11-18 00:00:00,0.05846946295730503,-0.059801952269686,0.17674087818429604,133.25,35.55
3242,1987-11-19 00:00:00,0.06433193559182278,-0.0545117404463725,0.18317561163001805,133.25,35.55
3243,1987-11-20 00:00:00,0.018207520613545386,-0.10019029308583974,0.1366053343129305,133.25,35.55
3244,1987-11-21 00:00:00,0.09226877515332907,-0.02592882789533924,0.2104663782019974,133.25,35.55
3245,1987-11-22 00:00:00,-0.019341744106802197,-0.13760025329600906,0.09891676508240466,133.25,35.55
3246,1987-11-23 00:00:00,0.11918270384559168,0.0008293477781657344,0.2375360599130176,133.25,35.55
3247,1987-11-24 00:00:00,0.03298837968469863,-0.08572541703271261,0.15170217640210987,133.25,35.55
3248,1987-11-25 00:00:00,-0.018184457814863917,-0.13639271798536512,0.1000238023556373,133.25,35.55
3249,1987-11-26 00:00:00,-0.017856855758182837,-0.13602130129089954,0.10030758977453386,133.25,35.55
3250,1987-11-27 00:00:00,0.011692952313538844,-0.10687803816445134,0.13026394279152906,133.25,35.55
3251,1987-11-28 00:00:00,0.004982437594702391,-0.11401899223529287,0.12398386742469765,133.25,35.55
3252,1987-11-29 00:00:00,0.036989433452341056,-0.08174586430732991,0.15572473121201202,133.25,35.55
3253,1987-11-30 00:00:00,0.02735415751447509,-0.091007038518422,0.1457153535473722,133.25,35.55
3254,1987-12-01 00:00:00,0.12330218721165355,0.004693453357945271,0.24191092106536186,133.25,35.55
3255,1987-12-02 00:00:00,-0.005895635456168559,-0.1261222945917358,0.11433102367939868,133.25,35.55
3256,1987-12-03 00:00:00,0.1352672781828288,0.01618767925654338,0.2543468771091142,133.25,35.55
3257,1987-12-04 00:00:00,0.020495119387929944,-0.09803476949242823,0.13902500826828812,133.25,35.55
3258,1987-12-05 00:00:00,0.054955414976939024,-0.06328917177422548,0.17320000172810351,133.25,35.55
3259,1987-12-06 00:00:00,-0.03637246574890195,-0.155305872568141,0.0825609410703371,133.25,35.55
3260,1987-12-07 00:00:00,0.0671637157480857,-0.05171527971154313,0.1860427112077145,133.25,35.55
3261,1987-12-08 00:00:00,0.0031566710252284164,-0.11514920293976115,0.12146254499021797,133.25,35.55
3262,1987-12-09 00:00:00,0.031417429900766104,-0.08684261195954521,0.14967747176107746,133.25,35.55
3263,1987-12-10 00:00:00,0.03233770113733326,-0.08584323197244738,0.15051863424711392,133.25,35.55
3264,1987-12-11 00:00:00,0.0802536117755544,-0.03813838253485291,0.1986456060859617,133.25,35.55
3265,1987-12-12 00:00:00,-0.020003132928798142,-0.13846762806365864,0.09846136220606236,133.25,35.55
3266,1987-12-13 00:00:00,0.035501706984872185,-0.08280028417516773,0.15380369814491213,133.25,35.55
3267,1987-12-14 00:00:00,-0.0224659035817646,-0.14096243764003222,0.096030630476503,133.25,35.55
3268,1987-12-15 00:00:00,0.06831575324123172,-0.050108272171324575,0.186739778653788,133.25,35.55
3269,1987-12-16 00:00:00,0.19951195631959745,0.08103619028611278,0.3179877223530821,133.25,35.55
3270,1987-12-17 00:00:00,0.045125574302579546,-0.0742545584532685,0.1645057070584276,133.25,35.55
3271,1987-12-18 00:00:00,-0.06721139347209001,-0.18593937271873973,0.051516585774559684,133.25,35.55
3272,1987-12-19 00:00:00,0.07903460646939114,-0.03924890595512452,0.1973181188939068,133.25,35.55
3273,1987-12-20 00:00:00,0.07933509920516252,-0.03894458932931755,0.19761478773964256,133.25,35.55
3274,1987-12-21 00:00:00,0.06149429828584236,-0.05693961062158503,0.17992820719326974,133.25,35.55
3275,1987-12-22 00:00:00,0.03675299316691685,-0.08162631358968891,0.15513229992352262,133.25,35.55
3276,1987-12-23 00:00:00,0.05207856243262092,-0.06646946848791405,0.1706265933531559,133.25,35.55
3277,1987-12-24 00:00:00,0.019760332296648628,-0.09839091411954233,0.1379115787128396,133.25,35.55
3278,1987-12-25 00:00:00,0.10442345342641404,-0.013852794039815541,0.22269970089264365,133.25,35.55
3279,1987-12-26 00:00:00,0.08457497111046848,-0.03406795584537689,0.20321789806631385,133.25,35.55
3280,1987-12-27 00:00:00,0.08780308129323165,-0.03049482043354373,0.20610098302000704,133.25,35.55
3281,1987-12-28 00:00:00,0.12174004259578353,0.0035285081888994235,0.2399515770026676,133.25,35.55
3282,1987-12-29 00:00:00,0.08592267712394905,-0.03232266890451406,0.20416802315241214,133.25,35.55
3283,1987-12-30 00:00:00,0.17008158382646846,0.05085970254723547,0.2893034651057014,133.25,35.55
3284,1987-12-31 00:00:00,-0.06875710154563316,-0.1882906429593354,0.050776439868069054,133.25,35.55
3285,1988-01-01 00:00:00,0.04155014294005823,-0.07669664798348405,0.15979693386360053,133.25,35.55
3286,1988-01-02 00:00:00,0.08389444864030259,-0.034443243839223835,0.20223214111982896,133.25,35.55
3287,1988-01-03 00:00:00,-0.044599819915381984,-0.1629389213494072,0.07373928151864323,133.25,35.55
3288,1988-01-04 00:00:00,0.07863975613360336,-0.03965259327696212,0.19693210554416885,133.25,35.55
3289,1988-01-05 00:00:00,-0.09057072800357156,-0.2091588710973156,0.028017415090172484,133.25,35.55
3290,1988-01-06 00:00:00,0.016393534458510384,-0.1020979274572055,0.13488499637422627,133.25,35.55
3291,1988-01-07 00:00:00,0.08383200302706878,-0.034559620261658236,0.2022236263157958,133.25,35.55
3292,1988-01-08 00:00:00,0.15397764210892026,0.03538908659783892,0.2725661976200016,133.25,35.55
3293,1988-01-09 00:00:00,0.24243634034501205,0.1233936592480942,0.3614790214419299,133.25,35.55
3294,1988-01-10 00:00:00,-0.024820744464172182,-0.14417208083974908,0.09453059191140474,133.25,35.55
3295,1988-01-11 00:00:00,0.061636713265395236,-0.05673774724899115,0.18001117377978162,133.25,35.55
3296,1988-01-12 00:00:00,0.02652912979300692,-0.09176903749672792,0.14482729708274178,133.25,35.55
3297,1988-01-13 00:00:00,0.05714504038210115,-0.06112519059378607,0.17541527135798834,133.25,35.55
3298,1988-01-14 00:00:00,0.04013971966606581,-0.0780650101964864,0.158344449528618,133.25,35.55
3299,1988-01-15 00:00:00,0.12034530166449373,0.002000359702927834,0.2386902436260596,133.25,35.55
3300,1988-01-16 00:00:00,-0.008509536301265094,-0.12695543261062914,0.10993636000809894,133.25,35.55
3301,1988-01-17 00:00:00,0.01943740597952216,-0.0989844246241866,0.13785923658323093,133.25,35.55
3302,1988-01-18 00:00:00,0.14405958909805622,0.025301886330628368,0.2628172918654841,133.25,35.55
3303,1988-01-19 00:00:00,-0.009474141347395021,-0.12816518083483125,0.1092168981400412,133.25,35.55
3304,1988-01-20 00:00:00,0.04199321107209335,-0.0762231216225055,0.1602095437666922,133.25,35.55
3305,1988-01-21 00:00:00,0.07204524353818162,-0.04632729305409605,0.19041778013045926,133.25,35.55
3306,1988-01-22 00:00:00,0.16587013586650418,0.04724534974960429,0.2844949219834041,133.25,35.55
3307,1988-01-23 00:00:00,0.23657932487061056,0.11661776699386335,0.3565408827473578,133.25,35.55
3308,1988-01-24 00:00:00,0.1482570927052705,0.02772319142638512,0.26879099398415585,133.25,35.55
3309,1988-01-25 00:00:00,0.1987984094723259,0.07920273868244314,0.3183940802622087,133.25,35.55
3310,1988-01-26 00:00:00,0.14023465108200664,0.02143205304424739,0.2590372491197659,133.25,35.55
3311,1988-01-27 00:00:00,0.058682595409011364,-0.05974835345116385,0.17711354426918655,133.25,35.55
3312,1988-01-28 00:00:00,0.058929671034166214,-0.061039920584423424,0.17889926265275585,133.25,35.55
3313,1988-01-29 00:00:00,0.15248107505475822,0.033639023479559514,0.2713231266299569,133.25,35.55
3314,1988-01-30 00:00:00,0.01576638072419325,-0.10293570267216473,0.13446846412055125,133.25,35.55
3315,1988-01-31 00:00:00,0.07915839870898528,-0.03921729988023447,0.19753409729820506,133.25,35.55
3316,1988-02-01 00:00:00,0.02401235005245796,-0.09424261440345368,0.1422673145083696,133.25,35.55
3317,1988-02-02 00:00:00,0.2758234547837689,0.15683964602576972,0.3948072635417681,133.25,35.55
3318,1988-02-03 00:00:00,0.138420299126915,0.018644568063253097,0.2581960301905769,133.25,35.55
3319,1988-02-04 00:00:00,0.10942600264596034,-0.009495204147526163,0.22834720943944686,133.25,35.55
3320,1988-02-05 00:00:00,0.23564084712823266,0.11694263017058808,0.3543390640858772,133.25,35.55
3321,1988-02-06 00:00:00,0.09336040579023633,-0.026280694937574556,0.2130015065180472,133.25,35.55
3322,1988-02-07 00:00:00,0.08146211318904545,-0.038726970538517015,0.2016511969166079,133.25,35.55
3323,1988-02-08 00:00:00,-0.004219306305457943,-0.1230580254405346,0.11461941282961872,133.25,35.55
3324,1988-02-09 00:00:00,0.0677729664285764,-0.050525881384652416,0.1860718142418052,133.25,35.55
3325,1988-02-10 00:00:00,-0.00681504374355384,-0.1253950296536731,0.11176494216656543,133.25,35.55
3326,1988-02-11 00:00:00,-0.03883983499862738,-0.15710668294823166,0.07942701295097687,133.25,35.55
3327,1988-02-12 00:00:00,0.08208178616093577,-0.03618348570637027,0.20034705802824185,133.25,35.55
3328,1988-02-13 00:00:00,0.050016317385135976,-0.06842298698800589,0.16845562175827786,133.25,35.55
3329,1988-02-14 00:00:00,-0.014759395951121544,-0.13319283397292614,0.10367404207068308,133.25,35.55
3330,1988-02-15 00:00:00,0.03556817883809637,-0.08289492964358439,0.1540312873197771,133.25,35.55
3331,1988-02-16 00:00:00,-0.0017533630927648175,-0.1201249878274274,0.11661826164189774,133.25,35.55
3332,1988-02-17 00:00:00,-0.0033039729670762824,-0.12160030235468412,0.11499235642053154,133.25,35.55
3333,1988-02-18 00:00:00,0.08033667288412638,-0.03821089245241459,0.1988842382206673,133.25,35.55
3334,1988-02-19 00:00:00,0.0007227994785825447,-0.11790191077519148,0.11934750973235657,133.25,35.55
3335,1988-02-20 00:00:00,0.05574346814333752,-0.06264888621194509,0.17413582249862014,133.25,35.55
3336,1988-02-21 00:00:00,-0.07046029626202231,-0.18887431956814368,0.04795372704409906,133.25,35.55
3337,1988-02-22 00:00:00,0.009509980634028107,-0.10887387655809816,0.12789383782615438,133.25,35.55
3338,1988-02-23 00:00:00,0.12417613909588035,0.0057499474960736605,0.24260233069568704,133.25,35.55
3339,1988-02-24 00:00:00,-0.08939489949313449,-0.2079515199363733,0.02916172095010433,133.25,35.55
3340,1988-02-25 00:00:00,-0.04130792099648741,-0.15955526536694406,0.07693942337396925,133.25,35.55
3341,1988-02-26 00:00:00,-0.037188931577246,-0.15537207166745962,0.08099420851296762,133.25,35.55
3342,1988-02-27 00:00:00,-0.033724483662384924,-0.15211848884919105,0.08466952152442117,133.25,35.55
3343,1988-02-28 00:00:00,0.0187878917739603,-0.0998836623567642,0.1374594459046848,133.25,35.55
3344,1988-02-29 00:00:00,-0.031036283165187542,-0.14931197215103398,0.0872394058206589,133.25,35.55
3345,1988-03-01 00:00:00,0.05548579891056716,-0.06278675175926743,0.17375834958040176,133.25,35.55
3346,1988-03-02 00:00:00,0.03132168139194138,-0.08699021228405701,0.14963357506793978,133.25,35.55
3347,1988-03-03 00:00:00,0.06634482364669426,-0.05230007547355184,0.1849897227669404,133.25,35.55
3348,1988-03-04 00:00:00,-0.05371569500248475,-0.17235431746671634,0.06492292746174685,133.25,35.55
3349,1988-03-05 00:00:00,0.0387739356251109,-0.0795740219275272,0.157121893177749,133.25,35.55
3350,1988-03-06 00:00:00,0.07193774803390103,-0.04630886772833091,0.19018436379613296,133.25,35.55
3351,1988-03-07 00:00:00,0.1732912651044603,0.05431779084692237,0.29226473936199826,133.25,35.55
3352,1988-03-08 00:00:00,0.04998014240745415,-0.06877563439148626,0.16873591920639455,133.25,35.55
3353,1988-03-09 00:00:00,0.07392450011035161,-0.04444975098846127,0.19229875120916448,133.25,35.55
3354,1988-03-10 00:00:00,0.050175090996392856,-0.06823694189686605,0.16858712388965175,133.25,35.55
3355,1988-03-11 00:00:00,0.10028761473831516,-0.017995949679050244,0.21857117915568056,133.25,35.55
3356,1988-03-12 00:00:00,0.2463452179899233,0.12624151243388104,0.3664489235459656,133.25,35.55
3357,1988-03-13 00:00:00,-0.048198911122247404,-0.16761217292200725,0.07121435067751243,133.25,35.55
3358,1988-03-14 00:00:00,0.04562298708658768,-0.07258718694036242,0.16383316111353774,133.25,35.55
3359,1988-03-15 00:00:00,-0.04124874258950531,-0.16070419520972834,0.07820671003071772,133.25,35.55
3360,1988-03-16 00:00:00,-0.16879759997754684,-0.2889927470997734,-0.04860245285532026,133.25,35.55
3361,1988-03-17 00:00:00,-0.05565631098251686,-0.1743621048032378,0.06304948283820408,133.25,35.55
3362,1988-03-18 00:00:00,0.06100282697094876,-0.057538280597174536,0.17954393453907205,133.25,35.55
3363,1988-03-19 00:00:00,0.02212015938659717,-0.09618429291525296,0.1404246116884473,133.25,35.55
3364,1988-03-20 00:00:00,-0.10186627008074917,-0.2201410716032036,0.016408531441705287,133.25,35.55
3365,1988-03-21 00:00:00,-0.036374975027740265,-0.1548441094897544,0.08209415943427385,133.25,35.55
3366,1988-03-22 00:00:00,0.0892889701223088,-0.030695815104725813,0.2092737553493434,133.25,35.55
3367,1988-03-23 00:00:00,0.037862589259645335,-0.0818700729251022,0.15759525144439288,133.25,35.55
3368,1988-03-24 00:00:00,-0.09213849107306596,-0.21044133647407534,0.02616435432794345,133.25,35.55
3369,1988-03-25 00:00:00,0.03599383510410119,-0.08221034491381324,0.1541980151220156,133.25,35.55
3370,1988-03-26 00:00:00,0.029360991102109518,-0.08906157564666012,0.14778355785087915,133.25,35.55
3371,1988-03-27 00:00:00,0.01768718851233518,-0.10066889307980582,0.1360432701044762,133.25,35.55
3372,1988-03-28 00:00:00,0.0012101541407696715,-0.1170324970021144,0.11945280528365372,133.25,35.55
3373,1988-03-29 00:00:00,-0.01659443647578076,-0.1349805204793271,0.10179164752776557,133.25,35.55
3374,1988-03-30 00:00:00,-0.03030709519446445,-0.14877202654677213,0.08815783615784321,133.25,35.55
3375,1988-03-31 00:00:00,-0.027611436969336114,-0.14592305591762833,0.09070018197895613,133.25,35.55
3376,1988-04-01 00:00:00,-0.016933776292457778,-0.1350818074684219,0.10121425488350634,133.25,35.55
3377,1988-04-02 00:00:00,0.011423607189176632,-0.10671169640884004,0.1295589107871933,133.25,35.55
3378,1988-04-03 00:00:00,0.014671420176158875,-0.10358075777048384,0.1329235981228016,133.25,35.55
3379,1988-04-04 00:00:00,-0.057081410682003265,-0.17532638196911238,0.06116356060510586,133.25,35.55
3380,1988-04-05 00:00:00,0.08285992368544416,-0.035373686059668286,0.2010935334305566,133.25,35.55
3381,1988-04-06 00:00:00,0.04765695267776586,-0.07090694788938802,0.16622085324491975,133.25,35.55
3382,1988-04-07 00:00:00,-0.03339605523922497,-0.15190318676643408,0.08511107628798414,133.25,35.55
3383,1988-04-08 00:00:00,0.07483576741229654,-0.04472546789388415,0.19439700271847726,133.25,35.55
3384,1988-04-09 00:00:00,-0.026766759998031558,-0.14582931414003275,0.09229579414396964,133.25,35.55
3385,1988-04-10 00:00:00,-0.021770484876919727,-0.13995981459225246,0.096418844838413,133.25,35.55
3386,1988-04-11 00:00:00,0.029777320675763337,-0.08840755142283946,0.14796219277436615,133.25,35.55
3387,1988-04-12 00:00:00,0.3163596826359363,0.19697596408604875,0.43574340118582383,133.25,35.55
3388,1988-04-13 00:00:00,0.22381424495805846,0.10139818171207043,0.3462303082040465,133.25,35.55
3389,1988-04-14 00:00:00,0.03482094137187092,-0.08480202333065588,0.15444390607439773,133.25,35.55
3390,1988-04-15 00:00:00,0.04896914969546201,-0.06973296107922045,0.16767126047014447,133.25,35.55
3391,1988-04-16 00:00:00,0.0056916610075091216,-0.1126503329400655,0.12403365495508376,133.25,35.55
3392,1988-04-17 00:00:00,0.0019849759833745415,-0.11619419110827592,0.120164143075025,133.25,35.55
3393,1988-04-18 00:00:00,0.4071789058783195,0.2867896527240628,0.5275681590325763,133.25,35.55
3394,1988-04-19 00:00:00,0.14720574927847818,0.024475114831060296,0.2699363837258961,133.25,35.55
3395,1988-04-20 00:00:00,0.036099448102346,-0.08319171046945796,0.15539060667414994,133.25,35.55
3396,1988-04-21 00:00:00,-0.012174514962937595,-0.13058333376084588,0.10623430383497068,133.25,35.55
3397,1988-04-22 00:00:00,0.0949538800861386,-0.02342978368821999,0.2133375438604972,133.25,35.55
3398,1988-04-23 00:00:00,0.09190248558766152,-0.02647509199702636,0.21028006317234935,133.25,35.55
3399,1988-04-24 00:00:00,0.1095764610568732,-0.008748335747158123,0.2279012578609045,133.25,35.55
3400,1988-04-25 00:00:00,0.038549604085962634,-0.07973832209034727,0.15683753026227254,133.25,35.55
3401,1988-04-26 00:00:00,0.07896107653236957,-0.039328254794522365,0.1972504078592615,133.25,35.55
3402,1988-04-27 00:00:00,0.0731637502724948,-0.04504469535143664,0.19137219589642626,133.25,35.55
3403,1988-04-28 00:00:00,0.07669027399047426,-0.04148362378496341,0.19486417176591192,133.25,35.55
3404,1988-04-29 00:00:00,0.13498079767429694,0.016383944583568816,0.25357765076502503,133.25,35.55
3405,1988-04-30 00:00:00,0.11041854691820248,-0.008293077684831465,0.22913017152123644,133.25,35.55
3406,1988-05-01 00:00:00,0.12589631053285194,0.007559522302838156,0.24423309876286575,133.25,35.55
3407,1988-05-02 00:00:00,0.05273416768119877,-0.06562025371537453,0.17108858907777208,133.25,35.55
3408,1988-05-03 00:00:00,0.048250400007534486,-0.07004900877855319,0.16654980879362216,133.25,35.55
3409,1988-05-04 00:00:00,0.1488703884625534,0.030309680062365008,0.2674310968627418,133.25,35.55
3410,1988-05-05 00:00:00,-0.02058718344729344,-0.1393532689053071,0.09817890201072024,133.25,35.55
3411,1988-05-06 00:00:00,0.0026705623456536195,-0.11571084281338563,0.12105196750469285,133.25,35.55
3412,1988-05-07 00:00:00,0.05891240709953175,-0.059352971081727476,0.17717778528079098,133.25,35.55
3413,1988-05-08 00:00:00,-0.05628736040218392,-0.17572326431282628,0.06314854350845844,133.25,35.55
3414,1988-05-09 00:00:00,-0.1029456903678889,-0.2216074552875429,0.015716074551765047,133.25,35.55
3415,1988-05-10 00:00:00,0.09140515030610433,-0.026901211797001404,0.20971151240921004,133.25,35.55
3416,1988-05-11 00:00:00,0.05527938301733268,-0.06321037571264428,0.17376914174730962,133.25,35.55
3417,1988-05-12 00:00:00,0.07430316453995588,-0.044147016711888316,0.1927533457918001,133.25,35.55
3418,1988-05-13 00:00:00,0.11329176006989522,-0.005904333438935039,0.2324878535787255,133.25,35.55
3419,1988-05-14 00:00:00,0.054045864451388266,-0.0645475752930104,0.17263930419578696,133.25,35.55
3420,1988-05-15 00:00:00,0.10979286876872599,-0.008952174719016312,0.2285379122564683,133.25,35.55
3421,1988-05-16 00:00:00,0.03755334187360693,-0.08122777935301684,0.15633446310023072,133.25,35.55
3422,1988-05-17 00:00:00,0.06244357935758084,-0.055693586472074,0.1805807451872357,133.25,35.55
3423,1988-05-18 00:00:00,0.07559512021312664,-0.042540999246757874,0.19373123967301115,133.25,35.55
3424,1988-05-19 00:00:00,0.0759401283435453,-0.042205933762452935,0.19408619044954356,133.25,35.55
3425,1988-05-20 00:00:00,0.08582149845569469,-0.03251206345928047,0.20415506037066986,133.25,35.55
3426,1988-05-21 00:00:00,0.012822237274520962,-0.10575311176893512,0.13139758631797704,133.25,35.55
3427,1988-05-22 00:00:00,0.05104482077880712,-0.0672599821905204,0.16934962374813464,133.25,35.55
3428,1988-05-23 00:00:00,0.08136263694099093,-0.0372358423241552,0.19996111620613705,133.25,35.55
3429,1988-05-24 00:00:00,-0.04560007485916828,-0.16412210356067491,0.07292195384233836,133.25,35.55
3430,1988-05-25 00:00:00,0.015895730922623818,-0.10227726602764334,0.13406872787289098,133.25,35.55
3431,1988-05-26 00:00:00,-0.02087083412289815,-0.13906789274720552,0.09732622450140922,133.25,35.55
3432,1988-05-27 00:00:00,0.05724886501829686,-0.06094566946982169,0.1754433995064154,133.25,35.55
3433,1988-05-28 00:00:00,0.045493374342298026,-0.07268950368136788,0.16367625236596395,133.25,35.55
3434,1988-05-29 00:00:00,0.00687497667182079,-0.11128092309963183,0.12503087644327346,133.25,35.55
3435,1988-05-30 00:00:00,-0.020917285212668515,-0.13909040486926955,0.09725583444393254,133.25,35.55
3436,1988-05-31 00:00:00,0.0016588220478655285,-0.1164978517133962,0.11981549580912725,133.25,35.55
3437,1988-06-01 00:00:00,0.06462209882586255,-0.05357687459217656,0.18282107224390165,133.25,35.55
3438,1988-06-02 00:00:00,0.08342993136763853,-0.03498025862099717,0.20184012135627424,133.25,35.55
3439,1988-06-03 00:00:00,0.1786970672792198,0.0584239513888789,0.2989701831695607,133.25,35.55
3440,1988-06-04 00:00:00,0.036096337776701064,-0.0831809148018252,0.1553735903552273,133.25,35.55
3441,1988-06-05 00:00:00,0.08356698973966299,-0.034979768362341936,0.202113747841668,133.25,35.55
3442,1988-06-06 00:00:00,0.02076130614526573,-0.09747524617004974,0.1389978584605812,133.25,35.55
3443,1988-06-07 00:00:00,0.11214099997846326,-0.00599928591670168,0.2302812858736282,133.25,35.55
3444,1988-06-08 00:00:00,0.12777069404530395,0.009598661941267614,0.2459427261493403,133.25,35.55
3445,1988-06-09 00:00:00,0.1476435208552906,0.029188915628954638,0.2660981260816265,133.25,35.55
3446,1988-06-10 00:00:00,0.024077106205235184,-0.09433011124018996,0.14248432365066035,133.25,35.55
3447,1988-06-11 00:00:00,0.03101294180597221,-0.08715982893439064,0.14918571254633506,133.25,35.55
3448,1988-06-12 00:00:00,0.05033516191240168,-0.06792604503864319,0.16859636886344656,133.25,35.55
3449,1988-06-13 00:00:00,0.04489521747493277,-0.07332369477543624,0.1631141297253018,133.25,35.55
3450,1988-06-14 00:00:00,0.07703192367881245,-0.041071582356808085,0.19513542971443296,133.25,35.55
3451,1988-06-15 00:00:00,0.029928350511365963,-0.08820877988127405,0.14806548090400595,133.25,35.55
3452,1988-06-16 00:00:00,0.07881891016546681,-0.03933708225561,0.19697490258654365,133.25,35.55
3453,1988-06-17 00:00:00,0.02491138382988312,-0.09326837587801373,0.14309114353777996,133.25,35.55
3454,1988-06-18 00:00:00,0.03740765159726421,-0.08076891005985361,0.15558421325438204,133.25,35.55
3455,1988-06-19 00:00:00,0.04626633913191712,-0.071896061306705,0.16442873957053925,133.25,35.55
3456,1988-06-20 00:00:00,0.070886317184815,-0.047285702387205565,0.1890583367568356,133.25,35.55
3457,1988-06-21 00:00:00,-0.01215150276978838,-0.13029825211372795,0.1059952465741512,133.25,35.55
3458,1988-06-22 00:00:00,0.00182598963815973,-0.11628257612753425,0.11993455540385373,133.25,35.55
3459,1988-06-23 00:00:00,0.034547581716368445,-0.08398794344586677,0.15308310687860366,133.25,35.55
3460,1988-06-24 00:00:00,0.0595021226900484,-0.05998209790570822,0.17898634328580504,133.25,35.55
3461,1988-06-25 00:00:00,0.05505960505643424,-0.06402135222705088,0.17414056233991934,133.25,35.55
3462,1988-06-26 00:00:00,0.011163698713580902,-0.10729333341412814,0.12962073084128994,133.25,35.55
3463,1988-06-27 00:00:00,0.013762551521229629,-0.104624867883055,0.13214997092551425,133.25,35.55
3464,1988-06-28 00:00:00,0.020886187566979863,-0.0973504718226312,0.13912284695659094,133.25,35.55
3465,1988-06-29 00:00:00,0.04653902179036893,-0.07156252503175202,0.1646405686124899,133.25,35.55
3466,1988-06-30 00:00:00,0.09461729212666167,-0.02404323965476972,0.21327782390809308,133.25,35.55
3467,1988-07-01 00:00:00,0.0982583355086046,-0.02068370910118554,0.2172003801183947,133.25,35.55
3468,1988-07-02 00:00:00,0.02039815596425056,-0.09783104874202772,0.13862736067052886,133.25,35.55
3469,1988-07-03 00:00:00,0.08574062536499202,-0.032506330601295444,0.20398758133127948,133.25,35.55
3470,1988-07-04 00:00:00,-0.006212379820278089,-0.12459207824384072,0.11216731860328456,133.25,35.55
3471,1988-07-05 00:00:00,0.027180238576511532,-0.0909835655355885,0.14534404268861156,133.25,35.55
3472,1988-07-06 00:00:00,0.03300608204879127,-0.08509693514280875,0.1511090992403913,133.25,35.55
3473,1988-07-07 00:00:00,0.11593594858434435,-0.002224391863058575,0.2340962890317473,133.25,35.55
3474,1988-07-08 00:00:00,0.14353426570153288,0.025293752908285644,0.2617747784947801,133.25,35.55
3475,1988-07-09 00:00:00,0.10510220387950722,-0.013163678863548424,0.22336808662256288,133.25,35.55
3476,1988-07-10 00:00:00,0.08270726685148957,-0.03558626040056928,0.20100079410354846,133.25,35.55
3477,1988-07-11 00:00:00,0.04645902856280695,-0.07176740557134048,0.1646854626969544,133.25,35.55
3478,1988-07-12 00:00:00,0.010415369437620337,-0.10774933987166888,0.12858007874690955,133.25,35.55
3479,1988-07-13 00:00:00,0.04271671823344246,-0.07545485016908307,0.16088828663596802,133.25,35.55
3480,1988-07-14 00:00:00,0.08132844119070615,-0.036905993983120534,0.1995628763645328,133.25,35.55
3481,1988-07-15 00:00:00,0.08392025968020798,-0.03441564941770321,0.2022561687781192,133.25,35.55
3482,1988-07-16 00:00:00,0.04348127590417193,-0.07476287114503136,0.16172542295337522,133.25,35.55
3483,1988-07-17 00:00:00,0.03876764254634658,-0.07939683253157663,0.15693211762426978,133.25,35.55
3484,1988-07-18 00:00:00,0.04288224200123505,-0.07527595745160201,0.1610404414540721,133.25,35.55
3485,1988-07-19 00:00:00,0.03071067570483608,-0.08748820744988671,0.14890955885955887,133.25,35.55
3486,1988-07-20 00:00:00,0.1011662057793718,-0.01703694584457291,0.2193693574033165,133.25,35.55
3487,1988-07-21 00:00:00,0.08138956564388904,-0.036879478136768014,0.19965860942454608,133.25,35.55
3488,1988-07-22 00:00:00,0.017951512437067482,-0.10024918484612924,0.13615220972026418,133.25,35.55
3489,1988-07-23 00:00:00,0.055999266416476304,-0.0622102808782919,0.17420881371124453,133.25,35.55
3490,1988-07-24 00:00:00,-0.029455657712504437,-0.1480171323965941,0.0891058169715852,133.25,35.55
3491,1988-07-25 00:00:00,0.01370595362025604,-0.10480713851448993,0.13221904575500198,133.25,35.55
3492,1988-07-26 00:00:00,0.013746609937604713,-0.10462809438893693,0.13212131426414636,133.25,35.55
3493,1988-07-27 00:00:00,-0.0108834415673732,-0.12948085281976993,0.10771396968502353,133.25,35.55
3494,1988-07-28 00:00:00,0.0020845906835848392,-0.11648681012706,0.12065599149422968,133.25,35.55
3495,1988-07-29 00:00:00,-0.00046047830415836544,-0.11870132252109228,0.11778036591277555,133.25,35.55
3496,1988-07-30 00:00:00,0.0217287517877321,-0.09645551244969527,0.1399130160251595,133.25,35.55
3497,1988-07-31 00:00:00,0.0367431896761752,-0.08139673391664295,0.15488311326899334,133.25,35.55
3498,1988-08-01 00:00:00,0.025537662620724662,-0.09257423634184192,0.14364956158329126,133.25,35.55
3499,1988-08-02 00:00:00,0.03947940097353507,-0.0787500905892142,0.15770889253628434,133.25,35.55
3500,1988-08-03 00:00:00,0.06857728526129363,-0.04966112904607732,0.18681569956866456,133.25,35.55
3501,1988-08-04 00:00:00,0.05662532774922141,-0.06149141813054412,0.17474207362898694,133.25,35.55
3502,1988-08-05 00:00:00,0.045941957725519456,-0.07225947025099468,0.16414338570203355,133.25,35.55
3503,1988-08-06 00:00:00,-0.001370817072125348,-0.11952448731399043,0.11678285316973973,133.25,35.55
3504,1988-08-07 00:00:00,0.013969678480879271,-0.10415843194762657,0.13209778890938512,133.25,35.55
3505,1988-08-08 00:00:00,0.01085125280990604,-0.10726858349431667,0.12897108911412875,133.25,35.55
3506,1988-08-09 00:00:00,0.015553297892590724,-0.10256946175945864,0.13367605754464007,133.25,35.55
3507,1988-08-10 00:00:00,0.01887423519796453,-0.09963377685998856,0.13738224725591766,133.25,35.55
3508,1988-08-11 00:00:00,-0.0033036499567354397,-0.12225552253731806,0.11564822262384715,133.25,35.55
3509,1988-08-12 00:00:00,0.060290266771631,-0.05808814542018618,0.17866867896344818,133.25,35.55
3510,1988-08-13 00:00:00,0.015589187598102025,-0.10264621311535704,0.13382458831156108,133.25,35.55
3511,1988-08-14 00:00:00,0.0020090767546977785,-0.1161560611345804,0.12017421464397594,133.25,35.55
3512,1988-08-15 00:00:00,0.0054210165341514885,-0.11273099757105705,0.12357303063936005,133.25,35.55
3513,1988-08-16 00:00:00,0.04152360980877722,-0.07673358246218802,0.15978080207974246,133.25,35.55
3514,1988-08-17 00:00:00,0.08234995061819259,-0.035989708904703065,0.2006896101410882,133.25,35.55
3515,1988-08-18 00:00:00,0.029447656173611707,-0.08871859974753908,0.1476139120947625,133.25,35.55
3516,1988-08-19 00:00:00,0.06421249169833501,-0.05389817820762152,0.18232316160429154,133.25,35.55
3517,1988-08-20 00:00:00,0.054665232403924416,-0.06346158736294336,0.1727920521707922,133.25,35.55
3518,1988-08-21 00:00:00,0.1467624537413686,0.028543062798736692,0.2649818446840005,133.25,35.55
3519,1988-08-22 00:00:00,0.09797953501095974,-0.020285722222033245,0.2162447922439527,133.25,35.55
3520,1988-08-23 00:00:00,0.05867536367760519,-0.059456927239656364,0.17680765459486675,133.25,35.55
3521,1988-08-24 00:00:00,0.031267654590024084,-0.08687477904971512,0.1494100882297633,133.25,35.55
3522,1988-08-25 00:00:00,0.008950016266533224,-0.10924095173898797,0.12714098427205445,133.25,35.55
3523,1988-08-26 00:00:00,0.037468367833829314,-0.08072951500396372,0.15566625067162235,133.25,35.55
3524,1988-08-27 00:00:00,0.05396715653937762,-0.06423410745793487,0.1721684205366901,133.25,35.55
3525,1988-08-28 00:00:00,0.10602116372272068,-0.012251540176031014,0.2242938676214724,133.25,35.55
3526,1988-08-29 00:00:00,0.09471789633656882,-0.023545061178240567,0.21298085385137824,133.25,35.55
3527,1988-08-30 00:00:00,0.061112171436636525,-0.05703912754293317,0.17926347041620622,133.25,35.55
3528,1988-08-31 00:00:00,0.053555094906121606,-0.06457954356821058,0.1716897333804538,133.25,35.55
3529,1988-09-01 00:00:00,0.0384179458841799,-0.0797137608621174,0.1565496526304772,133.25,35.55
3530,1988-09-02 00:00:00,0.008154848944665258,-0.10995932724605104,0.12626902513538155,133.25,35.55
3531,1988-09-03 00:00:00,-0.02123789272744765,-0.1394590035640881,0.0969832181091928,133.25,35.55
3532,1988-09-04 00:00:00,0.003496978585340045,-0.11470487711565615,0.12169883428633625,133.25,35.55
3533,1988-09-05 00:00:00,0.020289663768903076,-0.09795753956396372,0.13853686710176988,133.25,35.55
3534,1988-09-06 00:00:00,0.0585589479581046,-0.060105674409537825,0.17722357032574698,133.25,35.55
3535,1988-09-07 00:00:00,0.05662230826708323,-0.06192554169722144,0.17517015823138787,133.25,35.55
3536,1988-09-08 00:00:00,0.00170560668837081,-0.11642402741822876,0.11983524079497038,133.25,35.55
3537,1988-09-09 00:00:00,0.0051545124995407005,-0.11293286859399584,0.12324189359307725,133.25,35.55
3538,1988-09-10 00:00:00,0.035919821310374585,-0.08216314338509348,0.15400278600584266,133.25,35.55
3539,1988-09-11 00:00:00,0.09780787567733863,-0.02045362837125426,0.21606937972593154,133.25,35.55
3540,1988-09-12 00:00:00,0.200936133629135,0.08218811096131988,0.3196841562969501,133.25,35.55
3541,1988-09-13 00:00:00,-0.07126841723175484,-0.1896810893464334,0.04714425488292373,133.25,35.55
3542,1988-09-14 00:00:00,-0.037670507248723964,-0.1558686548415462,0.08052764034409829,133.25,35.55
3543,1988-09-15 00:00:00,0.03945642636411977,-0.07888062979260489,0.1577934825208444,133.25,35.55
3544,1988-09-16 00:00:00,0.04387390783575418,-0.07455543542282422,0.1623032510943326,133.25,35.55
3545,1988-09-17 00:00:00,-0.0150481983272503,-0.13330283427580228,0.10320643762130167,133.25,35.55
3546,1988-09-18 00:00:00,-0.030645741678451664,-0.14877319636658615,0.08748171300968281,133.25,35.55
3547,1988-09-19 00:00:00,0.04098498543529154,-0.07713848282002604,0.1591084536906091,133.25,35.55
3548,1988-09-20 00:00:00,0.06309327777132374,-0.055072749165235,0.18125930470788248,133.25,35.55
3549,1988-09-21 00:00:00,0.0005848853015799245,-0.1175340137172327,0.11870378432039255,133.25,35.55
3550,1988-09-22 00:00:00,-0.004950781841535561,-0.12306559264776967,0.11316402896469854,133.25,35.55
3551,1988-09-23 00:00:00,0.007790484287724726,-0.11033057930197712,0.12591154787742656,133.25,35.55
3552,1988-09-24 00:00:00,0.032346876258242986,-0.0857884488185968,0.15048220133508278,133.25,35.55
3553,1988-09-25 00:00:00,0.06693150555682519,-0.05182598830312196,0.18568899941677236,133.25,35.55
3554,1988-09-26 00:00:00,0.03615993160365055,-0.08269401355242842,0.15501387675972955,133.25,35.55
3555,1988-09-27 00:00:00,0.03761235937331768,-0.08076549535384997,0.15599021410048536,133.25,35.55
3556,1988-09-28 00:00:00,-0.01619388420695808,-0.13461499701259474,0.10222722859867857,133.25,35.55
3557,1988-09-29 00:00:00,0.0012174269922167675,-0.11721812042298488,0.11965297440741846,133.25,35.55
3558,1988-09-30 00:00:00,-0.00321914961723304,-0.12145247767430405,0.11501417843983795,133.25,35.55
3559,1988-10-01 00:00:00,0.02488788585227736,-0.09328806728247686,0.14306383898703154,133.25,35.55
3560,1988-10-02 00:00:00,0.030578897720045482,-0.08750958719324559,0.14866738263333654,133.25,35.55
3561,1988-10-03 00:00:00,-0.03085111992052546,-0.14904332804860693,0.08734108820755597,133.25,35.55
3562,1988-10-04 00:00:00,-0.01840096076027602,-0.13671179106862635,0.09990986954807432,133.25,35.55
3563,1988-10-05 00:00:00,-0.005441631286352687,-0.12369708116697425,0.1128138185942689,133.25,35.55
3564,1988-10-06 00:00:00,0.18178159138805927,0.06308695235449215,0.3004762304216264,133.25,35.55
3565,1988-10-07 00:00:00,0.03735725048270384,-0.0812703505566644,0.1559848515220721,133.25,35.55
3566,1988-10-08 00:00:00,-0.08581126102525836,-0.20430173556455844,0.0326792135140417,133.25,35.55
3567,1988-10-09 00:00:00,-0.008895366632514501,-0.12735616971404778,0.10956543644901877,133.25,35.55
3568,1988-10-10 00:00:00,-0.023762864355567775,-0.14190068849242368,0.09437495978128813,133.25,35.55
3569,1988-10-11 00:00:00,0.04253654145125752,-0.07560122719874335,0.16067431010125838,133.25,35.55
3570,1988-10-12 00:00:00,0.15382234751360646,0.035568269934075934,0.272076425093137,133.25,35.55
3571,1988-10-13 00:00:00,0.005081777149645847,-0.1142980389561246,0.12446159325541628,133.25,35.55
3572,1988-10-14 00:00:00,0.06473003297743743,-0.054151728638303295,0.1836117945931781,133.25,35.55
3573,1988-10-15 00:00:00,0.06233452478589785,-0.05590904498512154,0.18057809455691728,133.25,35.55
3574,1988-10-16 00:00:00,-0.016779381912108683,-0.13497942649979647,0.10142066267557907,133.25,35.55
3575,1988-10-17 00:00:00,0.026226368636755933,-0.0919200232787164,0.14437276055222825,133.25,35.55
3576,1988-10-18 00:00:00,0.0510573446491775,-0.0671473685334753,0.1692620578318303,133.25,35.55
3577,1988-10-19 00:00:00,-0.04662021033513907,-0.1648117611712752,0.07157134050099706,133.25,35.55
3578,1988-10-20 00:00:00,0.009567553950803805,-0.10861690719773337,0.12775201509934098,133.25,35.55
3579,1988-10-21 00:00:00,0.07618321581209538,-0.04199419746833606,0.19436062909252685,133.25,35.55
3580,1988-10-22 00:00:00,0.02074782967927136,-0.09740884536403004,0.13890450472257276,133.25,35.55
3581,1988-10-23 00:00:00,-0.04618851693667325,-0.16429834310060354,0.07192130922725706,133.25,35.55
3582,1988-10-24 00:00:00,0.01332089334013761,-0.10481276097049924,0.13145454765077444,133.25,35.55
3583,1988-10-25 00:00:00,0.05144223171456353,-0.06681797459584479,0.16970243802497184,133.25,35.55
3584,1988-10-26 00:00:00,-0.0490178046711078,-0.1673203724270083,0.06928476308479273,133.25,35.55
3585,1988-10-27 00:00:00,0.013702269537574696,-0.10448870210086453,0.13189324117601392,133.25,35.55
3586,1988-10-28 00:00:00,0.03865563749035295,-0.079795968274007,0.1571072432547129,133.25,35.55
3587,1988-10-29 00:00:00,0.04854345616835765,-0.07028473522590373,0.16737164756261902,133.25,35.55
3588,1988-10-30 00:00:00,0.055788441673997165,-0.06351002332855174,0.17508690667654606,133.25,35.55
3589,1988-10-31 00:00:00,0.07538457734095998,-0.042955779757491534,0.1937249344394115,133.25,35.55
3590,1988-11-01 00:00:00,0.019974690947000752,-0.09814428759031983,0.1380936694843213,133.25,35.55
3591,1988-11-02 00:00:00,0.12656964911947227,0.008197129301668923,0.2449421689372756,133.25,35.55
3592,1988-11-03 00:00:00,0.09261599111092053,-0.025976685083326817,0.21120866730516788,133.25,35.55
3593,1988-11-04 00:00:00,0.012598615990762882,-0.10579689017243923,0.130994122153965,133.25,35.55
3594,1988-11-05 00:00:00,0.07793900505337373,-0.040499807427581705,0.19637781753432915,133.25,35.55
3595,1988-11-06 00:00:00,0.03050366912651185,-0.08800636490682441,0.14901370315984813,133.25,35.55
3596,1988-11-07 00:00:00,0.06004951424525611,-0.058352007793841226,0.17845103628435344,133.25,35.55
3597,1988-11-08 00:00:00,-0.009558732252565013,-0.12789252629910047,0.10877506179397044,133.25,35.55
3598,1988-11-09 00:00:00,0.05629554014760441,-0.06189522576115724,0.17448630605636606,133.25,35.55
3599,1988-11-10 00:00:00,0.0979139268929525,-0.020835541009825043,0.21666339479573005,133.25,35.55
3600,1988-11-11 00:00:00,0.20524677913598935,0.08598374212332044,0.3245098161486583,133.25,35.55
3601,1988-11-12 00:00:00,0.19739622722500197,0.07836519703220549,0.3164272574177985,133.25,35.55
3602,1988-11-13 00:00:00,0.14768369725665031,0.02889129836257627,0.2664760961507244,133.25,35.55
3603,1988-11-14 00:00:00,0.049128553012754365,-0.06948003458057186,0.1677371406060806,133.25,35.55
3604,1988-11-15 00:00:00,0.0695976563311191,-0.04896344695146114,0.18815875961369927,133.25,35.55
3605,1988-11-16 00:00:00,0.08261667175074866,-0.035790112820254794,0.2010234563217521,133.25,35.55
3606,1988-11-17 00:00:00,0.011034305751476592,-0.10748906888879813,0.1295576803917513,133.25,35.55
3607,1988-11-18 00:00:00,0.05525349892996247,-0.06365843797978771,0.17416543583971264,133.25,35.55
3608,1988-11-19 00:00:00,-0.010062021369249457,-0.1312731499132446,0.11114910717474567,133.25,35.55
3609,1988-11-20 00:00:00,-0.0036776936937301663,-0.12308537855337068,0.11572999116591035,133.25,35.55
3610,1988-11-21 00:00:00,0.03592338373280059,-0.08228952988071049,0.15413629734631168,133.25,35.55
3611,1988-11-22 00:00:00,-0.013465561471585,-0.13158100311641716,0.10464988017324714,133.25,35.55
3612,1988-11-23 00:00:00,0.13620556540775935,0.017722910785966606,0.2546882200295521,133.25,35.55
3613,1988-11-24 00:00:00,0.19375348850372545,0.07445447246388905,0.3130525045435618,133.25,35.55
3614,1988-11-25 00:00:00,0.20175654809095464,0.08247268931681187,0.3210404068650974,133.25,35.55
3615,1988-11-26 00:00:00,0.2693023208662284,0.14985943853790698,0.3887452031945498,133.25,35.55
3616,1988-11-27 00:00:00,0.09773175498473737,-0.02107835520629352,0.21654186517576826,133.25,35.55
3617,1988-11-28 00:00:00,0.005494220165046589,-0.1136049146150312,0.12459335494512434,133.25,35.55
3618,1988-11-29 00:00:00,-0.07997167022954511,-0.20043064074863495,0.04048730028954477,133.25,35.55
3619,1988-11-30 00:00:00,0.10908183847688473,-0.010057879017679487,0.2282215559714489,133.25,35.55
3620,1988-12-01 00:00:00,0.04343484521987579,-0.07480223253363866,0.16167192297339025,133.25,35.55
3621,1988-12-02 00:00:00,-0.0478334080237167,-0.16607444775337327,0.07040763170593987,133.25,35.55
3622,1988-12-03 00:00:00,0.032097412863378326,-0.08610260590245528,0.15029743162921194,133.25,35.55
3623,1988-12-04 00:00:00,0.07205058455791374,-0.046261907246720184,0.19036307636254768,133.25,35.55
3624,1988-12-05 00:00:00,0.17034125751544413,0.05169604936311087,0.2889864656677774,133.25,35.55
3625,1988-12-06 00:00:00,0.01693494759035182,-0.10172800891316508,0.1355979040938687,133.25,35.55
3626,1988-12-07 00:00:00,0.040482196494723684,-0.07775941230614355,0.1587238052955909,133.25,35.55
3627,1988-12-08 00:00:00,0.047779334521513034,-0.07050472101591054,0.16606339005893658,133.25,35.55
3628,1988-12-09 00:00:00,0.11468810093326115,-0.004000709031432265,0.23337691089795454,133.25,35.55
3629,1988-12-10 00:00:00,0.11712701140412128,-0.001802685609989571,0.2360567084182321,133.25,35.55
3630,1988-12-11 00:00:00,0.1345794321175357,0.015856931912247643,0.2533019323228238,133.25,35.55
3631,1988-12-12 00:00:00,0.07400410653955328,-0.04436836239135301,0.19237657547045955,133.25,35.55
3632,1988-12-13 00:00:00,0.02464421627735301,-0.09352397168613603,0.14281240424084207,133.25,35.55
3633,1988-12-14 00:00:00,0.15999661151198072,0.04125189042416906,0.2787413325997924,133.25,35.55
3634,1988-12-15 00:00:00,0.25787560473391513,0.13818483467844614,0.3775663747893841,133.25,35.55
3635,1988-12-16 00:00:00,0.11150635604440076,-0.008206322654120829,0.23121903474292235,133.25,35.55
3636,1988-12-17 00:00:00,0.11029455030906037,-0.008852364265657955,0.22944146488377865,133.25,35.55
3637,1988-12-18 00:00:00,0.09802340023340192,-0.020522720736169536,0.21656952120297335,133.25,35.55
3638,1988-12-19 00:00:00,0.10006093030612064,-0.018271145936967104,0.2183930065492084,133.25,35.55
3639,1988-12-20 00:00:00,0.11373182222205885,-0.0048206699140021245,0.23228431435811986,133.25,35.55
3640,1988-12-21 00:00:00,0.038066033567998016,-0.0802236113256317,0.15635567846162773,133.25,35.55
3641,1988-12-22 00:00:00,-0.013242549652730605,-0.13150886389008135,0.10502376458462018,133.25,35.55
3642,1988-12-23 00:00:00,-0.02323298525124027,-0.14145055905237425,0.09498458854989372,133.25,35.55
3643,1988-12-24 00:00:00,0.07999624470423394,-0.0381995857508524,0.1981920751593203,133.25,35.55
3644,1988-12-25 00:00:00,0.01768043583199955,-0.10083955085951447,0.13620042252351358,133.25,35.55
3645,1988-12-26 00:00:00,0.07283502153200608,-0.045635159909557334,0.19130520297356948,133.25,35.55
3646,1988-12-27 00:00:00,0.05502710456452084,-0.06317515006063774,0.1732293591896794,133.25,35.55
3647,1988-12-28 00:00:00,0.05549083825336541,-0.0630442237116626,0.17402590021839345,133.25,35.55
3648,1988-12-29 00:00:00,-0.030792237710275838,-0.1493623381914363,0.08777786277088462,133.25,35.55
3649,1988-12-30 00:00:00,0.01484609724329114,-0.10339128653311573,0.13308348101969802,133.25,35.55
3650,1988-12-31 00:00:00,-0.021358937395254973,-0.13955533526091446,0.09683746047040448,133.25,35.55
3651,1989-01-01 00:00:00,0.11937313490989525,0.0008399842932402812,0.23790628552655024,133.25,35.55
3652,1989-01-02 00:00:00,-0.005628242574595037,-0.12435471954090635,0.11309823439171625,133.25,35.55
3653,1989-01-03 00:00:00,0.08856267623640326,-0.029766951367469457,0.20689230384027602,133.25,35.55
3654,1989-01-04 00:00:00,-0.03525970676286832,-0.15357334547410542,0.0830539319483688,133.25,35.55
3655,1989-01-05 00:00:00,-0.014614959923973644,-0.13285902870169264,0.10362910885374536,133.25,35.55
3656,1989-01-06 00:00:00,0.004654531695125343,-0.11352669229561058,0.12283575568586128,133.25,35.55
3657,1989-01-07 00:00:00,0.044173498359278536,-0.07405650374778401,0.1624035004663411,133.25,35.55
3658,1989-01-08 00:00:00,0.036981386921651815,-0.08190344414208406,0.15586621798538766,133.25,35.55
3659,1989-01-09 00:00:00,-0.03793665710052969,-0.15645616674795432,0.08058285254689496,133.25,35.55
3660,1989-01-10 00:00:00,0.01890465752260139,-0.09948106003393344,0.13729037507913625,133.25,35.55
3661,1989-01-11 00:00:00,-0.055941326275452584,-0.1743205977570213,0.062437945206116126,133.25,35.55
3662,1989-01-12 00:00:00,-0.061501161607093326,-0.1805460045895597,0.057543681375373024,133.25,35.55
3663,1989-01-13 00:00:00,0.08435023901970845,-0.0342470429100258,0.20294752094944268,133.25,35.55
3664,1989-01-14 00:00:00,0.0153502785208171,-0.10304931914687496,0.13374987618850914,133.25,35.55
3665,1989-01-15 00:00:00,-0.050863822774517606,-0.16949348426641825,0.06776583871738304,133.25,35.55
3666,1989-01-16 00:00:00,0.01805660259102913,-0.10035526560421693,0.1364684707862752,133.25,35.55
3667,1989-01-17 00:00:00,-0.02120169085722724,-0.13946433135440056,0.09706094963994608,133.25,35.55
3668,1989-01-18 00:00:00,-0.012253920286480414,-0.13045891725579709,0.10595107668283624,133.25,35.55
3669,1989-01-19 00:00:00,0.12525423388541249,0.006644101529405769,0.2438643662414192,133.25,35.55
3670,1989-01-20 00:00:00,0.13942360674088528,0.02029437038960441,0.2585528430921661,133.25,35.55
3671,1989-01-21 00:00:00,-0.02888517942607065,-0.1482963132110664,0.09052595435892508,133.25,35.55
3672,1989-01-22 00:00:00,-0.12477293604401532,-0.2432045133330868,-0.0063413587549438636,133.25,35.55
3673,1989-01-23 00:00:00,0.0460545516947851,-0.07254466171792627,0.1646537651074965,133.25,35.55
3674,1989-01-24 00:00:00,0.02344163544723052,-0.0957218381206414,0.14260510901510245,133.25,35.55
3675,1989-01-25 00:00:00,0.027150721721376274,-0.09129481694743403,0.1455962603901866,133.25,35.55
3676,1989-01-26 00:00:00,0.034690801330627664,-0.08353962021477672,0.15292122287603205,133.25,35.55
3677,1989-01-27 00:00:00,0.1699285097172009,0.051022206363218914,0.2888348130711829,133.25,35.55
3678,1989-01-28 00:00:00,-0.02556065651658424,-0.14474757543638636,0.09362626240321786,133.25,35.55
3679,1989-01-29 00:00:00,-0.03406825137353499,-0.15249747124861934,0.08436096850154938,133.25,35.55
3680,1989-01-30 00:00:00,0.01321552581580894,-0.10504334083339056,0.13147439246500842,133.25,35.55
3681,1989-01-31 00:00:00,0.04763414214954568,-0.07055459960930383,0.16582288390839514,133.25,35.55
3682,1989-02-01 00:00:00,0.17358972543410833,0.05516914905070408,0.2920103018175126,133.25,35.55
3683,1989-02-02 00:00:00,0.04212528148491612,-0.07657531166939596,0.1608258746392282,133.25,35.55
3684,1989-02-03 00:00:00,0.06444048514841108,-0.05442170129250645,0.1833026715893286,133.25,35.55
3685,1989-02-04 00:00:00,-0.020770292797827702,-0.13907671248042966,0.09753612688477424,133.25,35.55
3686,1989-02-05 00:00:00,-0.014222204207268838,-0.13242666055845212,0.10398225214391446,133.25,35.55
3687,1989-02-06 00:00:00,0.03264755724923093,-0.08556020438643985,0.15085531888490172,133.25,35.55
3688,1989-02-07 00:00:00,-0.05123994391217379,-0.16943052176200385,0.06695063393765625,133.25,35.55
3689,1989-02-08 00:00:00,0.04812728361248182,-0.070057862427847,0.16631242965281062,133.25,35.55
3690,1989-02-09 00:00:00,0.0869546213282556,-0.03176536456714465,0.20567460722365585,133.25,35.55
3691,1989-02-10 00:00:00,0.05841121625845636,-0.060383346062166963,0.17720577857907965,133.25,35.55
3692,1989-02-11 00:00:00,0.033140267174069114,-0.08579357361116316,0.15207410795930135,133.25,35.55
3693,1989-02-12 00:00:00,0.018871901957020376,-0.09935365596297743,0.1370974598770182,133.25,35.55
3694,1989-02-13 00:00:00,0.01912718808436576,-0.09901660910999427,0.13727098527872578,133.25,35.55
3695,1989-02-14 00:00:00,-0.06212478837262464,-0.18034091835813326,0.05609134161288396,133.25,35.55
3696,1989-02-15 00:00:00,0.02322397129223237,-0.09499812155485918,0.14144606413932392,133.25,35.55
3697,1989-02-16 00:00:00,0.12522968469180276,0.006679332119450834,0.2437800372641547,133.25,35.55
3698,1989-02-17 00:00:00,-0.056709353012362136,-0.175930522727892,0.06251181670316773,133.25,35.55
3699,1989-02-18 00:00:00,0.018490406099732168,-0.10044500498317524,0.13742581718263958,133.25,35.55
3700,1989-02-19 00:00:00,-0.015143301285020188,-0.13355833789421684,0.10327173532417644,133.25,35.55
3701,1989-02-20 00:00:00,0.049837174263874066,-0.06843523791832459,0.16810958644607274,133.25,35.55
3702,1989-02-21 00:00:00,0.0965788284925067,-0.022034904306778874,0.21519256129179226,133.25,35.55
3703,1989-02-22 00:00:00,-0.015028031803266955,-0.13344953239501647,0.10339346878848256,133.25,35.55
3704,1989-02-23 00:00:00,-0.050251978452666095,-0.1686856012575196,0.0681816443521874,133.25,35.55
3705,1989-02-24 00:00:00,0.04481343360154856,-0.07345197165919759,0.1630788388622947,133.25,35.55
3706,1989-02-25 00:00:00,0.01593495480818882,-0.10257561756321996,0.1344455271795976,133.25,35.55
3707,1989-02-26 00:00:00,0.00796268062570718,-0.1133617127593508,0.12928707401076514,133.25,35.55
3708,1989-02-27 00:00:00,0.02239905769885828,-0.09740664545868984,0.1422047608564064,133.25,35.55
3709,1989-02-28 00:00:00,0.13848949493009965,0.01975437907211636,0.2572246107880829,133.25,35.55
3710,1989-03-01 00:00:00,0.08596989569062867,-0.03332867018011351,0.20526846156137088,133.25,35.55
3711,1989-03-02 00:00:00,-0.11737399595494065,-0.2364215197997837,0.0016735278899024516,133.25,35.55
3712,1989-03-03 00:00:00,0.09360679608220226,-0.02510786126274497,0.2123214534271495,133.25,35.55
3713,1989-03-04 00:00:00,0.17067305341434974,0.050217109203440566,0.2911289976252589,133.25,35.55
3714,1989-03-05 00:00:00,0.029374964162791232,-0.09062261811037473,0.14937254643595718,133.25,35.55
3715,1989-03-06 00:00:00,0.01982015331757081,-0.0986801658433003,0.13832047247844192,133.25,35.55
3716,1989-03-07 00:00:00,0.03758825987565983,-0.08139464250049269,0.15657116225181233,133.25,35.55
3717,1989-03-08 00:00:00,0.029453753881851355,-0.0900521686465223,0.148959676410225,133.25,35.55
3718,1989-03-09 00:00:00,0.03539033664575088,-0.08354524648921426,0.15432591978071605,133.25,35.55
3719,1989-03-10 00:00:00,0.031035573024759414,-0.08714535749145008,0.14921650354096888,133.25,35.55
3720,1989-03-11 00:00:00,0.09158240209260518,-0.026595134888339183,0.2097599390735496,133.25,35.55
3721,1989-03-12 00:00:00,0.08895069099906984,-0.029238088380598087,0.20713947037873776,133.25,35.55
3722,1989-03-13 00:00:00,0.07806378828372379,-0.0400897880224807,0.19621736458992828,133.25,35.55
3723,1989-03-14 00:00:00,0.08595722460067634,-0.03227243524840006,0.20418688444975275,133.25,35.55
3724,1989-03-15 00:00:00,0.04513485615661295,-0.07324253767433697,0.16351224998756286,133.25,35.55
3725,1989-03-16 00:00:00,-0.01564477626215703,-0.13403325020837498,0.10274369768406093,133.25,35.55
3726,1989-03-17 00:00:00,-0.019833215612713933,-0.13943863551475222,0.09977220428932436,133.25,35.55
3727,1989-03-18 00:00:00,-0.05291727366481266,-0.17205678468515778,0.06622223735553244,133.25,35.55
3728,1989-03-19 00:00:00,0.015535794241531578,-0.10289962789783592,0.13397121638089907,133.25,35.55
3729,1989-03-20 00:00:00,-0.0109835580085327,-0.12918591315331018,0.1072187971362448,133.25,35.55
3730,1989-03-21 00:00:00,-0.004819097560591408,-0.12305022893658918,0.11341203381540638,133.25,35.55
3731,1989-03-22 00:00:00,-0.027821065075097108,-0.14614817266038072,0.09050604251018647,133.25,35.55
3732,1989-03-23 00:00:00,-0.03855068492490234,-0.15685349480753996,0.07975212495773529,133.25,35.55
3733,1989-03-24 00:00:00,0.05864290208551023,-0.059667191554553835,0.17695299572557427,133.25,35.55
3734,1989-03-25 00:00:00,0.07544777412813011,-0.04404664123592815,0.1949421894921884,133.25,35.55
3735,1989-03-26 00:00:00,-0.04068478293626045,-0.15895440687423462,0.07758484100171374,133.25,35.55
3736,1989-03-27 00:00:00,0.041608222121642745,-0.07656554454612305,0.15978198878940852,133.25,35.55
3737,1989-03-28 00:00:00,0.0890594210949613,-0.029195141597622237,0.20731398378754484,133.25,35.55
3738,1989-03-29 00:00:00,0.04040974403840596,-0.07781340890669981,0.15863289698351174,133.25,35.55
3739,1989-03-30 00:00:00,0.012643952724700213,-0.10554692687142547,0.1308348323208259,133.25,35.55
3740,1989-03-31 00:00:00,0.2668201217884464,0.14770327684582066,0.38593696673107214,133.25,35.55
3741,1989-04-01 00:00:00,0.13683158581619753,0.01766861758427199,0.2559945540481231,133.25,35.55
3742,1989-04-02 00:00:00,0.07211972818331251,-0.04644213649961342,0.19068159286623845,133.25,35.55
3743,1989-04-03 00:00:00,0.1295235884990013,0.011202945057010359,0.24784423194099225,133.25,35.55
3744,1989-04-04 00:00:00,-0.06447845612725106,-0.1829079261725656,0.05395101391806344,133.25,35.55
3745,1989-04-05 00:00:00,0.02046549977249422,-0.09776126002736148,0.13869225957234993,133.25,35.55
3746,1989-04-06 00:00:00,-0.027489389981198358,-0.14573564244584936,0.09075686248345263,133.25,35.55
3747,1989-04-07 00:00:00,0.03727400716190267,-0.08084898551481752,0.15539699983862287,133.25,35.55
3748,1989-04-08 00:00:00,0.03875724903411882,-0.07952006689986912,0.15703456496810678,133.25,35.55
3749,1989-04-09 00:00:00,0.03617845718335695,-0.08202943277474586,0.15438634714145974,133.25,35.55
3750,1989-04-10 00:00:00,0.056436222077696815,-0.061728854029143326,0.17460129818453693,133.25,35.55
3751,1989-04-11 00:00:00,0.03676576937057531,-0.08168958100460354,0.15522111974575414,133.25,35.55
3752,1989-04-12 00:00:00,0.031201444529992288,-0.08717866669657612,0.14958155575656068,133.25,35.55
3753,1989-04-13 00:00:00,-0.01913783133444676,-0.13735866460752882,0.09908300193863533,133.25,35.55
3754,1989-04-14 00:00:00,0.047437334778212915,-0.0707366807288076,0.16561135028523344,133.25,35.55
3755,1989-04-15 00:00:00,0.13530039363476032,0.01693815584114798,0.25366263142837264,133.25,35.55
3756,1989-04-16 00:00:00,0.09268356176987276,-0.026244674196380505,0.21161179773612604,133.25,35.55
3757,1989-04-17 00:00:00,0.09888617922584156,-0.02035018182078493,0.21812254027246805,133.25,35.55
3758,1989-04-18 00:00:00,0.0694682180377186,-0.04899028541133625,0.18792672148677347,133.25,35.55
3759,1989-04-19 00:00:00,-0.004960565712623086,-0.1231542445067158,0.11323311308146962,133.25,35.55
3760,1989-04-20 00:00:00,0.010964237398235856,-0.10719057749262324,0.12911905228909493,133.25,35.55
3761,1989-04-21 00:00:00,-0.02860305128319836,-0.14675737127090618,0.08955126870450944,133.25,35.55
3762,1989-04-22 00:00:00,0.09027002235543888,-0.02807259412091996,0.2086126388317977,133.25,35.55
3763,1989-04-23 00:00:00,0.05335704480804277,-0.06516718874137255,0.1718812783574581,133.25,35.55
3764,1989-04-24 00:00:00,0.02581880091343819,-0.09295980016961253,0.1445974019964889,133.25,35.55
3765,1989-04-25 00:00:00,0.016570864871589347,-0.1024019521593723,0.135543681902551,133.25,35.55
3766,1989-04-26 00:00:00,-0.015184954849440074,-0.13367674192089055,0.1033068322220104,133.25,35.55
3767,1989-04-27 00:00:00,0.1291524444404581,0.010834265957532356,0.24747062292338384,133.25,35.55
3768,1989-04-28 00:00:00,-0.02272495139024141,-0.14231275155343104,0.0968628487729482,133.25,35.55
3769,1989-04-29 00:00:00,-0.02132762952057321,-0.13972682431443528,0.09707156527328886,133.25,35.55
3770,1989-04-30 00:00:00,0.0770767047895319,-0.04113004898966857,0.1952834585687324,133.25,35.55
3771,1989-05-01 00:00:00,0.058477491688157586,-0.060096590847016775,0.17705157422333195,133.25,35.55
3772,1989-05-02 00:00:00,0.02598106735002853,-0.09242303360995484,0.1443851683100119,133.25,35.55
3773,1989-05-03 00:00:00,0.06498513472546766,-0.0533269949665408,0.18329726441747607,133.25,35.55
3774,1989-05-04 00:00:00,0.03865789932364059,-0.07963880773436642,0.1569546063816476,133.25,35.55
3775,1989-05-05 00:00:00,0.05099486803030194,-0.0672214488897978,0.16921118495040166,133.25,35.55
3776,1989-05-06 00:00:00,-0.03283767615333846,-0.15124977225111866,0.08557441994444169,133.25,35.55
3777,1989-05-07 00:00:00,0.04681737216224531,-0.07220879196991002,0.16584353629440066,133.25,35.55
3778,1989-05-08 00:00:00,0.06318824474930892,-0.05504081023588577,0.1814172997345036,133.25,35.55
3779,1989-05-09 00:00:00,0.05890044582246549,-0.059229474358586526,0.17703036600351751,133.25,35.55
3780,1989-05-10 00:00:00,0.0032996472471190016,-0.11483306421123088,0.1214323587054689,133.25,35.55
3781,1989-05-11 00:00:00,-0.011906047385100559,-0.13047713125504587,0.10666503648484474,133.25,35.55
3782,1989-05-12 00:00:00,0.08585548242401085,-0.033417225150114166,0.20512818999813587,133.25,35.55
3783,1989-05-13 00:00:00,0.06433845473817794,-0.05392908738334904,0.1826059968597049,133.25,35.55
3784,1989-05-14 00:00:00,0.22788536009333266,0.10873190314164198,0.3470388170450233,133.25,35.55
3785,1989-05-15 00:00:00,0.07305933386526539,-0.0466832670569437,0.19280193478747448,133.25,35.55
3786,1989-05-16 00:00:00,0.04623962225243945,-0.07221934532781862,0.16469858983269753,133.25,35.55
3787,1989-05-17 00:00:00,0.02137793267344444,-0.0969532256038212,0.1397090909507101,133.25,35.55
3788,1989-05-18 00:00:00,-0.013610216303828243,-0.13194923101535874,0.10472879840770227,133.25,35.55
3789,1989-05-19 00:00:00,-0.018999871092999616,-0.1372408772193174,0.09924113503331816,133.25,35.55
3790,1989-05-20 00:00:00,0.047788764949931666,-0.0709069070279748,0.1664844369278381,133.25,35.55
3791,1989-05-21 00:00:00,0.11214513034165613,-0.006199932864923638,0.23049019354823586,133.25,35.55
3792,1989-05-22 00:00:00,0.08985690909899366,-0.028428186919975805,0.20814200511796316,133.25,35.55
3793,1989-05-23 00:00:00,0.056300927091714616,-0.062196068013324786,0.174797922196754,133.25,35.55
3794,1989-05-24 00:00:00,0.02651176286269118,-0.09183649863278937,0.14486002435817172,133.25,35.55
3795,1989-05-25 00:00:00,0.0119770472347192,-0.10615491639567154,0.13010901086510993,133.25,35.55
3796,1989-05-26 00:00:00,0.08668215876834001,-0.031956059343212585,0.20532037687989266,133.25,35.55
3797,1989-05-27 00:00:00,0.11076404133323356,-0.007962888056696274,0.22949097072316346,133.25,35.55
3798,1989-05-28 00:00:00,0.04061632829511451,-0.07762333247598446,0.15885598906621348,133.25,35.55
3799,1989-05-29 00:00:00,0.013866669257423143,-0.10437063412259293,0.1321039726374392,133.25,35.55
3800,1989-05-30 00:00:00,0.01566069307101795,-0.1025335693129436,0.1338549554549795,133.25,35.55
3801,1989-05-31 00:00:00,0.06391048958166791,-0.05430895437491348,0.1821299335382493,133.25,35.55
3802,1989-06-01 00:00:00,0.06531037453641457,-0.05289096824283078,0.1835117173156599,133.25,35.55
3803,1989-06-02 00:00:00,0.017070997873405415,-0.1011075930581973,0.13524958880500815,133.25,35.55
3804,1989-06-03 00:00:00,-0.0043756808121138855,-0.12247214593351548,0.11372078430928773,133.25,35.55
3805,1989-06-04 00:00:00,0.05570268385041146,-0.062426133777620074,0.173831501478443,133.25,35.55
3806,1989-06-05 00:00:00,0.24875128663667045,0.12974536679935922,0.3677572064739816,133.25,35.55
3807,1989-06-06 00:00:00,0.16098620418415024,0.041474357182542686,0.28049805118575777,133.25,35.55
3808,1989-06-07 00:00:00,0.00111114781803583,-0.11718400031931107,0.11940629595538275,133.25,35.55
3809,1989-06-08 00:00:00,-0.04675917446958647,-0.16505462640847512,0.0715362774693022,133.25,35.55
3810,1989-06-09 00:00:00,0.04425759477837162,-0.07451991861470589,0.16303510817144912,133.25,35.55
3811,1989-06-10 00:00:00,0.009034796447992809,-0.10969791404737482,0.12776750694336045,133.25,35.55
3812,1989-06-11 00:00:00,0.020929261968667883,-0.09728127452152477,0.13913979845886054,133.25,35.55
3813,1989-06-12 00:00:00,0.0028989889277708553,-0.11519457729194918,0.12099255514749087,133.25,35.55
3814,1989-06-13 00:00:00,0.03617266397961212,-0.08195042795924,0.15429575591846426,133.25,35.55
3815,1989-06-14 00:00:00,0.04093702060462908,-0.07728004030596969,0.15915408151522786,133.25,35.55
3816,1989-06-15 00:00:00,0.09574392003732447,-0.02343838421315816,0.21492622428780714,133.25,35.55
3817,1989-06-16 00:00:00,0.1046572338842143,-0.014433208319974812,0.2237476760884034,133.25,35.55
3818,1989-06-17 00:00:00,0.08864608266487665,-0.029593424363870482,0.2068855896936238,133.25,35.55
3819,1989-06-18 00:00:00,0.036678181781530435,-0.08150548123241846,0.15486184479547935,133.25,35.55
3820,1989-06-19 00:00:00,0.019948086560627708,-0.09833666984102274,0.13823284296227814,133.25,35.55
3821,1989-06-20 00:00:00,-0.0032430344279658074,-0.12155323944385556,0.11506717058792393,133.25,35.55
3822,1989-06-21 00:00:00,0.0038525425293863204,-0.11432925350204425,0.12203433856081687,133.25,35.55
3823,1989-06-22 00:00:00,0.0180443824261199,-0.10009685689275362,0.13618562174499346,133.25,35.55
3824,1989-06-23 00:00:00,0.05705500744081484,-0.061203925756527486,0.17531394063815714,133.25,35.55
3825,1989-06-24 00:00:00,0.05155607038433526,-0.06734487387556737,0.1704570146442379,133.25,35.55
3826,1989-06-25 00:00:00,0.1644410289102397,0.045030550383720884,0.2838515074367585,133.25,35.55
3827,1989-06-26 00:00:00,0.01829561004283235,-0.10031611586221327,0.13690733594787802,133.25,35.55
3828,1989-06-27 00:00:00,0.07083113564104321,-0.04728743586840428,0.1889497071504907,133.25,35.55
3829,1989-06-28 00:00:00,0.10787349485074482,-0.010456487209323987,0.22620347691081366,133.25,35.55
3830,1989-06-29 00:00:00,0.051066741560937316,-0.06719193940254177,0.1693254225244164,133.25,35.55
3831,1989-06-30 00:00:00,-0.008686577782601616,-0.1268775450445469,0.10950438947934367,133.25,35.55
3832,1989-07-01 00:00:00,-0.006206933419162019,-0.12443719235938165,0.1120233255210576,133.25,35.55
3833,1989-07-02 00:00:00,-0.009014104625347892,-0.12721354249114347,0.1091853332404477,133.25,35.55
3834,1989-07-03 00:00:00,0.017298401655368327,-0.10084093222824042,0.13543773553897706,133.25,35.55
3835,1989-07-04 00:00:00,0.03675920053854498,-0.08139148463325704,0.15490988571034697,133.25,35.55
3836,1989-07-05 00:00:00,0.03201667366763513,-0.08608316181299701,0.15011650914826727,133.25,35.55
3837,1989-07-06 00:00:00,0.020952937789585808,-0.09715484085588627,0.1390607164350579,133.25,35.55
3838,1989-07-07 00:00:00,0.028414515004956526,-0.0897405967076828,0.14656962671759582,133.25,35.55
3839,1989-07-08 00:00:00,0.030495503592630088,-0.08765713358629773,0.1486481407715579,133.25,35.55
3840,1989-07-09 00:00:00,0.10872009503226156,-0.009793453923725187,0.2272336439882483,133.25,35.55
3841,1989-07-10 00:00:00,0.1020254274493979,-0.016570402496201744,0.22062125739499755,133.25,35.55
3842,1989-07-11 00:00:00,0.048016098614185335,-0.07020275478839302,0.1662349520167637,133.25,35.55
3843,1989-07-12 00:00:00,0.09003465291723856,-0.0285797604077236,0.2086490662422007,133.25,35.55
3844,1989-07-13 00:00:00,0.03879145865756577,-0.07964461283431859,0.15722753014945012,133.25,35.55
3845,1989-07-14 00:00:00,-0.01391014307151649,-0.13218917728272214,0.10436889113968917,133.25,35.55
3846,1989-07-15 00:00:00,0.01230170920928075,-0.10581726339108316,0.13042068180964464,133.25,35.55
3847,1989-07-16 00:00:00,0.0726292568336294,-0.04550472325247325,0.19076323691973207,133.25,35.55
3848,1989-07-17 00:00:00,0.06609370031927668,-0.052013755253560716,0.18420115589211405,133.25,35.55
3849,1989-07-18 00:00:00,0.03541981084044896,-0.08266010459234867,0.1534997262732466,133.25,35.55
3850,1989-07-19 00:00:00,0.0313517619791214,-0.08675174211666742,0.14945526607491022,133.25,35.55
3851,1989-07-20 00:00:00,0.06366878715661753,-0.054419667836452884,0.18175724214968791,133.25,35.55
3852,1989-07-21 00:00:00,0.04652482027611292,-0.0715775507880105,0.16462719134023635,133.25,35.55
3853,1989-07-22 00:00:00,0.05950917733694129,-0.05856730822771944,0.17758566290160196,133.25,35.55
3854,1989-07-23 00:00:00,0.052945349808493365,-0.06512819693363009,0.1710188965506168,133.25,35.55
3855,1989-07-24 00:00:00,0.09805722646407718,-0.02006115416671297,0.21617560709486733,133.25,35.55
3856,1989-07-25 00:00:00,0.1932033039362537,0.07482715334223103,0.3115794545302764,133.25,35.55
3857,1989-07-26 00:00:00,0.18618140900297328,0.06733185167134541,0.30503096633460114,133.25,35.55
3858,1989-07-27 00:00:00,0.06829466737765125,-0.050766369721725414,0.1873557044770279,133.25,35.55
3859,1989-07-28 00:00:00,0.07368336770000146,-0.0469318552123999,0.1942985906124028,133.25,35.55
3860,1989-07-29 00:00:00,0.054260109852825714,-0.06635079072825333,0.17487101043390474,133.25,35.55
3861,1989-07-30 00:00:00,0.03893769879959559,-0.07973984395967282,0.15761524155886406,133.25,35.55
3862,1989-07-31 00:00:00,0.053132928575883684,-0.06568568818743017,0.17195154533919751,133.25,35.55
3863,1989-08-01 00:00:00,-0.003361431074477596,-0.12279221645597302,0.1160693543070178,133.25,35.55
3864,1989-08-02 00:00:00,-0.01017918926343021,-0.12889521939081355,0.10853684086395313,133.25,35.55
3865,1989-08-03 00:00:00,-0.009586341295021577,-0.1284110803743856,0.10923839778434244,133.25,35.55
3866,1989-08-04 00:00:00,0.009518973365355406,-0.10952304443054063,0.12856099116125144,133.25,35.55
3867,1989-08-05 00:00:00,0.02876277793469544,-0.0895245740163606,0.14705012988575147,133.25,35.55
3868,1989-08-06 00:00:00,0.08413426372336147,-0.034124123620890436,0.2023926510676134,133.25,35.55
3869,1989-08-07 00:00:00,0.06887142331943504,-0.049502094244487455,0.18724494088335752,133.25,35.55
3870,1989-08-08 00:00:00,0.07172826950795777,-0.04652368275201376,0.18998022176792934,133.25,35.55
3871,1989-08-09 00:00:00,0.06571806157197345,-0.05241040929844228,0.1838465324423892,133.25,35.55
3872,1989-08-10 00:00:00,0.0675651729228032,-0.05054952459476515,0.18567987044037154,133.25,35.55
3873,1989-08-11 00:00:00,0.0750923868284819,-0.043031302838189206,0.19321607649515304,133.25,35.55
3874,1989-08-12 00:00:00,0.11765590549091327,-0.0005006079284368692,0.23581241891026344,133.25,35.55
3875,1989-08-13 00:00:00,0.11116897905972567,-0.007027120929716316,0.22936507904916764,133.25,35.55
3876,1989-08-14 00:00:00,0.06850549214454348,-0.04985237970515545,0.1868633639942424,133.25,35.55
3877,1989-08-15 00:00:00,0.011062427674695615,-0.1072245135014624,0.12934936885085366,133.25,35.55
3878,1989-08-16 00:00:00,0.02629656412443476,-0.09191864299363572,0.14451177124250522,133.25,35.55
3879,1989-08-17 00:00:00,0.041451876543422604,-0.07673455213008876,0.15963830521693398,133.25,35.55
3880,1989-08-18 00:00:00,0.029662244735951512,-0.0884782362380534,0.14780272570995642,133.25,35.55
3881,1989-08-19 00:00:00,0.0005595040543086953,-0.11755190343618112,0.11867091154479853,133.25,35.55
3882,1989-08-20 00:00:00,0.057899759872363336,-0.060219158786354136,0.1760186785310808,133.25,35.55
3883,1989-08-21 00:00:00,0.04070403053609273,-0.0774608814785254,0.15886894255071085,133.25,35.55
3884,1989-08-22 00:00:00,0.03661734453660804,-0.08155498518220278,0.15478967425541887,133.25,35.55
3885,1989-08-23 00:00:00,0.0437125873379049,-0.07448615512464526,0.16191132980045508,133.25,35.55
3886,1989-08-24 00:00:00,0.007323228390449352,-0.11083818370114684,0.12548464048204552,133.25,35.55
3887,1989-08-25 00:00:00,0.005901373651724075,-0.11225811856946193,0.12406086587291007,133.25,35.55
3888,1989-08-26 00:00:00,0.008492978231608831,-0.10975225241461743,0.1267382088778351,133.25,35.55
3889,1989-08-27 00:00:00,0.15373085208386936,0.03093001619185569,0.276531687975883,133.25,35.55
3890,1989-08-28 00:00:00,0.09055233312859327,-0.03320335387544754,0.2143080201326341,133.25,35.55
3891,1989-08-29 00:00:00,0.051274668636665535,-0.06704164768819422,0.1695909849615253,133.25,35.55
3892,1989-08-30 00:00:00,0.2356952889149012,0.11706435712365892,0.3543262207061434,133.25,35.55
3893,1989-08-31 00:00:00,0.13554396721973475,0.016397328382927567,0.254690606056542,133.25,35.55
3894,1989-09-01 00:00:00,0.07565454543861136,-0.042732266380774715,0.19404135725799745,133.25,35.55
3895,1989-09-02 00:00:00,0.1332930528139715,0.01425286611610038,0.2523332395118426,133.25,35.55
3896,1989-09-03 00:00:00,0.12242773369682344,0.0032000841376195878,0.2416553832560273,133.25,35.55
3897,1989-09-04 00:00:00,0.004590167956087764,-0.1145975365226922,0.12377787243486772,133.25,35.55
3898,1989-09-05 00:00:00,-0.005819281301758311,-0.12395455736459428,0.11231599476107768,133.25,35.55
3899,1989-09-06 00:00:00,0.014571172983768475,-0.10378377320309352,0.13292611917063046,133.25,35.55
3900,1989-09-07 00:00:00,-0.018142347209935315,-0.13648466874672446,0.10019997432685382,133.25,35.55
3901,1989-09-08 00:00:00,0.0008909902884248164,-0.11726051477978244,0.1190424953566321,133.25,35.55
3902,1989-09-09 00:00:00,0.03794565650495376,-0.08028111155301118,0.1561724245629187,133.25,35.55
3903,1989-09-10 00:00:00,0.03984843093224151,-0.07845713834418251,0.15815400020866555,133.25,35.55
3904,1989-09-11 00:00:00,0.0682727857986347,-0.049902818301254745,0.18644838989852414,133.25,35.55
3905,1989-09-12 00:00:00,0.07405991828688073,-0.04408719904766335,0.1922070356214248,133.25,35.55
3906,1989-09-13 00:00:00,0.012447855388191488,-0.10615200608481128,0.13104771686119426,133.25,35.55
3907,1989-09-14 00:00:00,0.03833135261610205,-0.08028022547672681,0.1569429307089309,133.25,35.55
3908,1989-09-15 00:00:00,0.017540485525432185,-0.10066263964265153,0.1357436106935159,133.25,35.55
3909,1989-09-16 00:00:00,-0.034228859786568575,-0.1524291274097246,0.08397140783658746,133.25,35.55
3910,1989-09-17 00:00:00,0.05073904451190914,-0.06749363448027683,0.1689717235040951,133.25,35.55
3911,1989-09-18 00:00:00,0.12754571376802512,0.008454415789468539,0.2466370117465817,133.25,35.55
3912,1989-09-19 00:00:00,0.024440004997714624,-0.09420998194891893,0.14308999194434815,133.25,35.55
3913,1989-09-20 00:00:00,-0.023089081208698518,-0.14293495709571735,0.09675679467832032,133.25,35.55
3914,1989-09-21 00:00:00,-0.01405246340263887,-0.13243143042431094,0.1043265036190332,133.25,35.55
3915,1989-09-22 00:00:00,0.08072236309279775,-0.03818535137024255,0.1996300775558381,133.25,35.55
3916,1989-09-23 00:00:00,-0.005139057021080043,-0.12433310480502845,0.11405499076286835,133.25,35.55
3917,1989-09-24 00:00:00,0.03100815825595848,-0.08723836804704871,0.14925468455896565,133.25,35.55
3918,1989-09-25 00:00:00,0.09989550902696492,-0.0183462031107587,0.21813722116468853,133.25,35.55
3919,1989-09-26 00:00:00,-0.029546345504494406,-0.1478320941550628,0.08873940314607401,133.25,35.55
3920,1989-09-27 00:00:00,0.0794953852420772,-0.03869257797189088,0.19768334845604527,133.25,35.55
3921,1989-09-28 00:00:00,0.12446825127998272,0.0056936597422343185,0.24324284281773115,133.25,35.55
3922,1989-09-29 00:00:00,-0.008180639174716738,-0.1267293431554762,0.11036806480604272,133.25,35.55
3923,1989-09-30 00:00:00,-0.003421727764230352,-0.12158026969161514,0.11473681416315447,133.25,35.55
3924,1989-10-01 00:00:00,0.0348458680637046,-0.08325956748987548,0.15295130361728468,133.25,35.55
3925,1989-10-02 00:00:00,-0.05057510378626197,-0.16875703199399486,0.0676068244214709,133.25,35.55
3926,1989-10-03 00:00:00,-0.03626343641834113,-0.1545290658954654,0.08200219305878315,133.25,35.55
3927,1989-10-04 00:00:00,0.04669867076512488,-0.07173009476024687,0.16512743629049664,133.25,35.55
3928,1989-10-05 00:00:00,0.030881975953767793,-0.0873699780586476,0.1491339299661832,133.25,35.55
3929,1989-10-06 00:00:00,0.04091422522151522,-0.07723699985250554,0.15906545029553595,133.25,35.55
3930,1989-10-07 00:00:00,0.02421918135135929,-0.09396794537575352,0.1424063080784721,133.25,35.55
3931,1989-10-08 00:00:00,-0.0018845115384790376,-0.12042819489677255,0.1166591718198145,133.25,35.55
3932,1989-10-09 00:00:00,0.03530350147921288,-0.0831670582526762,0.15377406121110196,133.25,35.55
3933,1989-10-10 00:00:00,-0.004022681479975075,-0.12220102603863607,0.11415566307868592,133.25,35.55
3934,1989-10-11 00:00:00,0.010922818312164526,-0.10871688312225004,0.1305625197465791,133.25,35.55
3935,1989-10-12 00:00:00,0.05217719319068586,-0.06789981395281232,0.17225420033418407,133.25,35.55
3936,1989-10-13 00:00:00,0.04175924307551819,-0.07640923563653733,0.1599277217875737,133.25,35.55
3937,1989-10-14 00:00:00,0.0015708424632180989,-0.1167498406121768,0.119891525538613,133.25,35.55
3938,1989-10-15 00:00:00,0.05045521973400914,-0.06773055975033399,0.16864099921835227,133.25,35.55
3939,1989-10-16 00:00:00,0.11288486575151915,-0.005324894881376802,0.23109462638441516,133.25,35.55
3940,1989-10-17 00:00:00,-0.05512720185351394,-0.17486418907725465,0.06460978537022675,133.25,35.55
3941,1989-10-18 00:00:00,-0.02463734410346217,-0.14306252900325514,0.09378784079633083,133.25,35.55
3942,1989-10-19 00:00:00,0.02412123099770861,-0.09404581563350316,0.14228827762892038,133.25,35.55
3943,1989-10-20 00:00:00,0.017175725869793858,-0.10108526071526916,0.13543671245485686,133.25,35.55
3944,1989-10-21 00:00:00,-0.015559039911288597,-0.13376193645837714,0.10264385663579996,133.25,35.55
3945,1989-10-22 00:00:00,0.03786355416935093,-0.08032170206219802,0.1560488104008999,133.25,35.55
3946,1989-10-23 00:00:00,0.07149618821471011,-0.04687785720972239,0.18987023363914265,133.25,35.55
3947,1989-10-24 00:00:00,-0.006858627571840435,-0.12531730167744226,0.11160004653376138,133.25,35.55
3948,1989-10-25 00:00:00,0.019671783430046188,-0.09852129146544726,0.13786485832553966,133.25,35.55
3949,1989-10-26 00:00:00,0.053331566235257685,-0.06483661339641499,0.17149974586693034,133.25,35.55
3950,1989-10-27 00:00:00,-0.02400280652547498,-0.14228734574994087,0.0942817326989909,133.25,35.55
3951,1989-10-28 00:00:00,0.0960572338816543,-0.022317929597884482,0.21443239736119307,133.25,35.55
3952,1989-10-29 00:00:00,-0.0042385255354841075,-0.12319085001969438,0.11471379894872615,133.25,35.55
3953,1989-10-30 00:00:00,-0.0328959623739731,-0.15153331223778793,0.08574138748984172,133.25,35.55
3954,1989-10-31 00:00:00,0.13146390747449588,0.01317748257117672,0.24975033237781505,133.25,35.55
3955,1989-11-01 00:00:00,0.10787751385590756,-0.012360880463986146,0.2281159081758013,133.25,35.55
3956,1989-11-02 00:00:00,0.0034989382700521265,-0.11716091738481856,0.1241587939249228,133.25,35.55
3957,1989-11-03 00:00:00,-0.014885217695421752,-0.13318453266699726,0.10341409727615376,133.25,35.55
3958,1989-11-04 00:00:00,0.038124993011874525,-0.0800315444786374,0.15628153050238647,133.25,35.55
3959,1989-11-05 00:00:00,-0.0014197693323001366,-0.11969787585423837,0.11685833718963813,133.25,35.55
3960,1989-11-06 00:00:00,0.04323768665143583,-0.07526035563241347,0.16173572893528515,133.25,35.55
3961,1989-11-07 00:00:00,0.0191932035925402,-0.09945620654330688,0.13784261372838727,133.25,35.55
3962,1989-11-08 00:00:00,0.039329315869468834,-0.0790949936073701,0.15775362534630774,133.25,35.55
3963,1989-11-09 00:00:00,0.0029759601813544,-0.11569512123595956,0.12164704159866835,133.25,35.55
3964,1989-11-10 00:00:00,0.06112707455302688,-0.057461515630116373,0.17971566473617012,133.25,35.55
3965,1989-11-11 00:00:00,-0.05603234862151915,-0.17430118089547425,0.06223648365243596,133.25,35.55
3966,1989-11-12 00:00:00,0.006310547204924903,-0.11188916724088953,0.12451026165073932,133.25,35.55
3967,1989-11-13 00:00:00,0.07133899974761224,-0.047048504620728564,0.18972650411595304,133.25,35.55
3968,1989-11-14 00:00:00,-0.10958117243817947,-0.2285063374786945,0.009343992602335538,133.25,35.55
3969,1989-11-15 00:00:00,-0.03821302880223401,-0.1568027015519698,0.08037664394750177,133.25,35.55
3970,1989-11-16 00:00:00,0.005839684496948397,-0.11237656842824492,0.1240559374221417,133.25,35.55
3971,1989-11-17 00:00:00,0.026456663623193474,-0.0917194642379644,0.14463279148435135,133.25,35.55
3972,1989-11-18 00:00:00,0.07801455915048175,-0.04029664419504582,0.1963257624960093,133.25,35.55
3973,1989-11-19 00:00:00,0.17671560958396326,0.05763569905764604,0.2957955201102805,133.25,35.55
3974,1989-11-20 00:00:00,-0.008587187728471321,-0.1272810715053284,0.1101066960483858,133.25,35.55
3975,1989-11-21 00:00:00,0.015566312903867119,-0.10263670826125508,0.13376933406898933,133.25,35.55
3976,1989-11-22 00:00:00,0.05202034580324354,-0.06613359132596883,0.1701742829324559,133.25,35.55
3977,1989-11-23 00:00:00,0.037983622132907416,-0.08016429874440811,0.15613154301022295,133.25,35.55
3978,1989-11-24 00:00:00,-0.016020128824855047,-0.13417163679266642,0.10213137914295634,133.25,35.55
3979,1989-11-25 00:00:00,0.0017160455178975506,-0.11643787035620935,0.11986996139200445,133.25,35.55
3980,1989-11-26 00:00:00,-0.01078268765272157,-0.12890349926366962,0.10733812395822646,133.25,35.55
3981,1989-11-27 00:00:00,0.07606886444721861,-0.04218165300598845,0.19431938190042566,133.25,35.55
3982,1989-11-28 00:00:00,0.14709613768701182,0.028419616679799614,0.2657726586942241,133.25,35.55
3983,1989-11-29 00:00:00,0.1653087568299647,0.04621202031009755,0.2844054933498319,133.25,35.55
3984,1989-11-30 00:00:00,0.07691990397227608,-0.04195392321629987,0.195793731160852,133.25,35.55
3985,1989-12-01 00:00:00,0.030060459470845007,-0.08826950828920307,0.14839042723089307,133.25,35.55
3986,1989-12-02 00:00:00,0.07605874652678266,-0.04219181618647265,0.194309309240038,133.25,35.55
3987,1989-12-03 00:00:00,0.14022726320744358,0.02185687610312106,0.2585976503117661,133.25,35.55
3988,1989-12-04 00:00:00,0.14999813110480995,0.03160768434691488,0.2683885778627051,133.25,35.55
3989,1989-12-05 00:00:00,0.02945148772922768,-0.08913330997343455,0.14803628543188993,133.25,35.55
3990,1989-12-06 00:00:00,0.018380411000983532,-0.09989629625188846,0.13665711825385551,133.25,35.55
3991,1989-12-07 00:00:00,0.1387547564872525,0.020349516130798342,0.25715999684370666,133.25,35.55
3992,1989-12-08 00:00:00,0.09816621757833503,-0.020445413711166524,0.21677784886783666,133.25,35.55
3993,1989-12-09 00:00:00,0.10191071763038388,-0.01706652941434719,0.22088796467511496,133.25,35.55
3994,1989-12-10 00:00:00,-0.011917022855479471,-0.13081152078727865,0.10697747507631973,133.25,35.55
3995,1989-12-11 00:00:00,0.05271054213218674,-0.06556900788880876,0.17099009215318225,133.25,35.55
3996,1989-12-12 00:00:00,0.0028547978594361586,-0.1155594727709255,0.1212690684897978,133.25,35.55
3997,1989-12-13 00:00:00,-0.02617583160350795,-0.14461694449985596,0.09226528129284008,133.25,35.55
3998,1989-12-14 00:00:00,0.12157847244691547,0.0026524160726492108,0.2405045288211817,133.25,35.55
3999,1989-12-15 00:00:00,-0.11475400427715382,-0.23696119825612996,0.00745318970182228,133.25,35.55
4000,1989-12-16 00:00:00,0.013606325846246143,-0.10543926436278428,0.13265191605527654,133.25,35.55
4001,1989-12-17 00:00:00,0.023711529081543482,-0.09453118528702577,0.1419542434501127,133.25,35.55
4002,1989-12-18 00:00:00,-0.03063273620190682,-0.14903374937543284,0.0877682769716192,133.25,35.55
4003,1989-12-19 00:00:00,-0.07416289045092989,-0.19300660803740785,0.04468082713554805,133.25,35.55
4004,1989-12-20 00:00:00,0.06442646682538912,-0.054256088891467734,0.183109022542246,133.25,35.55
4005,1989-12-21 00:00:00,0.037126466301923775,-0.08126121237289256,0.1555141449767401,133.25,35.55
4006,1989-12-22 00:00:00,0.0395077496556237,-0.07879652039667455,0.15781201970792194,133.25,35.55
4007,1989-12-23 00:00:00,-0.018386688098091058,-0.136795458843674,0.10002208264749188,133.25,35.55
4008,1989-12-24 00:00:00,0.011987077036062528,-0.10653849196679227,0.13051264603891732,133.25,35.55
4009,1989-12-25 00:00:00,0.028607847437150963,-0.08998455180346898,0.1472002466777709,133.25,35.55
4010,1989-12-26 00:00:00,0.08867247767490008,-0.02959162055350305,0.2069365759033032,133.25,35.55
4011,1989-12-27 00:00:00,0.08953841418281602,-0.028925902933605942,0.20800273129923802,133.25,35.55
4012,1989-12-28 00:00:00,0.0585200568233984,-0.05986451594938653,0.17690462959618333,133.25,35.55
4013,1989-12-29 00:00:00,0.10462146533294564,-0.013653893379845405,0.22289682404573666,133.25,35.55
4014,1989-12-30 00:00:00,0.06896449993831234,-0.04939425115462208,0.18732325103124675,133.25,35.55
4015,1989-12-31 00:00:00,0.08744047887455927,-0.031566453497765434,0.206447411246884,133.25,35.55
4016,1990-01-01 00:00:00,0.05836079188170198,-0.06012652427356105,0.176848108036965,133.25,35.55
4017,1990-01-02 00:00:00,0.062399064125571675,-0.055908504851578174,0.18070663310272156,133.25,35.55
4018,1990-01-03 00:00:00,0.03849072779520573,-0.07979824412594577,0.15677969971635722,133.25,35.55
4019,1990-01-04 00:00:00,0.05031060639770656,-0.06802906166109472,0.16865027445650782,133.25,35.55
4020,1990-01-05 00:00:00,0.05167482914602025,-0.0664957981627248,0.16984545645476531,133.25,35.55
4021,1990-01-06 00:00:00,0.16958603627788915,0.051041670174686436,0.2881304023810919,133.25,35.55
4022,1990-01-07 00:00:00,-0.03697267010357933,-0.15551597968630898,0.08157063947915036,133.25,35.55
4023,1990-01-08 00:00:00,-0.0389138143856018,-0.15711663586611951,0.0792890070949159,133.25,35.55
4024,1990-01-09 00:00:00,0.03928360636031818,-0.0788778334315288,0.15744504615216515,133.25,35.55
4025,1990-01-10 00:00:00,0.19667472578094786,0.07743280383501723,0.31591664772687844,133.25,35.55
4026,1990-01-11 00:00:00,-0.051587933904508616,-0.17174897708545134,0.06857310927643412,133.25,35.55
4027,1990-01-12 00:00:00,0.04026597941537775,-0.07804613547039325,0.15857809430114878,133.25,35.55
4028,1990-01-13 00:00:00,0.06266437979382664,-0.05603964353437745,0.18136840312203076,133.25,35.55
4029,1990-01-14 00:00:00,0.09298265137546588,-0.025754863142510964,0.21172016589344272,133.25,35.55
4030,1990-01-15 00:00:00,0.07685817965359308,-0.041611790025342016,0.19532814933252812,133.25,35.55
4031,1990-01-16 00:00:00,0.02505487307907625,-0.0933723771808366,0.1434821233389891,133.25,35.55
4032,1990-01-17 00:00:00,0.008563388453611313,-0.11013195403032194,0.12725873093754458,133.25,35.55
4033,1990-01-18 00:00:00,0.1489563940522282,0.030179786607666962,0.2677330014967895,133.25,35.55
4034,1990-01-19 00:00:00,0.057199958601860126,-0.061646437050194236,0.1760463542539145,133.25,35.55
4035,1990-01-20 00:00:00,-0.10967887210847208,-0.22854739515328704,0.0091896509363429,133.25,35.55
4036,1990-01-21 00:00:00,0.05224299768791084,-0.06625967716790968,0.17074567254373135,133.25,35.55
4037,1990-01-22 00:00:00,0.14477132077563026,0.026154729275973967,0.2633879122752866,133.25,35.55
4038,1990-01-23 00:00:00,0.06254149095882906,-0.05654167201821458,0.18162465393587268,133.25,35.55
4039,1990-01-24 00:00:00,0.16294640855582782,0.04356632957641607,0.2823264875352396,133.25,35.55
4040,1990-01-25 00:00:00,0.008808266256528223,-0.11104796213381732,0.12866449464687374,133.25,35.55
4041,1990-01-26 00:00:00,-0.039652764044324544,-0.15811497523927506,0.07880944715062596,133.25,35.55
4042,1990-01-27 00:00:00,0.014468994001088538,-0.10376418098550344,0.1327021689876805,133.25,35.55
4043,1990-01-28 00:00:00,-0.009795658826189277,-0.12808658814650514,0.1084952704941266,133.25,35.55
4044,1990-01-29 00:00:00,0.1530205421135683,0.034318483728539406,0.2717226004985972,133.25,35.55
4045,1990-01-30 00:00:00,-0.04978378794985617,-0.16889448789658826,0.0693269119968759,133.25,35.55
4046,1990-01-31 00:00:00,-0.07463659669831846,-0.19347176876050226,0.04419857536386533,133.25,35.55
4047,1990-02-01 00:00:00,-0.0049111949453108225,-0.12427946039415592,0.11445707050353428,133.25,35.55
4048,1990-02-02 00:00:00,-0.017685312000139067,-0.13662917367900776,0.1012585496787296,133.25,35.55
4049,1990-02-03 00:00:00,0.01839347880014306,-0.09988919437944313,0.13667615197972927,133.25,35.55
4050,1990-02-04 00:00:00,-0.06317189037881972,-0.1815662259186444,0.05522244516100491,133.25,35.55
4051,1990-02-05 00:00:00,0.0007797623996265157,-0.11746588404228593,0.11902540884153895,133.25,35.55
4052,1990-02-06 00:00:00,-0.023948074799007967,-0.14208747615671347,0.09419132655869754,133.25,35.55
4053,1990-02-07 00:00:00,0.010404167505406695,-0.10778856956029312,0.1285969045711065,133.25,35.55
4054,1990-02-08 00:00:00,-0.051170539677591706,-0.16939495562715992,0.06705387627197651,133.25,35.55
4055,1990-02-09 00:00:00,-0.01805021122407187,-0.13630166998254908,0.10020124753440536,133.25,35.55
4056,1990-02-10 00:00:00,0.030104085819609012,-0.08814188720509827,0.1483500588443163,133.25,35.55
4057,1990-02-11 00:00:00,0.2224870313678501,0.10199243634038226,0.34298162639531804,133.25,35.55
4058,1990-02-12 00:00:00,0.04909684641901449,-0.07097481449913333,0.1691685073371623,133.25,35.55
4059,1990-02-13 00:00:00,0.015282774803392782,-0.10311255596914493,0.13367810557593046,133.25,35.55
4060,1990-02-14 00:00:00,-0.042171592165673316,-0.16038692133485594,0.07604373700350929,133.25,35.55
4061,1990-02-15 00:00:00,-0.016621006849556128,-0.13500307853332966,0.1017610648342174,133.25,35.55
4062,1990-02-16 00:00:00,0.006025245970885364,-0.11226948509637368,0.12431997703814444,133.25,35.55
4063,1990-02-17 00:00:00,-0.034889367525985926,-0.15329534078403215,0.08351660573206034,133.25,35.55
4064,1990-02-18 00:00:00,-0.04285825722793599,-0.16108863297066325,0.07537211851479125,133.25,35.55
4065,1990-02-19 00:00:00,0.058352722116762526,-0.060245166234022936,0.17695061046754798,133.25,35.55
4066,1990-02-20 00:00:00,0.2485692669726353,0.1269121044894791,0.3702264294557916,133.25,35.55
4067,1990-02-21 00:00:00,-0.0686034637416532,-0.1887997490908644,0.05159282160755796,133.25,35.55
4068,1990-02-22 00:00:00,-0.05343742955184946,-0.17163754194464576,0.06476268284094681,133.25,35.55
4069,1990-02-23 00:00:00,0.0449663375075004,-0.07336861028029901,0.1633012852952998,133.25,35.55
4070,1990-02-24 00:00:00,-0.036832064353068315,-0.1557280166301196,0.08206388792398299,133.25,35.55
4071,1990-02-25 00:00:00,0.037196729568596695,-0.08126840667016058,0.15566186580735394,133.25,35.55
4072,1990-02-26 00:00:00,-0.011090620247275487,-0.12926753410260716,0.10708629360805616,133.25,35.55
4073,1990-02-27 00:00:00,-0.06051985098541509,-0.17881794231964093,0.05777824034881076,133.25,35.55
4074,1990-02-28 00:00:00,-0.053020166851695374,-0.17131167313513207,0.06527133943174132,133.25,35.55
4075,1990-03-01 00:00:00,-0.0068012667435220645,-0.12504392304306178,0.11144138955601764,133.25,35.55
4076,1990-03-02 00:00:00,-0.021754845092578957,-0.14038055039076147,0.09687086020560358,133.25,35.55
4077,1990-03-03 00:00:00,0.043283068801252295,-0.07522988649481734,0.1617960240973219,133.25,35.55
4078,1990-03-04 00:00:00,0.09595407305323254,-0.02258477396884272,0.2144929200753078,133.25,35.55
4079,1990-03-05 00:00:00,0.009382251390625087,-0.10889760935085148,0.12766211213210166,133.25,35.55
4080,1990-03-06 00:00:00,0.05227542409137942,-0.06589687993667624,0.1704477281194351,133.25,35.55
4081,1990-03-07 00:00:00,0.08856962477075511,-0.030223118271380956,0.2073623678128912,133.25,35.55
4082,1990-03-08 00:00:00,-0.013643891634417746,-0.1328840100006199,0.1055962267317844,133.25,35.55
4083,1990-03-09 00:00:00,-0.022047026532678333,-0.14050532717502828,0.09641127410967164,133.25,35.55
4084,1990-03-10 00:00:00,0.040758251750442495,-0.07744152025775235,0.15895802375863732,133.25,35.55
4085,1990-03-11 00:00:00,0.10799087901128436,-0.010224528589053513,0.22620628661162226,133.25,35.55
4086,1990-03-12 00:00:00,0.18340967110422848,0.06289477952247552,0.3039245626859814,133.25,35.55
4087,1990-03-13 00:00:00,-0.1129360116892735,-0.23368145814307625,0.007809434764529222,133.25,35.55
4088,1990-03-14 00:00:00,0.03785577967359708,-0.080618966788472,0.15633052613566614,133.25,35.55
4089,1990-03-15 00:00:00,0.11432478676234485,-0.004720584793573887,0.2333701583182636,133.25,35.55
4090,1990-03-16 00:00:00,-0.04732129028741749,-0.1660722619706362,0.07142968139580125,133.25,35.55
4091,1990-03-17 00:00:00,-0.001995101710190725,-0.1201583797756122,0.11616817635523075,133.25,35.55
4092,1990-03-18 00:00:00,0.08121564564210426,-0.037529825137391885,0.1999611164216004,133.25,35.55
4093,1990-03-19 00:00:00,0.029264426555991138,-0.08983312895952264,0.14836198207150492,133.25,35.55
4094,1990-03-20 00:00:00,0.07195403762850887,-0.04648522996714763,0.19039330522416534,133.25,35.55
4095,1990-03-21 00:00:00,-0.03733710851249536,-0.1556801156199194,0.08100589859492867,133.25,35.55
4096,1990-03-22 00:00:00,-0.015927865304505198,-0.134172083215814,0.1023163526068036,133.25,35.55
4097,1990-03-23 00:00:00,0.07538462614705027,-0.04280960630875665,0.1935788586028572,133.25,35.55
4098,1990-03-24 00:00:00,0.11382278003960752,-0.004830546109385866,0.2324761061886009,133.25,35.55
4099,1990-03-25 00:00:00,-0.15973267771459074,-0.2793167180826779,-0.04014863734650356,133.25,35.55
4100,1990-03-26 00:00:00,-0.13844285101172288,-0.2576388828840372,-0.01924681913940858,133.25,35.55
4101,1990-03-27 00:00:00,-0.012142162548843335,-0.1304961901705184,0.1062118650728317,133.25,35.55
4102,1990-03-28 00:00:00,0.05042471954908916,-0.06788066418127929,0.1687301032794576,133.25,35.55
4103,1990-03-29 00:00:00,0.04185853931027854,-0.07682495086991406,0.16054202949047114,133.25,35.55
4104,1990-03-30 00:00:00,-0.037502015455317714,-0.15584278085051134,0.08083874993987593,133.25,35.55
4105,1990-03-31 00:00:00,0.03745635978301436,-0.08066271800889628,0.155575437574925,133.25,35.55
4106,1990-04-01 00:00:00,0.05446912675082603,-0.06365792560735341,0.1725961791090055,133.25,35.55
4107,1990-04-02 00:00:00,0.025366331086425883,-0.09275433798236417,0.14348700015521593,133.25,35.55
4108,1990-04-03 00:00:00,0.052912783524197766,-0.06527580188794807,0.17110136893634362,133.25,35.55
4109,1990-04-04 00:00:00,0.17906778326845724,0.059745978852187326,0.2983895876847271,133.25,35.55
4110,1990-04-05 00:00:00,0.05491201955565125,-0.0650492851854554,0.1748733242967579,133.25,35.55
4111,1990-04-06 00:00:00,0.15949945207775965,0.040489967808218834,0.27850893634730045,133.25,35.55
4112,1990-04-07 00:00:00,0.1016220653200062,-0.016971271342311134,0.22021540198232356,133.25,35.55
4113,1990-04-08 00:00:00,0.33207148307123696,0.2104513064067658,0.4536916597357081,133.25,35.55
4114,1990-04-09 00:00:00,0.04105989685313571,-0.07987622163184581,0.16199601533811725,133.25,35.55
4115,1990-04-10 00:00:00,0.04643709859895629,-0.07181659664748362,0.1646907938453962,133.25,35.55
4116,1990-04-11 00:00:00,-0.01917219827065849,-0.13732128137554936,0.0989768848342324,133.25,35.55
4117,1990-04-12 00:00:00,0.062324130898086215,-0.056108103142105216,0.1807563649382776,133.25,35.55
4118,1990-04-13 00:00:00,0.2154052159927856,0.0951499162589092,0.335660515726662,133.25,35.55
4119,1990-04-14 00:00:00,0.09869610451366433,-0.02084651423594286,0.2182387232632715,133.25,35.55
4120,1990-04-15 00:00:00,0.07377068729750665,-0.04472501368470285,0.19226638827971612,133.25,35.55
4121,1990-04-16 00:00:00,0.07097041866589003,-0.04748676807833385,0.18942760541011394,133.25,35.55
4122,1990-04-17 00:00:00,-0.03410067954796441,-0.15256667632000642,0.08436531722407759,133.25,35.55
4123,1990-04-18 00:00:00,0.027904988078285287,-0.09033557012321757,0.14614554627978815,133.25,35.55
4124,1990-04-19 00:00:00,0.002522396462684651,-0.1156121737325852,0.12065696665795453,133.25,35.55
4125,1990-04-20 00:00:00,0.01418507995162301,-0.10395681852407808,0.1323269784273241,133.25,35.55
4126,1990-04-21 00:00:00,0.007296902155856998,-0.11096053022966168,0.12555433454137568,133.25,35.55
4127,1990-04-22 00:00:00,0.01797268928746616,-0.10020236256341414,0.13614774113834646,133.25,35.55
4128,1990-04-23 00:00:00,0.06776257946313596,-0.0514058919841608,0.18693105091043272,133.25,35.55
4129,1990-04-24 00:00:00,0.1041106383615163,-0.01520694060230339,0.223428217325336,133.25,35.55
4130,1990-04-25 00:00:00,0.08199594218937645,-0.03647237438080221,0.2004642587595551,133.25,35.55
4131,1990-04-26 00:00:00,0.07291078881845986,-0.04545806139511012,0.19127963903202985,133.25,35.55
4132,1990-04-27 00:00:00,0.03794015397579695,-0.08040147578359458,0.15628178373518847,133.25,35.55
4133,1990-04-28 00:00:00,0.05737319079072894,-0.060796247094401526,0.1755426286758594,133.25,35.55
4134,1990-04-29 00:00:00,0.07714357936426575,-0.04119392949019511,0.19548108821872665,133.25,35.55
4135,1990-04-30 00:00:00,-0.03605448818368778,-0.15441679226602145,0.08230781589864587,133.25,35.55
4136,1990-05-01 00:00:00,-0.07142343775774575,-0.1898328878299884,0.04698601231449688,133.25,35.55
4137,1990-05-02 00:00:00,-0.0417937496618258,-0.16036739565708108,0.07677989633342946,133.25,35.55
4138,1990-05-03 00:00:00,-0.005925868250724171,-0.12453215569675585,0.11268041919530747,133.25,35.55
4139,1990-05-04 00:00:00,0.2181852126453981,0.09832801731734768,0.3380424079734486,133.25,35.55
4140,1990-05-05 00:00:00,0.06282524675632724,-0.056771068167617976,0.1824215616802725,133.25,35.55
4141,1990-05-06 00:00:00,0.020726214351928715,-0.09759074754809062,0.13904317625194804,133.25,35.55
4142,1990-05-07 00:00:00,0.06372464308106925,-0.05444325039603887,0.18189253655817736,133.25,35.55
4143,1990-05-08 00:00:00,0.09652982797586927,-0.021677278188940916,0.2147369341406795,133.25,35.55
4144,1990-05-09 00:00:00,0.0806040277514305,-0.03763548515624476,0.19884354065910576,133.25,35.55
4145,1990-05-10 00:00:00,0.06463426645579186,-0.0535018477932529,0.18277038070483664,133.25,35.55
4146,1990-05-11 00:00:00,0.07149540477159465,-0.046659942911516816,0.1896507524547061,133.25,35.55
4147,1990-05-12 00:00:00,0.0633021893442058,-0.054842889354305084,0.18144726804271666,133.25,35.55
4148,1990-05-13 00:00:00,0.07241713503928643,-0.045694944022295535,0.1905292141008684,133.25,35.55
4149,1990-05-14 00:00:00,0.0643911597882505,-0.053772565689786535,0.18255488526628755,133.25,35.55
4150,1990-05-15 00:00:00,0.015561745340016506,-0.10275381799991133,0.13387730867994432,133.25,35.55
4151,1990-05-16 00:00:00,-0.03662245049302964,-0.15490284496114562,0.08165794397508633,133.25,35.55
4152,1990-05-17 00:00:00,-0.0019091279753535304,-0.12001705796551215,0.11619880201480508,133.25,35.55
4153,1990-05-18 00:00:00,0.15085955646213225,0.03258912421532988,0.26912998870893456,133.25,35.55
4154,1990-05-19 00:00:00,0.20843484305691395,0.08900958102156921,0.3278601050922587,133.25,35.55
4155,1990-05-20 00:00:00,0.08062211852045142,-0.03841918139469242,0.19966341843559526,133.25,35.55
4156,1990-05-21 00:00:00,0.08375220611039856,-0.03457055940030715,0.20207497162110427,133.25,35.55
4157,1990-05-22 00:00:00,0.06525021606560588,-0.053046891243036666,0.18354732337424845,133.25,35.55
4158,1990-05-23 00:00:00,0.01840982059838037,-0.09973303631274512,0.13655267750950584,133.25,35.55
4159,1990-05-24 00:00:00,-0.014493043913176096,-0.13263024553051322,0.10364415770416104,133.25,35.55
4160,1990-05-25 00:00:00,0.04040454041750427,-0.07781612387142041,0.15862520470642893,133.25,35.55
4161,1990-05-26 00:00:00,0.009857717905347823,-0.10830377882642543,0.12801921463712107,133.25,35.55
4162,1990-05-27 00:00:00,0.018577820261558874,-0.09959040788337298,0.1367460484064907,133.25,35.55
4163,1990-05-28 00:00:00,0.06367992754683853,-0.054490692106823384,0.1818505472005004,133.25,35.55
4164,1990-05-29 00:00:00,0.06734282274480997,-0.0508127388897303,0.18549838437935026,133.25,35.55
4165,1990-05-30 00:00:00,0.03330115000145335,-0.08481739060244703,0.15141969060535376,133.25,35.55
4166,1990-05-31 00:00:00,0.1115750985603639,-0.006666491596804214,0.229816688717532,133.25,35.55
4167,1990-06-01 00:00:00,0.15025586028805274,0.031389932024214216,0.2691217885518913,133.25,35.55
4168,1990-06-02 00:00:00,0.0725852980509143,-0.04612903144614063,0.1912996275479692,133.25,35.55
4169,1990-06-03 00:00:00,0.015904563895386248,-0.10223585779671752,0.13404498558749,133.25,35.55
4170,1990-06-04 00:00:00,0.035589249806564194,-0.0825814242155487,0.1537599238286771,133.25,35.55
4171,1990-06-05 00:00:00,0.049574099470679166,-0.06859728009502603,0.16774547903638434,133.25,35.55
4172,1990-06-06 00:00:00,-0.04097318419283223,-0.1591166808287075,0.07717031244304305,133.25,35.55
4173,1990-06-07 00:00:00,-0.02008413895562493,-0.13817089598983126,0.0980026180785814,133.25,35.55
4174,1990-06-08 00:00:00,0.07414198635382667,-0.04409176298440766,0.19237573569206096,133.25,35.55
4175,1990-06-09 00:00:00,0.3219866638283706,0.2018203218567411,0.4421530058000001,133.25,35.55
4176,1990-06-10 00:00:00,0.173634771717031,0.053455653704989545,0.2938138897290725,133.25,35.55
4177,1990-06-11 00:00:00,0.05288534133717858,-0.06528728967344298,0.17105797234780012,133.25,35.55
4178,1990-06-12 00:00:00,0.08177706634059373,-0.03634493318135662,0.19989906586254408,133.25,35.55
4179,1990-06-13 00:00:00,0.07124249413019483,-0.04685235617239701,0.18933734443278671,133.25,35.55
4180,1990-06-14 00:00:00,0.029591019245329905,-0.08854061601980595,0.14772265451046576,133.25,35.55
4181,1990-06-15 00:00:00,0.09241464014185218,-0.025924768120831748,0.2107540484045361,133.25,35.55
4182,1990-06-16 00:00:00,0.1415477679629669,0.02261587495087826,0.26047966097505554,133.25,35.55
4183,1990-06-17 00:00:00,0.008726143164448944,-0.1096092007199981,0.127061487048896,133.25,35.55
4184,1990-06-18 00:00:00,0.03740190952480955,-0.08072382841665733,0.15552764746627645,133.25,35.55
4185,1990-06-19 00:00:00,0.13963642271653842,0.02136359944208969,0.25790924599098713,133.25,35.55
4186,1990-06-20 00:00:00,0.11312650076583193,-0.00520200347540184,0.2314550050070657,133.25,35.55
4187,1990-06-21 00:00:00,0.12716045494744818,0.008797911836841615,0.24552299805805475,133.25,35.55
4188,1990-06-22 00:00:00,0.10413989075988674,-0.014340625655912818,0.2226204071756863,133.25,35.55
4189,1990-06-23 00:00:00,0.014055192001057074,-0.10417632727529484,0.132286711277409,133.25,35.55
4190,1990-06-24 00:00:00,0.05811159909803565,-0.0599867430657323,0.17620994126180362,133.25,35.55
4191,1990-06-25 00:00:00,0.10832625739909547,-0.009861584527131595,0.2265140993253225,133.25,35.55
4192,1990-06-26 00:00:00,0.17553064410202748,0.05672445536346842,0.2943368328405865,133.25,35.55
4193,1990-06-27 00:00:00,0.1837372219506418,0.06482544663827662,0.30264899726300704,133.25,35.55
4194,1990-06-28 00:00:00,-0.03776431026035616,-0.15621801608495547,0.08068939556424315,133.25,35.55
4195,1990-06-29 00:00:00,0.012768267714429276,-0.10538912595899733,0.13092566138785589,133.25,35.55
4196,1990-06-30 00:00:00,0.013893917583678334,-0.10431938572258397,0.13210722088994062,133.25,35.55
4197,1990-07-01 00:00:00,0.005420408161809972,-0.11290275697987764,0.12374357330349757,133.25,35.55
4198,1990-07-02 00:00:00,0.027545576165655037,-0.09095793371180837,0.14604908604311845,133.25,35.55
4199,1990-07-03 00:00:00,0.08230334013726041,-0.036421387902688326,0.20102806817720914,133.25,35.55
4200,1990-07-04 00:00:00,0.07606647511201484,-0.042589955874253314,0.19472290609828294,133.25,35.55
4201,1990-07-05 00:00:00,0.06470035380182146,-0.05357424972372393,0.18297495732736685,133.25,35.55
4202,1990-07-06 00:00:00,0.04429946494170349,-0.07384138737712702,0.16244031726053398,133.25,35.55
4203,1990-07-07 00:00:00,0.06773094929770218,-0.050409395141531865,0.18587129373693626,133.25,35.55
4204,1990-07-08 00:00:00,0.08658542531663001,-0.031654809371344045,0.2048256600046041,133.25,35.55
4205,1990-07-09 00:00:00,0.04938413147301866,-0.06882276042105424,0.16759102336709158,133.25,35.55
4206,1990-07-10 00:00:00,0.06179789877851745,-0.056300747007882124,0.17989654456491705,133.25,35.55
4207,1990-07-11 00:00:00,0.08267809385627617,-0.035442852548492776,0.20079904026104511,133.25,35.55
4208,1990-07-12 00:00:00,0.15149929080252905,0.0329415900741326,0.2700569915309255,133.25,35.55
4209,1990-07-13 00:00:00,0.14054346703690027,0.021523795382934374,0.25956313869086617,133.25,35.55
4210,1990-07-14 00:00:00,0.03620439287255164,-0.08217547981150848,0.15458426555661173,133.25,35.55
4211,1990-07-15 00:00:00,0.03701288083528978,-0.08149278586364146,0.155518547534221,133.25,35.55
4212,1990-07-16 00:00:00,0.09335166769890467,-0.025017535615032976,0.21172087101284234,133.25,35.55
4213,1990-07-17 00:00:00,0.11802450564313186,-0.00028607699846788787,0.2363350882847316,133.25,35.55
4214,1990-07-18 00:00:00,0.15095533281139534,0.032616468401130264,0.2692941972216604,133.25,35.55
4215,1990-07-19 00:00:00,0.11436642392172346,-0.004063985923844951,0.2327968337672919,133.25,35.55
4216,1990-07-20 00:00:00,-0.018075277844545684,-0.13632394063244474,0.10017338494335336,133.25,35.55
4217,1990-07-21 00:00:00,0.054665835192049456,-0.06345350752354276,0.17278517790764167,133.25,35.55
4218,1990-07-22 00:00:00,0.06539969956404099,-0.05270344258898146,0.18350284171706344,133.25,35.55
4219,1990-07-23 00:00:00,0.07646581165605934,-0.04162919216089657,0.19456081547301524,133.25,35.55
4220,1990-07-24 00:00:00,0.11355446525355005,-0.004566193572418553,0.2316751240795187,133.25,35.55
4221,1990-07-25 00:00:00,0.11854816867591872,0.0004041427920517954,0.2366921945597857,133.25,35.55
4222,1990-07-26 00:00:00,0.06308130159315485,-0.0551057798692709,0.1812683830555806,133.25,35.55
4223,1990-07-27 00:00:00,0.0059010764239787366,-0.11223389259337116,0.12403604544132865,133.25,35.55
4224,1990-07-28 00:00:00,0.035713897565008694,-0.08239028869838494,0.1538180838284023,133.25,35.55
4225,1990-07-29 00:00:00,0.02453467122689984,-0.09356997754354286,0.14263931999734253,133.25,35.55
4226,1990-07-30 00:00:00,0.008283963195005758,-0.10982130270980872,0.12638922909982025,133.25,35.55
4227,1990-07-31 00:00:00,0.03024300914372813,-0.0878651782330854,0.14835119652054166,133.25,35.55
4228,1990-08-01 00:00:00,0.06891441343835705,-0.049199023230231516,0.1870278501069456,133.25,35.55
4229,1990-08-02 00:00:00,0.06464098215520038,-0.05346330528238949,0.18274526959279025,133.25,35.55
4230,1990-08-03 00:00:00,0.0396204547489786,-0.07851381331272682,0.15775472281068406,133.25,35.55
4231,1990-08-04 00:00:00,0.06274939768257459,-0.055407453298172614,0.18090624866332175,133.25,35.55
4232,1990-08-05 00:00:00,0.07202306191998198,-0.04611627854712254,0.19016240238708648,133.25,35.55
4233,1990-08-06 00:00:00,0.062120822555662765,-0.05604553317473246,0.180287178286058,133.25,35.55
4234,1990-08-07 00:00:00,0.035746331546632766,-0.08238419166385763,0.15387685475712315,133.25,35.55
4235,1990-08-08 00:00:00,0.0269782234417134,-0.09114299069129857,0.14509943757472538,133.25,35.55
4236,1990-08-09 00:00:00,0.0009812040670205797,-0.11725676601528613,0.1192191741493273,133.25,35.55
4237,1990-08-10 00:00:00,0.10843883583105117,-0.010128816415508238,0.2270064880776106,133.25,35.55
4238,1990-08-11 00:00:00,0.06642789309975908,-0.05188292978043356,0.18473871597995173,133.25,35.55
4239,1990-08-12 00:00:00,0.017973788409275285,-0.10017502445348694,0.1361226012720375,133.25,35.55
4240,1990-08-13 00:00:00,0.05258125611046699,-0.0655211073285381,0.1706836195494721,133.25,35.55
4241,1990-08-14 00:00:00,0.09903680351646543,-0.019135127541117403,0.21720873457404827,133.25,35.55
4242,1990-08-15 00:00:00,0.06220868841609886,-0.05603060086737173,0.18044797769956944,133.25,35.55
4243,1990-08-16 00:00:00,0.0015328304383483947,-0.11666553596453623,0.119731196841233,133.25,35.55
4244,1990-08-17 00:00:00,0.03183283085727871,-0.08643033146167066,0.15009599317622807,133.25,35.55
4245,1990-08-18 00:00:00,0.0018859710356882442,-0.11642252316940024,0.12019446524077672,133.25,35.55
4246,1990-08-19 00:00:00,0.05992473156478021,-0.05823871702217592,0.17808818015173633,133.25,35.55
4247,1990-08-20 00:00:00,0.041241698152667455,-0.07699542413288885,0.15947882043822376,133.25,35.55
4248,1990-08-21 00:00:00,0.03842098547941666,-0.07991062464143339,0.15675259560026672,133.25,35.55
4249,1990-08-22 00:00:00,0.26430756264271704,0.1430831519685433,0.3855319733168908,133.25,35.55
4250,1990-08-23 00:00:00,0.2879317912572017,0.16484630100458686,0.4110172815098167,133.25,35.55
4251,1990-08-24 00:00:00,0.11552643887810025,-0.003301989542037906,0.2343548672982384,133.25,35.55
4252,1990-08-25 00:00:00,0.030843630290672188,-0.08729746702688694,0.14898472760823134,133.25,35.55
4253,1990-08-26 00:00:00,0.02318567035338937,-0.09494028158588758,0.1413116222926663,133.25,35.55
4254,1990-08-27 00:00:00,-0.04111886799370917,-0.159284738926465,0.07704700293904666,133.25,35.55
4255,1990-08-28 00:00:00,-0.018216074540790272,-0.1363800564187275,0.09994790733714697,133.25,35.55
4256,1990-08-29 00:00:00,0.014263040902038688,-0.10385845734781794,0.13238453915189533,133.25,35.55
4257,1990-08-30 00:00:00,0.06625218327659389,-0.051900795152818084,0.18440516170600585,133.25,35.55
4258,1990-08-31 00:00:00,0.058941995144560236,-0.059226027048229574,0.17711001733735007,133.25,35.55
4259,1990-09-01 00:00:00,0.03620890161877829,-0.08200154973754174,0.15441935297509835,133.25,35.55
4260,1990-09-02 00:00:00,0.07565676250328969,-0.04256969430357657,0.19388321931015595,133.25,35.55
4261,1990-09-03 00:00:00,0.15905648430573036,0.04031996043471758,0.27779300817674313,133.25,35.55
4262,1990-09-04 00:00:00,0.055454575687231326,-0.06338527890756235,0.174294430282025,133.25,35.55
4263,1990-09-05 00:00:00,-0.003007376294614627,-0.12114955589077242,0.11513480330154315,133.25,35.55
4264,1990-09-06 00:00:00,-0.003625508012254929,-0.12172297417787628,0.11447195815336643,133.25,35.55
4265,1990-09-07 00:00:00,-0.0106971484714138,-0.12882791567514607,0.10743361873231846,133.25,35.55
4266,1990-09-08 00:00:00,0.024409556316489923,-0.09370991116139472,0.14252902379437454,133.25,35.55
4267,1990-09-09 00:00:00,0.09351467683301433,-0.024645036781613252,0.21167439044764189,133.25,35.55
4268,1990-09-10 00:00:00,0.06320543471800234,-0.05500825286490163,0.18141912230090632,133.25,35.55
4269,1990-09-11 00:00:00,0.0626760322659704,-0.05560927318725363,0.18096133771919445,133.25,35.55
4270,1990-09-12 00:00:00,0.1178726351252172,-0.0008198418651800822,0.2365651121156145,133.25,35.55
4271,1990-09-13 00:00:00,0.004269198365667359,-0.11441031136452855,0.12294870809586328,133.25,35.55
4272,1990-09-14 00:00:00,0.015076670251261803,-0.10332101270812827,0.13347435321065187,133.25,35.55
4273,1990-09-15 00:00:00,0.10541755845120268,-0.013081109141771158,0.22391622604417646,133.25,35.55
4274,1990-09-16 00:00:00,-0.05058086408915592,-0.16903874484108294,0.06787701666277113,133.25,35.55
4275,1990-09-17 00:00:00,0.09478127879340947,-0.02344301014716299,0.213005567733982,133.25,35.55
4276,1990-09-18 00:00:00,0.10222416225274876,-0.016359979480546488,0.220808303986044,133.25,35.55
4277,1990-09-19 00:00:00,-0.028319413254067314,-0.14861201812738978,0.09197319161925514,133.25,35.55
4278,1990-09-20 00:00:00,0.003692667898780061,-0.12070993119023048,0.1280952669877906,133.25,35.55
4279,1990-09-21 00:00:00,-0.028149391581043,-0.1479770016032078,0.0916782184411218,133.25,35.55
4280,1990-09-22 00:00:00,-0.001266053394507971,-0.11941437875144545,0.11688227196242952,133.25,35.55
4281,1990-09-23 00:00:00,0.012300900290001308,-0.10585276801607946,0.13045456859608207,133.25,35.55
4282,1990-09-24 00:00:00,0.03436138318298268,-0.08430525988057483,0.1530280262465402,133.25,35.55
4283,1990-09-25 00:00:00,-0.005246332091987306,-0.12406504191938753,0.11357237773541293,133.25,35.55
4284,1990-09-26 00:00:00,-0.00959803997431436,-0.12791547553495405,0.10871939558632536,133.25,35.55
4285,1990-09-27 00:00:00,0.0019109419408100332,-0.1163884788782374,0.12021036275985747,133.25,35.55
4286,1990-09-28 00:00:00,0.0515476915698557,-0.0666870552880352,0.1697824384277466,133.25,35.55
4287,1990-09-29 00:00:00,0.002453739810811917,-0.11571507441233413,0.12062255403395795,133.25,35.55
4288,1990-09-30 00:00:00,0.035985756941602116,-0.08280623671617326,0.15477775059937748,133.25,35.55
4289,1990-10-01 00:00:00,0.06006450660473111,-0.058610429001367426,0.17873944221082966,133.25,35.55
4290,1990-10-02 00:00:00,0.028138369823207755,-0.09002382609248041,0.14630056573889594,133.25,35.55
4291,1990-10-03 00:00:00,-0.04452011726739229,-0.16263278114999086,0.07359254661520627,133.25,35.55
4292,1990-10-04 00:00:00,0.04796820365098208,-0.0701601538886513,0.16609656119061544,133.25,35.55
4293,1990-10-05 00:00:00,0.026846017221075373,-0.0913345660101526,0.14502660045230334,133.25,35.55
4294,1990-10-06 00:00:00,0.0300324685927697,-0.08811748221423067,0.14818241939977006,133.25,35.55
4295,1990-10-07 00:00:00,-0.03637110304249727,-0.15502440392566344,0.0822821978406689,133.25,35.55
4296,1990-10-08 00:00:00,0.05877329379006496,-0.06047979035125393,0.17802637793138384,133.25,35.55
4297,1990-10-09 00:00:00,-0.011833072167158842,-0.1309871804136741,0.10732103607935642,133.25,35.55
4298,1990-10-10 00:00:00,-0.07306376173972813,-0.19160660304564975,0.045479079566193535,133.25,35.55
4299,1990-10-11 00:00:00,-0.07101584993615702,-0.18924048757812256,0.04720878770580848,133.25,35.55
4300,1990-10-12 00:00:00,0.028527266737512387,-0.08964320991945933,0.1466977433944841,133.25,35.55
4301,1990-10-13 00:00:00,0.024578293486438547,-0.09377326521909504,0.14292985219197213,133.25,35.55
4302,1990-10-14 00:00:00,0.07803972518834197,-0.04051670758724342,0.19659615796392735,133.25,35.55
4303,1990-10-15 00:00:00,-0.003126531380332601,-0.12135289187584775,0.11509982911518254,133.25,35.55
4304,1990-10-16 00:00:00,0.027304517618819017,-0.09077583829111152,0.14538487352874954,133.25,35.55
4305,1990-10-17 00:00:00,0.06134570400891789,-0.05680231254606258,0.17949372056389834,133.25,35.55
4306,1990-10-18 00:00:00,0.05071582291520152,-0.06752999000950942,0.16896163583991247,133.25,35.55
4307,1990-10-19 00:00:00,0.054630449914520623,-0.06355337928935882,0.17281427911840008,133.25,35.55
4308,1990-10-20 00:00:00,0.0031745571469856786,-0.11494461215300253,0.12129372644697388,133.25,35.55
4309,1990-10-21 00:00:00,-0.032366933947910716,-0.1504740557698864,0.08574018787406497,133.25,35.55
4310,1990-10-22 00:00:00,-0.02405226240001456,-0.14219055012807508,0.09408602532804594,133.25,35.55
4311,1990-10-23 00:00:00,-0.0063018618666356024,-0.12451975868692168,0.11191603495365046,133.25,35.55
4312,1990-10-24 00:00:00,0.009064704136998772,-0.10913181170925212,0.12726121998324966,133.25,35.55
4313,1990-10-25 00:00:00,0.04875956225171249,-0.06935282034677286,0.16687194485019785,133.25,35.55
4314,1990-10-26 00:00:00,0.0767438883765437,-0.04212947893527795,0.19561725568836533,133.25,35.55
4315,1990-10-27 00:00:00,-0.08262615857387162,-0.20200284265423285,0.036750525506489606,133.25,35.55
4316,1990-10-28 00:00:00,0.002060675363616954,-0.11617808919697473,0.12029943992420862,133.25,35.55
4317,1990-10-29 00:00:00,-0.016158289938645747,-0.1342934853770693,0.1019769054997778,133.25,35.55
4318,1990-10-30 00:00:00,0.0024342011604907288,-0.11569961627337715,0.1205680185943586,133.25,35.55
4319,1990-10-31 00:00:00,0.03444442099766985,-0.08371257819373876,0.15260142018907846,133.25,35.55
4320,1990-11-01 00:00:00,0.03006122157432483,-0.08805986027498128,0.14818230342363092,133.25,35.55
4321,1990-11-02 00:00:00,0.04713012718871168,-0.07109543223453252,0.16535568661195588,133.25,35.55
4322,1990-11-03 00:00:00,0.01647069550771979,-0.10182483049952444,0.134766221514964,133.25,35.55
4323,1990-11-04 00:00:00,0.11997981181960775,-0.0007513192958561593,0.2407109429350717,133.25,35.55
4324,1990-11-05 00:00:00,-0.09230107503875744,-0.2143568022230456,0.029754652145530663,133.25,35.55
4325,1990-11-06 00:00:00,0.043258900425155435,-0.07500844738732111,0.16152624823763198,133.25,35.55
4326,1990-11-07 00:00:00,0.03455639284270095,-0.08385914032234179,0.1529719260077437,133.25,35.55
4327,1990-11-08 00:00:00,-0.039965053531049316,-0.15825468432349638,0.07832457726139773,133.25,35.55
4328,1990-11-09 00:00:00,0.023682581036525943,-0.09452517370538696,0.14189033577843885,133.25,35.55
4329,1990-11-10 00:00:00,0.2164442301758522,0.0935861568137146,0.3393023035379898,133.25,35.55
4330,1990-11-11 00:00:00,0.14874988366673922,0.02862607288757535,0.2688736944459031,133.25,35.55
4331,1990-11-12 00:00:00,0.07017286436477202,-0.0483284670937956,0.18867419582333966,133.25,35.55
4332,1990-11-13 00:00:00,0.017705364895649753,-0.10046636824163643,0.13587709803293596,133.25,35.55
4333,1990-11-14 00:00:00,0.03393302742740332,-0.08418670888958213,0.15205276374438875,133.25,35.55
4334,1990-11-15 00:00:00,0.06259456107687825,-0.05562972132241946,0.18081884347617594,133.25,35.55
4335,1990-11-16 00:00:00,0.002548262566288581,-0.1157273992142094,0.12082392434678654,133.25,35.55
4336,1990-11-17 00:00:00,0.01970166357322396,-0.09853529222507784,0.13793861937152574,133.25,35.55
4337,1990-11-18 00:00:00,0.02626273152322198,-0.09192607113103504,0.144451534177479,133.25,35.55
4338,1990-11-19 00:00:00,0.02894177494150573,-0.08929589474760541,0.14717944463061688,133.25,35.55
4339,1990-11-20 00:00:00,0.11832264971864627,-0.00016955024558559795,0.2368148496828781,133.25,35.55
4340,1990-11-21 00:00:00,-0.023317155305396763,-0.14297938490260748,0.09634507429181396,133.25,35.55
4341,1990-11-22 00:00:00,0.05992577804463455,-0.05881556291938099,0.17866711900865007,133.25,35.55
4342,1990-11-23 00:00:00,0.026400632718957626,-0.09194331717682892,0.14474458261474415,133.25,35.55
4343,1990-11-24 00:00:00,-0.00885090797427033,-0.12710956585886699,0.10940774991032637,133.25,35.55
4344,1990-11-25 00:00:00,0.03286904936600198,-0.08528138790036882,0.1510194866323728,133.25,35.55
4345,1990-11-26 00:00:00,0.0565411244733862,-0.061766271877026074,0.17484852082379845,133.25,35.55
4346,1990-11-27 00:00:00,-0.0476296376269624,-0.16587233958829087,0.0706130643343661,133.25,35.55
4347,1990-11-28 00:00:00,-0.016069722997204522,-0.13424145754462705,0.102102011550218,133.25,35.55
4348,1990-11-29 00:00:00,-0.0641354649235132,-0.18246604544988027,0.05419511560285386,133.25,35.55
4349,1990-11-30 00:00:00,-0.04527835213673288,-0.16745115739904906,0.07689445312558325,133.25,35.55
4350,1990-12-01 00:00:00,0.041927818997597927,-0.08336814600695612,0.167223784002152,133.25,35.55
4351,1990-12-02 00:00:00,0.3051979655794137,0.18345675534027447,0.4269391758185529,133.25,35.55
4352,1990-12-03 00:00:00,0.07765931530119323,-0.0436020001542823,0.1989206307566688,133.25,35.55
4353,1990-12-04 00:00:00,0.004296385299234394,-0.11437359080167757,0.12296636140014637,133.25,35.55
4354,1990-12-05 00:00:00,0.015062928309518397,-0.10313430134420684,0.1332601579632436,133.25,35.55
4355,1990-12-06 00:00:00,0.04426639730888601,-0.07387949395472462,0.16241228857249665,133.25,35.55
4356,1990-12-07 00:00:00,0.06740842545113533,-0.050745300253730974,0.1855621511560016,133.25,35.55
4357,1990-12-08 00:00:00,0.07976095298237658,-0.038421900330411186,0.19794380629516434,133.25,35.55
4358,1990-12-09 00:00:00,0.07788416324492124,-0.0402897770923655,0.19605810358220802,133.25,35.55
4359,1990-12-10 00:00:00,0.06354097899222304,-0.054782606049563434,0.18186456403400952,133.25,35.55
4360,1990-12-11 00:00:00,0.091322748209314,-0.028864393784852418,0.2115098902034804,133.25,35.55
4361,1990-12-12 00:00:00,-0.03699657664214245,-0.16210741806502313,0.08811426478073822,133.25,35.55
4362,1990-12-13 00:00:00,-0.061049678850580526,-0.17993484918410074,0.057835491482939726,133.25,35.55
4363,1990-12-14 00:00:00,0.0630006294217635,-0.05531640902592863,0.18131766786945566,133.25,35.55
4364,1990-12-15 00:00:00,-0.005072425876703243,-0.12352514712994235,0.11338029537653585,133.25,35.55
4365,1990-12-16 00:00:00,0.07045771348378994,-0.04794447922936798,0.18885990619694787,133.25,35.55
4366,1990-12-17 00:00:00,0.022126367525571608,-0.0963668809824932,0.1406196160336364,133.25,35.55
4367,1990-12-18 00:00:00,0.13926604224447792,0.020643698002181896,0.2578883864867739,133.25,35.55
4368,1990-12-19 00:00:00,-0.012296331946236458,-0.1307737844028948,0.10618112051042188,133.25,35.55
4369,1990-12-20 00:00:00,0.0419872373800448,-0.0761884493670804,0.16016292412716998,133.25,35.55
4370,1990-12-21 00:00:00,0.040660451515875336,-0.07754702931679122,0.1588679323485419,133.25,35.55
4371,1990-12-22 00:00:00,0.12478512814812975,0.006127325120766011,0.24344293117549354,133.25,35.55
4372,1990-12-23 00:00:00,0.2714225714371622,0.15152809088876953,0.3913170519855549,133.25,35.55
4373,1990-12-24 00:00:00,0.13600683718067302,0.016510307245648212,0.2555033671156978,133.25,35.55
4374,1990-12-25 00:00:00,0.06240566731169299,-0.0560033174106952,0.1808146520340812,133.25,35.55
4375,1990-12-26 00:00:00,0.3004161566614306,0.17848871928685678,0.4223435940360045,133.25,35.55
4376,1990-12-27 00:00:00,0.071461058570711,-0.05474263949933117,0.1976647566407532,133.25,35.55
4377,1990-12-28 00:00:00,0.10998886935968764,-0.011398184774819351,0.23137592349419464,133.25,35.55
4378,1990-12-29 00:00:00,0.052165776013222566,-0.0660983469239644,0.17042989895040955,133.25,35.55
4379,1990-12-30 00:00:00,-0.0054457201448532494,-0.12374782496758087,0.11285638467787434,133.25,35.55
4380,1990-12-31 00:00:00,0.05505399088832863,-0.06319152665278582,0.17329950842944308,133.25,35.55
4381,1991-01-01 00:00:00,0.08531313279103356,-0.03303790549313623,0.20366417107520332,133.25,35.55
4382,1991-01-02 00:00:00,0.0300406479154719,-0.08839631742329858,0.1484776132542424,133.25,35.55
4383,1991-01-03 00:00:00,0.044738981785241744,-0.0740404804845634,0.1635184440550469,133.25,35.55
4384,1991-01-04 00:00:00,0.19933215542710606,0.08065824080314336,0.3180060700510687,133.25,35.55
4385,1991-01-05 00:00:00,0.18355014606881453,0.06482228741220368,0.3022780047254254,133.25,35.55
4386,1991-01-06 00:00:00,0.08460344207803408,-0.03410545044610296,0.20331233460217107,133.25,35.55
4387,1991-01-07 00:00:00,0.02974648367074715,-0.0886510246489044,0.1481439919903987,133.25,35.55
4388,1991-01-08 00:00:00,0.055665482325454985,-0.06334791186419453,0.1746788765151045,133.25,35.55
4389,1991-01-09 00:00:00,0.053072067905615215,-0.06581592182445692,0.17196005763568736,133.25,35.55
4390,1991-01-10 00:00:00,0.11669771754233273,-0.0018745959268634813,0.2352700310115289,133.25,35.55
4391,1991-01-11 00:00:00,0.06618332202560401,-0.05227325948341867,0.18463990353462667,133.25,35.55
4392,1991-01-12 00:00:00,0.05376467262142977,-0.06475242285679783,0.1722817680996574,133.25,35.55
4393,1991-01-13 00:00:00,0.1290276909408131,0.009981385159438956,0.2480739967221872,133.25,35.55
4394,1991-01-14 00:00:00,-0.032784182846318864,-0.15171782416145005,0.08614945846881232,133.25,35.55
4395,1991-01-15 00:00:00,0.024663992575470774,-0.09362683043490433,0.14295481558584588,133.25,35.55
4396,1991-01-16 00:00:00,0.05310807726092437,-0.06528832714145183,0.17150448166330054,133.25,35.55
4397,1991-01-17 00:00:00,0.1715487455456885,0.052764475959987206,0.29033301513138976,133.25,35.55
4398,1991-01-18 00:00:00,-0.0010452007447004173,-0.1205893310766554,0.11849892958725455,133.25,35.55
4399,1991-01-19 00:00:00,-0.009312026195033045,-0.12827202643810873,0.10964797404804263,133.25,35.55
4400,1991-01-20 00:00:00,0.022132745821498885,-0.09604577256298384,0.14031126420598158,133.25,35.55
4401,1991-01-21 00:00:00,0.02005965858880832,-0.09816546852495278,0.1382847857025694,133.25,35.55
4402,1991-01-22 00:00:00,-0.02852481811940695,-0.1470839292016261,0.09003429296281219,133.25,35.55
4403,1991-01-23 00:00:00,-0.03189120025266694,-0.15033821998099173,0.08655581947565784,133.25,35.55
4404,1991-01-24 00:00:00,0.045060817801206264,-0.07321830462276185,0.16333994022517434,133.25,35.55
4405,1991-01-25 00:00:00,0.15536974185238647,0.03635389825386394,0.27438558545090896,133.25,35.55
4406,1991-01-26 00:00:00,-0.009787183451662804,-0.12822065538315774,0.10864628847983213,133.25,35.55
4407,1991-01-27 00:00:00,0.003518315210735541,-0.1146467604492463,0.1216833908707174,133.25,35.55
4408,1991-01-28 00:00:00,-0.03192484698782043,-0.15026836074452882,0.08641866676888793,133.25,35.55
4409,1991-01-29 00:00:00,0.03794318433822473,-0.08049866900310937,0.15638503767955886,133.25,35.55
4410,1991-01-30 00:00:00,0.028668811959558838,-0.08963311556510352,0.14697073948422118,133.25,35.55
4411,1991-01-31 00:00:00,0.0635415800376467,-0.05474405996744211,0.18182722004273552,133.25,35.55
4412,1991-02-01 00:00:00,0.09254521871787774,-0.0257414877483777,0.2108319251841332,133.25,35.55
4413,1991-02-02 00:00:00,0.042721530296884684,-0.07558043987206761,0.16102350046583702,133.25,35.55
4414,1991-02-03 00:00:00,0.01952302677023044,-0.09876341445860952,0.13780946799907046,133.25,35.55
4415,1991-02-04 00:00:00,0.12147108625473033,0.003165709559021082,0.2397764629504396,133.25,35.55
4416,1991-02-05 00:00:00,0.07131124772324435,-0.04745484121596577,0.19007733666245447,133.25,35.55
4417,1991-02-06 00:00:00,0.08158129808237577,-0.036711647396321836,0.19987424356107336,133.25,35.55
4418,1991-02-07 00:00:00,0.0615361170928107,-0.056721937349052336,0.17979417153467372,133.25,35.55
4419,1991-02-08 00:00:00,0.09773304809576973,-0.021636353332279482,0.21710244952381894,133.25,35.55
4420,1991-02-09 00:00:00,0.05765381052485132,-0.06159304137257509,0.17690066242227773,133.25,35.55
4421,1991-02-10 00:00:00,0.21034585792396251,0.0911355547648335,0.3295561610830916,133.25,35.55
4422,1991-02-11 00:00:00,0.021595249566371696,-0.09790259055355044,0.14109308968629386,133.25,35.55
4423,1991-02-12 00:00:00,0.02276514505926201,-0.09554244348879956,0.14107273360732356,133.25,35.55
4424,1991-02-13 00:00:00,-0.038153679900461084,-0.15657090782985228,0.08026354802893013,133.25,35.55
4425,1991-02-14 00:00:00,-0.016082082575902545,-0.13433376956091586,0.10216960440911074,133.25,35.55
4426,1991-02-15 00:00:00,0.08411368187757705,-0.03542805188948288,0.20365541564463696,133.25,35.55
4427,1991-02-16 00:00:00,-0.05347971714977895,-0.17687187867086274,0.06991244437130482,133.25,35.55
4428,1991-02-17 00:00:00,0.011108734171534018,-0.1113578907297488,0.13357535907281684,133.25,35.55
4429,1991-02-18 00:00:00,0.03074617703391092,-0.08833945449646513,0.14983180856428696,133.25,35.55
4430,1991-02-19 00:00:00,0.25532262552625645,0.1353133745685713,0.3753318764839416,133.25,35.55
4431,1991-02-20 00:00:00,0.06737479319394805,-0.05233732969283128,0.1870869160807274,133.25,35.55
4432,1991-02-21 00:00:00,0.26807987456048765,0.14868735536748434,0.38747239375349096,133.25,35.55
4433,1991-02-22 00:00:00,0.15921027636129895,0.03927799600094428,0.2791425567216537,133.25,35.55
4434,1991-02-23 00:00:00,0.018537453608876528,-0.10171428201138953,0.13878918922914255,133.25,35.55
4435,1991-02-24 00:00:00,0.09837470288662543,-0.02032674479410254,0.21707615056735344,133.25,35.55
4436,1991-02-25 00:00:00,0.060597292219594964,-0.05800358189919279,0.1791981663383827,133.25,35.55
4437,1991-02-26 00:00:00,0.07211911872808516,-0.04639743884826915,0.19063567630443945,133.25,35.55
4438,1991-02-27 00:00:00,0.0463917831632295,-0.07186504543529229,0.1646486117617513,133.25,35.55
4439,1991-02-28 00:00:00,0.1587804277927492,0.0398921669600542,0.2776686886254442,133.25,35.55
4440,1991-03-01 00:00:00,-0.028332978846813968,-0.1473493106567162,0.09068335296308824,133.25,35.55
4441,1991-03-02 00:00:00,-0.005580161347296698,-0.12383077231117418,0.11267044961658075,133.25,35.55
4442,1991-03-03 00:00:00,0.012513109721904385,-0.10571905668071176,0.13074527612452053,133.25,35.55
4443,1991-03-04 00:00:00,0.06366312222537138,-0.05454180203617148,0.18186804648691424,133.25,35.55
4444,1991-03-05 00:00:00,0.06980710225949785,-0.04843554152376761,0.1880497460427633,133.25,35.55
4445,1991-03-06 00:00:00,0.04694297526703367,-0.07123541308937363,0.16512136362344101,133.25,35.55
4446,1991-03-07 00:00:00,-0.07786287519813176,-0.19649672722334205,0.04077097682707855,133.25,35.55
4447,1991-03-08 00:00:00,-0.014121346308983238,-0.1327639107477706,0.10452121812980412,133.25,35.55
4448,1991-03-09 00:00:00,0.1476599262013655,0.028535487396619864,0.26678436500611113,133.25,35.55
4449,1991-03-10 00:00:00,-0.053560812333738016,-0.17193216947401538,0.06481054480653932,133.25,35.55
4450,1991-03-11 00:00:00,-0.006596768101546219,-0.12519105050599333,0.11199751430290088,133.25,35.55
4451,1991-03-12 00:00:00,0.03803171154169537,-0.08076927137056833,0.15683269445395906,133.25,35.55
4452,1991-03-13 00:00:00,-0.050970800438285065,-0.16920941010406532,0.0672678092274952,133.25,35.55
4453,1991-03-14 00:00:00,0.01692767003971119,-0.1014373788411925,0.1352927189206149,133.25,35.55
4454,1991-03-15 00:00:00,-0.062322469489162986,-0.1809950954109522,0.056350156432626225,133.25,35.55
4455,1991-03-16 00:00:00,0.10074530417448213,-0.01757518694380704,0.2190657952927713,133.25,35.55
4456,1991-03-17 00:00:00,0.06218123518294895,-0.05621530288457252,0.1805777732504704,133.25,35.55
4457,1991-03-18 00:00:00,0.0024833605507247197,-0.11568568987545153,0.12065241097690095,133.25,35.55
4458,1991-03-19 00:00:00,0.06881726350601969,-0.04934860125652747,0.18698312826856686,133.25,35.55
4459,1991-03-20 00:00:00,0.12485674621364247,0.0065893232749550815,0.2431241691523299,133.25,35.55
4460,1991-03-21 00:00:00,-0.15541944947023448,-0.2743780189007389,-0.03646088003973004,133.25,35.55
4461,1991-03-22 00:00:00,-0.031023674811123038,-0.1499679214313784,0.08792057180913232,133.25,35.55
4462,1991-03-23 00:00:00,0.11331284406019962,-0.006268186562997102,0.23289387468339634,133.25,35.55
4463,1991-03-24 00:00:00,0.010442356835568269,-0.1081646736956612,0.12904938736679775,133.25,35.55
4464,1991-03-25 00:00:00,-0.0229107370858331,-0.1410318922415646,0.0952104180698984,133.25,35.55
4465,1991-03-26 00:00:00,-0.018983052853076426,-0.13726774856344615,0.09930164285729333,133.25,35.55
4466,1991-03-27 00:00:00,0.042388364174256433,-0.07634069650105503,0.16111742484956787,133.25,35.55
4467,1991-03-28 00:00:00,-0.06496001580578215,-0.18379002090624968,0.053869989294685415,133.25,35.55
4468,1991-03-29 00:00:00,-0.07099266427348065,-0.18931635463326255,0.047331026086301256,133.25,35.55
4469,1991-03-30 00:00:00,0.06307026273416255,-0.055330134110980006,0.1814706595793051,133.25,35.55
4470,1991-03-31 00:00:00,0.005690698892656845,-0.11335745455136645,0.12473885233668015,133.25,35.55
4471,1991-04-01 00:00:00,-0.03695260400161192,-0.15525009130846273,0.08134488330523891,133.25,35.55
4472,1991-04-02 00:00:00,-0.033902310720652425,-0.15216131306853395,0.08435669162722909,133.25,35.55
4473,1991-04-03 00:00:00,-0.009281038171812007,-0.12747187804625565,0.10890980170263162,133.25,35.55
4474,1991-04-04 00:00:00,0.05532860062797189,-0.06284783778045805,0.17350503903640185,133.25,35.55
4475,1991-04-05 00:00:00,0.0790902818946169,-0.0390534770246545,0.19723404081388832,133.25,35.55
4476,1991-04-06 00:00:00,0.04742466318515927,-0.07077659596885698,0.1656259223391755,133.25,35.55
4477,1991-04-07 00:00:00,-0.0835110178256438,-0.20188437582580293,0.034862340174515324,133.25,35.55
4478,1991-04-08 00:00:00,0.07231466411495392,-0.046482795141280266,0.1911121233711881,133.25,35.55
4479,1991-04-09 00:00:00,0.037510195594642116,-0.08095479080213826,0.15597518199142252,133.25,35.55
4480,1991-04-10 00:00:00,0.01603693905904157,-0.10209566458388716,0.1341695427019703,133.25,35.55
4481,1991-04-11 00:00:00,0.03187430675164908,-0.086409144307175,0.15015775781047316,133.25,35.55
4482,1991-04-12 00:00:00,-0.02413739099697069,-0.14238725222866622,0.09411247023472484,133.25,35.55
4483,1991-04-13 00:00:00,0.13728317988173264,0.018755837676975584,0.2558105220864897,133.25,35.55
4484,1991-04-14 00:00:00,0.011719585729598156,-0.10688026305628867,0.13031943451548494,133.25,35.55
4485,1991-04-15 00:00:00,0.019122084465806283,-0.0990927911431293,0.13733696007474186,133.25,35.55
4486,1991-04-16 00:00:00,0.014045026559404254,-0.10412807702849007,0.13221813014729858,133.25,35.55
4487,1991-04-17 00:00:00,0.04564605038204702,-0.07248154784384639,0.1637736486079404,133.25,35.55
4488,1991-04-18 00:00:00,0.23475645401837125,0.11114982404575637,0.3583630839909861,133.25,35.55
4489,1991-04-19 00:00:00,0.07884680022870816,-0.04466196110725941,0.2023555615646757,133.25,35.55
4490,1991-04-20 00:00:00,-0.03026048709966135,-0.1489053525497422,0.08838437835041951,133.25,35.55
4491,1991-04-21 00:00:00,0.0904433754330783,-0.02807661307735532,0.20896336394351192,133.25,35.55
4492,1991-04-22 00:00:00,-0.027050344669562403,-0.1453715373962436,0.09127084805711876,133.25,35.55
4493,1991-04-23 00:00:00,-0.012814750670964558,-0.13102231205831216,0.10539281071638304,133.25,35.55
4494,1991-04-24 00:00:00,0.016307890425515018,-0.101942565243411,0.13455834609444106,133.25,35.55
4495,1991-04-25 00:00:00,0.060651253274638224,-0.05798851837526349,0.17929102492453994,133.25,35.55
4496,1991-04-26 00:00:00,0.05121423482888095,-0.06716998060050926,0.16959845025827114,133.25,35.55
4497,1991-04-27 00:00:00,-0.014497866922946988,-0.1327821967551501,0.10378646290925614,133.25,35.55
4498,1991-04-28 00:00:00,0.08053049192026797,-0.03770136132396265,0.19876234516449864,133.25,35.55
4499,1991-04-29 00:00:00,0.10012889931651728,-0.018288474615876404,0.21854627324891096,133.25,35.55
4500,1991-04-30 00:00:00,0.03040907599916753,-0.08834368187430827,0.14916183387264334,133.25,35.55
4501,1991-05-01 00:00:00,0.10738570248422084,-0.011271651770997535,0.2260430567394392,133.25,35.55
4502,1991-05-02 00:00:00,0.1552279531418368,0.03626561682468668,0.2741902894589869,133.25,35.55
4503,1991-05-03 00:00:00,0.0012210202161551248,-0.11777488983905185,0.12021693027136213,133.25,35.55
4504,1991-05-04 00:00:00,-0.01630053205560482,-0.13471163152570353,0.10211056741449392,133.25,35.55
4505,1991-05-05 00:00:00,-0.002073896550753542,-0.12020464286243356,0.11605684976092645,133.25,35.55
4506,1991-05-06 00:00:00,0.022665644392663786,-0.09552013427526757,0.14085142306059514,133.25,35.55
4507,1991-05-07 00:00:00,0.0695642732288041,-0.048905974901313945,0.18803452135892207,133.25,35.55
4508,1991-05-08 00:00:00,0.14404013060922574,0.02512995975047659,0.2629503014679749,133.25,35.55
4509,1991-05-09 00:00:00,0.07811376658604294,-0.040533194679404465,0.19676072785149035,133.25,35.55
4510,1991-05-10 00:00:00,0.014323124103952397,-0.10383161484608597,0.13247786305399073,133.25,35.55
4511,1991-05-11 00:00:00,0.034449631275256916,-0.08371526309999891,0.15261452565051273,133.25,35.55
4512,1991-05-12 00:00:00,0.0292997151727846,-0.08895274819663207,0.14755217854220126,133.25,35.55
4513,1991-05-13 00:00:00,0.021860717202829952,-0.09647380519026058,0.14019523959592048,133.25,35.55
4514,1991-05-14 00:00:00,0.0006348082580757697,-0.11749245282700332,0.11876206934315485,133.25,35.55
4515,1991-05-15 00:00:00,0.069689041986583,-0.04843044382187652,0.18780852779504253,133.25,35.55
4516,1991-05-16 00:00:00,0.13440084530063953,0.016110446068407294,0.2526912445328718,133.25,35.55
4517,1991-05-17 00:00:00,0.15571592990886807,0.0372596671224856,0.2741721926952505,133.25,35.55
4518,1991-05-18 00:00:00,0.08336136468461837,-0.03503482156093847,0.2017575509301752,133.25,35.55
4519,1991-05-19 00:00:00,0.07771470702355766,-0.04066202375539982,0.19609143780251514,133.25,35.55
4520,1991-05-20 00:00:00,-0.03174091019489967,-0.15005533751398192,0.0865735171241826,133.25,35.55
4521,1991-05-21 00:00:00,0.026075983912015252,-0.09210276305972807,0.1442547308837586,133.25,35.55
4522,1991-05-22 00:00:00,0.08891454712566058,-0.02929997813356165,0.2071290723848828,133.25,35.55
4523,1991-05-23 00:00:00,-0.0027450612745663467,-0.12100798461479592,0.1155178620656632,133.25,35.55
4524,1991-05-24 00:00:00,0.036248391353418466,-0.08202338636805995,0.15452016907489685,133.25,35.55
4525,1991-05-25 00:00:00,0.03783614385055133,-0.08051202156555977,0.15618430926666246,133.25,35.55
4526,1991-05-26 00:00:00,0.06967491163655785,-0.048779962170398886,0.1881297854435146,133.25,35.55
4527,1991-05-27 00:00:00,-0.014867711106307156,-0.1335156433913523,0.10378022117873796,133.25,35.55
4528,1991-05-28 00:00:00,-0.03037318570144505,-0.1487649079631453,0.08801853656025517,133.25,35.55
4529,1991-05-29 00:00:00,0.03536213120102385,-0.08292321227475671,0.15364747467680442,133.25,35.55
4530,1991-05-30 00:00:00,-0.013685962725873406,-0.13195445647468929,0.10458253102294246,133.25,35.55
4531,1991-05-31 00:00:00,0.05432715765315077,-0.06390254003516163,0.17255685534146314,133.25,35.55
4532,1991-06-01 00:00:00,0.04004178915051986,-0.07825887615608558,0.15834245445712528,133.25,35.55
4533,1991-06-02 00:00:00,0.09638356873712424,-0.02184044067652341,0.21460757815077192,133.25,35.55
4534,1991-06-03 00:00:00,0.06533985275163162,-0.05305335452153172,0.18373306002479492,133.25,35.55
4535,1991-06-04 00:00:00,0.058965650149339466,-0.05937039687641073,0.17730169717508965,133.25,35.55
4536,1991-06-05 00:00:00,0.02266932156711373,-0.09555142346812824,0.14089006660235573,133.25,35.55
4537,1991-06-06 00:00:00,0.07277437459870456,-0.04536656203018279,0.19091531122759192,133.25,35.55
4538,1991-06-07 00:00:00,0.022589416595888975,-0.09549347495906936,0.14067230815084733,133.25,35.55
4539,1991-06-08 00:00:00,-0.01665632199313667,-0.1347590126086184,0.10144636862234503,133.25,35.55
4540,1991-06-09 00:00:00,0.04845825472880315,-0.06973610415419244,0.16665261361179873,133.25,35.55
4541,1991-06-10 00:00:00,0.12402594586054155,0.005195934560865284,0.24285595716021785,133.25,35.55
4542,1991-06-11 00:00:00,0.09223033379802567,-0.02627682076284941,0.2107374883589008,133.25,35.55
4543,1991-06-12 00:00:00,0.20543396162803246,0.08696706850469389,0.32390085475137104,133.25,35.55
4544,1991-06-13 00:00:00,0.14230168425853107,0.0238833902187756,0.2607199782982865,133.25,35.55
4545,1991-06-14 00:00:00,0.046277151542942,-0.07210237415215404,0.16465667723803806,133.25,35.55
4546,1991-06-15 00:00:00,0.02702547530238873,-0.09112425693970047,0.14517520754447796,133.25,35.55
4547,1991-06-16 00:00:00,0.03640127352181954,-0.08188762511632687,0.15469017215996594,133.25,35.55
4548,1991-06-17 00:00:00,0.06572209148361126,-0.05256441427913251,0.18400859724635504,133.25,35.55
4549,1991-06-18 00:00:00,0.04074967900347887,-0.07747493976329377,0.15897429777025152,133.25,35.55
4550,1991-06-19 00:00:00,0.03988084412400321,-0.07822438255645822,0.15798607080446464,133.25,35.55
4551,1991-06-20 00:00:00,0.05119001245323805,-0.06691527342453707,0.16929529833101314,133.25,35.55
4552,1991-06-21 00:00:00,0.06595875228251122,-0.05218682632550417,0.1841043308905266,133.25,35.55
4553,1991-06-22 00:00:00,0.07165180339489703,-0.046491214640592034,0.18979482143038606,133.25,35.55
4554,1991-06-23 00:00:00,0.052228762843246436,-0.0659149726339137,0.17037249832040655,133.25,35.55
4555,1991-06-24 00:00:00,0.05835735575645085,-0.05998287536426361,0.1766975868771653,133.25,35.55
4556,1991-06-25 00:00:00,0.009141905565555235,-0.1092430297207034,0.12752684085181387,133.25,35.55
4557,1991-06-26 00:00:00,0.03641848642599217,-0.08191528778153069,0.15475226063351505,133.25,35.55
4558,1991-06-27 00:00:00,0.08490847193562201,-0.03349053522811785,0.20330747909936184,133.25,35.55
4559,1991-06-28 00:00:00,0.11803163423912515,-0.00024278835312283031,0.2363060568313731,133.25,35.55
4560,1991-06-29 00:00:00,0.1221179188297059,0.0038279240486193545,0.24040791361079245,133.25,35.55
4561,1991-06-30 00:00:00,0.1066148891338371,-0.01167019416091658,0.2248999724285908,133.25,35.55
4562,1991-07-01 00:00:00,0.065815428830787,-0.052551756385376035,0.18418261404695,133.25,35.55
4563,1991-07-02 00:00:00,0.05961555884920525,-0.0593566504747019,0.1785877681731124,133.25,35.55
4564,1991-07-03 00:00:00,0.004396983284415828,-0.1138875044185256,0.12268147098735725,133.25,35.55
4565,1991-07-04 00:00:00,0.043236345492159295,-0.07506602680424708,0.16153871778856566,133.25,35.55
4566,1991-07-05 00:00:00,0.1651398109306323,0.0462590459127606,0.28402057594850394,133.25,35.55
4567,1991-07-06 00:00:00,0.004365515240211047,-0.11406414764950308,0.12279517812992514,133.25,35.55
4568,1991-07-07 00:00:00,0.0563165158652468,-0.061861381287787676,0.17449441301828128,133.25,35.55
4569,1991-07-08 00:00:00,0.1630318740242622,0.04292658074528274,0.2831371673032417,133.25,35.55
4570,1991-07-09 00:00:00,-0.020377117106851344,-0.13958462917155934,0.09883039495785666,133.25,35.55
4571,1991-07-10 00:00:00,0.1392385232194775,0.02083317511634708,0.2576438713226079,133.25,35.55
4572,1991-07-11 00:00:00,0.10677019154503344,-0.011716568148413958,0.22525695123848086,133.25,35.55
4573,1991-07-12 00:00:00,0.10091216287013187,-0.017452602560629443,0.2192769283008932,133.25,35.55
4574,1991-07-13 00:00:00,0.0819628158359113,-0.0364723285717372,0.20039796024355985,133.25,35.55
4575,1991-07-14 00:00:00,0.012833617910549652,-0.1053660132233959,0.1310332490444952,133.25,35.55
4576,1991-07-15 00:00:00,0.06789240764091997,-0.050275143383430636,0.1860599586652706,133.25,35.55
4577,1991-07-16 00:00:00,0.1386822288290588,0.02002963370728053,0.2573348239508371,133.25,35.55
4578,1991-07-17 00:00:00,0.12807840363711506,0.009468182930669077,0.24668862434356106,133.25,35.55
4579,1991-07-18 00:00:00,0.05074489886282645,-0.06744197154553459,0.16893176927118747,133.25,35.55
4580,1991-07-19 00:00:00,0.003405188926469937,-0.11475478708483287,0.12156516493777275,133.25,35.55
4581,1991-07-20 00:00:00,0.09113904751849572,-0.027071446007818425,0.2093495410448099,133.25,35.55
4582,1991-07-21 00:00:00,0.12336589939316138,0.005170090327669394,0.24156170845865335,133.25,35.55
4583,1991-07-22 00:00:00,0.11152795830794264,-0.006641491009309136,0.2296974076251944,133.25,35.55
4584,1991-07-23 00:00:00,0.14665460740834285,0.028350306062151092,0.2649589087545346,133.25,35.55
4585,1991-07-24 00:00:00,0.16251591611434826,0.044179971943344304,0.28085186028535225,133.25,35.55
4586,1991-07-25 00:00:00,0.132538401979382,0.014285848313806275,0.2507909556449577,133.25,35.55
4587,1991-07-26 00:00:00,0.21491901004111025,0.0958315733554536,0.3340064467267669,133.25,35.55
4588,1991-07-27 00:00:00,0.13654051189415375,0.01740282584566953,0.255678197942638,133.25,35.55
4589,1991-07-28 00:00:00,0.047956806359811095,-0.07028378404487975,0.16619739676450193,133.25,35.55
4590,1991-07-29 00:00:00,0.10585109903589757,-0.013901414348733251,0.2256036124205284,133.25,35.55
4591,1991-07-30 00:00:00,0.2238204194993271,0.10073440928836362,0.34690642971029056,133.25,35.55
4592,1991-07-31 00:00:00,0.10727807487185756,-0.012086893066044643,0.22664304280975975,133.25,35.55
4593,1991-08-01 00:00:00,0.06924272357916078,-0.04900976856801577,0.1874952157263373,133.25,35.55
4594,1991-08-02 00:00:00,0.12430348158905005,0.005986033504793209,0.2426209296733069,133.25,35.55
4595,1991-08-03 00:00:00,0.10723863259010792,-0.011077604052436673,0.2255548692326525,133.25,35.55
4596,1991-08-04 00:00:00,0.02150420008986318,-0.09676786895865372,0.13977626913838007,133.25,35.55
4597,1991-08-05 00:00:00,0.023800576800053517,-0.09439926347853644,0.14200041707864347,133.25,35.55
4598,1991-08-06 00:00:00,0.038998096906332234,-0.07921359808634182,0.15720979189900627,133.25,35.55
4599,1991-08-07 00:00:00,0.05550786110333127,-0.06271955864644106,0.17373528085310358,133.25,35.55
4600,1991-08-08 00:00:00,0.05533584793199453,-0.0628077843925068,0.17347948025649584,133.25,35.55
4601,1991-08-09 00:00:00,0.016761102983611238,-0.1013769504499654,0.13489915641718786,133.25,35.55
4602,1991-08-10 00:00:00,0.05526391784446981,-0.06292228043907351,0.17345011612801314,133.25,35.55
4603,1991-08-11 00:00:00,0.04645521041966578,-0.07169185571844525,0.16460227655777682,133.25,35.55
4604,1991-08-12 00:00:00,0.008884594683853105,-0.10923936271811076,0.12700855208581696,133.25,35.55
4605,1991-08-13 00:00:00,0.025943638469044544,-0.09216197699921597,0.14404925393730506,133.25,35.55
4606,1991-08-14 00:00:00,-0.007185473679683575,-0.1253093811367661,0.11093843377739894,133.25,35.55
4607,1991-08-15 00:00:00,0.008429263823449398,-0.10967635029312173,0.1265348779400205,133.25,35.55
4608,1991-08-16 00:00:00,0.00906764533429907,-0.10904512637249177,0.1271804170410899,133.25,35.55
4609,1991-08-17 00:00:00,0.013148035780200802,-0.1049974457676609,0.1312935173280625,133.25,35.55
4610,1991-08-18 00:00:00,0.006900452043512226,-0.11130185888798487,0.12510276297500933,133.25,35.55
4611,1991-08-19 00:00:00,0.014426824528551412,-0.10401379619531284,0.13286744525241567,133.25,35.55
4612,1991-08-20 00:00:00,0.014209051145262303,-0.10558089520216928,0.1339989974926939,133.25,35.55
4613,1991-08-21 00:00:00,0.03130947522855669,-0.0884011967497245,0.15102014720683787,133.25,35.55
4614,1991-08-22 00:00:00,0.007794011543977075,-0.11185077454370587,0.12743879763166002,133.25,35.55
4615,1991-08-23 00:00:00,-0.059647324480057065,-0.1802994295009186,0.06100478054080445,133.25,35.55
4616,1991-08-24 00:00:00,0.039239458911468975,-0.08034402648717967,0.15882294431011762,133.25,35.55
4617,1991-08-25 00:00:00,0.0337599105051715,-0.08462868629174683,0.1521485073020898,133.25,35.55
4618,1991-08-26 00:00:00,0.011513183570170707,-0.10676991009423699,0.12979627723457846,133.25,35.55
4619,1991-08-27 00:00:00,-0.07452709409424034,-0.19293879687412055,0.0438846086856399,133.25,35.55
4620,1991-08-28 00:00:00,-0.00048535110466459846,-0.11921438537719699,0.1182436831678678,133.25,35.55
4621,1991-08-29 00:00:00,0.08585958726233632,-0.03340019017593979,0.20511936470061248,133.25,35.55
4622,1991-08-30 00:00:00,0.07760792984392043,-0.04089760818777896,0.1961134678756198,133.25,35.55
4623,1991-08-31 00:00:00,0.07139571005605297,-0.0470789491617625,0.1898703692738684,133.25,35.55
4624,1991-09-01 00:00:00,0.0012555279310805954,-0.11697919194945428,0.11949024781161545,133.25,35.55
4625,1991-09-02 00:00:00,0.006493441034138183,-0.11159718795135376,0.12458407001963012,133.25,35.55
4626,1991-09-03 00:00:00,0.060553600604825376,-0.05756417054154547,0.17867137175119624,133.25,35.55
4627,1991-09-04 00:00:00,0.042463289750617216,-0.07564661470814077,0.1605731942093752,133.25,35.55
4628,1991-09-05 00:00:00,0.0876161377802254,-0.03058869206404304,0.2058209676244938,133.25,35.55
4629,1991-09-06 00:00:00,0.07841852730667948,-0.039797611028391744,0.1966346656417507,133.25,35.55
4630,1991-09-07 00:00:00,0.05485137246050889,-0.06326938644726604,0.17297213136828382,133.25,35.55
4631,1991-09-08 00:00:00,0.00572127995399785,-0.11251185341182927,0.123954413319825,133.25,35.55
4632,1991-09-09 00:00:00,0.014542192113883174,-0.10398417320165232,0.1330685574294187,133.25,35.55
4633,1991-09-10 00:00:00,-0.010087259755395392,-0.1285108874403032,0.10833636792951244,133.25,35.55
4634,1991-09-11 00:00:00,0.04433707194772957,-0.07381154074713893,0.16248568464259808,133.25,35.55
4635,1991-09-12 00:00:00,0.05271514754884938,-0.06549532532686947,0.1709256204245682,133.25,35.55
4636,1991-09-13 00:00:00,-0.0009736726588864886,-0.1191750003875951,0.1172276550698221,133.25,35.55
4637,1991-09-14 00:00:00,0.08837675513321971,-0.03154088131995442,0.20829439158639385,133.25,35.55
4638,1991-09-15 00:00:00,-0.06603173412080446,-0.18960448528695192,0.057541017045343014,133.25,35.55
4639,1991-09-16 00:00:00,-0.01619354705879321,-0.13437161339684572,0.1019845192792593,133.25,35.55
4640,1991-09-17 00:00:00,0.013327254288744041,-0.10482479497561176,0.13147930355309986,133.25,35.55
4641,1991-09-18 00:00:00,0.02346688256303175,-0.0947501393471031,0.1416839044731666,133.25,35.55
4642,1991-09-19 00:00:00,0.11172929764130964,-0.0069204131624008855,0.23037900844502016,133.25,35.55
4643,1991-09-20 00:00:00,0.09349003112623692,-0.02545813206858555,0.2124381943210594,133.25,35.55
4644,1991-09-21 00:00:00,0.018499263300117804,-0.10006379176411977,0.13706231836435534,133.25,35.55
4645,1991-09-22 00:00:00,0.011156932953581096,-0.1070856612336095,0.1293995271407717,133.25,35.55
4646,1991-09-23 00:00:00,-0.020193507770335774,-0.13834842767212646,0.09796141213145493,133.25,35.55
4647,1991-09-24 00:00:00,0.038343224627600224,-0.07977156873170249,0.15645801798690295,133.25,35.55
4648,1991-09-25 00:00:00,0.00022691805565622046,-0.11790172651500712,0.11835556262631955,133.25,35.55
4649,1991-09-26 00:00:00,-0.0361459792211929,-0.1543115363791624,0.08201957793677657,133.25,35.55
4650,1991-09-27 00:00:00,0.13642075438557155,0.017812531506491897,0.25502897726465124,133.25,35.55
4651,1991-09-28 00:00:00,0.3430049664931565,0.19568820042244872,0.4903217325638642,133.25,35.55
4652,1991-09-29 00:00:00,-0.09438023622032524,-0.21525204117981667,0.026491568739166197,133.25,35.55
4653,1991-09-30 00:00:00,0.000967293765768186,-0.11711769368669278,0.11905228121822915,133.25,35.55
4654,1991-10-01 00:00:00,0.05268411391363855,-0.06586554133232184,0.17123376915959893,133.25,35.55
4655,1991-10-02 00:00:00,0.01798701409139368,-0.1004641994937352,0.13643822767652258,133.25,35.55
4656,1991-10-03 00:00:00,0.059135533847283275,-0.05904195571303606,0.17731302340760266,133.25,35.55
4657,1991-10-04 00:00:00,0.06110444751916145,-0.05711541303534486,0.17932430807366775,133.25,35.55
4658,1991-10-05 00:00:00,0.02056223204696674,-0.09779520300977387,0.13891966710370734,133.25,35.55
4659,1991-10-06 00:00:00,-0.0061767011570236716,-0.124333892245954,0.11198048993190668,133.25,35.55
4660,1991-10-07 00:00:00,0.06001363906284252,-0.058224297774907424,0.17825157590059248,133.25,35.55
4661,1991-10-08 00:00:00,-0.03921834147121328,-0.1575710129441757,0.07913433000174913,133.25,35.55
4662,1991-10-09 00:00:00,-0.05948521345296931,-0.17776625141576774,0.05879582450982914,133.25,35.55
4663,1991-10-10 00:00:00,-0.014424567612495663,-0.13292024213992928,0.10407110691493797,133.25,35.55
4664,1991-10-11 00:00:00,-0.010852867839210786,-0.1303739359808151,0.10866820030239352,133.25,35.55
4665,1991-10-12 00:00:00,-0.014386197900527697,-0.13635887965339222,0.10758648385233684,133.25,35.55
4666,1991-10-13 00:00:00,-0.049376368653469976,-0.17030414057677962,0.07155140326983965,133.25,35.55
4667,1991-10-14 00:00:00,-0.02067372465757553,-0.13983699973957114,0.09848955042442012,133.25,35.55
4668,1991-10-15 00:00:00,-0.06889156979899826,-0.18804168753326428,0.05025854793526775,133.25,35.55
4669,1991-10-16 00:00:00,0.03997771154809154,-0.07826943629684112,0.15822485939302422,133.25,35.55
4670,1991-10-17 00:00:00,0.14629326632658096,0.027848366298682956,0.26473816635447894,133.25,35.55
4671,1991-10-18 00:00:00,0.08961971879104028,-0.029069348422248186,0.20830878600432876,133.25,35.55
4672,1991-10-19 00:00:00,0.07525425622987841,-0.04308831102754919,0.193596823487306,133.25,35.55
4673,1991-10-20 00:00:00,0.06660805255064584,-0.05166343566765942,0.18487954076895108,133.25,35.55
4674,1991-10-21 00:00:00,0.003574285229355763,-0.1146235181511993,0.12177208860991084,133.25,35.55
4675,1991-10-22 00:00:00,0.010342532356336418,-0.1078708150226518,0.12855587973532465,133.25,35.55
4676,1991-10-23 00:00:00,-0.017356676566474036,-0.1355208243325054,0.10080747119955732,133.25,35.55
4677,1991-10-24 00:00:00,-0.01111313981497322,-0.12931622777727,0.10708994814732356,133.25,35.55
4678,1991-10-25 00:00:00,0.06729223965390221,-0.051074963354701984,0.1856594426625064,133.25,35.55
4679,1991-10-26 00:00:00,-0.020036655516269163,-0.13834427298864882,0.0982709619561105,133.25,35.55
4680,1991-10-27 00:00:00,0.08242721254942822,-0.03599108774523788,0.20084551284409435,133.25,35.55
4681,1991-10-28 00:00:00,0.08408429377640758,-0.034329033667362764,0.20249762122017792,133.25,35.55
4682,1991-10-29 00:00:00,0.03053822776643042,-0.08766039358495184,0.14873684911781268,133.25,35.55
4683,1991-10-30 00:00:00,0.06308751972649251,-0.05505833365045476,0.1812333731034398,133.25,35.55
4684,1991-10-31 00:00:00,-0.07445422490901152,-0.192851486819943,0.043943037001919934,133.25,35.55
4685,1991-11-01 00:00:00,0.02982711371308858,-0.08841969483101324,0.1480739222571904,133.25,35.55
4686,1991-11-02 00:00:00,0.016167242618273944,-0.10198779004941026,0.13432227528595814,133.25,35.55
4687,1991-11-03 00:00:00,0.039859604463714005,-0.07832725499315074,0.15804646392057875,133.25,35.55
4688,1991-11-04 00:00:00,0.002619450128093755,-0.1159686629342416,0.12120756319042912,133.25,35.55
4689,1991-11-05 00:00:00,-0.01836328195542187,-0.1366967612312978,0.09997019732045406,133.25,35.55
4690,1991-11-06 00:00:00,-0.04901176997575028,-0.16727139160866974,0.06924785165716921,133.25,35.55
4691,1991-11-07 00:00:00,0.05805218902442565,-0.06017678345060375,0.17628116149945505,133.25,35.55
4692,1991-11-08 00:00:00,0.10719572927937387,-0.011346915204932405,0.22573837376368014,133.25,35.55
4693,1991-11-09 00:00:00,0.006690898194119693,-0.111937350636067,0.1253191470243064,133.25,35.55
4694,1991-11-10 00:00:00,0.03635708799191946,-0.08201129128290582,0.15472546726674474,133.25,35.55
4695,1991-11-11 00:00:00,0.1196521625020844,0.001226356243327134,0.2380779687608417,133.25,35.55
4696,1991-11-12 00:00:00,0.07990870190914734,-0.03839051436938441,0.19820791818767908,133.25,35.55
4697,1991-11-13 00:00:00,0.06756426781069935,-0.050661529352981724,0.18579006497438044,133.25,35.55
4698,1991-11-14 00:00:00,0.06666976710831997,-0.05164458829952151,0.18498412251616145,133.25,35.55
4699,1991-11-15 00:00:00,0.024308323796767686,-0.09396554912206363,0.14258219671559902,133.25,35.55
4700,1991-11-16 00:00:00,-0.02946166371695573,-0.14760065042894593,0.08867732299503449,133.25,35.55
4701,1991-11-17 00:00:00,0.06712592549495416,-0.051085822863515054,0.18533767385342334,133.25,35.55
4702,1991-11-18 00:00:00,0.06565617179949862,-0.05263643315048523,0.18394877674948248,133.25,35.55
4703,1991-11-19 00:00:00,0.09588947727233088,-0.02242844155198727,0.21420739609664904,133.25,35.55
4704,1991-11-20 00:00:00,0.10300993125596514,-0.01595961192496785,0.22197947443689814,133.25,35.55
4705,1991-11-21 00:00:00,-0.046298163010463605,-0.1647689498239509,0.0721726238030237,133.25,35.55
4706,1991-11-22 00:00:00,0.022707737465366692,-0.0954239431049889,0.1408394180357223,133.25,35.55
4707,1991-11-23 00:00:00,0.0867859902974266,-0.031359601269585605,0.20493158186443886,133.25,35.55
4708,1991-11-24 00:00:00,-0.030868040632277167,-0.14936666890627953,0.0876305876417252,133.25,35.55
4709,1991-11-25 00:00:00,-0.09434895103338996,-0.2131905169260488,0.02449261485926886,133.25,35.55
4710,1991-11-26 00:00:00,-0.0095505805896504,-0.12785818059234225,0.10875701941304143,133.25,35.55
4711,1991-11-27 00:00:00,0.05374989581888609,-0.06441299193938448,0.17191278357715667,133.25,35.55
4712,1991-11-28 00:00:00,0.10619254686622144,-0.0121122109843477,0.2244973047167906,133.25,35.55
4713,1991-11-29 00:00:00,0.0027296846069903217,-0.11604446337184955,0.1215038325858302,133.25,35.55
4714,1991-11-30 00:00:00,0.015074587396307043,-0.10307757487074032,0.1332267496633544,133.25,35.55
4715,1991-12-01 00:00:00,0.03686636205799644,-0.08144291683600302,0.1551756409519959,133.25,35.55
4716,1991-12-02 00:00:00,-0.049349139779995985,-0.16755409123259762,0.06885581167260563,133.25,35.55
4717,1991-12-03 00:00:00,0.08918610603638673,-0.029042221922292225,0.20741443399506568,133.25,35.55
4718,1991-12-04 00:00:00,0.02527955692264693,-0.09295662940613247,0.14351574325142635,133.25,35.55
4719,1991-12-05 00:00:00,0.003832583752735343,-0.11428776390571735,0.12195293141118806,133.25,35.55
4720,1991-12-06 00:00:00,0.013847806070500264,-0.10428302228128387,0.1319786344222844,133.25,35.55
4721,1991-12-07 00:00:00,0.041524947270150964,-0.07686186043363291,0.15991175497393484,133.25,35.55
4722,1991-12-08 00:00:00,0.05294785136651516,-0.0660627623385423,0.17195846507157264,133.25,35.55
4723,1991-12-09 00:00:00,0.06540768296497954,-0.05371951472725388,0.18453488065721296,133.25,35.55
4724,1991-12-10 00:00:00,0.000686262572962941,-0.1177727724748657,0.1191452976207916,133.25,35.55
4725,1991-12-11 00:00:00,0.23118436634171874,0.11203258617092482,0.35033614651251266,133.25,35.55
4726,1991-12-12 00:00:00,0.0873453142418338,-0.03306910447559763,0.20775973295926525,133.25,35.55
4727,1991-12-13 00:00:00,0.02463439350852277,-0.09432007546564762,0.14358886248269315,133.25,35.55
4728,1991-12-14 00:00:00,0.047689164995212,-0.07050376348333974,0.16588209347376376,133.25,35.55
4729,1991-12-15 00:00:00,-0.003045368656219627,-0.12120073091058005,0.1151099935981408,133.25,35.55
4730,1991-12-16 00:00:00,0.0004324623857622084,-0.11774185516361607,0.1186067799351405,133.25,35.55
4731,1991-12-17 00:00:00,0.06730909190644681,-0.050904921917039735,0.18552310572993336,133.25,35.55
4732,1991-12-18 00:00:00,0.012762316319921451,-0.10602647444855323,0.13155110708839615,133.25,35.55
4733,1991-12-19 00:00:00,0.10360197894208416,-0.014938933243081085,0.2221428911272494,133.25,35.55
4734,1991-12-20 00:00:00,-0.05467740954648312,-0.1731005303898841,0.06374571129691785,133.25,35.55
4735,1991-12-21 00:00:00,0.021603251433374118,-0.09669393698001758,0.1399004398467658,133.25,35.55
4736,1991-12-22 00:00:00,-0.0822397296206209,-0.20068817280173012,0.03620871356048835,133.25,35.55
4737,1991-12-23 00:00:00,0.07840348469396842,-0.03999626791903405,0.1968032373069709,133.25,35.55
4738,1991-12-24 00:00:00,0.038886444720145935,-0.07955523183092719,0.15732812127121906,133.25,35.55
4739,1991-12-25 00:00:00,-0.07921849368140074,-0.19782211689243498,0.039385129529633515,133.25,35.55
4740,1991-12-26 00:00:00,0.050424648417773284,-0.06879302144272982,0.1696423182782764,133.25,35.55
4741,1991-12-27 00:00:00,0.0018308730754749425,-0.1170646438005225,0.1207263899514724,133.25,35.55
4742,1991-12-28 00:00:00,0.34772307967684524,0.22506512964677666,0.4703810297069138,133.25,35.55
4743,1991-12-29 00:00:00,-0.07495135836347414,-0.19806953326119325,0.04816681653424496,133.25,35.55
4744,1991-12-30 00:00:00,0.036206416133240785,-0.08296205415166175,0.1553748864181433,133.25,35.55
4745,1991-12-31 00:00:00,0.02925146941902398,-0.08907351584916641,0.14757645468721434,133.25,35.55
4746,1992-01-01 00:00:00,0.07490171054173042,-0.04332228248672343,0.19312570357018427,133.25,35.55
4747,1992-01-02 00:00:00,0.009183134329445751,-0.1089998369541699,0.1273661056130614,133.25,35.55
4748,1992-01-03 00:00:00,0.021992601056806317,-0.09629005947096896,0.14027526158458162,133.25,35.55
4749,1992-01-04 00:00:00,0.006746723026820557,-0.11146757789513667,0.1249610239487778,133.25,35.55
4750,1992-01-05 00:00:00,0.04590174162369079,-0.07233478251512605,0.16413826576250762,133.25,35.55
4751,1992-01-06 00:00:00,-0.08733526657882945,-0.2059111377477863,0.0312406045901274,133.25,35.55
4752,1992-01-07 00:00:00,0.12374053285544186,0.004812081855015402,0.2426689838558683,133.25,35.55
4753,1992-01-08 00:00:00,0.01824330154476061,-0.10092899770573252,0.13741560079525375,133.25,35.55
4754,1992-01-09 00:00:00,0.024156133833170085,-0.09415872283743718,0.14247099050377734,133.25,35.55
4755,1992-01-10 00:00:00,-0.047491648575376376,-0.1662618686694913,0.07127857151873854,133.25,35.55
4756,1992-01-11 00:00:00,0.03787401899573503,-0.08060796665260919,0.15635600464407926,133.25,35.55
4757,1992-01-12 00:00:00,0.05523616632778282,-0.06291759050931696,0.1733899231648826,133.25,35.55
4758,1992-01-13 00:00:00,0.12638710323091026,0.00808109800566692,0.24469310845615355,133.25,35.55
4759,1992-01-14 00:00:00,-0.06955350961223941,-0.18969195519344192,0.0505849359689631,133.25,35.55
4760,1992-01-15 00:00:00,0.05103592268223499,-0.06861784993042523,0.1706896952948952,133.25,35.55
4761,1992-01-16 00:00:00,0.05757538997053927,-0.060697948307154234,0.17584872824823278,133.25,35.55
4762,1992-01-17 00:00:00,0.18726362140084254,0.0687734551162596,0.30575378768542555,133.25,35.55
4763,1992-01-18 00:00:00,0.08075686515195576,-0.038375154632848005,0.19988888493675955,133.25,35.55
4764,1992-01-19 00:00:00,0.026354182187384667,-0.0923007919279792,0.14500915630274852,133.25,35.55
4765,1992-01-20 00:00:00,-0.004278946245119486,-0.12261600725630037,0.1140581147660614,133.25,35.55
4766,1992-01-21 00:00:00,0.042186602997153794,-0.0759881514802988,0.1603613574746064,133.25,35.55
4767,1992-01-22 00:00:00,0.14397860204773594,0.025721812265475902,0.262235391829996,133.25,35.55
4768,1992-01-23 00:00:00,0.08584305195751947,-0.03276283493734049,0.20444893885237947,133.25,35.55
4769,1992-01-24 00:00:00,0.07943819325147891,-0.039303772927892784,0.1981801594308506,133.25,35.55
4770,1992-01-25 00:00:00,0.08125268958135333,-0.03707206564740924,0.19957744481011586,133.25,35.55
4771,1992-01-26 00:00:00,0.045999849768564464,-0.07229649690421007,0.16429619644133894,133.25,35.55
4772,1992-01-27 00:00:00,0.10504333395762053,-0.013232837608859764,0.2233195055241008,133.25,35.55
4773,1992-01-28 00:00:00,0.02786973178820472,-0.09044768852639877,0.14618715210280822,133.25,35.55
4774,1992-01-29 00:00:00,0.18166075407029655,0.06279707650446936,0.3005244316361238,133.25,35.55
4775,1992-01-30 00:00:00,-0.0471173834622631,-0.16599794698787318,0.07176318006334699,133.25,35.55
4776,1992-01-31 00:00:00,0.05220525470951819,-0.06634068661132185,0.1707511960303582,133.25,35.55
4777,1992-02-01 00:00:00,-0.02923917757372216,-0.15120408384778738,0.09272572870034307,133.25,35.55
4778,1992-02-02 00:00:00,-0.07874832032588136,-0.19926787664062814,0.041771235988865466,133.25,35.55
4779,1992-02-03 00:00:00,0.11096347963321937,-0.007470789941788472,0.22939774920822725,133.25,35.55
4780,1992-02-04 00:00:00,0.1057265154565099,-0.013393350855458187,0.22484638176847802,133.25,35.55
4781,1992-02-05 00:00:00,-0.04896209774030723,-0.16754147275014922,0.06961727726953476,133.25,35.55
4782,1992-02-06 00:00:00,0.033641594460558484,-0.08463131933862503,0.151914508259742,133.25,35.55
4783,1992-02-07 00:00:00,0.08414363952171708,-0.0342381210213252,0.20252540006475936,133.25,35.55
4784,1992-02-08 00:00:00,0.04746707032288007,-0.07079159969859107,0.16572574034435122,133.25,35.55
4785,1992-02-09 00:00:00,0.021956861697515116,-0.09628491760919568,0.1401986410042259,133.25,35.55
4786,1992-02-10 00:00:00,0.10402574957386283,-0.01417943824691728,0.22223093739464295,133.25,35.55
4787,1992-02-11 00:00:00,0.002470554563152517,-0.1158919463893393,0.12083305551564436,133.25,35.55
4788,1992-02-12 00:00:00,0.0774964123106929,-0.04079921452758546,0.19579203914897125,133.25,35.55
4789,1992-02-13 00:00:00,0.09909290157577837,-0.019316344802323467,0.2175021479538802,133.25,35.55
4790,1992-02-14 00:00:00,0.01766870577474213,-0.10066926643830897,0.1360066779877932,133.25,35.55
4791,1992-02-15 00:00:00,0.11856412462556967,0.00017030114903032745,0.23695794810210905,133.25,35.55
4792,1992-02-16 00:00:00,0.12841123517702302,0.00956418222418734,0.2472582881298587,133.25,35.55
4793,1992-02-17 00:00:00,0.0017647841801093774,-0.11673364768297625,0.120263216043195,133.25,35.55
4794,1992-02-18 00:00:00,0.0701275069779804,-0.04804104999370937,0.18829606394967016,133.25,35.55
4795,1992-02-19 00:00:00,0.041081424599328516,-0.07755554295825999,0.15971839215691702,133.25,35.55
4796,1992-02-20 00:00:00,0.048924751050039884,-0.0693410517654297,0.16719055386550946,133.25,35.55
4797,1992-02-21 00:00:00,0.029468868259620862,-0.08879570079413501,0.14773343731337674,133.25,35.55
4798,1992-02-22 00:00:00,0.044522993001107694,-0.07391106993220574,0.1629570559344211,133.25,35.55
4799,1992-02-23 00:00:00,0.08938682898323823,-0.028909133313514607,0.20768279127999106,133.25,35.55
4800,1992-02-24 00:00:00,0.15097583627516686,0.03158540914641311,0.2703662634039206,133.25,35.55
4801,1992-02-25 00:00:00,0.004705702956949935,-0.11461944167987005,0.12403084759376992,133.25,35.55
4802,1992-02-26 00:00:00,-0.02864463948539865,-0.14713482725104854,0.08984554828025122,133.25,35.55
4803,1992-02-27 00:00:00,0.1149296178906466,-0.003393842926710758,0.233253078708004,133.25,35.55
4804,1992-02-28 00:00:00,0.05091373323445425,-0.06736478012856363,0.16919224659747212,133.25,35.55
4805,1992-02-29 00:00:00,0.09165187922449057,-0.02667361432214353,0.20997737277112472,133.25,35.55
4806,1992-03-01 00:00:00,0.08013284947218613,-0.03856582768188306,0.1988315266262553,133.25,35.55
4807,1992-03-02 00:00:00,-0.10595810829435516,-0.22452208075793373,0.012605864169223394,133.25,35.55
4808,1992-03-03 00:00:00,-0.011800614229434236,-0.13029023688632424,0.10668900842745577,133.25,35.55
4809,1992-03-04 00:00:00,-0.04122333409054317,-0.15958007701999696,0.07713340883891058,133.25,35.55
4810,1992-03-05 00:00:00,-0.0066283982833194935,-0.12496478343830347,0.11170798687166447,133.25,35.55
4811,1992-03-06 00:00:00,-0.010193993662333131,-0.12991752615071867,0.10952953882605243,133.25,35.55
4812,1992-03-07 00:00:00,0.04108096368690842,-0.07771334989167956,0.15987527726549638,133.25,35.55
4813,1992-03-08 00:00:00,-0.01961702785482939,-0.1379235883272843,0.09868953261762553,133.25,35.55
4814,1992-03-09 00:00:00,0.024383961351863336,-0.09379794525497848,0.14256586795870516,133.25,35.55
4815,1992-03-10 00:00:00,0.03354786529737154,-0.08468337758320793,0.15177910817795098,133.25,35.55
4816,1992-03-11 00:00:00,-0.0374241583393819,-0.15557747333885247,0.08072915666008866,133.25,35.55
4817,1992-03-12 00:00:00,0.0022126290510792357,-0.11590766447450687,0.12033292257666535,133.25,35.55
4818,1992-03-13 00:00:00,0.043447116391008817,-0.0748343881664478,0.16172862094846546,133.25,35.55
4819,1992-03-14 00:00:00,0.033454009164243334,-0.0847711761894947,0.15167919451798134,133.25,35.55
4820,1992-03-15 00:00:00,0.08059487133332965,-0.037676389395827625,0.19886613206248693,133.25,35.55
4821,1992-03-16 00:00:00,-0.05945015259541474,-0.1783037897299383,0.05940348453910881,133.25,35.55
4822,1992-03-17 00:00:00,-0.045661848202139456,-0.16413052749289586,0.07280683108861691,133.25,35.55
4823,1992-03-18 00:00:00,0.039605657857415405,-0.07887700198573648,0.1580883177005673,133.25,35.55
4824,1992-03-19 00:00:00,-0.019026490761526918,-0.13754882554908282,0.099495844026029,133.25,35.55
4825,1992-03-20 00:00:00,-0.03139215115653547,-0.14972162073675538,0.08693731842368442,133.25,35.55
4826,1992-03-21 00:00:00,0.045376080625998974,-0.07394682338037098,0.16469898463236893,133.25,35.55
4827,1992-03-22 00:00:00,-0.01506466283039559,-0.13461868923446976,0.10448936357367856,133.25,35.55
4828,1992-03-23 00:00:00,-0.007021192756476628,-0.12551476407589054,0.11147237856293728,133.25,35.55
4829,1992-03-24 00:00:00,0.05367665006883275,-0.06502339760941286,0.17237669774707834,133.25,35.55
4830,1992-03-25 00:00:00,0.058127376220750086,-0.06003838407524825,0.17629313651674844,133.25,35.55
4831,1992-03-26 00:00:00,0.008173202378013156,-0.1100333085598963,0.12637971331592265,133.25,35.55
4832,1992-03-27 00:00:00,-0.041765327979730864,-0.1599761301416433,0.07644547418218159,133.25,35.55
4833,1992-03-28 00:00:00,-0.04267240466001844,-0.16106315108276242,0.07571834176272554,133.25,35.55
4834,1992-03-29 00:00:00,0.05430014207611835,-0.0649168339691856,0.1735171181214223,133.25,35.55
4835,1992-03-30 00:00:00,0.06464359765374844,-0.0546852319139353,0.1839724272214322,133.25,35.55
4836,1992-03-31 00:00:00,-0.002415341936429803,-0.12064908398659407,0.11581840011373445,133.25,35.55
4837,1992-04-01 00:00:00,0.051443813829374435,-0.06682925431995243,0.16971688197870127,133.25,35.55
4838,1992-04-02 00:00:00,0.06884226033831489,-0.04953690525503407,0.18722142593166385,133.25,35.55
4839,1992-04-03 00:00:00,-0.036732093288588806,-0.15487535689705262,0.08141117031987499,133.25,35.55
4840,1992-04-04 00:00:00,0.014651724481940753,-0.10358690556393507,0.13289035452781658,133.25,35.55
4841,1992-04-05 00:00:00,0.035404687541181985,-0.08340387113910577,0.15421324622146976,133.25,35.55
4842,1992-04-06 00:00:00,-0.02056758976978776,-0.13897370500333991,0.0978385254637644,133.25,35.55
4843,1992-04-07 00:00:00,-0.07896928142746162,-0.1972629022996896,0.039324339444766314,133.25,35.55
4844,1992-04-08 00:00:00,0.014926038795722138,-0.10340956507853448,0.13326164266997875,133.25,35.55
4845,1992-04-09 00:00:00,0.09281406878961104,-0.025501737491484683,0.21112987507070674,133.25,35.55
4846,1992-04-10 00:00:00,-0.004587322053210184,-0.1242999733730949,0.11512532926667453,133.25,35.55
4847,1992-04-11 00:00:00,0.20278251431460295,0.08174664002132437,0.3238183886078816,133.25,35.55
4848,1992-04-12 00:00:00,0.157842418176633,0.038256560217796186,0.27742827613546983,133.25,35.55
4849,1992-04-13 00:00:00,0.11813607310197652,-0.002787597968860703,0.23905974417281375,133.25,35.55
4850,1992-04-14 00:00:00,-0.013028671524623184,-0.13167519660440447,0.10561785355515807,133.25,35.55
4851,1992-04-15 00:00:00,0.102464627098488,-0.016030121584077198,0.22095937578105326,133.25,35.55
4852,1992-04-16 00:00:00,0.20472327097373935,0.08444568125625855,0.3250008606912202,133.25,35.55
4853,1992-04-17 00:00:00,0.04255391846948469,-0.07658332566228092,0.16169116260125033,133.25,35.55
4854,1992-04-18 00:00:00,0.20398622660522775,0.08544666538378909,0.3225257878266665,133.25,35.55
4855,1992-04-19 00:00:00,0.14522866687036212,0.026271490445738926,0.2641858432949853,133.25,35.55
4856,1992-04-20 00:00:00,0.004738445028003024,-0.11395785354759587,0.12343474360360193,133.25,35.55
4857,1992-04-21 00:00:00,0.06712030886422722,-0.05114875856523688,0.18538937629369132,133.25,35.55
4858,1992-04-22 00:00:00,0.2813157747328003,0.1610350159016014,0.4015965335639992,133.25,35.55
4859,1992-04-23 00:00:00,0.05665702147640798,-0.06406836893659056,0.1773824118894065,133.25,35.55
4860,1992-04-24 00:00:00,0.10362248850942196,-0.01464713122971946,0.22189210824856334,133.25,35.55
4861,1992-04-25 00:00:00,0.05309137856320112,-0.06561854248046232,0.17180129960686458,133.25,35.55
4862,1992-04-26 00:00:00,0.03833645722980161,-0.07990553481148048,0.1565784492710837,133.25,35.55
4863,1992-04-27 00:00:00,0.12466330605789208,0.0064759125950108465,0.2428506995207733,133.25,35.55
4864,1992-04-28 00:00:00,0.08266703169040962,-0.03549314853916576,0.20082721191998495,133.25,35.55
4865,1992-04-29 00:00:00,0.011781847204755787,-0.10649664676919507,0.13006034117870666,133.25,35.55
4866,1992-04-30 00:00:00,0.048903678841802994,-0.07126347481197963,0.1690708324955856,133.25,35.55
4867,1992-05-01 00:00:00,0.025780893905015503,-0.09493770344711827,0.14649949125714928,133.25,35.55
4868,1992-05-02 00:00:00,0.06279055154380793,-0.055596135688017516,0.18117723877563333,133.25,35.55
4869,1992-05-03 00:00:00,0.11386488504439075,-0.0045239259226812776,0.2322536960114628,133.25,35.55
4870,1992-05-04 00:00:00,0.0791520289032252,-0.03923274469388595,0.19753680250033634,133.25,35.55
4871,1992-05-05 00:00:00,-0.07212363046237387,-0.19047330343547336,0.04622604251072564,133.25,35.55
4872,1992-05-06 00:00:00,-0.05865585053927934,-0.17695026624512875,0.059638565166570075,133.25,35.55
4873,1992-05-07 00:00:00,0.2439183002194572,0.12535659362685556,0.3624800068120588,133.25,35.55
4874,1992-05-08 00:00:00,0.21477430427261174,0.0950021233492988,0.3345464851959247,133.25,35.55
4875,1992-05-09 00:00:00,0.09954037553527204,-0.02006531401485627,0.21914606508540035,133.25,35.55
4876,1992-05-10 00:00:00,-0.1280286745343901,-0.2472639550409869,-0.008793394027793278,133.25,35.55
4877,1992-05-11 00:00:00,-0.11923296510071035,-0.2379284077620293,-0.000537522439391383,133.25,35.55
4878,1992-05-12 00:00:00,0.011248853817293037,-0.10717809076813724,0.12967579840272336,133.25,35.55
4879,1992-05-13 00:00:00,0.0493372087695353,-0.06908300682296029,0.16775742436203087,133.25,35.55
4880,1992-05-14 00:00:00,0.1072918265174968,-0.011372578922500931,0.2259562319574945,133.25,35.55
4881,1992-05-15 00:00:00,-0.0644270981991992,-0.18286445568491472,0.054010259286516316,133.25,35.55
4882,1992-05-16 00:00:00,0.09703324403953073,-0.021272053641738314,0.21533854172079972,133.25,35.55
4883,1992-05-17 00:00:00,0.05319918629307803,-0.06500030319353615,0.1713986757796922,133.25,35.55
4884,1992-05-18 00:00:00,0.04569717361427077,-0.07254917974420476,0.16394352697274628,133.25,35.55
4885,1992-05-19 00:00:00,0.006308148864975952,-0.11194107249025154,0.12455737022020345,133.25,35.55
4886,1992-05-20 00:00:00,0.06799557718632747,-0.05017904028982925,0.18617019466248425,133.25,35.55
4887,1992-05-21 00:00:00,0.09399091981704033,-0.02421004100509859,0.21219188063917926,133.25,35.55
4888,1992-05-22 00:00:00,0.08665487065196265,-0.031591051764548836,0.2049007930684741,133.25,35.55
4889,1992-05-23 00:00:00,0.024748888207241776,-0.09349193675696924,0.1429897131714528,133.25,35.55
4890,1992-05-24 00:00:00,0.09838849247646707,-0.020089808619606145,0.2168667935725403,133.25,35.55
4891,1992-05-25 00:00:00,0.0523570110821898,-0.06639280752876475,0.17110682969314436,133.25,35.55
4892,1992-05-26 00:00:00,0.09452852986235193,-0.023866411722905004,0.2129234714476088,133.25,35.55
4893,1992-05-27 00:00:00,0.04363899000189708,-0.07461467385790815,0.16189265386170232,133.25,35.55
4894,1992-05-28 00:00:00,0.04162672070829534,-0.07655437811133853,0.1598078195279292,133.25,35.55
4895,1992-05-29 00:00:00,0.07716958321040546,-0.041051514462108696,0.1953906808829196,133.25,35.55
4896,1992-05-30 00:00:00,0.08972882344299754,-0.02855293045543801,0.20801057734143308,133.25,35.55
4897,1992-05-31 00:00:00,-0.014071397174946529,-0.1322647605702495,0.10412196622035644,133.25,35.55
4898,1992-06-01 00:00:00,0.00847657023794513,-0.10961222187779483,0.1265653623536851,133.25,35.55
4899,1992-06-02 00:00:00,0.038740664088667616,-0.07935411800964587,0.1568354461869811,133.25,35.55
4900,1992-06-03 00:00:00,0.08434920974267154,-0.03377262690880417,0.20247104639414729,133.25,35.55
4901,1992-06-04 00:00:00,0.09216785088102912,-0.025967185031301673,0.2103028867933599,133.25,35.55
4902,1992-06-05 00:00:00,0.0924197697970319,-0.025724906653735117,0.2105644462477989,133.25,35.55
4903,1992-06-06 00:00:00,0.05988745556108568,-0.05824314000971925,0.17801805113189062,133.25,35.55
4904,1992-06-07 00:00:00,0.1708716486961709,0.0524769623467428,0.289266335045599,133.25,35.55
4905,1992-06-08 00:00:00,0.1026076699113835,-0.01660805315111777,0.2218233929738848,133.25,35.55
4906,1992-06-09 00:00:00,0.04068835283344525,-0.07775684980445148,0.15913355547134198,133.25,35.55
4907,1992-06-10 00:00:00,0.10692949184442993,-0.01149916308832627,0.2253581467771861,133.25,35.55
4908,1992-06-11 00:00:00,0.11602559926679755,-0.002569499175835293,0.2346206977094304,133.25,35.55
4909,1992-06-12 00:00:00,0.09848440056270376,-0.02016013702731316,0.21712893815272072,133.25,35.55
4910,1992-06-13 00:00:00,0.04901396345331986,-0.06925560779711347,0.16728353470375318,133.25,35.55
4911,1992-06-14 00:00:00,0.07874226336560088,-0.03939193854065483,0.1968764652718566,133.25,35.55
4912,1992-06-15 00:00:00,0.021109734611598083,-0.09703830576149187,0.13925777498468805,133.25,35.55
4913,1992-06-16 00:00:00,0.0091101898040811,-0.10902548343124273,0.12724586303940494,133.25,35.55
4914,1992-06-17 00:00:00,0.01850504044988713,-0.09961281947462902,0.13662290037440328,133.25,35.55
4915,1992-06-18 00:00:00,0.021351723124496375,-0.09692208922166462,0.13962553547065734,133.25,35.55
4916,1992-06-19 00:00:00,0.01445399442069079,-0.10379955204604847,0.13270754088743006,133.25,35.55
4917,1992-06-20 00:00:00,0.007081844696756315,-0.1111115102677152,0.12527519966122785,133.25,35.55
4918,1992-06-21 00:00:00,0.044043523639400235,-0.07415576617867367,0.16224281345747416,133.25,35.55
4919,1992-06-22 00:00:00,0.03290212076010197,-0.08532786241211132,0.15113210393231527,133.25,35.55
4920,1992-06-23 00:00:00,0.014665328021903616,-0.10377836651168418,0.13310902255549142,133.25,35.55
4921,1992-06-24 00:00:00,0.03178693715991043,-0.08757185194990592,0.15114572626972678,133.25,35.55
4922,1992-06-25 00:00:00,-0.010828550209160348,-0.1292769049880466,0.10761980456972592,133.25,35.55
4923,1992-06-26 00:00:00,0.027811874814724948,-0.09028608865617213,0.14590983828562198,133.25,35.55
4924,1992-06-27 00:00:00,0.011699442031198659,-0.10640307119145076,0.12980195525384808,133.25,35.55
4925,1992-06-28 00:00:00,0.02247500491742144,-0.09575151877341903,0.1407015286082619,133.25,35.55
4926,1992-06-29 00:00:00,0.04569336705273893,-0.07249274263142971,0.1638794767369076,133.25,35.55
4927,1992-06-30 00:00:00,0.03649033040671864,-0.08181408579582419,0.15479474660926146,133.25,35.55
4928,1992-07-01 00:00:00,0.12174222106437102,0.0029265092516333885,0.24055793287710864,133.25,35.55
4929,1992-07-02 00:00:00,0.050555373813353836,-0.06789228124636364,0.16900302887307134,133.25,35.55
4930,1992-07-03 00:00:00,0.10555649195461013,-0.012631355772100129,0.22374433968132035,133.25,35.55
4931,1992-07-04 00:00:00,0.056773923305528724,-0.06136412387402665,0.17491197048508408,133.25,35.55
4932,1992-07-05 00:00:00,0.05733143813664245,-0.060799615529886025,0.17546249180317092,133.25,35.55
4933,1992-07-06 00:00:00,0.023104563509779026,-0.09509257324929174,0.14130170026884978,133.25,35.55
4934,1992-07-07 00:00:00,0.04610913634606578,-0.07209170904935212,0.1643099817414837,133.25,35.55
4935,1992-07-08 00:00:00,0.08553808858353601,-0.032638852238113886,0.2037150294051859,133.25,35.55
4936,1992-07-09 00:00:00,0.05930464805775695,-0.058872618659074324,0.17748191477458825,133.25,35.55
4937,1992-07-10 00:00:00,0.03260295449506865,-0.0855687238911999,0.15077463288133722,133.25,35.55
4938,1992-07-11 00:00:00,0.04925055893511135,-0.06898448891564195,0.16748560678586466,133.25,35.55
4939,1992-07-12 00:00:00,0.04085187809222453,-0.07749165716791565,0.1591954133523647,133.25,35.55
4940,1992-07-13 00:00:00,0.042079186188169374,-0.07611477765248098,0.1602731500288197,133.25,35.55
4941,1992-07-14 00:00:00,0.06540122709575254,-0.05274988636324112,0.18355234055474615,133.25,35.55
4942,1992-07-15 00:00:00,0.03166892510746172,-0.08645716709690057,0.149795017311824,133.25,35.55
4943,1992-07-16 00:00:00,0.042162890488260114,-0.0759802976018244,0.1603060785783446,133.25,35.55
4944,1992-07-17 00:00:00,0.12783951941694333,0.009419813851423195,0.24625922498246344,133.25,35.55
4945,1992-07-18 00:00:00,0.20098257775315945,0.08175383174641944,0.3202113237598994,133.25,35.55
4946,1992-07-19 00:00:00,0.022638459057267288,-0.09607509601221724,0.1413520141267518,133.25,35.55
4947,1992-07-20 00:00:00,0.03956571222185812,-0.07856652141822125,0.15769794586193747,133.25,35.55
4948,1992-07-21 00:00:00,0.09552770091415896,-0.02260354278339112,0.21365894461170906,133.25,35.55
4949,1992-07-22 00:00:00,0.11540707568687986,-0.002732005645148819,0.2335461570189085,133.25,35.55
4950,1992-07-23 00:00:00,0.09237239853297023,-0.02578589910736559,0.21053069617330608,133.25,35.55
4951,1992-07-24 00:00:00,0.0548953026385716,-0.06323231463326777,0.17302291991041102,133.25,35.55
4952,1992-07-25 00:00:00,0.06805883110000703,-0.05008599604566645,0.18620365824568053,133.25,35.55
4953,1992-07-26 00:00:00,0.1044786578648633,-0.013680261866198877,0.22263757759592545,133.25,35.55
4954,1992-07-27 00:00:00,0.0933430965271584,-0.024820869565874062,0.21150706262019084,133.25,35.55
4955,1992-07-28 00:00:00,0.08708913174725873,-0.03105085271036255,0.20522911620488,133.25,35.55
4956,1992-07-29 00:00:00,0.0824049859804062,-0.035709622666354704,0.20051959462716712,133.25,35.55
4957,1992-07-30 00:00:00,0.14678709856226288,0.0286185917313688,0.264955605393157,133.25,35.55
4958,1992-07-31 00:00:00,0.11491663922513093,-0.00333476681850782,0.2331680452687697,133.25,35.55
4959,1992-08-01 00:00:00,0.01404213439491753,-0.1042270372957644,0.13231130608559946,133.25,35.55
4960,1992-08-02 00:00:00,-0.015946875314418883,-0.13411816528147388,0.10222441465263613,133.25,35.55
4961,1992-08-03 00:00:00,-0.0298217827060976,-0.1480441436172656,0.08840057820507037,133.25,35.55
4962,1992-08-04 00:00:00,0.034155806868627334,-0.0877313000486696,0.15604291378592428,133.25,35.55
4963,1992-08-05 00:00:00,0.09812898800972288,-0.025404533827304204,0.22166250984675,133.25,35.55
4964,1992-08-06 00:00:00,0.0959357311591914,-0.022706918990875416,0.2145783813092582,133.25,35.55
4965,1992-08-07 00:00:00,0.09405944039989113,-0.024068925850859933,0.21218780665064216,133.25,35.55
4966,1992-08-08 00:00:00,0.1028750540006435,-0.0167219994172237,0.2224721074185107,133.25,35.55
4967,1992-08-09 00:00:00,0.20765554603189115,0.08316548574522294,0.3321456063185594,133.25,35.55
4968,1992-08-10 00:00:00,-0.0038281552599781924,-0.122890240636713,0.11523393011675664,133.25,35.55
4969,1992-08-11 00:00:00,0.04116318027330466,-0.07695989921973069,0.15928625976634006,133.25,35.55
4970,1992-08-12 00:00:00,0.0836364671590274,-0.03452603108910991,0.2017989654071647,133.25,35.55
4971,1992-08-13 00:00:00,0.18072125947810508,0.0622114581148849,0.2992310608413252,133.25,35.55
4972,1992-08-14 00:00:00,0.020701996886266498,-0.09794164175800538,0.1393456355305384,133.25,35.55
4973,1992-08-15 00:00:00,0.03722022970095803,-0.08131121609443656,0.15575167549635266,133.25,35.55
4974,1992-08-16 00:00:00,-0.0015820075969576082,-0.12002117367416078,0.11685715848024555,133.25,35.55
4975,1992-08-17 00:00:00,-0.01903866749365009,-0.13804188000127987,0.0999645450139797,133.25,35.55
4976,1992-08-18 00:00:00,0.041355260683271375,-0.07968875780041637,0.16239927916695912,133.25,35.55
4977,1992-08-19 00:00:00,0.1368672772347181,0.013036399673355098,0.26069815479608105,133.25,35.55
4978,1992-08-20 00:00:00,0.06861288530342989,-0.0520705094520201,0.18929628005887988,133.25,35.55
4979,1992-08-21 00:00:00,-0.005382757747990846,-0.12382400590078273,0.11305849040480105,133.25,35.55
4980,1992-08-22 00:00:00,0.015469698555748056,-0.1027362791317669,0.133675676243263,133.25,35.55
4981,1992-08-23 00:00:00,0.0261356926301659,-0.09197321588800564,0.14424460114833745,133.25,35.55
4982,1992-08-24 00:00:00,0.023273499921880752,-0.09483298949705576,0.14137998934081727,133.25,35.55
4983,1992-08-25 00:00:00,0.08464276132934745,-0.03381436973158376,0.20309989239027865,133.25,35.55
4984,1992-08-26 00:00:00,0.017219278024627683,-0.10135468724650724,0.1357932432957626,133.25,35.55
4985,1992-08-27 00:00:00,0.015278738502996997,-0.10289998732875287,0.13345746433474687,133.25,35.55
4986,1992-08-28 00:00:00,0.012632366616618691,-0.10555598853869756,0.13082072177193493,133.25,35.55
4987,1992-08-29 00:00:00,-0.024392585246941555,-0.14258567916239304,0.09380050866850992,133.25,35.55
4988,1992-08-30 00:00:00,-0.014360107816144257,-0.13259020646219338,0.10386999082990488,133.25,35.55
4989,1992-08-31 00:00:00,0.00017881014186400465,-0.11812709897980135,0.11848471926352935,133.25,35.55
4990,1992-09-01 00:00:00,0.015048925903432868,-0.10326516939666387,0.13336302120352966,133.25,35.55
4991,1992-09-02 00:00:00,0.21396409356797885,0.09531558447060234,0.33261260266535536,133.25,35.55
4992,1992-09-03 00:00:00,0.16025487982779546,0.041525002817920695,0.27898475683767016,133.25,35.55
4993,1992-09-04 00:00:00,0.09330376852615116,-0.024933757029250117,0.21154129408155248,133.25,35.55
4994,1992-09-05 00:00:00,0.009467849892818328,-0.1086966151621908,0.12763231494782745,133.25,35.55
4995,1992-09-06 00:00:00,-0.012759587510981284,-0.13093852209487572,0.10541934707291316,133.25,35.55
4996,1992-09-07 00:00:00,0.032360487517427684,-0.08579692789002963,0.150517902924885,133.25,35.55
4997,1992-09-08 00:00:00,0.07625571683016008,-0.041937474834403535,0.19444890849472368,133.25,35.55
4998,1992-09-09 00:00:00,0.06006778643758754,-0.058178665739559765,0.17831423861473486,133.25,35.55
4999,1992-09-10 00:00:00,0.022572647468996426,-0.09615208416822303,0.14129737910621587,133.25,35.55
5000,1992-09-11 00:00:00,0.09708230372438033,-0.021803263527177583,0.21596787097593825,133.25,35.55
5001,1992-09-12 00:00:00,0.02494961816797154,-0.09353604799215837,0.14343528432810146,133.25,35.55
5002,1992-09-13 00:00:00,0.0264567716351538,-0.0916880630514428,0.14460160632175045,133.25,35.55
5003,1992-09-14 00:00:00,0.06649505946228684,-0.05186491160614681,0.1848550305307205,133.25,35.55
5004,1992-09-15 00:00:00,0.0589904268324589,-0.05936389713778468,0.17734475080270248,133.25,35.55
5005,1992-09-16 00:00:00,0.049753218704249605,-0.06845693779161556,0.16796337520011478,133.25,35.55
5006,1992-09-17 00:00:00,0.01901392450403936,-0.0991436666039491,0.1371715156120278,133.25,35.55
5007,1992-09-18 00:00:00,-0.0012416020683797965,-0.1193948115554255,0.11691160741866592,133.25,35.55
5008,1992-09-19 00:00:00,0.04144662581314013,-0.07674357671971366,0.15963682834599394,133.25,35.55
5009,1992-09-20 00:00:00,-0.07864138854897045,-0.19695919012810414,0.03967641303016328,133.25,35.55
5010,1992-09-21 00:00:00,-0.00644955835340532,-0.124664671515008,0.11176555480819736,133.25,35.55
5011,1992-09-22 00:00:00,-0.045978872278691484,-0.16416903233191105,0.07221128777452811,133.25,35.55
5012,1992-09-23 00:00:00,0.0305774725382448,-0.08818810311598041,0.14934304819247002,133.25,35.55
5013,1992-09-24 00:00:00,0.10877086144303122,-0.009801764380043848,0.2273434872661063,133.25,35.55
5014,1992-09-25 00:00:00,0.20469771765201975,0.07934068485412063,0.3300547504499189,133.25,35.55
5015,1992-09-26 00:00:00,0.08426942136723742,-0.041471476236180436,0.21001031897065528,133.25,35.55
5016,1992-09-27 00:00:00,-0.04903032772560169,-0.1677495987039906,0.06968894325278721,133.25,35.55
5017,1992-09-28 00:00:00,-0.09928477139052183,-0.21774416459120385,0.01917462181016015,133.25,35.55
5018,1992-09-29 00:00:00,0.18209284923454674,0.0630238269295338,0.3011618715395597,133.25,35.55
5019,1992-09-30 00:00:00,0.011741010082582841,-0.10910542503871694,0.1325874452038826,133.25,35.55
5020,1992-10-01 00:00:00,-0.04785873316401855,-0.16611920940275346,0.07040174307471632,133.25,35.55
5021,1992-10-02 00:00:00,0.005188860902893215,-0.11295221122985985,0.1233299330356463,133.25,35.55
5022,1992-10-03 00:00:00,0.03589719372989427,-0.08218117027499261,0.15397555773478114,133.25,35.55
5023,1992-10-04 00:00:00,0.0857537203228461,-0.032560684592113136,0.20406812523780532,133.25,35.55
5024,1992-10-05 00:00:00,-0.027853852893516856,-0.14629666904754093,0.09058896326050722,133.25,35.55
5025,1992-10-06 00:00:00,-0.05334023482090375,-0.1717290855134638,0.0650486158716563,133.25,35.55
5026,1992-10-07 00:00:00,-0.04561239004189711,-0.1639151245849148,0.07269034450112058,133.25,35.55
5027,1992-10-08 00:00:00,0.02803877243608184,-0.09028216789922787,0.14635971277139154,133.25,35.55
5028,1992-10-09 00:00:00,0.035224854214321366,-0.08361139957262229,0.15406110800126502,133.25,35.55
5029,1992-10-10 00:00:00,0.007797047798852916,-0.11087692283561172,0.12647101843331754,133.25,35.55
5030,1992-10-11 00:00:00,0.025764723398886972,-0.0924818317349526,0.14401127853272655,133.25,35.55
5031,1992-10-12 00:00:00,0.0149758133308978,-0.10312914654050674,0.13308077320230233,133.25,35.55
5032,1992-10-13 00:00:00,-0.016183244904431612,-0.13445531695220736,0.10208882714334414,133.25,35.55
5033,1992-10-14 00:00:00,-0.03388118788577176,-0.1521778353335268,0.08441545956198329,133.25,35.55
5034,1992-10-15 00:00:00,0.024760702126475825,-0.09354813897586464,0.14306954322881624,133.25,35.55
5035,1992-10-16 00:00:00,0.04919341469091662,-0.06909824313790039,0.16748507251973366,133.25,35.55
5036,1992-10-17 00:00:00,-0.012634767562525302,-0.13073746230234484,0.10546792717729422,133.25,35.55
5037,1992-10-18 00:00:00,-0.00517815445420507,-0.12330311491078184,0.11294680600237172,133.25,35.55
5038,1992-10-19 00:00:00,0.0020746041994080255,-0.11612139032008616,0.1202705987189022,133.25,35.55
5039,1992-10-20 00:00:00,-0.0034066706523761744,-0.12175377898263,0.11494043767787768,133.25,35.55
5040,1992-10-21 00:00:00,0.010190457036018992,-0.10885077000659267,0.12923168407863067,133.25,35.55
5041,1992-10-22 00:00:00,0.01732942801623301,-0.10120016332248452,0.13585901935495054,133.25,35.55
5042,1992-10-23 00:00:00,0.03139134612747434,-0.08679881392076709,0.14958150617571575,133.25,35.55
5043,1992-10-24 00:00:00,0.08741752547401585,-0.031057116931394364,0.20589216787942605,133.25,35.55
5044,1992-10-25 00:00:00,0.16625413982675366,0.047465984468266116,0.2850422951852412,133.25,35.55
5045,1992-10-26 00:00:00,0.0024991657433663943,-0.11607474873750817,0.12107308022424094,133.25,35.55
5046,1992-10-27 00:00:00,-0.01873448677184469,-0.13693777344114896,0.09946879989745956,133.25,35.55
5047,1992-10-28 00:00:00,-0.001953806958401222,-0.1201041646597762,0.11619655074297375,133.25,35.55
5048,1992-10-29 00:00:00,0.0836466049752312,-0.03452733088975085,0.20182054084021325,133.25,35.55
5049,1992-10-30 00:00:00,0.20620541698780956,0.0876481788887273,0.3247626550868918,133.25,35.55
5050,1992-10-31 00:00:00,0.1492143476373913,0.030267746067688107,0.2681609492070945,133.25,35.55
5051,1992-11-01 00:00:00,0.025720643022735384,-0.09272865351355447,0.14416993955902524,133.25,35.55
5052,1992-11-02 00:00:00,-0.01169117625503295,-0.13030025660893368,0.10691790409886777,133.25,35.55
5053,1992-11-03 00:00:00,0.08742618400538801,-0.03090433239225988,0.2057567004030359,133.25,35.55
5054,1992-11-04 00:00:00,0.10303529541797908,-0.015456838963300091,0.22152742979925827,133.25,35.55
5055,1992-11-05 00:00:00,-0.017060407870182946,-0.1353313574456096,0.10121054170524367,133.25,35.55
5056,1992-11-06 00:00:00,0.03215435436133651,-0.08604644534125326,0.1503551540639263,133.25,35.55
5057,1992-11-07 00:00:00,-0.08664910732387716,-0.20559829000703556,0.0323000753592812,133.25,35.55
5058,1992-11-08 00:00:00,-0.1201488667071888,-0.23930274073425545,-0.0009949926801221393,133.25,35.55
5059,1992-11-09 00:00:00,0.14149879506192178,0.02291327580819255,0.26008431431565104,133.25,35.55
5060,1992-11-10 00:00:00,0.1298920421530818,0.010653665567153706,0.24913041873900996,133.25,35.55
5061,1992-11-11 00:00:00,0.08424436206115707,-0.03437722226708663,0.20286594638940075,133.25,35.55
5062,1992-11-12 00:00:00,-0.01863220009541066,-0.13692757473714198,0.09966317454632063,133.25,35.55
5063,1992-11-13 00:00:00,0.018107984835279197,-0.10007091988296962,0.13628688955352802,133.25,35.55
5064,1992-11-14 00:00:00,0.019001697767636924,-0.09925581735731724,0.13725921289259108,133.25,35.55
5065,1992-11-15 00:00:00,0.0447421741903544,-0.07337767340407629,0.1628620217847851,133.25,35.55
5066,1992-11-16 00:00:00,0.06575124696434018,-0.052772900132233166,0.18427539406091356,133.25,35.55
5067,1992-11-17 00:00:00,-0.026026956832353492,-0.14428054582915134,0.0922266321644444,133.25,35.55
5068,1992-11-18 00:00:00,-0.023560507980338197,-0.14172880100729535,0.09460778504661893,133.25,35.55
5069,1992-11-19 00:00:00,0.0404413096526763,-0.07778978619083024,0.15867240549618286,133.25,35.55
5070,1992-11-20 00:00:00,0.2049454791367716,0.08567427632055385,0.32421668195298936,133.25,35.55
5071,1992-11-21 00:00:00,-0.044743956997506856,-0.16521898622787745,0.07573107223286374,133.25,35.55
5072,1992-11-22 00:00:00,0.027512862902947674,-0.09154090560058073,0.14656663140647608,133.25,35.55
5073,1992-11-23 00:00:00,0.15210870405517124,0.03315410292731967,0.2710633051830228,133.25,35.55
5074,1992-11-24 00:00:00,0.02550332775656861,-0.09327116098810276,0.14427781650124,133.25,35.55
5075,1992-11-25 00:00:00,0.12170462562977045,0.00338429499454565,0.2400249562649953,133.25,35.55
5076,1992-11-26 00:00:00,0.11213690805953894,-0.007292668940393723,0.2315664850594716,133.25,35.55
5077,1992-11-27 00:00:00,-0.06474149653480236,-0.18370242725887329,0.054219434189268514,133.25,35.55
5078,1992-11-28 00:00:00,-0.017486104436897368,-0.13579053480998587,0.10081832593619112,133.25,35.55
5079,1992-11-29 00:00:00,0.0788553890510605,-0.03943279175088976,0.1971435698530108,133.25,35.55
5080,1992-11-30 00:00:00,-0.04525746633759229,-0.16351070114713345,0.07299576847194889,133.25,35.55
5081,1992-12-01 00:00:00,0.020187654862109317,-0.09801926395486736,0.138394573679086,133.25,35.55
5082,1992-12-02 00:00:00,-0.047328197729301816,-0.16583491712222975,0.07117852166362612,133.25,35.55
5083,1992-12-03 00:00:00,0.0024875396519110217,-0.1159146584048232,0.12088973770864525,133.25,35.55
5084,1992-12-04 00:00:00,-0.04875372153034682,-0.1672938402674323,0.06978639720673865,133.25,35.55
5085,1992-12-05 00:00:00,-0.036544284137271614,-0.15486395259352145,0.0817753843189782,133.25,35.55
5086,1992-12-06 00:00:00,0.036599097698311295,-0.08162419786302061,0.1548223932596432,133.25,35.55
5087,1992-12-07 00:00:00,0.16457447987152654,0.045938272191006914,0.2832106875520461,133.25,35.55
5088,1992-12-08 00:00:00,0.14363559689218794,0.022646680273412077,0.26462451351096383,133.25,35.55
5089,1992-12-09 00:00:00,-0.0041588480787613825,-0.12265981992308428,0.11434212376556152,133.25,35.55
5090,1992-12-10 00:00:00,0.12451204049194135,0.006267642664669629,0.24275643831921306,133.25,35.55
5091,1992-12-11 00:00:00,0.2628743506063435,0.14118196795211518,0.38456673326057184,133.25,35.55
5092,1992-12-12 00:00:00,0.019511450602321262,-0.10080922584930146,0.13983212705394402,133.25,35.55
5093,1992-12-13 00:00:00,0.2800614625455147,0.16050987729881291,0.3996130477922165,133.25,35.55
5094,1992-12-14 00:00:00,0.1777586530921797,0.0561595188056979,0.2993577873786615,133.25,35.55
5095,1992-12-15 00:00:00,0.022820662833772827,-0.0960389169118783,0.14168024257942394,133.25,35.55
5096,1992-12-16 00:00:00,0.040043013587407784,-0.07814843741392206,0.15823446458873766,133.25,35.55
5097,1992-12-17 00:00:00,0.04627451266487636,-0.07196747461996136,0.16451649994971407,133.25,35.55
5098,1992-12-18 00:00:00,0.05236249436563698,-0.06610146956554269,0.17082645829681667,133.25,35.55
5099,1992-12-19 00:00:00,0.004329449180621114,-0.114005279291391,0.12266417765263322,133.25,35.55
5100,1992-12-20 00:00:00,0.0649786413779852,-0.05326705907453391,0.18322434183050432,133.25,35.55
5101,1992-12-21 00:00:00,-0.00012850659448321308,-0.11864787287436485,0.11839085968539845,133.25,35.55
5102,1992-12-22 00:00:00,0.0998375288584499,-0.019881787663778117,0.21955684538067796,133.25,35.55
5103,1992-12-23 00:00:00,0.17139440755001326,0.052223612458078966,0.2905652026419475,133.25,35.55
5104,1992-12-24 00:00:00,0.17729140599732754,0.057361365212689176,0.29722144678196594,133.25,35.55
5105,1992-12-25 00:00:00,-0.0200124286502556,-0.13900861888004395,0.09898376157953276,133.25,35.55
5106,1992-12-26 00:00:00,0.045096793820028735,-0.07316372249298296,0.16335731013304045,133.25,35.55
5107,1992-12-27 00:00:00,0.08221548339941236,-0.03606445157665979,0.2004954183754845,133.25,35.55
5108,1992-12-28 00:00:00,0.10222602981030117,-0.016468355360135897,0.22092041498073825,133.25,35.55
5109,1992-12-29 00:00:00,0.02122400465317255,-0.09781194564879046,0.14025995495513555,133.25,35.55
5110,1992-12-30 00:00:00,0.03993742273183981,-0.07842881693783928,0.15830366240151889,133.25,35.55
5111,1992-12-31 00:00:00,0.05030367005540995,-0.06826304352065755,0.16887038363147744,133.25,35.55
5112,1993-01-01 00:00:00,-0.004271617310461079,-0.12241853812007394,0.1138753034991518,133.25,35.55
5113,1993-01-02 00:00:00,0.0656022941422388,-0.05258274666353964,0.18378733494801724,133.25,35.55
5114,1993-01-03 00:00:00,0.11935871381565108,0.001071664912525,0.2376457627187772,133.25,35.55
5115,1993-01-04 00:00:00,-0.016668540975009898,-0.13503516705488575,0.10169808510486596,133.25,35.55
5116,1993-01-05 00:00:00,0.05494811691008093,-0.06353342995338762,0.1734296637735495,133.25,35.55
5117,1993-01-06 00:00:00,-0.012549001386697962,-0.13096727087603496,0.105869268102639,133.25,35.55
5118,1993-01-07 00:00:00,0.09424326171617924,-0.024255238150848263,0.2127417615832068,133.25,35.55
5119,1993-01-08 00:00:00,-0.06579485354601748,-0.1853929208581024,0.05380321376606745,133.25,35.55
5120,1993-01-09 00:00:00,-0.0009680797293465103,-0.11938351739126175,0.11744735793256875,133.25,35.55
5121,1993-01-10 00:00:00,0.11097256413200793,-0.007486699157879932,0.22943182742189575,133.25,35.55
5122,1993-01-11 00:00:00,0.04745505089562923,-0.07118393278234814,0.1660940345736066,133.25,35.55
5123,1993-01-12 00:00:00,0.016250989469135772,-0.10230989169323047,0.13481187063150205,133.25,35.55
5124,1993-01-13 00:00:00,0.04183608293992158,-0.07652774658356203,0.1601999124634052,133.25,35.55
5125,1993-01-14 00:00:00,0.03959701502243623,-0.07893219631268032,0.1581262263575528,133.25,35.55
5126,1993-01-15 00:00:00,-0.003539036145919869,-0.1226427734226433,0.11556470113080355,133.25,35.55
5127,1993-01-16 00:00:00,0.12678374835775036,0.0067530013358244175,0.2468144953796763,133.25,35.55
5128,1993-01-17 00:00:00,-0.05425549821996238,-0.17480588798034286,0.06629489154041808,133.25,35.55
5129,1993-01-18 00:00:00,0.08309006836253642,-0.03573831579652878,0.2019184525216016,133.25,35.55
5130,1993-01-19 00:00:00,0.14904060148521064,0.030077158026643375,0.26800404494377794,133.25,35.55
5131,1993-01-20 00:00:00,0.10427790273377048,-0.014013457720042158,0.22256926318758308,133.25,35.55
5132,1993-01-21 00:00:00,0.005032749353522471,-0.11325004632530412,0.12331554503234905,133.25,35.55
5133,1993-01-22 00:00:00,0.039262326045797165,-0.07895093244053175,0.15747558453212607,133.25,35.55
5134,1993-01-23 00:00:00,0.01967143590349013,-0.09849141713997016,0.13783428894695046,133.25,35.55
5135,1993-01-24 00:00:00,-0.019027139345032813,-0.13726656395926914,0.09921228526920353,133.25,35.55
5136,1993-01-25 00:00:00,0.014328237315005847,-0.10395766800141698,0.13261414263142868,133.25,35.55
5137,1993-01-26 00:00:00,0.0433353321976628,-0.07504845948337208,0.1617191238786977,133.25,35.55
5138,1993-01-27 00:00:00,0.10781891358067784,-0.01053695469157774,0.22617478185293344,133.25,35.55
5139,1993-01-28 00:00:00,0.12713149054603046,0.007686171005519674,0.2465768100865412,133.25,35.55
5140,1993-01-29 00:00:00,0.09477282582819058,-0.024517062350596502,0.21406271400697768,133.25,35.55
5141,1993-01-30 00:00:00,0.1384980922144129,0.019904872875621454,0.2570913115532043,133.25,35.55
5142,1993-01-31 00:00:00,0.08653968713176624,-0.03182693706489252,0.20490631132842504,133.25,35.55
5143,1993-02-01 00:00:00,0.06731556393049992,-0.05213333128418665,0.1867644591451865,133.25,35.55
5144,1993-02-02 00:00:00,-0.06375354742913755,-0.1842539989364257,0.05674690407815058,133.25,35.55
5145,1993-02-03 00:00:00,0.0688728391154953,-0.05067515536632865,0.1884208335973193,133.25,35.55
5146,1993-02-04 00:00:00,0.15775232956747814,0.03928161353391105,0.2762230456010453,133.25,35.55
5147,1993-02-05 00:00:00,0.06720242591753214,-0.05117005185504697,0.1855749036901113,133.25,35.55
5148,1993-02-06 00:00:00,0.2910982469799552,0.1724598292313294,0.40973666472858095,133.25,35.55
5149,1993-02-07 00:00:00,0.2573135511683275,0.1380177648440403,0.3766093374926147,133.25,35.55
5150,1993-02-08 00:00:00,-0.06549668563659405,-0.1854453023027761,0.054451931029588015,133.25,35.55
5151,1993-02-09 00:00:00,0.035092136179282425,-0.0833022455374885,0.15348651789605336,133.25,35.55
5152,1993-02-10 00:00:00,0.025486335161278705,-0.09273760677114612,0.14371027709370351,133.25,35.55
5153,1993-02-11 00:00:00,0.09956182293480842,-0.018636224156034498,0.21775987002565134,133.25,35.55
5154,1993-02-12 00:00:00,0.07953508688651464,-0.03896793123556869,0.198038105008598,133.25,35.55
5155,1993-02-13 00:00:00,0.053550876355697184,-0.06514582304481359,0.17224757575620794,133.25,35.55
5156,1993-02-14 00:00:00,-0.01547705961347599,-0.134550565411688,0.103596446184736,133.25,35.55
5157,1993-02-15 00:00:00,0.07545256781561918,-0.04310506911910661,0.19401020475034494,133.25,35.55
5158,1993-02-16 00:00:00,0.037452758667429316,-0.08086708873062387,0.1557726060654825,133.25,35.55
5159,1993-02-17 00:00:00,0.03945077109020448,-0.08200285556799608,0.16090439774840504,133.25,35.55
5160,1993-02-18 00:00:00,0.017868423213224287,-0.10241801207066599,0.1381548584971146,133.25,35.55
5161,1993-02-19 00:00:00,-0.01896075189735989,-0.13712302477761915,0.0992015209828994,133.25,35.55
5162,1993-02-20 00:00:00,-0.03221047984876427,-0.15045831339535004,0.08603735369782149,133.25,35.55
5163,1993-02-21 00:00:00,0.18795085693121014,0.06870113308722547,0.30720058077519485,133.25,35.55
5164,1993-02-22 00:00:00,0.11233975948039296,-0.008456622898297045,0.233136141859083,133.25,35.55
5165,1993-02-23 00:00:00,0.2846794873399777,0.1630815183133817,0.40627745636657375,133.25,35.55
5166,1993-02-24 00:00:00,-0.01649293777207071,-0.13729124621901462,0.1043053706748732,133.25,35.55
5167,1993-02-25 00:00:00,0.03498598793190068,-0.08359712748153142,0.15356910334533275,133.25,35.55
5168,1993-02-26 00:00:00,0.021377261401289684,-0.09686769948506813,0.1396222222876475,133.25,35.55
5169,1993-02-27 00:00:00,0.05230428389113957,-0.06586716918845217,0.1704757369707313,133.25,35.55
5170,1993-02-28 00:00:00,0.19173543262021409,0.07324442429118169,0.31022644094924645,133.25,35.55
5171,1993-03-01 00:00:00,0.17370334922093167,0.054700116467431725,0.2927065819744316,133.25,35.55
5172,1993-03-02 00:00:00,0.03594161146376504,-0.08273536333414358,0.15461858626167366,133.25,35.55
5173,1993-03-03 00:00:00,0.1052627793695507,-0.013107533227656551,0.223633091966758,133.25,35.55
5174,1993-03-04 00:00:00,0.056686079054486076,-0.06156317150105145,0.17493532961002362,133.25,35.55
5175,1993-03-05 00:00:00,0.07914538224181708,-0.039095368344689733,0.1973861328283239,133.25,35.55
5176,1993-03-06 00:00:00,0.09970398496912693,-0.018633345727367703,0.2180413156656216,133.25,35.55
5177,1993-03-07 00:00:00,0.05625542398976662,-0.06266767083311751,0.17517851881265073,133.25,35.55
5178,1993-03-08 00:00:00,0.050637125390980975,-0.06836468581344894,0.1696389365954109,133.25,35.55
5179,1993-03-09 00:00:00,-0.043665995852650005,-0.16207702632605994,0.07474503462075996,133.25,35.55
5180,1993-03-10 00:00:00,0.051541985246603896,-0.06664081615231504,0.16972478664552282,133.25,35.55
5181,1993-03-11 00:00:00,0.022037320269402312,-0.09615346808365187,0.1402281086224565,133.25,35.55
5182,1993-03-12 00:00:00,-0.0009091039485674482,-0.11911803566717664,0.11729982777004175,133.25,35.55
5183,1993-03-13 00:00:00,-0.039884993763990566,-0.1587736479679361,0.07900366043995496,133.25,35.55
5184,1993-03-14 00:00:00,-0.08385359132894481,-0.202507692970386,0.03480051031249641,133.25,35.55
5185,1993-03-15 00:00:00,0.043188811824503626,-0.07515504775819813,0.1615326714072054,133.25,35.55
5186,1993-03-16 00:00:00,-0.07239975995046488,-0.1915659760601964,0.04676645615926664,133.25,35.55
5187,1993-03-17 00:00:00,-0.05958145823670116,-0.17846346172022282,0.05930054524682049,133.25,35.55
5188,1993-03-18 00:00:00,-0.034701563244567364,-0.15298915389620305,0.08358602740706833,133.25,35.55
5189,1993-03-19 00:00:00,-0.023817414524296046,-0.1421373564359645,0.0945025273873724,133.25,35.55
5190,1993-03-20 00:00:00,0.002129216656419554,-0.1161054069123087,0.1203638402251478,133.25,35.55
5191,1993-03-21 00:00:00,-0.011045563111135463,-0.1292273094519579,0.107136183229687,133.25,35.55
5192,1993-03-22 00:00:00,0.029273988203874907,-0.08888459376012021,0.14743257016787004,133.25,35.55
5193,1993-03-23 00:00:00,0.0223309050079161,-0.0957839954386176,0.1404458054544498,133.25,35.55
5194,1993-03-24 00:00:00,0.11145633945126256,-0.006738096714408365,0.2296507756169335,133.25,35.55
5195,1993-03-25 00:00:00,0.038154020998805716,-0.08249402435543146,0.1588020663530429,133.25,35.55
5196,1993-03-26 00:00:00,0.022408265237626752,-0.09612005772405993,0.14093658819931346,133.25,35.55
5197,1993-03-27 00:00:00,0.005932808839870187,-0.1122095491069351,0.12407516678667548,133.25,35.55
5198,1993-03-28 00:00:00,0.05176328493221049,-0.06643095804689078,0.16995752791131175,133.25,35.55
5199,1993-03-29 00:00:00,-0.08335270930015261,-0.2033250508679698,0.03661963226766457,133.25,35.55
5200,1993-03-30 00:00:00,0.060222438879705735,-0.0593066143450949,0.1797514921045064,133.25,35.55
5201,1993-03-31 00:00:00,0.14086502790947447,0.022573389821668552,0.2591566659972804,133.25,35.55
5202,1993-04-01 00:00:00,0.17608048242417115,0.0571882880564475,0.2949726767918948,133.25,35.55
5203,1993-04-02 00:00:00,0.010420182828318731,-0.10807500571924614,0.1289153713758836,133.25,35.55
5204,1993-04-03 00:00:00,0.043506604034349264,-0.0746245028269706,0.16163771089566914,133.25,35.55
5205,1993-04-04 00:00:00,-0.0013198689651490595,-0.11962677371910853,0.1169870357888104,133.25,35.55
5206,1993-04-05 00:00:00,-0.008808605176236578,-0.12781689362800613,0.11019968327553296,133.25,35.55
5207,1993-04-06 00:00:00,-0.07306452828510411,-0.19177442578902287,0.04564536921881465,133.25,35.55
5208,1993-04-07 00:00:00,0.17066496381875065,0.05204916895838292,0.28928075867911834,133.25,35.55
5209,1993-04-08 00:00:00,0.14920897482789786,0.030099933127191756,0.2683180165286039,133.25,35.55
5210,1993-04-09 00:00:00,0.055807185157016416,-0.06267023911230954,0.17428460942634236,133.25,35.55
5211,1993-04-10 00:00:00,-0.002600665787006566,-0.12086379125458795,0.11566245968057486,133.25,35.55
5212,1993-04-11 00:00:00,0.0488544039344341,-0.06961876408518286,0.16732757195405107,133.25,35.55
5213,1993-04-12 00:00:00,0.045318924312564214,-0.07334679807774766,0.16398464670287607,133.25,35.55
5214,1993-04-13 00:00:00,0.01559501446494091,-0.10276437854469683,0.13395440747457865,133.25,35.55
5215,1993-04-14 00:00:00,0.0821176242769039,-0.0361320691004586,0.2003673176542664,133.25,35.55
5216,1993-04-15 00:00:00,0.09924273412416744,-0.01904844446041876,0.2175339127087536,133.25,35.55
5217,1993-04-16 00:00:00,0.05641736093878433,-0.06184733783528705,0.17468205971285572,133.25,35.55
5218,1993-04-17 00:00:00,0.09702562080055986,-0.02117116193808159,0.2152224035392013,133.25,35.55
5219,1993-04-18 00:00:00,0.1520306080081966,0.03355382767623377,0.2705073883401594,133.25,35.55
5220,1993-04-19 00:00:00,-0.02151186507017853,-0.14004984615079072,0.09702611601043364,133.25,35.55
5221,1993-04-20 00:00:00,-0.0007273704980944925,-0.11900559955239648,0.11755085855620748,133.25,35.55
5222,1993-04-21 00:00:00,-0.029547201034319674,-0.14779095395451047,0.08869655188587114,133.25,35.55
5223,1993-04-22 00:00:00,0.10015528414801858,-0.018331753595801803,0.21864232189183894,133.25,35.55
5224,1993-04-23 00:00:00,0.1972932760191764,0.0785624147035913,0.31602413733476153,133.25,35.55
5225,1993-04-24 00:00:00,0.2601773042502121,0.1413033431039593,0.37905126539646494,133.25,35.55
5226,1993-04-25 00:00:00,0.13334081582932145,0.014466487674099431,0.2522151439845435,133.25,35.55
5227,1993-04-26 00:00:00,0.04731043684303121,-0.07140977450186645,0.16603064818792887,133.25,35.55
5228,1993-04-27 00:00:00,0.15579064173745447,0.03697596557039057,0.2746053179045184,133.25,35.55
5229,1993-04-28 00:00:00,-0.031264697355161436,-0.15007412443946874,0.08754472972914587,133.25,35.55
5230,1993-04-29 00:00:00,0.05692343575960145,-0.062298962529981565,0.17614583404918446,133.25,35.55
5231,1993-04-30 00:00:00,0.07931303813355277,-0.039498068818063316,0.1981241450851689,133.25,35.55
5232,1993-05-01 00:00:00,-0.11124154539546678,-0.22964307454195845,0.007159983751024891,133.25,35.55
5233,1993-05-02 00:00:00,0.16529029651216162,0.04585186058220354,0.2847287324421197,133.25,35.55
5234,1993-05-03 00:00:00,0.06079567073833667,-0.059189663703455415,0.1807810051801288,133.25,35.55
5235,1993-05-04 00:00:00,-0.07959413966147931,-0.1978184592814628,0.03863017995850418,133.25,35.55
5236,1993-05-05 00:00:00,-0.00148359859663965,-0.11973673034201275,0.11676953314873348,133.25,35.55
5237,1993-05-06 00:00:00,0.0465594617034432,-0.071732475069371,0.1648513984762574,133.25,35.55
5238,1993-05-07 00:00:00,0.031910823303808636,-0.08635142437698133,0.15017307098459864,133.25,35.55
5239,1993-05-08 00:00:00,0.028484348601438093,-0.08972584064264835,0.14669453784552455,133.25,35.55
5240,1993-05-09 00:00:00,0.0372012159273156,-0.08109478695251847,0.15549721880714965,133.25,35.55
5241,1993-05-10 00:00:00,0.008375803871838394,-0.11137546103658298,0.12812706878025976,133.25,35.55
5242,1993-05-11 00:00:00,0.15072293623282768,0.031014089600170238,0.2704317828654851,133.25,35.55
5243,1993-05-12 00:00:00,0.08231377383688132,-0.03595203328586659,0.20057958095962924,133.25,35.55
5244,1993-05-13 00:00:00,0.12926745911885607,0.010527153426666757,0.24800776481104536,133.25,35.55
5245,1993-05-14 00:00:00,0.058696914558499,-0.06071710689519769,0.1781109360121957,133.25,35.55
5246,1993-05-15 00:00:00,0.04207382170228337,-0.0769904810695146,0.16113812447408132,133.25,35.55
5247,1993-05-16 00:00:00,-0.047929742349027284,-0.16627877659186546,0.0704192918938109,133.25,35.55
5248,1993-05-17 00:00:00,0.07776654232579516,-0.040406525938037084,0.19593961058962744,133.25,35.55
5249,1993-05-18 00:00:00,0.08778203098963343,-0.030608293174057024,0.20617235515332388,133.25,35.55
5250,1993-05-19 00:00:00,-0.014744264041926485,-0.1330704320628906,0.10358190397903763,133.25,35.55
5251,1993-05-20 00:00:00,0.07976858082257135,-0.03841969816456458,0.1979568598097073,133.25,35.55
5252,1993-05-21 00:00:00,0.01420545855389994,-0.10398910392427016,0.13240002103207005,133.25,35.55
5253,1993-05-22 00:00:00,0.12095287113144225,0.002540488835060917,0.23936525342782355,133.25,35.55
5254,1993-05-23 00:00:00,0.045903432815949684,-0.07262439903129311,0.16443126466319247,133.25,35.55
5255,1993-05-24 00:00:00,0.04576845458816672,-0.07248091829356686,0.1640178274699003,133.25,35.55
5256,1993-05-25 00:00:00,0.07214729199041428,-0.046065834221331585,0.19036041820216013,133.25,35.55
5257,1993-05-26 00:00:00,0.0016744029876300482,-0.116517973815496,0.1198667797907561,133.25,35.55
5258,1993-05-27 00:00:00,0.028000516520770603,-0.09018611628897047,0.14618714933051166,133.25,35.55
5259,1993-05-28 00:00:00,0.04319899321261392,-0.07500002936649336,0.16139801579172122,133.25,35.55
5260,1993-05-29 00:00:00,0.0252372576250126,-0.09293329663907768,0.1434078118891029,133.25,35.55
5261,1993-05-30 00:00:00,0.05675781569503709,-0.0615120319165129,0.1750276633065871,133.25,35.55
5262,1993-05-31 00:00:00,0.0006758339270985653,-0.11752434177349537,0.11887600962769253,133.25,35.55
5263,1993-06-01 00:00:00,-0.023088265112237855,-0.14120472161091055,0.09502819138643484,133.25,35.55
5264,1993-06-02 00:00:00,0.28873933534831875,0.16834690709659025,0.4091317636000473,133.25,35.55
5265,1993-06-03 00:00:00,0.2655326952220773,0.13910051543424487,0.39196487500990973,133.25,35.55
5266,1993-06-04 00:00:00,0.25578415554779377,0.13326759658869813,0.3783007145068894,133.25,35.55
5267,1993-06-05 00:00:00,0.02664433629133613,-0.09221748858537324,0.14550616116804552,133.25,35.55
5268,1993-06-06 00:00:00,0.017763283259153675,-0.10048291733134566,0.13600948384965303,133.25,35.55
5269,1993-06-07 00:00:00,-0.010418135197189279,-0.12855884810583207,0.10772257771145352,133.25,35.55
5270,1993-06-08 00:00:00,0.0328485130420806,-0.08527009034430702,0.15096711642846822,133.25,35.55
5271,1993-06-09 00:00:00,0.022122765352865743,-0.09700834809069296,0.14125387879642445,133.25,35.55
5272,1993-06-10 00:00:00,0.02466092958338036,-0.09454399262275164,0.14386585178951236,133.25,35.55
5273,1993-06-11 00:00:00,0.07012553445026287,-0.048028028352919784,0.18827909725344555,133.25,35.55
5274,1993-06-12 00:00:00,0.05864961964277336,-0.059527602054940364,0.1768268413404871,133.25,35.55
5275,1993-06-13 00:00:00,0.31820423567209,0.19941825749985664,0.43699021384432335,133.25,35.55
5276,1993-06-14 00:00:00,0.14520470633932533,0.026132065334817826,0.26427734734383285,133.25,35.55
5277,1993-06-15 00:00:00,0.07051023522715437,-0.04777016836606919,0.18879063882037794,133.25,35.55
5278,1993-06-16 00:00:00,0.027974309718801674,-0.09024802229116892,0.14619664172877228,133.25,35.55
5279,1993-06-17 00:00:00,0.019964558041854742,-0.09816425831435728,0.13809337439806674,133.25,35.55
5280,1993-06-18 00:00:00,0.06499057291660976,-0.053174352938861864,0.18315549877208134,133.25,35.55
5281,1993-06-19 00:00:00,0.09893691200059876,-0.01930301020812429,0.21717683420932185,133.25,35.55
5282,1993-06-20 00:00:00,0.04084973024900618,-0.07753148432472584,0.15923094482273822,133.25,35.55
5283,1993-06-21 00:00:00,0.016996457213811933,-0.10116203427051017,0.13515494869813402,133.25,35.55
5284,1993-06-22 00:00:00,0.04137229133954794,-0.07673948735362207,0.15948407003271795,133.25,35.55
5285,1993-06-23 00:00:00,0.08944805855772832,-0.03067532746276584,0.20957144457822247,133.25,35.55
5286,1993-06-24 00:00:00,-0.02646921938851755,-0.14634073061336805,0.09340229183633293,133.25,35.55
5287,1993-06-25 00:00:00,0.039324993666355786,-0.07884060573073266,0.15749059306344426,133.25,35.55
5288,1993-06-26 00:00:00,0.07588605568876228,-0.04233220301855481,0.19410431439607936,133.25,35.55
5289,1993-06-27 00:00:00,0.05774488022371279,-0.06049017295091742,0.17597993339834303,133.25,35.55
5290,1993-06-28 00:00:00,0.04165300483308769,-0.0765160278546663,0.15982203752084168,133.25,35.55
5291,1993-06-29 00:00:00,0.11289467041539908,-0.005827642051587131,0.2316169828823853,133.25,35.55
5292,1993-06-30 00:00:00,0.08665553002630558,-0.032567580899582484,0.20587864095219366,133.25,35.55
5293,1993-07-01 00:00:00,-0.040634682172910455,-0.1592419381817604,0.07797257383593949,133.25,35.55
5294,1993-07-02 00:00:00,0.0024871959040140435,-0.115654542659511,0.12062893446753907,133.25,35.55
5295,1993-07-03 00:00:00,0.1497082047402118,0.030382880413757377,0.2690335290666662,133.25,35.55
5296,1993-07-04 00:00:00,-0.013007784261031077,-0.13165090884190475,0.1056353403198426,133.25,35.55
5297,1993-07-05 00:00:00,0.13603890498400475,0.016740862119483696,0.2553369478485258,133.25,35.55
5298,1993-07-06 00:00:00,-0.023793627840299,-0.142879958591894,0.09529270291129599,133.25,35.55
5299,1993-07-07 00:00:00,0.0751936154165456,-0.04302181874118412,0.1934090495742753,133.25,35.55
5300,1993-07-08 00:00:00,0.041284472487841686,-0.0769189176399793,0.15948786261566267,133.25,35.55
5301,1993-07-09 00:00:00,0.04271041590314963,-0.07547541276523648,0.16089624457153576,133.25,35.55
5302,1993-07-10 00:00:00,0.07807736537485699,-0.040132226112764055,0.19628695686247805,133.25,35.55
5303,1993-07-11 00:00:00,0.06610537445505464,-0.052066086540886534,0.18427683545099585,133.25,35.55
5304,1993-07-12 00:00:00,0.07775515363041402,-0.040385355249357664,0.1958956625101857,133.25,35.55
5305,1993-07-13 00:00:00,0.09641666058626597,-0.021911867826604287,0.21474518899913625,133.25,35.55
5306,1993-07-14 00:00:00,0.16167528797858427,0.042813906856554416,0.2805366691006141,133.25,35.55
5307,1993-07-15 00:00:00,0.009656158423872309,-0.10907460099826227,0.1283869178460069,133.25,35.55
5308,1993-07-16 00:00:00,0.013310054249675806,-0.1049440746768364,0.131564183176188,133.25,35.55
5309,1993-07-17 00:00:00,0.08346205431703717,-0.034994502663667895,0.20191861129774225,133.25,35.55
5310,1993-07-18 00:00:00,0.11261436947802014,-0.006080507786029614,0.2313092467420699,133.25,35.55
5311,1993-07-19 00:00:00,0.0031673940927015084,-0.11525226183666044,0.12158705002206345,133.25,35.55
5312,1993-07-20 00:00:00,-0.004583508209779576,-0.12278931296652187,0.11362229654696272,133.25,35.55
5313,1993-07-21 00:00:00,-0.008090030971737716,-0.12630737569082492,0.11012731374734948,133.25,35.55
5314,1993-07-22 00:00:00,-0.027187239924964964,-0.1453575535682101,0.09098307371828017,133.25,35.55
5315,1993-07-23 00:00:00,0.013072217146104213,-0.10508898359696137,0.13123341788916978,133.25,35.55
5316,1993-07-24 00:00:00,0.015203248974562544,-0.1030514944668178,0.13345799241594286,133.25,35.55
5317,1993-07-25 00:00:00,0.08547941981549671,-0.033354058424605613,0.20431289805559905,133.25,35.55
5318,1993-07-26 00:00:00,0.07053602053589456,-0.048451597798933765,0.18952363887072288,133.25,35.55
5319,1993-07-27 00:00:00,0.044588836192958066,-0.07399771140167939,0.16317538378759555,133.25,35.55
5320,1993-07-28 00:00:00,0.11315660868315155,-0.005845784078794644,0.2321590014450977,133.25,35.55
5321,1993-07-29 00:00:00,0.045126179400885764,-0.07360786045370983,0.16386021925548136,133.25,35.55
5322,1993-07-30 00:00:00,0.20519672982069675,0.08551424565840687,0.32487921398298664,133.25,35.55
5323,1993-07-31 00:00:00,0.07585476848772296,-0.04416243178376991,0.19587196875921584,133.25,35.55
5324,1993-08-01 00:00:00,0.03626271109847273,-0.08205157453042218,0.15457699672736766,133.25,35.55
5325,1993-08-02 00:00:00,0.00802350807647143,-0.11029825458638336,0.12634527073932622,133.25,35.55
5326,1993-08-03 00:00:00,0.08395932980011611,-0.034454029787998684,0.2023726893882309,133.25,35.55
5327,1993-08-04 00:00:00,0.03202026706351938,-0.08616751156984799,0.15020804569688676,133.25,35.55
5328,1993-08-05 00:00:00,0.01064255734347113,-0.10747135429336302,0.1287564689803053,133.25,35.55
5329,1993-08-06 00:00:00,0.02064390312235067,-0.0975141758641428,0.13880198210884415,133.25,35.55
5330,1993-08-07 00:00:00,0.04751601164420985,-0.07071483226279812,0.16574685555121782,133.25,35.55
5331,1993-08-08 00:00:00,0.027284512029668983,-0.09097902198477324,0.1455480460441112,133.25,35.55
5332,1993-08-09 00:00:00,0.031710103194283794,-0.08684650886760553,0.15026671525617313,133.25,35.55
5333,1993-08-10 00:00:00,0.2672582444666236,0.12779814060121822,0.40671834833202897,133.25,35.55
5334,1993-08-11 00:00:00,0.5135602989363429,0.3689693029337281,0.6581512949389577,133.25,35.55
5335,1993-08-12 00:00:00,-0.03856461046683712,-0.1588734221750584,0.08174420124138415,133.25,35.55
5336,1993-08-13 00:00:00,0.07282099940343602,-0.04536873536702747,0.19101073417389952,133.25,35.55
5337,1993-08-14 00:00:00,0.12699914847707378,0.008692182032227559,0.24530611492192,133.25,35.55
5338,1993-08-15 00:00:00,0.01183731493115351,-0.10645678249547344,0.13013141235778045,133.25,35.55
5339,1993-08-16 00:00:00,0.05591454049582173,-0.06234725064328876,0.17417633163493226,133.25,35.55
5340,1993-08-17 00:00:00,0.09426868433617733,-0.024229371701683253,0.21276674037403792,133.25,35.55
5341,1993-08-18 00:00:00,0.02461732120638893,-0.09382126865287478,0.14305591106565266,133.25,35.55
5342,1993-08-19 00:00:00,0.052831438404449496,-0.06539632077644744,0.17105919758534646,133.25,35.55
5343,1993-08-20 00:00:00,0.044871951066595375,-0.07340128651576168,0.16314518864895244,133.25,35.55
5344,1993-08-21 00:00:00,0.02668327911860066,-0.09164022982971284,0.14500678806691414,133.25,35.55
5345,1993-08-22 00:00:00,0.10179479191241514,-0.016704265125185414,0.2202938489500157,133.25,35.55
5346,1993-08-23 00:00:00,0.005577369998068506,-0.11271590959116312,0.12387064958730012,133.25,35.55
5347,1993-08-24 00:00:00,0.09008462643955116,-0.028103282175299883,0.20827253505440216,133.25,35.55
5348,1993-08-25 00:00:00,0.09582738565403906,-0.022349445204416327,0.2140042165124945,133.25,35.55
5349,1993-08-26 00:00:00,0.0719055730879167,-0.046266475277699136,0.19007762145353252,133.25,35.55
5350,1993-08-27 00:00:00,0.09039849727753936,-0.027901881885265517,0.20869887644034427,133.25,35.55
5351,1993-08-28 00:00:00,0.051321574546570214,-0.0671440706338825,0.1697872197270229,133.25,35.55
5352,1993-08-29 00:00:00,-0.021819304986267527,-0.14004493410828522,0.09640632413575016,133.25,35.55
5353,1993-08-30 00:00:00,0.01828360244278368,-0.09983211122477458,0.13639931611034195,133.25,35.55
5354,1993-08-31 00:00:00,0.01780011450695089,-0.10029038215628648,0.13589061117018825,133.25,35.55
5355,1993-09-01 00:00:00,0.053172272298418234,-0.06495522187267089,0.17129976646950734,133.25,35.55
5356,1993-09-02 00:00:00,0.0046394169188256435,-0.11348355861753814,0.12276239245518945,133.25,35.55
5357,1993-09-03 00:00:00,0.01805620970910164,-0.1001196289477079,0.13623204836591118,133.25,35.55
5358,1993-09-04 00:00:00,0.28504082312587176,0.15402920094052214,0.4160524453112214,133.25,35.55
5359,1993-09-05 00:00:00,0.18832508128252368,0.05757552268904581,0.31907463987600154,133.25,35.55
5360,1993-09-06 00:00:00,-0.00942289632970538,-0.12779994467172184,0.10895415201231108,133.25,35.55
5361,1993-09-07 00:00:00,0.005158244678151909,-0.11318034594659625,0.12349683530290008,133.25,35.55
5362,1993-09-08 00:00:00,0.03644230764281304,-0.08204241876724877,0.15492703405287486,133.25,35.55
5363,1993-09-09 00:00:00,-0.009482694988802309,-0.1281109594196165,0.10914556944201187,133.25,35.55
5364,1993-09-10 00:00:00,0.00436372543693006,-0.11406776256170265,0.12279521343556275,133.25,35.55
5365,1993-09-11 00:00:00,0.002377223202663072,-0.11578158033302376,0.12053602673834993,133.25,35.55
5366,1993-09-12 00:00:00,0.02160150476256176,-0.0964705475209608,0.13967355704608433,133.25,35.55
5367,1993-09-13 00:00:00,0.03501709407441242,-0.08308333762356476,0.1531175257723896,133.25,35.55
5368,1993-09-14 00:00:00,0.06346597225429351,-0.05489127257040555,0.18182321707899254,133.25,35.55
5369,1993-09-15 00:00:00,0.038869372685807015,-0.07952609759431448,0.1572648429659285,133.25,35.55
5370,1993-09-16 00:00:00,0.055308584354337324,-0.06277841828757548,0.17339558699625013,133.25,35.55
5371,1993-09-17 00:00:00,0.11346573551259274,-0.004759028566342832,0.2316904995915284,133.25,35.55
5372,1993-09-18 00:00:00,0.11037150058634156,-0.008427355385015989,0.22917035655769916,133.25,35.55
5373,1993-09-19 00:00:00,-0.04209778261158545,-0.16060247560871438,0.07640691038554348,133.25,35.55
5374,1993-09-20 00:00:00,0.03632161185456962,-0.08181308650570446,0.15445631021484368,133.25,35.55
5375,1993-09-21 00:00:00,0.03374275105402698,-0.0843633573320185,0.15184885944007248,133.25,35.55
5376,1993-09-22 00:00:00,0.00017662958346508634,-0.11793875164078195,0.1182920108077121,133.25,35.55
5377,1993-09-23 00:00:00,0.06624659592303722,-0.05209377933011906,0.1845869711761935,133.25,35.55
5378,1993-09-24 00:00:00,0.04484387719634906,-0.07347185469201084,0.16315960908470895,133.25,35.55
5379,1993-09-25 00:00:00,0.029959233514951094,-0.0882310020297745,0.14814946905967669,133.25,35.55
5380,1993-09-26 00:00:00,-0.009753774155445996,-0.1279655005022689,0.10845795219137692,133.25,35.55
5381,1993-09-27 00:00:00,0.02196150877163603,-0.09626183252017603,0.14018485006344808,133.25,35.55
5382,1993-09-28 00:00:00,0.07733098554411988,-0.04084258739239946,0.1955045584806392,133.25,35.55
5383,1993-09-29 00:00:00,0.06198991011198885,-0.05619689794142552,0.1801767181654032,133.25,35.55
5384,1993-09-30 00:00:00,0.08664529078079865,-0.03168992632446449,0.20498050788606176,133.25,35.55
5385,1993-10-01 00:00:00,0.04565514346901152,-0.07284710529447863,0.16415739223250167,133.25,35.55
5386,1993-10-02 00:00:00,-0.09208782794494463,-0.21041062705181293,0.02623497116192366,133.25,35.55
5387,1993-10-03 00:00:00,-0.020513019586859083,-0.13880783275490735,0.0977817935811892,133.25,35.55
5388,1993-10-04 00:00:00,0.04040404155528467,-0.07791196176849355,0.15872004487906288,133.25,35.55
5389,1993-10-05 00:00:00,0.03995387813629701,-0.07835565484097465,0.15826341111356865,133.25,35.55
5390,1993-10-06 00:00:00,-0.03467097901057306,-0.15308077336407686,0.08373881534293069,133.25,35.55
5391,1993-10-07 00:00:00,-0.002984172767696608,-0.1220775720644821,0.11610922652908888,133.25,35.55
5392,1993-10-08 00:00:00,0.06271417608200103,-0.05677001788621797,0.18219837005022005,133.25,35.55
5393,1993-10-09 00:00:00,-0.024492919258352102,-0.14387466056087445,0.09488882204417023,133.25,35.55
5394,1993-10-10 00:00:00,0.0403889645204206,-0.07781990889462337,0.15859783793546456,133.25,35.55
5395,1993-10-11 00:00:00,-0.0953500539999119,-0.21379368859478895,0.023093580594965205,133.25,35.55
5396,1993-10-12 00:00:00,0.009315833819503266,-0.10896292745616117,0.12759459509516768,133.25,35.55
5397,1993-10-13 00:00:00,0.04628999893312756,-0.07196880700352569,0.1645488048697808,133.25,35.55
5398,1993-10-14 00:00:00,-0.030414888777454206,-0.14865024362889329,0.08782046607398489,133.25,35.55
5399,1993-10-15 00:00:00,-0.029790554391312632,-0.1479293987458035,0.08834828996317823,133.25,35.55
5400,1993-10-16 00:00:00,0.020299426778528668,-0.09784146269893948,0.1384403162559968,133.25,35.55
5401,1993-10-17 00:00:00,0.062485972133223475,-0.05569762308916125,0.18066956735560816,133.25,35.55
5402,1993-10-18 00:00:00,0.0812096744394859,-0.037115757048987986,0.1995351059279598,133.25,35.55
5403,1993-10-19 00:00:00,0.025548666280971518,-0.09272152779284136,0.14381886035478442,133.25,35.55
5404,1993-10-20 00:00:00,0.01845360392404599,-0.09969301702735348,0.1366002248754455,133.25,35.55
5405,1993-10-21 00:00:00,0.059992496231358675,-0.0581618148064688,0.17814680726918616,133.25,35.55
5406,1993-10-22 00:00:00,0.04603864728523273,-0.07229386327766718,0.1643711578481326,133.25,35.55
5407,1993-10-23 00:00:00,0.11005776660138744,-0.008875884685944163,0.22899141788871905,133.25,35.55
5408,1993-10-24 00:00:00,0.08361143558968377,-0.035538594972582466,0.20276146615195004,133.25,35.55
5409,1993-10-25 00:00:00,0.1379459940050454,0.019573796692102338,0.25631819131798844,133.25,35.55
5410,1993-10-26 00:00:00,-0.003041929000708252,-0.12134262578105348,0.11525876777963695,133.25,35.55
5411,1993-10-27 00:00:00,-0.07208247641641283,-0.19026528941298468,0.046100336580159024,133.25,35.55
5412,1993-10-28 00:00:00,-0.05236220109135426,-0.17060658430577566,0.06588218212306712,133.25,35.55
5413,1993-10-29 00:00:00,0.05433954475699937,-0.06416744694469352,0.17284653645869227,133.25,35.55
5414,1993-10-30 00:00:00,0.2594585954858871,0.13868139864386306,0.3802357923279112,133.25,35.55
5415,1993-10-31 00:00:00,0.14775873445182894,0.028088201892956924,0.267429267010701,133.25,35.55
5416,1993-11-01 00:00:00,0.11611287473530345,-0.0025510957998957228,0.23477684527050255,133.25,35.55
5417,1993-11-02 00:00:00,-0.00426937574492204,-0.12251743684310873,0.11397868535326465,133.25,35.55
5418,1993-11-03 00:00:00,0.03327029323877578,-0.08484262006750598,0.15138320654505755,133.25,35.55
5419,1993-11-04 00:00:00,0.05195058737125917,-0.06614793549762772,0.17004911024014607,133.25,35.55
5420,1993-11-05 00:00:00,0.06731042201930973,-0.050858579189594334,0.18547942322821376,133.25,35.55
5421,1993-11-06 00:00:00,0.006957490733917575,-0.11117805791372723,0.12509303938156235,133.25,35.55
5422,1993-11-07 00:00:00,-0.07959419199005185,-0.19798929468951915,0.03880091070941544,133.25,35.55
5423,1993-11-08 00:00:00,0.05114925456458823,-0.06724598766535196,0.16954449679452846,133.25,35.55
5424,1993-11-09 00:00:00,-0.0937533861145892,-0.21203589551607088,0.024529123286892482,133.25,35.55
5425,1993-11-10 00:00:00,-0.03223410175818107,-0.15061965129733626,0.08615144778097411,133.25,35.55
5426,1993-11-11 00:00:00,0.013430921875851078,-0.1049741093664016,0.13183595311810375,133.25,35.55
5427,1993-11-12 00:00:00,0.004184996528354544,-0.11436096192100124,0.12273095497771035,133.25,35.55
5428,1993-11-13 00:00:00,0.07878657656994391,-0.04016953760662113,0.19774269074650894,133.25,35.55
5429,1993-11-14 00:00:00,0.13160898990543946,0.012913416099179441,0.2503045637116994,133.25,35.55
5430,1993-11-15 00:00:00,-0.02745012318035738,-0.14586149900040968,0.0909612526396949,133.25,35.55
5431,1993-11-16 00:00:00,-0.0473065318436736,-0.165467841886268,0.0708547781989208,133.25,35.55
5432,1993-11-17 00:00:00,-0.024628021645227326,-0.14276079714589954,0.09350475385544488,133.25,35.55
5433,1993-11-18 00:00:00,0.044753461587466715,-0.07353513078047631,0.16304205395540974,133.25,35.55
5434,1993-11-19 00:00:00,-0.1206778254235337,-0.2391656400737125,-0.0021900107733548863,133.25,35.55
5435,1993-11-20 00:00:00,0.02485395063477953,-0.09346147707545656,0.14316937834501564,133.25,35.55
5436,1993-11-21 00:00:00,0.1791329661786734,0.060541392541117185,0.29772453981622965,133.25,35.55
5437,1993-11-22 00:00:00,0.007239383689950958,-0.11188534203149143,0.12636410941139334,133.25,35.55
5438,1993-11-23 00:00:00,0.10355503598526174,-0.01495157068134251,0.222061642651866,133.25,35.55
5439,1993-11-24 00:00:00,0.020684733237506102,-0.0984649131331917,0.1398343796082039,133.25,35.55
5440,1993-11-25 00:00:00,0.028726179972635855,-0.0900596569621335,0.1475120169074052,133.25,35.55
5441,1993-11-26 00:00:00,0.06090744960405446,-0.05739313754404767,0.1792080367521566,133.25,35.55
5442,1993-11-27 00:00:00,0.09472512752912944,-0.02358447829699918,0.21303473335525808,133.25,35.55
5443,1993-11-28 00:00:00,0.11376934248737977,-0.004934737443884993,0.2324734224186445,133.25,35.55
5444,1993-11-29 00:00:00,0.01593407678235634,-0.10275217978987566,0.13462033335458834,133.25,35.55
5445,1993-11-30 00:00:00,0.01903359154047128,-0.09923062707464166,0.1372978101555842,133.25,35.55
5446,1993-12-01 00:00:00,0.16227445547471364,0.04327228133904898,0.2812766296103783,133.25,35.55
5447,1993-12-02 00:00:00,-0.03312605776683289,-0.15203741374486862,0.08578529821120283,133.25,35.55
5448,1993-12-03 00:00:00,0.13750641141274814,0.019092012813800158,0.2559208100116961,133.25,35.55
5449,1993-12-04 00:00:00,0.049939945759464435,-0.0688273259934713,0.16870721751240014,133.25,35.55
5450,1993-12-05 00:00:00,0.04057425562935183,-0.0778379417753701,0.15898645303407374,133.25,35.55
5451,1993-12-06 00:00:00,0.009965261426272605,-0.10842253232375444,0.12835305517629966,133.25,35.55
5452,1993-12-07 00:00:00,0.01858506235241769,-0.09969885945684198,0.13686898416167734,133.25,35.55
5453,1993-12-08 00:00:00,0.016478091330979584,-0.10167660660586347,0.13463278926782266,133.25,35.55
5454,1993-12-09 00:00:00,-0.0025782143237897477,-0.12076946864542652,0.11561303999784706,133.25,35.55
5455,1993-12-10 00:00:00,0.11104222315058326,-0.007278423913576262,0.2293628702147428,133.25,35.55
5456,1993-12-11 00:00:00,0.1315658014676303,0.011813963451790394,0.2513176394834702,133.25,35.55
5457,1993-12-12 00:00:00,0.011250006285809813,-0.1078445938221061,0.13034460639372572,133.25,35.55
5458,1993-12-13 00:00:00,0.06545522890757488,-0.05286198674780045,0.18377244456295025,133.25,35.55
5459,1993-12-14 00:00:00,-0.0288256312208596,-0.14745693669454304,0.08980567425282385,133.25,35.55
5460,1993-12-15 00:00:00,-0.05258176641781172,-0.17138362009177566,0.06622008725615224,133.25,35.55
5461,1993-12-16 00:00:00,0.01638785031740078,-0.10191509901213897,0.13469079964694053,133.25,35.55
5462,1993-12-17 00:00:00,0.19401448593410608,0.07504611172974321,0.3129828601384689,133.25,35.55
5463,1993-12-18 00:00:00,0.031057224128226882,-0.08788747579681412,0.1500019240532679,133.25,35.55
5464,1993-12-19 00:00:00,0.041992635010307006,-0.07633007367782446,0.16031534369843847,133.25,35.55
5465,1993-12-20 00:00:00,-0.015181419303715485,-0.1334334953826483,0.10307065677521733,133.25,35.55
5466,1993-12-21 00:00:00,0.15391860019136971,0.035286191397863965,0.2725510089848755,133.25,35.55
5467,1993-12-22 00:00:00,0.16788565652021306,0.04858828534818975,0.2871830276922363,133.25,35.55
5468,1993-12-23 00:00:00,0.10932691971575988,-0.011117190516698893,0.2297710299482187,133.25,35.55
5469,1993-12-24 00:00:00,0.010341992404239685,-0.10829325360729863,0.12897723841577802,133.25,35.55
5470,1993-12-25 00:00:00,0.0471721274520162,-0.07102151985251035,0.16536577475654274,133.25,35.55
5471,1993-12-26 00:00:00,0.1345322608858837,0.016224119508836118,0.25284040226293125,133.25,35.55
5472,1993-12-27 00:00:00,0.10500684868450727,-0.014030257142220144,0.22404395451123468,133.25,35.55
5473,1993-12-28 00:00:00,0.011445235470576576,-0.1074055262483365,0.13029599718948964,133.25,35.55
5474,1993-12-29 00:00:00,-0.06238889028654854,-0.18079253916785554,0.05601475859475848,133.25,35.55
5475,1993-12-30 00:00:00,0.06751062537153943,-0.05068447252941463,0.1857057232724935,133.25,35.55
5476,1993-12-31 00:00:00,0.2013756606871288,0.0821068814415772,0.32064443993268044,133.25,35.55
5477,1994-01-01 00:00:00,-0.014777164089078325,-0.13477804601427834,0.10522371783612168,133.25,35.55
5478,1994-01-02 00:00:00,0.026771846517398827,-0.09161959722771093,0.14516329026250854,133.25,35.55
5479,1994-01-03 00:00:00,0.07799299253752441,-0.04036005851870217,0.19634604359375102,133.25,35.55
5480,1994-01-04 00:00:00,0.03469184953572817,-0.0836293153489045,0.15301301442036086,133.25,35.55
5481,1994-01-05 00:00:00,0.0073101736879857765,-0.11113659480808624,0.1257569421840578,133.25,35.55
5482,1994-01-06 00:00:00,0.10136905048057958,-0.016950949709305118,0.2196890506704643,133.25,35.55
5483,1994-01-07 00:00:00,0.013323387537160829,-0.10570982542985903,0.13235660050418072,133.25,35.55
5484,1994-01-08 00:00:00,0.09086713242446552,-0.027777711018345436,0.2095119758672765,133.25,35.55
5485,1994-01-09 00:00:00,0.07812935346819867,-0.04004470406219675,0.1963034109985941,133.25,35.55
5486,1994-01-10 00:00:00,-0.03187054022463057,-0.15007626107382271,0.08633518062456158,133.25,35.55
5487,1994-01-11 00:00:00,-0.0012866442407996825,-0.11953919106559717,0.1169659025839978,133.25,35.55
5488,1994-01-12 00:00:00,-0.008031655302982652,-0.12634930814991435,0.11028599754394904,133.25,35.55
5489,1994-01-13 00:00:00,0.0720851496552835,-0.046185346627078544,0.19035564593764556,133.25,35.55
5490,1994-01-14 00:00:00,0.0621904148096563,-0.05621947433282432,0.1806003039521369,133.25,35.55
5491,1994-01-15 00:00:00,-0.03759697322912474,-0.15596478614694353,0.08077083968869407,133.25,35.55
5492,1994-01-16 00:00:00,0.02661648080777045,-0.0915421885720416,0.1447751501875825,133.25,35.55
5493,1994-01-17 00:00:00,0.1926236025724805,0.07386167891541734,0.3113855262295437,133.25,35.55
5494,1994-01-18 00:00:00,0.025816622184045655,-0.0939361426915222,0.14556938705961353,133.25,35.55
5495,1994-01-19 00:00:00,0.06165914898769721,-0.05732080855011677,0.1806391065255112,133.25,35.55
5496,1994-01-20 00:00:00,0.056967965280823575,-0.0614727149100012,0.17540864547164836,133.25,35.55
5497,1994-01-21 00:00:00,0.10231830698410976,-0.016073252188291184,0.22070986615651075,133.25,35.55
5498,1994-01-22 00:00:00,0.1429482033391457,0.024367294041094542,0.2615291126371969,133.25,35.55
5499,1994-01-23 00:00:00,0.121245921028865,0.002706232277923923,0.2397856097798061,133.25,35.55
5500,1994-01-24 00:00:00,-3.6295260549084475e-05,-0.11980436757669392,0.11973177705559572,133.25,35.55
5501,1994-01-25 00:00:00,0.10987460759273762,-0.008523512894969817,0.2282727280804451,133.25,35.55
5502,1994-01-26 00:00:00,0.05645736090816787,-0.061930214154255786,0.17484493597059153,133.25,35.55
5503,1994-01-27 00:00:00,0.047769916322433235,-0.0706468028392725,0.16618663548413898,133.25,35.55
5504,1994-01-28 00:00:00,0.0403149547477674,-0.07802081710109438,0.15865072659662918,133.25,35.55
5505,1994-01-29 00:00:00,0.039143043589266166,-0.08055050681914708,0.1588365939976794,133.25,35.55
5506,1994-01-30 00:00:00,0.05346504405906527,-0.06581403576833836,0.1727441238864689,133.25,35.55
5507,1994-01-31 00:00:00,0.030417135251934707,-0.0879902907826368,0.14882456128650626,133.25,35.55
5508,1994-02-01 00:00:00,0.1718116346511699,0.052061885903134375,0.2915613833992054,133.25,35.55
5509,1994-02-02 00:00:00,0.016281451747589236,-0.10378258721170812,0.1363454907068866,133.25,35.55
5510,1994-02-03 00:00:00,0.05403215102437101,-0.06495277497447027,0.1730170770232123,133.25,35.55
5511,1994-02-04 00:00:00,0.04176504826157122,-0.07689793070185491,0.16042802722499735,133.25,35.55
5512,1994-02-05 00:00:00,0.03422249817750395,-0.08402355671749827,0.15246855307250615,133.25,35.55
5513,1994-02-06 00:00:00,0.04544409914166341,-0.07275105499581355,0.1636392532791404,133.25,35.55
5514,1994-02-07 00:00:00,0.07678087411209457,-0.04141977815724758,0.19498152638143676,133.25,35.55
5515,1994-02-08 00:00:00,0.08057292521138076,-0.03775619821163047,0.198902048634392,133.25,35.55
5516,1994-02-09 00:00:00,0.19686404193082385,0.07599973251421611,0.31772835134743155,133.25,35.55
5517,1994-02-10 00:00:00,0.011333707692042366,-0.11047458515726163,0.13314200054134634,133.25,35.55
5518,1994-02-11 00:00:00,0.021608811477628803,-0.09722179218924412,0.1404394151445017,133.25,35.55
5519,1994-02-12 00:00:00,0.02216396926531469,-0.09842874211817587,0.14275668064880526,133.25,35.55
5520,1994-02-13 00:00:00,0.06216621348106473,-0.05825930899823877,0.18259173596036826,133.25,35.55
5521,1994-02-14 00:00:00,0.09799646448351718,-0.02067625944551353,0.2166691884125479,133.25,35.55
5522,1994-02-15 00:00:00,0.0608081543693765,-0.05760589979755783,0.17922220853631082,133.25,35.55
5523,1994-02-16 00:00:00,0.03782101870566122,-0.08060047353193539,0.15624251094325786,133.25,35.55
5524,1994-02-17 00:00:00,-0.008349399519968706,-0.12662834760649086,0.10992954856655343,133.25,35.55
5525,1994-02-18 00:00:00,0.0015713163960657734,-0.11668585683130492,0.11982848962343648,133.25,35.55
5526,1994-02-19 00:00:00,0.02350680465987829,-0.09463274824644403,0.14164635756620064,133.25,35.55
5527,1994-02-20 00:00:00,0.052901176014356836,-0.06524333890203285,0.17104569093074656,133.25,35.55
5528,1994-02-21 00:00:00,0.1477359515219267,0.028661313825608395,0.266810589218245,133.25,35.55
5529,1994-02-22 00:00:00,0.009974541617142858,-0.11005156965616793,0.13000065289045365,133.25,35.55
5530,1994-02-23 00:00:00,0.052860768009958564,-0.06605185533951878,0.17177339135943592,133.25,35.55
5531,1994-02-24 00:00:00,-0.0320783359391789,-0.15110500691826562,0.08694833503990783,133.25,35.55
5532,1994-02-25 00:00:00,-0.029671272768588136,-0.14861681211377809,0.08927426657660181,133.25,35.55
5533,1994-02-26 00:00:00,-0.001565724817576858,-0.1199310430164899,0.11679959338133618,133.25,35.55
5534,1994-02-27 00:00:00,-0.01345824932026468,-0.13178438078749424,0.10486788214696488,133.25,35.55
5535,1994-02-28 00:00:00,0.02678362085848956,-0.09140915378894524,0.1449763955059244,133.25,35.55
5536,1994-03-01 00:00:00,0.07963879140469038,-0.03863379491370825,0.19791137772308898,133.25,35.55
5537,1994-03-02 00:00:00,0.002511260493303177,-0.11570385428899935,0.12072637527560573,133.25,35.55
5538,1994-03-03 00:00:00,0.06850274018936169,-0.049820744612316316,0.18682622499103968,133.25,35.55
5539,1994-03-04 00:00:00,0.0855251597551265,-0.03295245229381755,0.20400277180407056,133.25,35.55
5540,1994-03-05 00:00:00,0.026760157254886112,-0.09178106958570008,0.14530138409547233,133.25,35.55
5541,1994-03-06 00:00:00,-0.04403712603484629,-0.16247101787004375,0.07439676580035118,133.25,35.55
5542,1994-03-07 00:00:00,0.02951364384939392,-0.08870521094436029,0.1477324986431481,133.25,35.55
5543,1994-03-08 00:00:00,0.14176840417688327,0.022494896948873886,0.26104191140489263,133.25,35.55
5544,1994-03-09 00:00:00,0.05260299102908765,-0.06688787029345568,0.17209385235163097,133.25,35.55
5545,1994-03-10 00:00:00,0.03333155560682841,-0.08509067882025936,0.1517537900339162,133.25,35.55
5546,1994-03-11 00:00:00,0.057381818657949314,-0.0609449649389861,0.17570860225488472,133.25,35.55
5547,1994-03-12 00:00:00,0.07666868604942552,-0.04165756497851704,0.1949949370773681,133.25,35.55
5548,1994-03-13 00:00:00,-0.04745170790220056,-0.16583104676023874,0.07092763095583761,133.25,35.55
5549,1994-03-14 00:00:00,0.030718520709492412,-0.08766991586720033,0.14910695728618514,133.25,35.55
5550,1994-03-15 00:00:00,0.05691718157153845,-0.0613621042121671,0.17519646735524402,133.25,35.55
5551,1994-03-16 00:00:00,0.06414004842474884,-0.054152863772161525,0.1824329606216592,133.25,35.55
5552,1994-03-17 00:00:00,0.09344184694076957,-0.025049673779115076,0.21193336766065415,133.25,35.55
5553,1994-03-18 00:00:00,0.0023743117353719613,-0.11593733651716046,0.12068595998790435,133.25,35.55
5554,1994-03-19 00:00:00,0.040649097534582214,-0.07759493828914119,0.1588931333583056,133.25,35.55
5555,1994-03-20 00:00:00,-0.0417889898620888,-0.16006814380378304,0.07649016407960546,133.25,35.55
5556,1994-03-21 00:00:00,-0.03073157376548656,-0.14899303109009826,0.08752988355912514,133.25,35.55
5557,1994-03-22 00:00:00,-0.018533304843497533,-0.1367673604849389,0.09970075079794384,133.25,35.55
5558,1994-03-23 00:00:00,0.0908912915700526,-0.027473184313686186,0.20925576745379135,133.25,35.55
5559,1994-03-24 00:00:00,0.11975111427151905,0.0011785888170326305,0.2383236397260055,133.25,35.55
5560,1994-03-25 00:00:00,0.19982685331470407,0.07918533198966972,0.32046837463973843,133.25,35.55
5561,1994-03-26 00:00:00,0.053061717324372266,-0.06626167240740156,0.17238510705614613,133.25,35.55
5562,1994-03-27 00:00:00,-0.0036357628749156545,-0.122042833750028,0.11477130800019668,133.25,35.55
5563,1994-03-28 00:00:00,0.12439495736632268,0.0060632443536940426,0.2427266703789513,133.25,35.55
5564,1994-03-29 00:00:00,0.02710269960277333,-0.09145443778966092,0.14565983699520754,133.25,35.55
5565,1994-03-30 00:00:00,0.003177258238630569,-0.11515509073194766,0.12150960720920878,133.25,35.55
5566,1994-03-31 00:00:00,0.07278322151703642,-0.04555089023444708,0.19111733326851996,133.25,35.55
5567,1994-04-01 00:00:00,0.024275778201199773,-0.09396794652262497,0.14251950292502452,133.25,35.55
5568,1994-04-02 00:00:00,0.14801288803458232,0.029059697074686044,0.2669660789944786,133.25,35.55
5569,1994-04-03 00:00:00,-0.017854358358498662,-0.13653156948799125,0.10082285277099393,133.25,35.55
5570,1994-04-04 00:00:00,0.025416497683300343,-0.09288945371268292,0.1437224490792836,133.25,35.55
5571,1994-04-05 00:00:00,0.06766342726445163,-0.05052271505136702,0.18584956958027027,133.25,35.55
5572,1994-04-06 00:00:00,0.02187436823970523,-0.09624464588631568,0.13999338236572614,133.25,35.55
5573,1994-04-07 00:00:00,0.12760978068603232,0.009362709936561868,0.2458568514355028,133.25,35.55
5574,1994-04-08 00:00:00,-0.14018817976785555,-0.2590766756506043,-0.02129968388510675,133.25,35.55
5575,1994-04-09 00:00:00,-0.09509357969268524,-0.21393508333135275,0.02374792394598225,133.25,35.55
5576,1994-04-10 00:00:00,-0.06673274928043553,-0.185221850319363,0.051756351758491984,133.25,35.55
5577,1994-04-11 00:00:00,0.05632794491312557,-0.06186313982398614,0.1745190296502373,133.25,35.55
5578,1994-04-12 00:00:00,0.5263897157906602,0.4040483851699039,0.6487310464114164,133.25,35.55
5579,1994-04-13 00:00:00,0.013018592930714286,-0.11201713386890648,0.13805431973033502,133.25,35.55
5580,1994-04-14 00:00:00,0.0943446576399462,-0.02415370540428316,0.21284302068417554,133.25,35.55
5581,1994-04-15 00:00:00,0.04343051275913499,-0.07489373452867397,0.16175476004694392,133.25,35.55
5582,1994-04-16 00:00:00,0.012414360608800384,-0.1057919625631458,0.13062068378074654,133.25,35.55
5583,1994-04-17 00:00:00,0.05881129368344089,-0.05939081801970796,0.17701340538658972,133.25,35.55
5584,1994-04-18 00:00:00,-0.04684202121688195,-0.16510137160996818,0.07141732917620426,133.25,35.55
5585,1994-04-19 00:00:00,0.04003927229559498,-0.07846473437086178,0.15854327896205173,133.25,35.55
5586,1994-04-20 00:00:00,-0.03730174695168526,-0.15562801953896,0.08102452563558947,133.25,35.55
5587,1994-04-21 00:00:00,-0.01655787588675716,-0.13512131620980633,0.10200556443629202,133.25,35.55
5588,1994-04-22 00:00:00,0.035483991600443784,-0.08304774483369931,0.15401572803458685,133.25,35.55
5589,1994-04-23 00:00:00,0.05769573310228639,-0.060568970796072534,0.17596043700064531,133.25,35.55
5590,1994-04-24 00:00:00,0.03772558189526008,-0.08066264086209926,0.15611380465261945,133.25,35.55
5591,1994-04-25 00:00:00,0.044338756753485205,-0.0739002955296316,0.16257780903660202,133.25,35.55
5592,1994-04-26 00:00:00,0.029060672099959814,-0.08912725213966961,0.14724859633958925,133.25,35.55
5593,1994-04-27 00:00:00,-0.0012380759344340561,-0.11947576327486906,0.11699961140600093,133.25,35.55
5594,1994-04-28 00:00:00,0.0988298366842364,-0.01947087886446483,0.2171305522329376,133.25,35.55
5595,1994-04-29 00:00:00,0.0883532756552731,-0.030003403025260705,0.2067099543358069,133.25,35.55
5596,1994-04-30 00:00:00,-0.03198754516911178,-0.1502585681847617,0.08628347784653813,133.25,35.55
5597,1994-05-01 00:00:00,0.058561048052253616,-0.05965006035160093,0.17677215645610814,133.25,35.55
5598,1994-05-02 00:00:00,0.010153559635126198,-0.10812360653669928,0.12843072580695167,133.25,35.55
5599,1994-05-03 00:00:00,0.03109684520208872,-0.08714632916828556,0.14934001957246298,133.25,35.55
5600,1994-05-04 00:00:00,0.2024402728142018,0.08266469591037069,0.3222158497180329,133.25,35.55
5601,1994-05-05 00:00:00,0.21559110597918496,0.09529449700901363,0.3358877149493563,133.25,35.55
5602,1994-05-06 00:00:00,0.20209539519241168,0.08293296708830405,0.3212578232965193,133.25,35.55
5603,1994-05-07 00:00:00,0.10544656149343956,-0.01310239094874112,0.22399551393562026,133.25,35.55
5604,1994-05-08 00:00:00,0.11229113989361376,-0.006098897116162377,0.2306811769033899,133.25,35.55
5605,1994-05-09 00:00:00,0.02136243464829752,-0.09711508189364827,0.1398399511902433,133.25,35.55
5606,1994-05-10 00:00:00,0.13970240326443076,0.021477129116201657,0.2579276774126599,133.25,35.55
5607,1994-05-11 00:00:00,0.11694940151478685,-0.0015207241132821347,0.23541952714285586,133.25,35.55
5608,1994-05-12 00:00:00,0.00871004678537736,-0.11015404358887028,0.12757413715962498,133.25,35.55
5609,1994-05-13 00:00:00,-0.003712365443852367,-0.1221827561769891,0.11475802528928435,133.25,35.55
5610,1994-05-14 00:00:00,0.07055387881909317,-0.0476156214120598,0.18872337905024614,133.25,35.55
5611,1994-05-15 00:00:00,0.3521668190517762,0.2326824381066172,0.4716511999969353,133.25,35.55
5612,1994-05-16 00:00:00,0.19630456942593227,0.07607044376836107,0.31653869508350346,133.25,35.55
5613,1994-05-17 00:00:00,-0.07945694030800117,-0.1982388018276962,0.03932492121169383,133.25,35.55
5614,1994-05-18 00:00:00,0.11007095028537303,-0.008292597591263481,0.2284344981620096,133.25,35.55
5615,1994-05-19 00:00:00,0.001968164276333395,-0.11681475437248405,0.12075108292515085,133.25,35.55
5616,1994-05-20 00:00:00,-0.013179109605426936,-0.1314222835815981,0.10506406437074424,133.25,35.55
5617,1994-05-21 00:00:00,0.10276653355201897,-0.01558575134391435,0.22111881844795225,133.25,35.55
5618,1994-05-22 00:00:00,0.07595373040772127,-0.04236996630415983,0.1942774271196024,133.25,35.55
5619,1994-05-23 00:00:00,0.048062938229529985,-0.07007104718350098,0.16619692364256095,133.25,35.55
5620,1994-05-24 00:00:00,0.040336451044968864,-0.07779357950585321,0.1584664815957909,133.25,35.55
5621,1994-05-25 00:00:00,0.07521331514744271,-0.04300735508757292,0.19343398538245835,133.25,35.55
5622,1994-05-26 00:00:00,0.1136780100175194,-0.004742938990917461,0.23209895902595626,133.25,35.55
5623,1994-05-27 00:00:00,0.15531254684384374,0.03680792294835389,0.2738171707393336,133.25,35.55
5624,1994-05-28 00:00:00,0.05005155808038547,-0.06828843458036374,0.16839155074113468,133.25,35.55
5625,1994-05-29 00:00:00,0.08489702512498401,-0.033350691541481466,0.20314474179144945,133.25,35.55
5626,1994-05-30 00:00:00,0.07944756093936757,-0.03874653608285738,0.19764165796159253,133.25,35.55
5627,1994-05-31 00:00:00,0.06187345608994916,-0.0563168213149344,0.1800637334948327,133.25,35.55
5628,1994-06-01 00:00:00,0.07420446749281896,-0.04392393373510034,0.19233286872073824,133.25,35.55
5629,1994-06-02 00:00:00,0.03416138545470563,-0.0839700194609676,0.15229279037037885,133.25,35.55
5630,1994-06-03 00:00:00,0.060638203680861286,-0.057513012211486615,0.17878941957320918,133.25,35.55
5631,1994-06-04 00:00:00,0.046417885310257236,-0.07173315256479201,0.1645689231853065,133.25,35.55
5632,1994-06-05 00:00:00,0.003855318204969429,-0.11434746019650552,0.12205809660644434,133.25,35.55
5633,1994-06-06 00:00:00,-0.030317835550874025,-0.14853634819733885,0.08790067709559078,133.25,35.55
5634,1994-06-07 00:00:00,0.03728586169692146,-0.08087569195995276,0.1554474153537957,133.25,35.55
5635,1994-06-08 00:00:00,0.05371742231616818,-0.0644247957761612,0.17185964040849758,133.25,35.55
5636,1994-06-09 00:00:00,0.09351857312605646,-0.024644974433808017,0.21168212068592096,133.25,35.55
5637,1994-06-10 00:00:00,0.03975673474803466,-0.0783723641824695,0.1578858336785388,133.25,35.55
5638,1994-06-11 00:00:00,0.04033629406650845,-0.07779977318372884,0.15847236131674575,133.25,35.55
5639,1994-06-12 00:00:00,0.08783274844122158,-0.0303775229058834,0.20604301978832654,133.25,35.55
5640,1994-06-13 00:00:00,0.06372615103298089,-0.05450970505643163,0.1819620071223934,133.25,35.55
5641,1994-06-14 00:00:00,0.044461145278116426,-0.07380871210279939,0.16273100265903226,133.25,35.55
5642,1994-06-15 00:00:00,0.009288019437792044,-0.10890311717230343,0.1274791560478875,133.25,35.55
5643,1994-06-16 00:00:00,0.002003202837550417,-0.11612823702324868,0.1201346426983495,133.25,35.55
5644,1994-06-17 00:00:00,0.04200862783956672,-0.07611940519639351,0.16013666087552694,133.25,35.55
5645,1994-06-18 00:00:00,-0.004953203173624392,-0.1236359216670645,0.1137295153198157,133.25,35.55
5646,1994-06-19 00:00:00,0.03055371475260728,-0.08959878530373687,0.1507062148089514,133.25,35.55
5647,1994-06-20 00:00:00,0.06072111503273143,-0.05890949512942036,0.1803517251948832,133.25,35.55
5648,1994-06-21 00:00:00,0.09899055069084894,-0.019979330535853643,0.21796043191755154,133.25,35.55
5649,1994-06-22 00:00:00,0.06817157318129324,-0.05009531304205636,0.18643845940464285,133.25,35.55
5650,1994-06-23 00:00:00,0.07778829585543143,-0.040370975036314094,0.19594756674717692,133.25,35.55
5651,1994-06-24 00:00:00,0.08950316446356946,-0.028795336988078683,0.2078016659152176,133.25,35.55
5652,1994-06-25 00:00:00,0.07319056122319029,-0.045081026502568566,0.19146214894894914,133.25,35.55
5653,1994-06-26 00:00:00,0.1454330086184785,0.027198845949722786,0.2636671712872342,133.25,35.55
5654,1994-06-27 00:00:00,0.10819868322996154,-0.010204110979767422,0.2266014774396905,133.25,35.55
5655,1994-06-28 00:00:00,0.018438359688280156,-0.09990829042236804,0.13678500979892835,133.25,35.55
5656,1994-06-29 00:00:00,0.05724577801275998,-0.06090816758265155,0.1753997236081715,133.25,35.55
5657,1994-06-30 00:00:00,0.11379121593815344,-0.004396408014728889,0.2319788398910357,133.25,35.55
5658,1994-07-01 00:00:00,0.14026786126158144,0.02146696231441178,0.25906876020875114,133.25,35.55
5659,1994-07-02 00:00:00,0.15256118285694226,0.03392177071438393,0.2712005949995005,133.25,35.55
5660,1994-07-03 00:00:00,0.07048006317456024,-0.04776453586833754,0.188724662217458,133.25,35.55
5661,1994-07-04 00:00:00,0.0733902327342876,-0.044738344392588884,0.1915188098611641,133.25,35.55
5662,1994-07-05 00:00:00,0.12024332492357945,0.002061749377600522,0.2384249004695584,133.25,35.55
5663,1994-07-06 00:00:00,0.08609350058891856,-0.032089049555061686,0.2042760507328988,133.25,35.55
5664,1994-07-07 00:00:00,0.03475333556668328,-0.08340070694820836,0.15290737808157492,133.25,35.55
5665,1994-07-08 00:00:00,0.03988668735444145,-0.07822985263790583,0.15800322734678873,133.25,35.55
5666,1994-07-09 00:00:00,0.0446576922842335,-0.0734615082594592,0.16277689282792618,133.25,35.55
5667,1994-07-10 00:00:00,0.07814790045761573,-0.03997578862200255,0.196271589537234,133.25,35.55
5668,1994-07-11 00:00:00,0.09857829233840716,-0.01956162421111704,0.21671820888793134,133.25,35.55
5669,1994-07-12 00:00:00,0.021323560481346933,-0.09681539406011136,0.1394625150228052,133.25,35.55
5670,1994-07-13 00:00:00,0.04043590540556169,-0.07769800556055771,0.1585698163716811,133.25,35.55
5671,1994-07-14 00:00:00,0.09762031728979684,-0.020524461743082558,0.21576509632267624,133.25,35.55
5672,1994-07-15 00:00:00,0.08183130772448291,-0.03630910290904274,0.19997171835800856,133.25,35.55
5673,1994-07-16 00:00:00,0.027110890161068813,-0.09104571545677097,0.14526749577890855,133.25,35.55
5674,1994-07-17 00:00:00,-0.012403204151592878,-0.13053043247371346,0.10572402417052768,133.25,35.55
5675,1994-07-18 00:00:00,0.008480799499621527,-0.10966303113744094,0.126624630136684,133.25,35.55
5676,1994-07-19 00:00:00,0.042573361463957515,-0.07554188702102374,0.16068860994893874,133.25,35.55
5677,1994-07-20 00:00:00,0.05762120595075061,-0.06050172558438824,0.17574413748588946,133.25,35.55
5678,1994-07-21 00:00:00,0.054903183342439085,-0.06322606235226433,0.1730324290371425,133.25,35.55
5679,1994-07-22 00:00:00,0.0288972048458024,-0.08926854891560801,0.1470629586072128,133.25,35.55
5680,1994-07-23 00:00:00,0.02730315289435515,-0.0917546490261911,0.1463609548149014,133.25,35.55
5681,1994-07-24 00:00:00,0.016237849420585697,-0.10288825241671233,0.13536395125788372,133.25,35.55
5682,1994-07-25 00:00:00,0.013951134717024959,-0.10503140280844082,0.13293367224249075,133.25,35.55
5683,1994-07-26 00:00:00,0.03811463350712939,-0.0810273530230184,0.1572566200372772,133.25,35.55
5684,1994-07-27 00:00:00,0.02945027688879366,-0.08895868057186386,0.1478592343494512,133.25,35.55
5685,1994-07-28 00:00:00,0.04833453512703763,-0.06988196969286715,0.16655103994694245,133.25,35.55
5686,1994-07-29 00:00:00,0.046871405522526666,-0.07133245900773225,0.16507527005278558,133.25,35.55
5687,1994-07-30 00:00:00,0.046948923322303264,-0.07120687829954889,0.1651047249441554,133.25,35.55
5688,1994-07-31 00:00:00,0.04204760412324912,-0.07610293566518195,0.1601981439116802,133.25,35.55
5689,1994-08-01 00:00:00,0.07306494297067176,-0.04513419246257935,0.19126407840392287,133.25,35.55
5690,1994-08-02 00:00:00,0.11640606398368708,-0.0021342892497558386,0.23494641721713,133.25,35.55
5691,1994-08-03 00:00:00,0.07528028937541413,-0.04300139398044287,0.19356197273127115,133.25,35.55
5692,1994-08-04 00:00:00,0.09855105367506856,-0.019593654111156114,0.2166957614612932,133.25,35.55
5693,1994-08-05 00:00:00,0.052791110256835715,-0.06535160042409897,0.17093382093777038,133.25,35.55
5694,1994-08-06 00:00:00,0.03834637301877633,-0.0797699137384221,0.15646265977597476,133.25,35.55
5695,1994-08-07 00:00:00,0.06957607412816064,-0.048542881501706006,0.18769502975802727,133.25,35.55
5696,1994-08-08 00:00:00,0.05965162927471451,-0.05846315089583666,0.17776640944526567,133.25,35.55
5697,1994-08-09 00:00:00,0.05378514993421567,-0.06433509819828757,0.1719053980667189,133.25,35.55
5698,1994-08-10 00:00:00,0.03993202140776129,-0.07828506564295859,0.15814910845848115,133.25,35.55
5699,1994-08-11 00:00:00,0.14396526479789454,0.02540281530783384,0.2625277142879553,133.25,35.55
5700,1994-08-12 00:00:00,0.04596314015051384,-0.07288730416404872,0.16481358446507646,133.25,35.55
5701,1994-08-13 00:00:00,0.040345203132538365,-0.08065967095579119,0.16135007722086792,133.25,35.55
5702,1994-08-14 00:00:00,0.08508973145877971,-0.036321494923332656,0.20650095784089206,133.25,35.55
5703,1994-08-15 00:00:00,0.09807068323660094,-0.02040093716304317,0.21654230363624505,133.25,35.55
5704,1994-08-16 00:00:00,0.050862630629261135,-0.06747777927218661,0.1692030405307089,133.25,35.55
5705,1994-08-17 00:00:00,0.05460948379640765,-0.06364742182228306,0.17286638941509835,133.25,35.55
5706,1994-08-18 00:00:00,0.05300617283181036,-0.06514687297022835,0.1711592186338491,133.25,35.55
5707,1994-08-19 00:00:00,0.019522390189384762,-0.09863522630667533,0.13768000668544486,133.25,35.55
5708,1994-08-20 00:00:00,-0.013332028795654928,-0.13155843811293505,0.1048943805216252,133.25,35.55
5709,1994-08-21 00:00:00,0.024850893591745457,-0.09343872197871482,0.14314050916220572,133.25,35.55
5710,1994-08-22 00:00:00,0.0749588851744494,-0.04363899249089653,0.19355676283979534,133.25,35.55
5711,1994-08-23 00:00:00,0.05977000725106023,-0.05857164602285962,0.17811166052498004,133.25,35.55
5712,1994-08-24 00:00:00,0.04935727864407576,-0.06876357821077866,0.16747813549893018,133.25,35.55
5713,1994-08-25 00:00:00,0.08007323372542495,-0.038044732064444566,0.19819119951529449,133.25,35.55
5714,1994-08-26 00:00:00,0.09657313296794318,-0.021563565773299875,0.21470983170918626,133.25,35.55
5715,1994-08-27 00:00:00,0.05527764517553555,-0.0628804995380633,0.17343578988913438,133.25,35.55
5716,1994-08-28 00:00:00,0.014976808634442547,-0.10314595499334378,0.13309957226222888,133.25,35.55
5717,1994-08-29 00:00:00,0.03278343000483962,-0.08535135327178785,0.1509182132814671,133.25,35.55
5718,1994-08-30 00:00:00,0.03861060452178144,-0.07951559365452633,0.1567368026980892,133.25,35.55
5719,1994-08-31 00:00:00,0.04157302816452104,-0.07652330274333198,0.15966935907237406,133.25,35.55
5720,1994-09-01 00:00:00,0.04578593694344905,-0.0723445077322061,0.16391638161910418,133.25,35.55
5721,1994-09-02 00:00:00,0.050683749246669074,-0.06745590250949009,0.16882340100282822,133.25,35.55
5722,1994-09-03 00:00:00,0.04196356218324247,-0.07614975004043309,0.16007687440691806,133.25,35.55
5723,1994-09-04 00:00:00,0.05171067659764299,-0.06640490966518517,0.16982626286047114,133.25,35.55
5724,1994-09-05 00:00:00,0.1542893875818595,0.03610813055447792,0.2724706446092411,133.25,35.55
5725,1994-09-06 00:00:00,0.10821093244047987,-0.01004655574814742,0.2264684206291072,133.25,35.55
5726,1994-09-07 00:00:00,-0.018032572457825302,-0.1362379620780636,0.100172817162413,133.25,35.55
5727,1994-09-08 00:00:00,0.06202365243587786,-0.05611085891454462,0.18015816378630034,133.25,35.55
5728,1994-09-09 00:00:00,-0.0004203103069609204,-0.11862102163490428,0.11778040102098244,133.25,35.55
5729,1994-09-10 00:00:00,0.0874577121911142,-0.030724848149340383,0.2056402725315688,133.25,35.55
5730,1994-09-11 00:00:00,0.134520959874223,0.016266118352868897,0.2527758013955771,133.25,35.55
5731,1994-09-12 00:00:00,-0.007279195204368892,-0.12547777649351682,0.11091938608477904,133.25,35.55
5732,1994-09-13 00:00:00,-0.005714454247789023,-0.12385025662576615,0.1124213481301881,133.25,35.55
5733,1994-09-14 00:00:00,-0.015271377801046525,-0.13350599043206396,0.1029632348299709,133.25,35.55
5734,1994-09-15 00:00:00,-0.00416977255488718,-0.1225976181573914,0.11425807304761705,133.25,35.55
5735,1994-09-16 00:00:00,0.04605932118826133,-0.07305697202170519,0.16517561439822784,133.25,35.55
5736,1994-09-17 00:00:00,0.13586778594196364,0.016207045321877226,0.25552852656205005,133.25,35.55
5737,1994-09-18 00:00:00,0.08429594641739223,-0.03416652665900068,0.20275841949378515,133.25,35.55
5738,1994-09-19 00:00:00,0.08649731653356835,-0.03167462428172624,0.20466925734886293,133.25,35.55
5739,1994-09-20 00:00:00,0.06853189001003937,-0.049664573409086574,0.18672835342916533,133.25,35.55
5740,1994-09-21 00:00:00,0.02981479736730565,-0.08838819112959663,0.14801778586420794,133.25,35.55
5741,1994-09-22 00:00:00,0.03004058336222513,-0.08811181938098894,0.1481929861054392,133.25,35.55
5742,1994-09-23 00:00:00,0.03700517749152979,-0.08113341554819091,0.1551437705312505,133.25,35.55
5743,1994-09-24 00:00:00,0.03283867304644718,-0.08530383346735851,0.15098117956025287,133.25,35.55
5744,1994-09-25 00:00:00,0.048578305417389535,-0.06960609081701351,0.16676270165179258,133.25,35.55
5745,1994-09-26 00:00:00,-0.0018524863313082317,-0.1200335146973716,0.11632854203475515,133.25,35.55
5746,1994-09-27 00:00:00,0.015149766825220503,-0.103059547218289,0.13335908086873,133.25,35.55
5747,1994-09-28 00:00:00,-0.011871453731245374,-0.13022832433877046,0.10648541687627973,133.25,35.55
5748,1994-09-29 00:00:00,0.001745063559859067,-0.11833976894433365,0.12182989606405174,133.25,35.55
5749,1994-09-30 00:00:00,0.0680815360221457,-0.055565308659976026,0.19172838070426745,133.25,35.55
5750,1994-10-01 00:00:00,0.013531016257312942,-0.10549268593225088,0.13255471844687675,133.25,35.55
5751,1994-10-02 00:00:00,0.008035545670925057,-0.11006259108136536,0.1261336824232155,133.25,35.55
5752,1994-10-03 00:00:00,0.007667622952651484,-0.1104531571508827,0.12578840305618566,133.25,35.55
5753,1994-10-04 00:00:00,0.11085482765515854,-0.007393787104687784,0.22910344241500485,133.25,35.55
5754,1994-10-05 00:00:00,0.08165744928037959,-0.036780294211471776,0.20009519277223092,133.25,35.55
5755,1994-10-06 00:00:00,0.05563507351368986,-0.0626134327946929,0.17388357982207264,133.25,35.55
5756,1994-10-07 00:00:00,0.023013754458553644,-0.09523781712116336,0.14126532603827066,133.25,35.55
5757,1994-10-08 00:00:00,-0.05368513915587294,-0.17182719101412272,0.06445691270237686,133.25,35.55
5758,1994-10-09 00:00:00,-0.019953878271870538,-0.13808699669478586,0.0981792401510448,133.25,35.55
5759,1994-10-10 00:00:00,-0.013428146402071718,-0.13156426238000682,0.10470796957586337,133.25,35.55
5760,1994-10-11 00:00:00,0.02186709407036954,-0.09626745764873956,0.14000164578947866,133.25,35.55
5761,1994-10-12 00:00:00,0.4468114270888137,0.3249877005179279,0.5686351536596995,133.25,35.55
5762,1994-10-13 00:00:00,0.091948478639246,-0.03134517938158103,0.21524213666007305,133.25,35.55
5763,1994-10-14 00:00:00,0.0546732412024606,-0.06362087504326848,0.1729673574481897,133.25,35.55
5764,1994-10-15 00:00:00,-0.08378177261061423,-0.20197093576319594,0.03440739054196748,133.25,35.55
5765,1994-10-16 00:00:00,0.1133409378572441,-0.004893988329557439,0.2315758640440456,133.25,35.55
5766,1994-10-17 00:00:00,-0.008204097792932855,-0.1271002780527343,0.1106920824668686,133.25,35.55
5767,1994-10-18 00:00:00,-0.018817854717958157,-0.13728734164806308,0.0996516322121468,133.25,35.55
5768,1994-10-19 00:00:00,0.03295100087905968,-0.08521167751001388,0.15111367926813324,133.25,35.55
5769,1994-10-20 00:00:00,0.052853268175593424,-0.06549573763621605,0.1712022739874029,133.25,35.55
5770,1994-10-21 00:00:00,-0.019876880379338338,-0.13860710273108615,0.0988533419724095,133.25,35.55
5771,1994-10-22 00:00:00,0.12999497877682206,0.009570816032694496,0.2504191415209496,133.25,35.55
5772,1994-10-23 00:00:00,0.03018731971628727,-0.08903912896620432,0.14941376839877887,133.25,35.55
5773,1994-10-24 00:00:00,-0.08967799264875143,-0.2079867177790328,0.02863073248152995,133.25,35.55
5774,1994-10-25 00:00:00,-0.032693881856132506,-0.15097044230527135,0.08558267859300632,133.25,35.55
5775,1994-10-26 00:00:00,0.008589373511900936,-0.10957409894871677,0.12675284597251862,133.25,35.55
5776,1994-10-27 00:00:00,-0.016900646280443642,-0.13507423376965033,0.10127294120876304,133.25,35.55
5777,1994-10-28 00:00:00,0.0164095040684257,-0.10181507059751907,0.1346340787343705,133.25,35.55
5778,1994-10-29 00:00:00,0.0649539373857368,-0.05329906648749705,0.18320694125897066,133.25,35.55
5779,1994-10-30 00:00:00,0.02686979634804265,-0.0914687650692305,0.14520835776531582,133.25,35.55
5780,1994-10-31 00:00:00,-0.020598460482523152,-0.13909279081424636,0.09789586984920008,133.25,35.55
5781,1994-11-01 00:00:00,-0.11501878555495333,-0.23353208458160954,0.0034945134717028763,133.25,35.55
5782,1994-11-02 00:00:00,0.018139306952027517,-0.1000638890242305,0.1363425029282855,133.25,35.55
5783,1994-11-03 00:00:00,0.10794045928895167,-0.010432599563155315,0.2263135181410587,133.25,35.55
5784,1994-11-04 00:00:00,-0.08718890278687869,-0.20572637961339155,0.031348574039634175,133.25,35.55
5785,1994-11-05 00:00:00,0.035534260347013395,-0.08270988453304906,0.15377840522707587,133.25,35.55
5786,1994-11-06 00:00:00,0.09531532600690264,-0.023056279762236426,0.21368693177604173,133.25,35.55
5787,1994-11-07 00:00:00,0.006113566715685847,-0.11256442190224103,0.1247915553336127,133.25,35.55
5788,1994-11-08 00:00:00,-0.054603543162920806,-0.17362933333876618,0.06442224701292455,133.25,35.55
5789,1994-11-09 00:00:00,0.0055019510419856005,-0.11306012082834767,0.12406402291231887,133.25,35.55
5790,1994-11-10 00:00:00,0.12200558309980022,0.0036134730284465705,0.2403976931711539,133.25,35.55
5791,1994-11-11 00:00:00,0.0649187626350913,-0.05345059331199084,0.18328811858217345,133.25,35.55
5792,1994-11-12 00:00:00,0.05237348394309648,-0.06580409600944866,0.17055106389564162,133.25,35.55
5793,1994-11-13 00:00:00,-0.04429062727509296,-0.1627462628470085,0.0741650082968226,133.25,35.55
5794,1994-11-14 00:00:00,-0.02454489288092329,-0.1429983492589769,0.09390856349713032,133.25,35.55
5795,1994-11-15 00:00:00,-0.14684960702512784,-0.2658768067635789,-0.027822407286676745,133.25,35.55
5796,1994-11-16 00:00:00,-0.027644701540931543,-0.14625578135735826,0.09096637827549517,133.25,35.55
5797,1994-11-17 00:00:00,0.0194046802947576,-0.0988382450184855,0.1376476056080007,133.25,35.55
5798,1994-11-18 00:00:00,0.09619146390521767,-0.022238105817821305,0.21462103362825666,133.25,35.55
5799,1994-11-19 00:00:00,0.01869034868204071,-0.1003480407269604,0.1377287380910418,133.25,35.55
5800,1994-11-20 00:00:00,0.008220222541334435,-0.10993901971648716,0.12637946479915604,133.25,35.55
5801,1994-11-21 00:00:00,-0.05300801039665795,-0.17132813997144708,0.06531211917813116,133.25,35.55
5802,1994-11-22 00:00:00,0.07372514461701606,-0.044700740643111234,0.19215102987714333,133.25,35.55
5803,1994-11-23 00:00:00,-0.04144883630312722,-0.1600089492856004,0.07711127667934592,133.25,35.55
5804,1994-11-24 00:00:00,0.03084824994989593,-0.0873773457510296,0.14907384565082146,133.25,35.55
5805,1994-11-25 00:00:00,0.1401268197814441,0.0215688735350269,0.2586847660278613,133.25,35.55
5806,1994-11-26 00:00:00,0.04285396242492116,-0.0757200131542196,0.1614279380040619,133.25,35.55
5807,1994-11-27 00:00:00,-0.0026267118941381284,-0.12090103217807865,0.11564760838980236,133.25,35.55
5808,1994-11-28 00:00:00,0.016441285860853236,-0.10173253295284493,0.1346151046745514,133.25,35.55
5809,1994-11-29 00:00:00,0.04257315538211173,-0.07567377674666087,0.16082008751088436,133.25,35.55
5810,1994-11-30 00:00:00,-0.01905895301341645,-0.13724314348888667,0.09912523746205376,133.25,35.55
5811,1994-12-01 00:00:00,0.016841113888441697,-0.10130639555485252,0.13498862333173592,133.25,35.55
5812,1994-12-02 00:00:00,0.11256139918913938,-0.005627837671242406,0.2307506360495212,133.25,35.55
5813,1994-12-03 00:00:00,0.051418865906514025,-0.06728738203551847,0.1701251138485465,133.25,35.55
5814,1994-12-04 00:00:00,0.06275209804647723,-0.055534434525278606,0.18103863061823305,133.25,35.55
5815,1994-12-05 00:00:00,0.14667038557481818,0.028065203413731612,0.2652755677359048,133.25,35.55
5816,1994-12-06 00:00:00,0.02451721191328741,-0.09402894315285901,0.14306336697943384,133.25,35.55
5817,1994-12-07 00:00:00,0.18667153609701045,0.06767767299149066,0.3056653992025302,133.25,35.55
5818,1994-12-08 00:00:00,-0.04063017811523693,-0.16024878573038534,0.07898842949991151,133.25,35.55
5819,1994-12-09 00:00:00,0.16458328160482769,0.04598650512343433,0.28318005808622104,133.25,35.55
5820,1994-12-10 00:00:00,-0.12651816341801925,-0.24558053390387466,-0.007455792932163849,133.25,35.55
5821,1994-12-11 00:00:00,0.04480590958698904,-0.07354227106150182,0.1631540902354799,133.25,35.55
5822,1994-12-12 00:00:00,0.06724629720660108,-0.051063507212253764,0.18555610162545594,133.25,35.55
5823,1994-12-13 00:00:00,0.012448825403133345,-0.10596284209216177,0.13086049289842844,133.25,35.55
5824,1994-12-14 00:00:00,0.17780807911835972,0.05852235632922809,0.2970938019074913,133.25,35.55
5825,1994-12-15 00:00:00,0.1367454654983447,0.017117659693521258,0.25637327130316817,133.25,35.55
5826,1994-12-16 00:00:00,-0.009281861739835131,-0.12822427931204436,0.10966055583237412,133.25,35.55
5827,1994-12-17 00:00:00,0.031730697949214536,-0.08688554511519944,0.15034694101362853,133.25,35.55
5828,1994-12-18 00:00:00,0.05220869555275609,-0.06610189434777627,0.17051928545328848,133.25,35.55
5829,1994-12-19 00:00:00,-0.04332830869221334,-0.16184687413380042,0.07519025674937374,133.25,35.55
5830,1994-12-20 00:00:00,0.016300405183209327,-0.10206645240754904,0.13466726277396768,133.25,35.55
5831,1994-12-21 00:00:00,0.08165249018157145,-0.03679074400567098,0.20009572436881387,133.25,35.55
5832,1994-12-22 00:00:00,0.03474080298748515,-0.08353432404551679,0.15301593002048708,133.25,35.55
5833,1994-12-23 00:00:00,0.0502860762694458,-0.0678910843382443,0.16846323687713588,133.25,35.55
5834,1994-12-24 00:00:00,0.041139118511305584,-0.07699764999725522,0.15927588701986636,133.25,35.55
5835,1994-12-25 00:00:00,-0.0011893708945719082,-0.11975820864397542,0.1173794668548316,133.25,35.55
5836,1994-12-26 00:00:00,0.028036863988301058,-0.09058326331236644,0.1466569912889686,133.25,35.55
5837,1994-12-27 00:00:00,0.08164656407852079,-0.03674269321632785,0.20003582137336945,133.25,35.55
5838,1994-12-28 00:00:00,-0.016392450138021958,-0.13473374863573928,0.10194884835969538,133.25,35.55
5839,1994-12-29 00:00:00,-0.0004123679033782024,-0.1187089806405413,0.1178842448337849,133.25,35.55
5840,1994-12-30 00:00:00,0.019119942410904103,-0.09911982452681728,0.13735970934862546,133.25,35.55
5841,1994-12-31 00:00:00,0.0772849526079159,-0.041139772077816085,0.1957096772936479,133.25,35.55
5842,1995-01-01 00:00:00,0.04281543271682452,-0.07623360594652576,0.1618644713801748,133.25,35.55
5843,1995-01-02 00:00:00,-0.018682825052657302,-0.13719326823118874,0.09982761812587417,133.25,35.55
5844,1995-01-03 00:00:00,0.06722363179339028,-0.051072095822108164,0.1855193594088887,133.25,35.55
5845,1995-01-04 00:00:00,0.17693153072965875,0.057806678137082,0.2960563833222355,133.25,35.55
5846,1995-01-05 00:00:00,0.14580180468005927,0.026162605118923724,0.2654410042411948,133.25,35.55
5847,1995-01-06 00:00:00,0.06534196082306308,-0.054212520955349584,0.1848964426014757,133.25,35.55
5848,1995-01-07 00:00:00,0.2290332259465948,0.10970968017399528,0.3483567717191943,133.25,35.55
5849,1995-01-08 00:00:00,0.02035462757024549,-0.09858872528849877,0.13929798042898978,133.25,35.55
5850,1995-01-09 00:00:00,0.1739903745357121,0.055445204065610335,0.29253554500581386,133.25,35.55
5851,1995-01-10 00:00:00,0.137814411354562,0.018399674701626054,0.2572291480074979,133.25,35.55
5852,1995-01-11 00:00:00,0.10796003478490357,-0.01069687772461808,0.22661694729442525,133.25,35.55
5853,1995-01-12 00:00:00,0.11296877613070988,-0.005399239794305413,0.2313367920557252,133.25,35.55
5854,1995-01-13 00:00:00,0.16241703653544606,0.04382867435153395,0.2810053987193581,133.25,35.55
5855,1995-01-14 00:00:00,0.06091885377276559,-0.05772357126345382,0.17956127880898498,133.25,35.55
5856,1995-01-15 00:00:00,0.0817106988776545,-0.03686034721481078,0.2002817449701198,133.25,35.55
5857,1995-01-16 00:00:00,0.028500050262122118,-0.08987833687554474,0.14687843739978895,133.25,35.55
5858,1995-01-17 00:00:00,0.006067963603347971,-0.11231307413577277,0.12444900134246872,133.25,35.55
5859,1995-01-18 00:00:00,0.09600962321735274,-0.022472245720350087,0.2144914921550556,133.25,35.55
5860,1995-01-19 00:00:00,0.07397941825828305,-0.04498994531745816,0.19294878183402425,133.25,35.55
5861,1995-01-20 00:00:00,0.08249589477428412,-0.03604425703841385,0.2010360465869821,133.25,35.55
5862,1995-01-21 00:00:00,0.003672582782594719,-0.11462973456293032,0.12197490012811975,133.25,35.55
5863,1995-01-22 00:00:00,0.09818309817022516,-0.020182515318577426,0.21654871165902773,133.25,35.55
5864,1995-01-23 00:00:00,0.03894824833438139,-0.07958285615574129,0.15747935282450407,133.25,35.55
5865,1995-01-24 00:00:00,0.044825245394254816,-0.07405200940369924,0.1637025001922089,133.25,35.55
5866,1995-01-25 00:00:00,-0.011577152888198008,-0.1302004835429072,0.10704617776651117,133.25,35.55
5867,1995-01-26 00:00:00,0.1027702209877778,-0.015619548736516609,0.22115999071207226,133.25,35.55
5868,1995-01-27 00:00:00,-0.005528254078008426,-0.12391865769790728,0.11286214954189044,133.25,35.55
5869,1995-01-28 00:00:00,0.06690483467167717,-0.051413203469949084,0.1852228728133034,133.25,35.55
5870,1995-01-29 00:00:00,0.0580375455398232,-0.060330648277666425,0.17640573935731282,133.25,35.55
5871,1995-01-30 00:00:00,0.06671279573586014,-0.05248164021598213,0.1859072316877024,133.25,35.55
5872,1995-01-31 00:00:00,0.12157164624988145,0.0029431513673105892,0.2402001411324523,133.25,35.55
5873,1995-02-01 00:00:00,0.013339746853722474,-0.10516890800714083,0.1318484017145858,133.25,35.55
5874,1995-02-02 00:00:00,0.049183766382687434,-0.06924033682880026,0.16760786959417512,133.25,35.55
5875,1995-02-03 00:00:00,-8.347214859244499e-05,-0.11837773061924815,0.11821078632206325,133.25,35.55
5876,1995-02-04 00:00:00,0.037085537859915696,-0.08119638059731993,0.15536745631715132,133.25,35.55
5877,1995-02-05 00:00:00,0.12759919429719802,0.008860750655565408,0.24633763793883054,133.25,35.55
5878,1995-02-06 00:00:00,0.024692076402177462,-0.09459522880886403,0.14397938161321894,133.25,35.55
5879,1995-02-07 00:00:00,0.049407900105103736,-0.06907185593347938,0.16788765614368684,133.25,35.55
5880,1995-02-08 00:00:00,0.07139648031277482,-0.04696941449998436,0.189762375125534,133.25,35.55
5881,1995-02-09 00:00:00,0.05088384188748142,-0.06746433350031683,0.1692320172752797,133.25,35.55
5882,1995-02-10 00:00:00,-0.09842033527577557,-0.21720664326204686,0.020365972710495825,133.25,35.55
5883,1995-02-11 00:00:00,-0.01585752132045551,-0.13419670956856833,0.10248166692765732,133.25,35.55
5884,1995-02-12 00:00:00,0.08300255849580747,-0.03521360487229752,0.2012187218639125,133.25,35.55
5885,1995-02-13 00:00:00,0.06555045423679458,-0.05348155264757476,0.18458246112116392,133.25,35.55
5886,1995-02-14 00:00:00,-0.00709476625710017,-0.12556141733941406,0.11137188482521368,133.25,35.55
5887,1995-02-15 00:00:00,0.06879082760241031,-0.04947638533394605,0.18705804053876668,133.25,35.55
5888,1995-02-16 00:00:00,0.0698124875304317,-0.04863392831707794,0.18825890337794132,133.25,35.55
5889,1995-02-17 00:00:00,0.061318465811132775,-0.05703771155483421,0.17967464317709975,133.25,35.55
5890,1995-02-18 00:00:00,-0.0012677915106908688,-0.119425731403752,0.11689014838237027,133.25,35.55
5891,1995-02-19 00:00:00,0.009266104164836477,-0.10897163325425617,0.12750384158392913,133.25,35.55
5892,1995-02-20 00:00:00,-0.003473009448377681,-0.12180349611057675,0.1148574772138214,133.25,35.55
5893,1995-02-21 00:00:00,0.03565601086068405,-0.0828569275856162,0.15416894930698433,133.25,35.55
5894,1995-02-22 00:00:00,0.06408809658749452,-0.05433246926267586,0.1825086624376649,133.25,35.55
5895,1995-02-23 00:00:00,0.03386587150450052,-0.08434771612593653,0.15207945913493756,133.25,35.55
5896,1995-02-24 00:00:00,-0.010026957412930521,-0.12828246623128928,0.10822855140542824,133.25,35.55
5897,1995-02-25 00:00:00,0.036440157531110566,-0.08175016642759997,0.15463048148982111,133.25,35.55
5898,1995-02-26 00:00:00,0.11790079352525347,-0.0006824071007092009,0.2364839941512161,133.25,35.55
5899,1995-02-27 00:00:00,0.026276124419974047,-0.09323513796405468,0.14578738680400274,133.25,35.55
5900,1995-02-28 00:00:00,0.13116248468181582,0.012791457911364571,0.2495335114522671,133.25,35.55
5901,1995-03-01 00:00:00,0.06249501460596461,-0.05673737501081433,0.18172740422274355,133.25,35.55
5902,1995-03-02 00:00:00,-0.02293859833836007,-0.1419084688398872,0.09603127216316706,133.25,35.55
5903,1995-03-03 00:00:00,0.056664220054680636,-0.06161514844619133,0.1749435885555526,133.25,35.55
5904,1995-03-04 00:00:00,0.04398337587275285,-0.07474961919717404,0.16271637094267974,133.25,35.55
5905,1995-03-05 00:00:00,0.0644720276935108,-0.054597837627146775,0.1835418930141684,133.25,35.55
5906,1995-03-06 00:00:00,0.02190694081843304,-0.09651965237107013,0.14033353400793622,133.25,35.55
5907,1995-03-07 00:00:00,0.0292154009762537,-0.08896927361421372,0.1474000755667211,133.25,35.55
5908,1995-03-08 00:00:00,0.04578073256491174,-0.07243283396721034,0.1639942990970338,133.25,35.55
5909,1995-03-09 00:00:00,-0.03804089650461832,-0.1563263764089506,0.08024458339971396,133.25,35.55
5910,1995-03-10 00:00:00,0.20876913310018289,0.08728599659086297,0.3302522696095027,133.25,35.55
5911,1995-03-11 00:00:00,0.2473396026699952,0.12241097033782385,0.37226823500216655,133.25,35.55
5912,1995-03-12 00:00:00,0.13337197258633113,0.011139195717516565,0.2556047494551457,133.25,35.55
5913,1995-03-13 00:00:00,0.03282372456976584,-0.08661317481048075,0.1522606239500124,133.25,35.55
5914,1995-03-14 00:00:00,-0.048370001446752256,-0.1668950891204185,0.07015508622691398,133.25,35.55
5915,1995-03-15 00:00:00,-0.034399293717289885,-0.15254220558063047,0.08374361814605068,133.25,35.55
5916,1995-03-16 00:00:00,0.21339921791045247,0.09453972411568758,0.33225871170521737,133.25,35.55
5917,1995-03-17 00:00:00,0.18366646595570085,0.06303592965517339,0.30429700225622824,133.25,35.55
5918,1995-03-18 00:00:00,-0.032932001558166765,-0.15195203521318906,0.08608803209685552,133.25,35.55
5919,1995-03-19 00:00:00,0.09154218490404584,-0.0268118149384831,0.2098961847465748,133.25,35.55
5920,1995-03-20 00:00:00,0.09697988708522763,-0.021457742293612855,0.21541751646406807,133.25,35.55
5921,1995-03-21 00:00:00,0.11367862751496068,-0.004717826030096185,0.2320750810600176,133.25,35.55
5922,1995-03-22 00:00:00,0.011020404917818671,-0.10746627890251796,0.12950708873815528,133.25,35.55
5923,1995-03-23 00:00:00,0.024886051336001747,-0.09344781973063318,0.14321992240263667,133.25,35.55
5924,1995-03-24 00:00:00,0.05751189281311784,-0.0608068476043753,0.17583063323061096,133.25,35.55
5925,1995-03-25 00:00:00,0.013526722727732324,-0.10506227675400466,0.13211572220946932,133.25,35.55
5926,1995-03-26 00:00:00,0.10181272131751226,-0.01675108103323164,0.22037652366825616,133.25,35.55
5927,1995-03-27 00:00:00,0.0435733751968699,-0.07476284395055321,0.16190959434429306,133.25,35.55
5928,1995-03-28 00:00:00,-0.007533560178908308,-0.12598219542695852,0.1109150750691419,133.25,35.55
5929,1995-03-29 00:00:00,0.049498241678550575,-0.06878610283102432,0.16778258618812547,133.25,35.55
5930,1995-03-30 00:00:00,0.05898189799776301,-0.05939634286517851,0.17736013886070456,133.25,35.55
5931,1995-03-31 00:00:00,0.033219129988707026,-0.08544410604829322,0.15188236602570726,133.25,35.55
5932,1995-04-01 00:00:00,0.09918521098158448,-0.01983617740116773,0.21820659936433676,133.25,35.55
5933,1995-04-02 00:00:00,0.042707655273084386,-0.0763002291891248,0.1617155397352936,133.25,35.55
5934,1995-04-03 00:00:00,0.031234821675391714,-0.0876346831549103,0.15010432650569372,133.25,35.55
5935,1995-04-04 00:00:00,0.048241368912903884,-0.07010677224385818,0.16658951006966596,133.25,35.55
5936,1995-04-05 00:00:00,0.051584982608068534,-0.06661724251746676,0.1697872077336038,133.25,35.55
5937,1995-04-06 00:00:00,0.12997313992470325,0.011719728752256658,0.24822655109714986,133.25,35.55
5938,1995-04-07 00:00:00,0.06766159486423809,-0.05082398319073389,0.18614717291921007,133.25,35.55
5939,1995-04-08 00:00:00,0.06669301083697013,-0.05181620224324415,0.1852022239171844,133.25,35.55
5940,1995-04-09 00:00:00,0.11663212862288425,-0.0018046920935109593,0.23506894933927944,133.25,35.55
5941,1995-04-10 00:00:00,-0.027875198173235964,-0.14630701376320307,0.09055661741673117,133.25,35.55
5942,1995-04-11 00:00:00,-0.03632814022263649,-0.1546936779109555,0.08203739746568255,133.25,35.55
5943,1995-04-12 00:00:00,0.1925431268885132,0.07323139687704598,0.3118548568999804,133.25,35.55
5944,1995-04-13 00:00:00,0.025552720798738163,-0.09366850785364657,0.14477394945112287,133.25,35.55
5945,1995-04-14 00:00:00,0.04999213073462618,-0.06838544417734332,0.1683697056465957,133.25,35.55
5946,1995-04-15 00:00:00,-0.028002059932938188,-0.1468648720068513,0.09086075214097494,133.25,35.55
5947,1995-04-16 00:00:00,-0.011618822985702321,-0.12995371846495776,0.10671607249355314,133.25,35.55
5948,1995-04-17 00:00:00,-0.008735514601881279,-0.12712685126049705,0.1096558220567345,133.25,35.55
5949,1995-04-18 00:00:00,0.0510773484010686,-0.06711776733140838,0.16927246413354555,133.25,35.55
5950,1995-04-19 00:00:00,0.12294720927829292,0.004388511894561201,0.24150590666202465,133.25,35.55
5951,1995-04-20 00:00:00,-0.024608815035418428,-0.14350598417408256,0.0942883541032457,133.25,35.55
5952,1995-04-21 00:00:00,0.04550372757714391,-0.07277143778874882,0.16377889294303666,133.25,35.55
5953,1995-04-22 00:00:00,0.22362222713470964,0.10474832412939944,0.34249613014001984,133.25,35.55
5954,1995-04-23 00:00:00,0.26295741671808914,0.14079944727227914,0.3851153861638991,133.25,35.55
5955,1995-04-24 00:00:00,-0.027629430656352275,-0.14879144037959013,0.0935325790668856,133.25,35.55
5956,1995-04-25 00:00:00,0.04916719204987759,-0.06906137183967334,0.16739575593942851,133.25,35.55
5957,1995-04-26 00:00:00,0.13895941515091512,0.02029758848289276,0.2576212418189375,133.25,35.55
5958,1995-04-27 00:00:00,0.012514837959895464,-0.10614420099814743,0.13117387691793836,133.25,35.55
5959,1995-04-28 00:00:00,0.02860016986105348,-0.08956235652367772,0.1467626962457847,133.25,35.55
5960,1995-04-29 00:00:00,0.04074625258048298,-0.07741307898814108,0.15890558414910702,133.25,35.55
5961,1995-04-30 00:00:00,0.0489991856298649,-0.0692269334232618,0.16722530468299165,133.25,35.55
5962,1995-05-01 00:00:00,0.030229945541412374,-0.08801541224665275,0.1484753033294775,133.25,35.55
5963,1995-05-02 00:00:00,0.0946542198263572,-0.023990584792225902,0.21329902444494028,133.25,35.55
5964,1995-05-03 00:00:00,0.05794092412622522,-0.060468996236565264,0.17635084448901572,133.25,35.55
5965,1995-05-04 00:00:00,0.06652192624901329,-0.05187994117389487,0.18492379367192147,133.25,35.55
5966,1995-05-05 00:00:00,0.12900072045245806,0.010617675797881698,0.2473837651070344,133.25,35.55
5967,1995-05-06 00:00:00,0.0317827634564588,-0.08662787989885509,0.1501934068117727,133.25,35.55
5968,1995-05-07 00:00:00,0.0035379790487288475,-0.11466346243887435,0.12173942053633205,133.25,35.55
5969,1995-05-08 00:00:00,0.04720354513799295,-0.07094940954527842,0.16535649982126432,133.25,35.55
5970,1995-05-09 00:00:00,0.08803324830699287,-0.030165568561206123,0.20623206517519188,133.25,35.55
5971,1995-05-10 00:00:00,0.14746611821678451,0.029077825631464937,0.2658544108021041,133.25,35.55
5972,1995-05-11 00:00:00,0.09259905080957603,-0.02685964932415949,0.2120577509433116,133.25,35.55
5973,1995-05-12 00:00:00,-0.020664367177648045,-0.14059872841129442,0.09926999405599833,133.25,35.55
5974,1995-05-13 00:00:00,-0.02211064844320327,-0.1412205604798945,0.09699926359348797,133.25,35.55
5975,1995-05-14 00:00:00,0.12107399141288297,0.0026330165113348236,0.23951496631443114,133.25,35.55
5976,1995-05-15 00:00:00,0.04993914608246214,-0.06845920399293726,0.16833749615786153,133.25,35.55
5977,1995-05-16 00:00:00,0.0543773871699528,-0.06390545564929351,0.17266022998919908,133.25,35.55
5978,1995-05-17 00:00:00,0.09513675062925153,-0.02359278567073264,0.2138662869292357,133.25,35.55
5979,1995-05-18 00:00:00,0.021081797715341043,-0.09755043343018553,0.1397140288608676,133.25,35.55
5980,1995-05-19 00:00:00,0.040704710157129016,-0.07746704143887333,0.15887646175313136,133.25,35.55
5981,1995-05-20 00:00:00,0.1485698642755926,0.0302941864118044,0.26684554213938083,133.25,35.55
5982,1995-05-21 00:00:00,0.16134539402477993,0.04267254563958167,0.2800182424099782,133.25,35.55
5983,1995-05-22 00:00:00,0.06621316569814488,-0.05283749642284452,0.18526382781913425,133.25,35.55
5984,1995-05-23 00:00:00,0.06933346069897373,-0.049468247863112616,0.18813516926106005,133.25,35.55
5985,1995-05-24 00:00:00,0.07741420855806247,-0.040907624762680034,0.19573604187880494,133.25,35.55
5986,1995-05-25 00:00:00,0.14605362731876514,0.0278099253981038,0.2642973292394265,133.25,35.55
5987,1995-05-26 00:00:00,0.07589239175040519,-0.04253507601262221,0.19431985951343256,133.25,35.55
5988,1995-05-27 00:00:00,0.006962448514750627,-0.11136481677575737,0.1252897138052586,133.25,35.55
5989,1995-05-28 00:00:00,0.015333658142822988,-0.10290058581793272,0.1335679021035787,133.25,35.55
5990,1995-05-29 00:00:00,0.07916284014903448,-0.03951572343718958,0.19784140373525852,133.25,35.55
5991,1995-05-30 00:00:00,0.11861670122547638,-0.0001051381285343128,0.23733854057948706,133.25,35.55
5992,1995-05-31 00:00:00,0.08824374758341608,-0.029996394482366205,0.2064838896491984,133.25,35.55
5993,1995-06-01 00:00:00,0.000342525183380691,-0.11781438819745625,0.11849943856421764,133.25,35.55
5994,1995-06-02 00:00:00,0.017430129972965558,-0.10069033371518947,0.1355505936611206,133.25,35.55
5995,1995-06-03 00:00:00,0.09648784378605982,-0.021835925957402705,0.21481161352952235,133.25,35.55
5996,1995-06-04 00:00:00,0.251932012039061,0.13115070427600806,0.372713319802114,133.25,35.55
5997,1995-06-05 00:00:00,-0.002672794354097112,-0.12185368214118443,0.11650809343299018,133.25,35.55
5998,1995-06-06 00:00:00,0.07660382529565055,-0.04166584929241558,0.19487349988371666,133.25,35.55
5999,1995-06-07 00:00:00,-0.011116550984355279,-0.12940894921008633,0.10717584724137576,133.25,35.55
6000,1995-06-08 00:00:00,-0.013467626203005132,-0.1316550260027302,0.10471977359671993,133.25,35.55
6001,1995-06-09 00:00:00,0.03901421320216461,-0.08054192686997218,0.1585703532743014,133.25,35.55
6002,1995-06-10 00:00:00,0.017425463348582748,-0.101215542374803,0.13606646907196848,133.25,35.55
6003,1995-06-11 00:00:00,-0.021909421677028692,-0.14013935010383285,0.09632050674977544,133.25,35.55
6004,1995-06-12 00:00:00,-0.014230898643612641,-0.1325383324820786,0.10407653519485333,133.25,35.55
6005,1995-06-13 00:00:00,0.01977939047032247,-0.0988657402580479,0.13842452119869286,133.25,35.55
6006,1995-06-14 00:00:00,0.025428951752849448,-0.09329774382829532,0.1441556473339942,133.25,35.55
6007,1995-06-15 00:00:00,0.09211691775198337,-0.02629330583075444,0.2105271413347212,133.25,35.55
6008,1995-06-16 00:00:00,0.09443381811344403,-0.023956294865626268,0.21282393109251435,133.25,35.55
6009,1995-06-17 00:00:00,0.022351113802295118,-0.09579104243258224,0.1404932700371725,133.25,35.55
6010,1995-06-18 00:00:00,0.053198848831626365,-0.06496463876774833,0.17136233643100104,133.25,35.55
6011,1995-06-19 00:00:00,0.12820550310536166,0.009530595863086508,0.2468804103476368,133.25,35.55
6012,1995-06-20 00:00:00,0.07911741439880701,-0.03926005919773931,0.19749488799535334,133.25,35.55
6013,1995-06-21 00:00:00,0.008194088365670798,-0.11006416383780193,0.1264523405691435,133.25,35.55
6014,1995-06-22 00:00:00,0.031832453300042425,-0.0864403142564959,0.15010522085658076,133.25,35.55
6015,1995-06-23 00:00:00,0.0394804149985028,-0.07873975951444764,0.15770058951145324,133.25,35.55
6016,1995-06-24 00:00:00,0.04637052453740303,-0.07182994637404888,0.16457099544885492,133.25,35.55
6017,1995-06-25 00:00:00,0.04994790781978063,-0.0682420866624147,0.16813790230197595,133.25,35.55
6018,1995-06-26 00:00:00,0.0922969403814226,-0.026113936171780174,0.2107078169346254,133.25,35.55
6019,1995-06-27 00:00:00,0.04895306690743926,-0.06928173322137368,0.1671878670362522,133.25,35.55
6020,1995-06-28 00:00:00,0.02435182723802768,-0.09376346240766983,0.14246711688372518,133.25,35.55
6021,1995-06-29 00:00:00,0.049405473816209286,-0.0686981072162082,0.16750905484862674,133.25,35.55
6022,1995-06-30 00:00:00,0.08981303301978029,-0.02831211248829764,0.20793817852785826,133.25,35.55
6023,1995-07-01 00:00:00,0.15150547679040507,0.03305659855758196,0.2699543550232282,133.25,35.55
6024,1995-07-02 00:00:00,0.047495037762926254,-0.07088290994249932,0.16587298546835186,133.25,35.55
6025,1995-07-03 00:00:00,0.16494387483886067,0.045748954416347166,0.2841387952613741,133.25,35.55
6026,1995-07-04 00:00:00,0.006514328964078199,-0.11251388657475828,0.12554254450291466,133.25,35.55
6027,1995-07-05 00:00:00,0.014780322689112238,-0.10369898265841122,0.1332596280366357,133.25,35.55
6028,1995-07-06 00:00:00,0.043740673265735684,-0.07463512207294924,0.16211646860442064,133.25,35.55
6029,1995-07-07 00:00:00,0.0368344624933622,-0.08133136938458689,0.1550002943713113,133.25,35.55
6030,1995-07-08 00:00:00,0.09859567869811556,-0.0197357643961597,0.2169271217923908,133.25,35.55
6031,1995-07-09 00:00:00,0.10867144286195518,-0.00970458702383162,0.227047472747742,133.25,35.55
6032,1995-07-10 00:00:00,0.1759423258555587,0.057658008693371114,0.29422664301774626,133.25,35.55
6033,1995-07-11 00:00:00,0.12586321283927632,0.007574242204427428,0.2441521834741252,133.25,35.55
6034,1995-07-12 00:00:00,0.0821866886170475,-0.03606052243384995,0.20043389966794492,133.25,35.55
6035,1995-07-13 00:00:00,0.11242500721373454,-0.0058204482460690035,0.2306704626735381,133.25,35.55
6036,1995-07-14 00:00:00,0.1758046476163963,0.057347102251773134,0.2942621929810195,133.25,35.55
6037,1995-07-15 00:00:00,0.07452707012749901,-0.04387128936106423,0.19292542961606224,133.25,35.55
6038,1995-07-16 00:00:00,0.14624607084560806,0.027761990553294147,0.264730151137922,133.25,35.55
6039,1995-07-17 00:00:00,0.10219265339640836,-0.016246532530799246,0.22063183932361602,133.25,35.55
6040,1995-07-18 00:00:00,0.02620540056475648,-0.09207967155008663,0.14449047267959958,133.25,35.55
6041,1995-07-19 00:00:00,0.03849749395068454,-0.07962151597057128,0.15661650387194034,133.25,35.55
6042,1995-07-20 00:00:00,0.12846460292713965,0.010132460815529015,0.2467967450387503,133.25,35.55
6043,1995-07-21 00:00:00,0.11095441403937392,-0.007388759184170369,0.2292975872629182,133.25,35.55
6044,1995-07-22 00:00:00,0.04669709132196029,-0.07149797958499557,0.16489216222891612,133.25,35.55
6045,1995-07-23 00:00:00,0.0662834830501403,-0.05220050136765196,0.18476746746793252,133.25,35.55
6046,1995-07-24 00:00:00,0.22266697791921344,0.10229631170260513,0.3430376441358217,133.25,35.55
6047,1995-07-25 00:00:00,0.10482592446481047,-0.014634615800283413,0.2242864647299044,133.25,35.55
6048,1995-07-26 00:00:00,0.031346588718020665,-0.08682579137687664,0.149518968812918,133.25,35.55
6049,1995-07-27 00:00:00,0.04056471135103553,-0.07759557679817858,0.15872499950024965,133.25,35.55
6050,1995-07-28 00:00:00,0.05808160721631379,-0.060034387300970576,0.17619760173359816,133.25,35.55
6051,1995-07-29 00:00:00,0.09253622121244924,-0.025576049676953237,0.21064849210185171,133.25,35.55
6052,1995-07-30 00:00:00,0.10002310172191267,-0.018098573940281068,0.21814477738410645,133.25,35.55
6053,1995-07-31 00:00:00,0.07413762099077435,-0.044021724560485996,0.1922969665420347,133.25,35.55
6054,1995-08-01 00:00:00,0.0916810272838212,-0.026474391998415864,0.20983644656605824,133.25,35.55
6055,1995-08-02 00:00:00,0.08819909398490874,-0.029952265357415575,0.20635045332723306,133.25,35.55
6056,1995-08-03 00:00:00,0.0727245384679791,-0.04540389159594892,0.19085296853190714,133.25,35.55
6057,1995-08-04 00:00:00,0.043020683928042015,-0.07510588699356434,0.16114725484964834,133.25,35.55
6058,1995-08-05 00:00:00,0.052731564583106606,-0.06537626707088517,0.1708393962370984,133.25,35.55
6059,1995-08-06 00:00:00,0.06505179338888956,-0.05304818801927827,0.18315177479705735,133.25,35.55
6060,1995-08-07 00:00:00,0.08052653816098031,-0.03759818881795128,0.19865126513991188,133.25,35.55
6061,1995-08-08 00:00:00,0.1072025377271478,-0.010926381893920534,0.2253314573482161,133.25,35.55
6062,1995-08-09 00:00:00,0.09935422990470184,-0.018811699658140613,0.21752015946754427,133.25,35.55
6063,1995-08-10 00:00:00,0.14952842685910006,0.031225820119713987,0.2678310335984861,133.25,35.55
6064,1995-08-11 00:00:00,0.06881983845331871,-0.04947772709716167,0.1871174040037991,133.25,35.55
6065,1995-08-12 00:00:00,0.0628717164759309,-0.055292666562783296,0.1810360995146451,133.25,35.55
6066,1995-08-13 00:00:00,0.05600023608736726,-0.06211278293240721,0.17411325510714173,133.25,35.55
6067,1995-08-14 00:00:00,0.035474609077049496,-0.08265580030290172,0.15360501845700072,133.25,35.55
6068,1995-08-15 00:00:00,0.02034134139223124,-0.09776754630123304,0.13845022908569551,133.25,35.55
6069,1995-08-16 00:00:00,0.04798615233069669,-0.07011544231245906,0.16608774697385245,133.25,35.55
6070,1995-08-17 00:00:00,0.024877426784883173,-0.093240460850832,0.14299531442059835,133.25,35.55
6071,1995-08-18 00:00:00,0.09660422269514857,-0.021542163082095004,0.21475060847239213,133.25,35.55
6072,1995-08-19 00:00:00,0.09103806926732504,-0.027068447240414337,0.20914458577506445,133.25,35.55
6073,1995-08-20 00:00:00,0.08117088439785998,-0.03694650601916327,0.19928827481488326,133.25,35.55
6074,1995-08-21 00:00:00,0.08911548324089122,-0.029121490315147824,0.20735245679693026,133.25,35.55
6075,1995-08-22 00:00:00,0.009461359904453485,-0.10862683087358133,0.12754955068248827,133.25,35.55
6076,1995-08-23 00:00:00,0.041111382904833904,-0.07695445004597297,0.15917721585564076,133.25,35.55
6077,1995-08-24 00:00:00,0.06466941326061887,-0.05347452273422884,0.18281334925546655,133.25,35.55
6078,1995-08-25 00:00:00,0.09545296806396597,-0.02272817475537453,0.2136341108833065,133.25,35.55
6079,1995-08-26 00:00:00,0.08743035388869651,-0.03075914042081318,0.2056198481982062,133.25,35.55
6080,1995-08-27 00:00:00,0.22063708920879632,0.10201727146519032,0.33925690695240235,133.25,35.55
6081,1995-08-28 00:00:00,0.0892673767848484,-0.030110570149882807,0.2086453237195796,133.25,35.55
6082,1995-08-29 00:00:00,0.0249959121664817,-0.09325452999929218,0.14324635433225558,133.25,35.55
6083,1995-08-30 00:00:00,0.07556673166451358,-0.04255162561321385,0.19368508894224096,133.25,35.55
6084,1995-08-31 00:00:00,0.11667198377509827,-0.0016743890160756806,0.23501835656627226,133.25,35.55
6085,1995-09-01 00:00:00,0.018424551166687026,-0.09996079362867367,0.13680989596204773,133.25,35.55
6086,1995-09-02 00:00:00,0.10967454302083124,-0.008564064332652652,0.22791315037431514,133.25,35.55
6087,1995-09-03 00:00:00,0.16255729594937168,0.043837448845443015,0.2812771430533003,133.25,35.55
6088,1995-09-04 00:00:00,0.07040426309422343,-0.04815452121213648,0.1889630474005833,133.25,35.55
6089,1995-09-05 00:00:00,0.02733346889721277,-0.09096231430756413,0.14562925210198968,133.25,35.55
6090,1995-09-06 00:00:00,0.061756479186861564,-0.0564389384631207,0.17995189683684382,133.25,35.55
6091,1995-09-07 00:00:00,0.12003397622103396,0.0017643292955629164,0.23830362314650502,133.25,35.55
6092,1995-09-08 00:00:00,-0.03287991965051353,-0.15106888098979107,0.08530904168876399,133.25,35.55
6093,1995-09-09 00:00:00,0.056907282194628525,-0.06122946496883901,0.17504402935809604,133.25,35.55
6094,1995-09-10 00:00:00,0.1021653538226956,-0.015982902347751834,0.22031360999314306,133.25,35.55
6095,1995-09-11 00:00:00,0.07637118117184212,-0.04213367523862403,0.19487603758230831,133.25,35.55
6096,1995-09-12 00:00:00,-0.0004310248994829737,-0.11890423637852435,0.1180421865795584,133.25,35.55
6097,1995-09-13 00:00:00,0.016382051573623418,-0.1017800467045592,0.13454414985180602,133.25,35.55
6098,1995-09-14 00:00:00,0.0679453238977406,-0.050255649384586376,0.1861462971800676,133.25,35.55
6099,1995-09-15 00:00:00,-0.011103506801058552,-0.12926339436868794,0.10705638076657087,133.25,35.55
6100,1995-09-16 00:00:00,0.02633725647749428,-0.09190238159804844,0.14457689455303702,133.25,35.55
6101,1995-09-17 00:00:00,-0.07667458982962835,-0.19964734851584987,0.046298168856593165,133.25,35.55
6102,1995-09-18 00:00:00,-0.2161487131086814,-0.3390399121351966,-0.0932575140821662,133.25,35.55
6103,1995-09-19 00:00:00,-0.030039653937317907,-0.14828104435451558,0.08820173647987978,133.25,35.55
6104,1995-09-20 00:00:00,-0.030644431319336418,-0.14892929384604708,0.08764043120737426,133.25,35.55
6105,1995-09-21 00:00:00,0.01773210416049063,-0.10055354407922368,0.13601775240020494,133.25,35.55
6106,1995-09-22 00:00:00,0.0066196029962126285,-0.11150290037186143,0.12474210636428668,133.25,35.55
6107,1995-09-23 00:00:00,-0.024906573055962403,-0.1432403933864099,0.09342724727448508,133.25,35.55
6108,1995-09-24 00:00:00,0.20894999933832714,0.08826628515359475,0.32963371352305953,133.25,35.55
6109,1995-09-25 00:00:00,0.05432948462268858,-0.0664718004383498,0.17513076968372696,133.25,35.55
6110,1995-09-26 00:00:00,0.025374163567608955,-0.09271091132645093,0.14345923846166886,133.25,35.55
6111,1995-09-27 00:00:00,0.08865162005042601,-0.029636311806236357,0.2069395519070884,133.25,35.55
6112,1995-09-28 00:00:00,0.049946941145281885,-0.06848859446377976,0.16838247675434356,133.25,35.55
6113,1995-09-29 00:00:00,0.004628515568203701,-0.1135101784862222,0.1227672096226296,133.25,35.55
6114,1995-09-30 00:00:00,-0.015381405367221318,-0.13350841936411526,0.1027456086296726,133.25,35.55
6115,1995-10-01 00:00:00,-0.03894368151588228,-0.15718921422039436,0.07930185118862977,133.25,35.55
6116,1995-10-02 00:00:00,0.11257305042506643,-0.006393586908798904,0.2315396877589318,133.25,35.55
6117,1995-10-03 00:00:00,0.05192883211513884,-0.06660033204663622,0.17045799627691388,133.25,35.55
6118,1995-10-04 00:00:00,0.08736149262139546,-0.03082855014028245,0.20555153538307336,133.25,35.55
6119,1995-10-05 00:00:00,0.05309706877606639,-0.06512719451456826,0.17132133206670105,133.25,35.55
6120,1995-10-06 00:00:00,-0.028615341137551962,-0.1470339039922162,0.08980322171711227,133.25,35.55
6121,1995-10-07 00:00:00,-0.014295747946970881,-0.13254829726623285,0.1039568013722911,133.25,35.55
6122,1995-10-08 00:00:00,0.028484614644792624,-0.08960242322124165,0.1465716525108269,133.25,35.55
6123,1995-10-09 00:00:00,0.03581481844981305,-0.0822958759282728,0.1539255128278989,133.25,35.55
6124,1995-10-10 00:00:00,-0.07032024902922095,-0.18846864142116365,0.04782814336272175,133.25,35.55
6125,1995-10-11 00:00:00,-0.020042367802500908,-0.1382001756108951,0.09811544000589327,133.25,35.55
6126,1995-10-12 00:00:00,0.008895302051230125,-0.10932441371591498,0.12711501781837525,133.25,35.55
6127,1995-10-13 00:00:00,-0.010424714137138552,-0.1286233988739899,0.1077739705997128,133.25,35.55
6128,1995-10-14 00:00:00,0.043459503413305935,-0.07472732921957348,0.16164633604618536,133.25,35.55
6129,1995-10-15 00:00:00,0.05557466930916215,-0.06263719941934685,0.17378653803767113,133.25,35.55
6130,1995-10-16 00:00:00,0.08243429435743717,-0.035880190708925584,0.2007487794238,133.25,35.55
6131,1995-10-17 00:00:00,0.0297079766406629,-0.0886271759663545,0.14804312924768032,133.25,35.55
6132,1995-10-18 00:00:00,-0.01172858492269632,-0.12984465133781484,0.1063874814924222,133.25,35.55
6133,1995-10-19 00:00:00,0.0116763709097432,-0.10653244843184084,0.12988519025132725,133.25,35.55
6134,1995-10-20 00:00:00,-0.03298113931681717,-0.15129337753332642,0.08533109889969206,133.25,35.55
6135,1995-10-21 00:00:00,-0.018555559067391064,-0.13677785763281758,0.09966673949803544,133.25,35.55
6136,1995-10-22 00:00:00,0.01218941315467825,-0.10603036796771977,0.13040919427707626,133.25,35.55
6137,1995-10-23 00:00:00,-0.01851879559658861,-0.13666308567324115,0.09962549448006394,133.25,35.55
6138,1995-10-24 00:00:00,0.0871558709151862,-0.031061699783282413,0.2053734416136548,133.25,35.55
6139,1995-10-25 00:00:00,0.08638522767237825,-0.032358084135807964,0.20512853948056445,133.25,35.55
6140,1995-10-26 00:00:00,0.0007382617268931227,-0.11767597141716432,0.11915249487095055,133.25,35.55
6141,1995-10-27 00:00:00,-0.01840638879276087,-0.1365849423998522,0.09977216481433043,133.25,35.55
6142,1995-10-28 00:00:00,-0.01753227723543999,-0.13572547528502907,0.10066092081414907,133.25,35.55
6143,1995-10-29 00:00:00,0.06793824261744172,-0.050340249062460964,0.1862167342973444,133.25,35.55
6144,1995-10-30 00:00:00,0.1025011559787759,-0.015855338014386322,0.22085764997193813,133.25,35.55
6145,1995-10-31 00:00:00,0.16608047445637006,0.047696511697076234,0.28446443721566383,133.25,35.55
6146,1995-11-01 00:00:00,0.26736123128587386,0.14777004001892807,0.3869524225528197,133.25,35.55
6147,1995-11-02 00:00:00,0.09445177666812216,-0.02553839917054305,0.21444195250678735,133.25,35.55
6148,1995-11-03 00:00:00,0.1412415934624038,0.022706463435524404,0.2597767234892832,133.25,35.55
6149,1995-11-04 00:00:00,0.0392545909639242,-0.07921014414766782,0.1577193260755162,133.25,35.55
6150,1995-11-05 00:00:00,-0.0092984350189768,-0.1274657821975116,0.108868912159558,133.25,35.55
6151,1995-11-06 00:00:00,0.020265171168672404,-0.0978800485240952,0.13841039086144002,133.25,35.55
6152,1995-11-07 00:00:00,0.1410311807170787,0.022807860519567444,0.25925450091459,133.25,35.55
6153,1995-11-08 00:00:00,0.16450559703637307,0.03565871618420996,0.2933524778885362,133.25,35.55
6154,1995-11-09 00:00:00,0.22026787039833692,0.1004679892247112,0.34006775157196273,133.25,35.55
6155,1995-11-10 00:00:00,0.11092700268720836,-0.007855888974464528,0.2297098943488813,133.25,35.55
6156,1995-11-11 00:00:00,0.08357573226939873,-0.035577349587119084,0.20272881412591653,133.25,35.55
6157,1995-11-12 00:00:00,0.04131682696232166,-0.07715749419472354,0.15979114811936687,133.25,35.55
6158,1995-11-13 00:00:00,0.03891557648408171,-0.07922680728840481,0.15705796025656826,133.25,35.55
6159,1995-11-14 00:00:00,0.18578955259137694,0.06727386653502544,0.3043052386477285,133.25,35.55
6160,1995-11-15 00:00:00,-0.0032490943944759113,-0.12224854933552495,0.11575036054657314,133.25,35.55
6161,1995-11-16 00:00:00,-0.015298373340407803,-0.1336165210601008,0.10301977437928518,133.25,35.55
6162,1995-11-17 00:00:00,0.055229250220593606,-0.06297698951518202,0.17343548995636926,133.25,35.55
6163,1995-11-18 00:00:00,-0.08324667234012101,-0.2014845667539072,0.03499122207366519,133.25,35.55
6164,1995-11-19 00:00:00,0.05519885877242315,-0.0630440715196984,0.1734417890645447,133.25,35.55
6165,1995-11-20 00:00:00,0.1442883835762218,0.025486012847472556,0.2630907543049711,133.25,35.55
6166,1995-11-21 00:00:00,-0.028832438362051238,-0.14755374973760124,0.08988887301349878,133.25,35.55
6167,1995-11-22 00:00:00,0.001200753491409908,-0.11696973715964755,0.1193712441424674,133.25,35.55
6168,1995-11-23 00:00:00,0.1256814544428808,0.007473887439532424,0.24388902144622915,133.25,35.55
6169,1995-11-24 00:00:00,0.17324746015353193,0.05444967209368652,0.2920452482133773,133.25,35.55
6170,1995-11-25 00:00:00,0.10641039872090348,-0.01241440347528257,0.22523520091708954,133.25,35.55
6171,1995-11-26 00:00:00,0.07006928993472393,-0.04828769041108713,0.18842627028053496,133.25,35.55
6172,1995-11-27 00:00:00,0.03701463120594657,-0.08155429473291448,0.15558355714480762,133.25,35.55
6173,1995-11-28 00:00:00,0.015502484945585475,-0.10281984178998638,0.1338248116811573,133.25,35.55
6174,1995-11-29 00:00:00,0.01327196446655364,-0.10494289881786883,0.13148682775097612,133.25,35.55
6175,1995-11-30 00:00:00,0.06175359732692232,-0.056554111880136364,0.180061306533981,133.25,35.55
6176,1995-12-01 00:00:00,0.06492292858122234,-0.0536198093894245,0.1834656665518692,133.25,35.55
6177,1995-12-02 00:00:00,0.07359931710260191,-0.04480201394282583,0.19200064814802964,133.25,35.55
6178,1995-12-03 00:00:00,0.05582853211360773,-0.06237991920587911,0.1740369834330946,133.25,35.55
6179,1995-12-04 00:00:00,0.06376663601314711,-0.054681028338838894,0.18221430036513311,133.25,35.55
6180,1995-12-05 00:00:00,0.13589436984233186,0.017120372471190595,0.25466836721347313,133.25,35.55
6181,1995-12-06 00:00:00,0.06920764659041895,-0.04962622693880522,0.18804152011964312,133.25,35.55
6182,1995-12-07 00:00:00,0.004599283495878716,-0.114034769991654,0.1232333369834114,133.25,35.55
6183,1995-12-08 00:00:00,0.025624967019707595,-0.09269362475290638,0.14394355879232154,133.25,35.55
6184,1995-12-09 00:00:00,-0.07859860615989528,-0.19727812939853467,0.04008091707874413,133.25,35.55
6185,1995-12-10 00:00:00,0.029631337248092256,-0.0885923800833204,0.14785505457950493,133.25,35.55
6186,1995-12-11 00:00:00,0.08933219060174326,-0.028868832655494336,0.20753321385898085,133.25,35.55
6187,1995-12-12 00:00:00,0.07133783133589244,-0.04703451896796517,0.18971018163975006,133.25,35.55
6188,1995-12-13 00:00:00,-0.011808026207774595,-0.13014173737136334,0.10652568495581416,133.25,35.55
6189,1995-12-14 00:00:00,0.04108308874877232,-0.07720125597841962,0.15936743347596424,133.25,35.55
6190,1995-12-15 00:00:00,0.13142441339535976,0.012751784009192885,0.2500970427815267,133.25,35.55
6191,1995-12-16 00:00:00,-0.035218475920222585,-0.15368451873114258,0.08324756689069741,133.25,35.55
6192,1995-12-17 00:00:00,0.061977186631249036,-0.05627859252117051,0.1802329657836686,133.25,35.55
6193,1995-12-18 00:00:00,-0.014005984103229169,-0.1321472187887466,0.10413525058228827,133.25,35.55
6194,1995-12-19 00:00:00,0.015616819189578931,-0.1027564908134608,0.13399012919261866,133.25,35.55
6195,1995-12-20 00:00:00,0.02930020314192492,-0.08917230410241309,0.1477727103862629,133.25,35.55
6196,1995-12-21 00:00:00,0.11777456668785073,-0.0005310491358225533,0.236080182511524,133.25,35.55
6197,1995-12-22 00:00:00,-0.011833484930696496,-0.13013325416553884,0.10646628430414584,133.25,35.55
6198,1995-12-23 00:00:00,0.10568074528995756,-0.012690887149045704,0.22405237772896086,133.25,35.55
6199,1995-12-24 00:00:00,0.2501615397526045,0.13045653079489844,0.3698665487103105,133.25,35.55
6200,1995-12-25 00:00:00,-0.017831438776155645,-0.13937875031423935,0.10371587276192804,133.25,35.55
6201,1995-12-26 00:00:00,0.047571381239838936,-0.07217813404994336,0.16732089652962126,133.25,35.55
6202,1995-12-27 00:00:00,-0.009051242890932149,-0.12768139150887065,0.10957890572700632,133.25,35.55
6203,1995-12-28 00:00:00,0.07468629522825485,-0.04355429218415642,0.1929268826406661,133.25,35.55
6204,1995-12-29 00:00:00,0.24340982386000495,0.12392081985483355,0.3628988278651764,133.25,35.55
6205,1995-12-30 00:00:00,0.1806345703757942,0.061063214522545275,0.30020592622904313,133.25,35.55
6206,1995-12-31 00:00:00,0.0579097580646241,-0.061087070724784136,0.17690658685403232,133.25,35.55
6207,1996-01-01 00:00:00,0.07069981663626754,-0.04826808073133658,0.18966771400387167,133.25,35.55
6208,1996-01-02 00:00:00,0.01313710405159147,-0.10514321802452883,0.13141742612771176,133.25,35.55
6209,1996-01-03 00:00:00,0.23932906067492446,0.119847908682157,0.35881021266769186,133.25,35.55
6210,1996-01-04 00:00:00,0.08471412325896813,-0.03517929891882994,0.20460754543676615,133.25,35.55
6211,1996-01-05 00:00:00,0.034515212484754434,-0.08393100860264187,0.15296143357215075,133.25,35.55
6212,1996-01-06 00:00:00,-0.002394538700204516,-0.12060087850105787,0.11581180110064886,133.25,35.55
6213,1996-01-07 00:00:00,-0.02100133218577693,-0.13925589059713134,0.09725322622557747,133.25,35.55
6214,1996-01-08 00:00:00,0.22829758122854815,0.1093306061247214,0.34726455633237496,133.25,35.55
6215,1996-01-09 00:00:00,0.065897992445579,-0.05565561506988513,0.1874515999610432,133.25,35.55
6216,1996-01-10 00:00:00,0.1689484891565846,0.04914293816448076,0.28875404014868844,133.25,35.55
6217,1996-01-11 00:00:00,0.03350528993088149,-0.08533557859817564,0.15234615845993862,133.25,35.55
6218,1996-01-12 00:00:00,-0.0199051914535132,-0.13836674537880464,0.09855636247177826,133.25,35.55
6219,1996-01-13 00:00:00,-0.04348158291506265,-0.1618159496852055,0.07485278385508018,133.25,35.55
6220,1996-01-14 00:00:00,0.09334039747008213,-0.02503480507827724,0.2117156000184415,133.25,35.55
6221,1996-01-15 00:00:00,0.0817981355552827,-0.03714815974986106,0.20074443086042648,133.25,35.55
6222,1996-01-16 00:00:00,0.045698520277782456,-0.07303765346076257,0.1644346940163275,133.25,35.55
6223,1996-01-17 00:00:00,0.011584652506733052,-0.1069023398301544,0.1300716448436205,133.25,35.55
6224,1996-01-18 00:00:00,0.06327041724520087,-0.055039549310683535,0.18158038380108527,133.25,35.55
6225,1996-01-19 00:00:00,0.028868265419876894,-0.08945162855143976,0.14718815939119353,133.25,35.55
6226,1996-01-20 00:00:00,0.0803819275494446,-0.03784000673624463,0.19860386183513384,133.25,35.55
6227,1996-01-21 00:00:00,0.017422137918558216,-0.10077246823740922,0.13561674407452565,133.25,35.55
6228,1996-01-22 00:00:00,0.0386440698333249,-0.07956036348030847,0.15684850314695828,133.25,35.55
6229,1996-01-23 00:00:00,0.06708097483208943,-0.05117845058417318,0.185340400248352,133.25,35.55
6230,1996-01-24 00:00:00,0.12162375479759872,0.002820499510049243,0.24042701008514825,133.25,35.55
6231,1996-01-25 00:00:00,0.09755249596541507,-0.021359625970097957,0.21646461790092814,133.25,35.55
6232,1996-01-26 00:00:00,0.05142307887728565,-0.06709474741528951,0.1699409051698608,133.25,35.55
6233,1996-01-27 00:00:00,0.020211971755593847,-0.09800480520459293,0.13842874871578062,133.25,35.55
6234,1996-01-28 00:00:00,0.07177571551448435,-0.046466207536032894,0.1900176385650016,133.25,35.55
6235,1996-01-29 00:00:00,0.15348215144265842,0.035013684760153686,0.27195061812516313,133.25,35.55
6236,1996-01-30 00:00:00,0.12036771687693833,0.0013401975446110381,0.2393952362092656,133.25,35.55
6237,1996-01-31 00:00:00,0.0847452862133988,-0.03429634616244208,0.2037869185892397,133.25,35.55
6238,1996-02-01 00:00:00,0.180265101471104,0.06098047773234906,0.2995497252098589,133.25,35.55
6239,1996-02-02 00:00:00,0.018801552414888328,-0.1014876364163324,0.13909074124610904,133.25,35.55
6240,1996-02-03 00:00:00,0.06379740297226519,-0.056278239486166066,0.18387304543069646,133.25,35.55
6241,1996-02-04 00:00:00,0.0911767946243877,-0.027135039900823263,0.20948862914959865,133.25,35.55
6242,1996-02-05 00:00:00,0.1944183072152562,0.07558587752472164,0.31325073690579075,133.25,35.55
6243,1996-02-06 00:00:00,0.13539600285866207,0.015109531330228463,0.2556824743870957,133.25,35.55
6244,1996-02-07 00:00:00,-0.011447241956347665,-0.13014174913640944,0.10724726522371412,133.25,35.55
6245,1996-02-08 00:00:00,0.07385645540020291,-0.044355067789885565,0.1920679785902914,133.25,35.55
6246,1996-02-09 00:00:00,0.14081381408580554,0.022430570560143557,0.2591970576114676,133.25,35.55
6247,1996-02-10 00:00:00,0.004599784529117919,-0.1141097692094741,0.12330933826770996,133.25,35.55
6248,1996-02-11 00:00:00,0.05797055946450878,-0.06048935253152837,0.1764304714605459,133.25,35.55
6249,1996-02-12 00:00:00,0.21765449727157216,0.09910068958353956,0.3362083049596048,133.25,35.55
6250,1996-02-13 00:00:00,0.1608221196328698,0.04221801614260823,0.27942622312313137,133.25,35.55
6251,1996-02-14 00:00:00,0.0847810223543043,-0.03346718614538188,0.2030292308539905,133.25,35.55
6252,1996-02-15 00:00:00,-0.011994697553451457,-0.13045103106941686,0.10646163596251396,133.25,35.55
6253,1996-02-16 00:00:00,0.04331131761992156,-0.07529353671772605,0.1619161719575692,133.25,35.55
6254,1996-02-17 00:00:00,-0.004667630175799846,-0.12312389381703928,0.1137886334654396,133.25,35.55
6255,1996-02-18 00:00:00,-0.04781169126793703,-0.16632139220489442,0.07069800966902035,133.25,35.55
6256,1996-02-19 00:00:00,0.004652908776639583,-0.11393962698500065,0.12324544453827982,133.25,35.55
6257,1996-02-20 00:00:00,-0.011286013537442371,-0.12960862714316818,0.10703660006828344,133.25,35.55
6258,1996-02-21 00:00:00,0.055520748947022726,-0.06289514115814643,0.1739366390521919,133.25,35.55
6259,1996-02-22 00:00:00,0.01997404706793702,-0.0983659075241816,0.13831400166005564,133.25,35.55
6260,1996-02-23 00:00:00,0.036947522101797504,-0.08120736012458002,0.155102404328175,133.25,35.55
6261,1996-02-24 00:00:00,-0.04103877258508559,-0.15921805142805415,0.07714050625788302,133.25,35.55
6262,1996-02-25 00:00:00,0.02583424660273285,-0.0923247810178047,0.1439932742232704,133.25,35.55
6263,1996-02-26 00:00:00,0.0762344658822506,-0.04242989683992345,0.19489882860442465,133.25,35.55
6264,1996-02-27 00:00:00,0.14505030098992458,0.026650045439022968,0.26345055654082616,133.25,35.55
6265,1996-02-28 00:00:00,0.019071397298339367,-0.10059927876029283,0.13874207335697156,133.25,35.55
6266,1996-02-29 00:00:00,0.0761975516804934,-0.04202961896571707,0.19442472232670388,133.25,35.55
6267,1996-03-01 00:00:00,0.15626240412591072,0.03766291072754388,0.2748618975242776,133.25,35.55
6268,1996-03-02 00:00:00,0.027640316997240517,-0.09115462572154093,0.14643525971602195,133.25,35.55
6269,1996-03-03 00:00:00,-0.0071164124677526655,-0.12546271597849112,0.11122989104298578,133.25,35.55
6270,1996-03-04 00:00:00,0.14593809161001234,0.027510408776605585,0.26436577444341913,133.25,35.55
6271,1996-03-05 00:00:00,-0.030015873798012332,-0.14935328373006784,0.08932153613404316,133.25,35.55
6272,1996-03-06 00:00:00,-0.02072839514883837,-0.1393483894611739,0.09789159916349716,133.25,35.55
6273,1996-03-07 00:00:00,0.08302502891354152,-0.03524665764423672,0.20129671547131975,133.25,35.55
6274,1996-03-08 00:00:00,0.20327662192906204,0.08401466938791065,0.32253857447021345,133.25,35.55
6275,1996-03-09 00:00:00,-0.006890330797807064,-0.12603562288255973,0.11225496128694562,133.25,35.55
6276,1996-03-10 00:00:00,0.06704025417954307,-0.05124521691507514,0.1853257252741613,133.25,35.55
6277,1996-03-11 00:00:00,0.1228241916029824,0.004503625368262751,0.2411447578377021,133.25,35.55
6278,1996-03-12 00:00:00,0.017323298505969836,-0.10164632997556884,0.1362929269875085,133.25,35.55
6279,1996-03-13 00:00:00,0.04302079520487846,-0.07528839461904355,0.16132998502880047,133.25,35.55
6280,1996-03-14 00:00:00,0.09561487510826353,-0.022540140681706552,0.2137698908982336,133.25,35.55
6281,1996-03-15 00:00:00,0.14603138100045715,0.02668084133055024,0.26538192067036404,133.25,35.55
6282,1996-03-16 00:00:00,-0.07796361894200897,-0.19945748124635196,0.04353024336233408,133.25,35.55
6283,1996-03-17 00:00:00,0.2494765826073418,0.12722360227532825,0.3717295629393553,133.25,35.55
6284,1996-03-18 00:00:00,0.0721681421418175,-0.049877172423867716,0.19421345670750276,133.25,35.55
6285,1996-03-19 00:00:00,0.059481101011359165,-0.059154942977966425,0.17811714500068476,133.25,35.55
6286,1996-03-20 00:00:00,-0.04107325669379834,-0.1594349451509357,0.07728843176333902,133.25,35.55
6287,1996-03-21 00:00:00,-0.0213127358239598,-0.13951154826468432,0.0968860766167647,133.25,35.55
6288,1996-03-22 00:00:00,0.07314126350519047,-0.045997928760992235,0.1922804557713732,133.25,35.55
6289,1996-03-23 00:00:00,-0.06232525307408675,-0.1817534675107243,0.0571029613625508,133.25,35.55
6290,1996-03-24 00:00:00,-0.012406990563091788,-0.13126062517432713,0.10644664404814354,133.25,35.55
6291,1996-03-25 00:00:00,0.1078133102356804,-0.010689285314172264,0.2263159057855331,133.25,35.55
6292,1996-03-26 00:00:00,-0.013080748261151545,-0.13140184159791915,0.10524034507561608,133.25,35.55
6293,1996-03-27 00:00:00,-0.031985170872753904,-0.1501663188675674,0.08619597712205959,133.25,35.55
6294,1996-03-28 00:00:00,-0.04174962946835899,-0.15994431963783876,0.07644506070112078,133.25,35.55
6295,1996-03-29 00:00:00,0.002451842564220902,-0.11571942340083355,0.12062310852927535,133.25,35.55
6296,1996-03-30 00:00:00,0.359957757352253,0.2404373694729688,0.4794781452315372,133.25,35.55
6297,1996-03-31 00:00:00,0.10545347817537848,-0.01486948226228385,0.22577643861304084,133.25,35.55
6298,1996-04-01 00:00:00,-0.020109725376741185,-0.1385518126563076,0.09833236190282522,133.25,35.55
6299,1996-04-02 00:00:00,0.033958490283588105,-0.08432555003170777,0.15224253059888398,133.25,35.55
6300,1996-04-03 00:00:00,0.049012109661158564,-0.0693666569612223,0.1673908762835394,133.25,35.55
6301,1996-04-04 00:00:00,0.06065466569335319,-0.05760449874174915,0.17891383012845552,133.25,35.55
6302,1996-04-05 00:00:00,0.10488535795371944,-0.013368799669314466,0.22313951557675327,133.25,35.55
6303,1996-04-06 00:00:00,0.08047949688464562,-0.03802216772483648,0.19898116149412776,133.25,35.55
6304,1996-04-07 00:00:00,0.07292073815832747,-0.04561630809614471,0.19145778441279965,133.25,35.55
6305,1996-04-08 00:00:00,0.02141967226822657,-0.09701923531531366,0.1398585798517668,133.25,35.55
6306,1996-04-09 00:00:00,0.022919367187221804,-0.09532507981250553,0.14116381418694912,133.25,35.55
6307,1996-04-10 00:00:00,0.04127290063290618,-0.07714709296174005,0.1596928942275524,133.25,35.55
6308,1996-04-11 00:00:00,0.032675912099428286,-0.08571262584963554,0.15106445004849212,133.25,35.55
6309,1996-04-12 00:00:00,0.00978234602915265,-0.10885288494934002,0.12841757700764533,133.25,35.55
6310,1996-04-13 00:00:00,-0.02181722802658259,-0.14036735627364932,0.09673290022048417,133.25,35.55
6311,1996-04-14 00:00:00,0.08868796527453457,-0.029611092340408467,0.2069870228894776,133.25,35.55
6312,1996-04-15 00:00:00,0.03602711115600457,-0.08278097746913464,0.1548351997811438,133.25,35.55
6313,1996-04-16 00:00:00,0.10909851819502102,-0.009890964178050687,0.2280880005680927,133.25,35.55
6314,1996-04-17 00:00:00,0.1305129003696403,0.0117860162170898,0.2492397845221908,133.25,35.55
6315,1996-04-18 00:00:00,0.18299185391030026,0.0633608326206667,0.3026228751999338,133.25,35.55
6316,1996-04-19 00:00:00,0.013162211039971368,-0.10625309664963717,0.1325775187295799,133.25,35.55
6317,1996-04-20 00:00:00,-0.0016564526550599881,-0.11994840387155642,0.11663549856143644,133.25,35.55
6318,1996-04-21 00:00:00,-0.02069814103183111,-0.13890118324699424,0.097504901183332,133.25,35.55
6319,1996-04-22 00:00:00,0.014836239010691678,-0.1033576939993186,0.13303017202070194,133.25,35.55
6320,1996-04-23 00:00:00,0.07217828435452564,-0.04602061589612247,0.19037718460517372,133.25,35.55
6321,1996-04-24 00:00:00,0.06732162286380358,-0.05085656433133291,0.18549981005894006,133.25,35.55
6322,1996-04-25 00:00:00,0.041697352303337015,-0.07646355278764039,0.15985825739431442,133.25,35.55
6323,1996-04-26 00:00:00,0.06426099312163673,-0.05385521385404325,0.18237720009731667,133.25,35.55
6324,1996-04-27 00:00:00,0.07802194911547716,-0.040083648504320266,0.1961275467352746,133.25,35.55
6325,1996-04-28 00:00:00,0.03767336307750778,-0.0805097222185289,0.15585644837354445,133.25,35.55
6326,1996-04-29 00:00:00,0.059867564177418266,-0.05830532674261839,0.17804045509745492,133.25,35.55
6327,1996-04-30 00:00:00,0.08544885594416758,-0.03311416593871594,0.20401187782705107,133.25,35.55
6328,1996-05-01 00:00:00,0.16987461146802268,0.05058414079715138,0.289165082138894,133.25,35.55
6329,1996-05-02 00:00:00,0.06818264075076991,-0.0509466495656591,0.1873119310671989,133.25,35.55
6330,1996-05-03 00:00:00,0.031746222858892614,-0.08662837923660896,0.1501208249543942,133.25,35.55
6331,1996-05-04 00:00:00,0.0448073048300489,-0.07337223574918109,0.16298684540927888,133.25,35.55
6332,1996-05-05 00:00:00,0.08375979331042441,-0.03512861552965889,0.20264820215050766,133.25,35.55
6333,1996-05-06 00:00:00,-0.04913405901577662,-0.16770807856349074,0.06943996053193753,133.25,35.55
6334,1996-05-07 00:00:00,0.006503068748079467,-0.11172053445758087,0.12472667195373982,133.25,35.55
6335,1996-05-08 00:00:00,0.08130445830928848,-0.037033964220441785,0.1996428808390187,133.25,35.55
6336,1996-05-09 00:00:00,0.10101309860642048,-0.01761184651651075,0.2196380437293517,133.25,35.55
6337,1996-05-10 00:00:00,0.07190273335523616,-0.04706142631925175,0.19086689302972407,133.25,35.55
6338,1996-05-11 00:00:00,0.03959216957543317,-0.07913496533212097,0.1583193044829873,133.25,35.55
6339,1996-05-12 00:00:00,0.07458168210234423,-0.04388857015011992,0.1930519343548084,133.25,35.55
6340,1996-05-13 00:00:00,0.014173750836031562,-0.10403470620595738,0.13238220787802052,133.25,35.55
6341,1996-05-14 00:00:00,-0.0232569861300799,-0.14140873460797876,0.09489476234781898,133.25,35.55
6342,1996-05-15 00:00:00,0.016987436536597875,-0.10119798640177786,0.13517285947497362,133.25,35.55
6343,1996-05-16 00:00:00,0.01854601937423209,-0.0996119766926539,0.1367040154411181,133.25,35.55
6344,1996-05-17 00:00:00,0.01731615753130686,-0.10084765877027313,0.13547997383288685,133.25,35.55
6345,1996-05-18 00:00:00,0.004488944555493427,-0.11377194817553204,0.12274983728651888,133.25,35.55
6346,1996-05-19 00:00:00,0.04965874432493662,-0.0685884976265762,0.16790598627644945,133.25,35.55
6347,1996-05-20 00:00:00,0.08343411561740836,-0.03481339641279542,0.20168162764761216,133.25,35.55
6348,1996-05-21 00:00:00,0.0836251785072113,-0.03471775125338236,0.20196810826780492,133.25,35.55
6349,1996-05-22 00:00:00,0.10131381693713412,-0.016979905824930155,0.2196075396991984,133.25,35.55
6350,1996-05-23 00:00:00,0.0468038041798606,-0.07137069728537701,0.1649783056450982,133.25,35.55
6351,1996-05-24 00:00:00,0.03981142720382847,-0.07830693995789928,0.1579297943655562,133.25,35.55
6352,1996-05-25 00:00:00,0.02574279154835572,-0.09237065593904267,0.14385623903575412,133.25,35.55
6353,1996-05-26 00:00:00,0.057997341689739676,-0.06015061037448045,0.1761452937539598,133.25,35.55
6354,1996-05-27 00:00:00,0.06992586044934178,-0.048208246844048674,0.18805996774273226,133.25,35.55
6355,1996-05-28 00:00:00,0.033405535514580295,-0.08468865515176463,0.15149972618092522,133.25,35.55
6356,1996-05-29 00:00:00,0.01498803725570464,-0.10315460263486724,0.13313067714627652,133.25,35.55
6357,1996-05-30 00:00:00,0.013504041003331486,-0.10462481510751176,0.13163289711417472,133.25,35.55
6358,1996-05-31 00:00:00,0.05695723300193117,-0.06117530052905605,0.1750897665329184,133.25,35.55
6359,1996-06-01 00:00:00,0.004971158817664375,-0.11312235791924102,0.12306467555456975,133.25,35.55
6360,1996-06-02 00:00:00,0.04147886279155917,-0.07669514091437107,0.15965286649748942,133.25,35.55
6361,1996-06-03 00:00:00,0.10782487057216736,-0.010401292535676038,0.22605103368001075,133.25,35.55
6362,1996-06-04 00:00:00,0.12976240248556345,0.011514380650393466,0.24801042432073345,133.25,35.55
6363,1996-06-05 00:00:00,-0.07208670850899739,-0.19044766213581169,0.04627424511781689,133.25,35.55
6364,1996-06-06 00:00:00,-0.03340421573216474,-0.1516714365991336,0.08486300513480413,133.25,35.55
6365,1996-06-07 00:00:00,0.05262196778143252,-0.06562508521656588,0.1708690207794309,133.25,35.55
6366,1996-06-08 00:00:00,0.058398332123273264,-0.060024071588819325,0.17682073583536584,133.25,35.55
6367,1996-06-09 00:00:00,0.040691226868575237,-0.07776267333464193,0.1591451270717924,133.25,35.55
6368,1996-06-10 00:00:00,0.020340377110239498,-0.09794835542354666,0.13862910964402564,133.25,35.55
6369,1996-06-11 00:00:00,0.07797035150851306,-0.04029079081778848,0.19623149383481456,133.25,35.55
6370,1996-06-12 00:00:00,0.016153712726614804,-0.10201592848287516,0.13432335393610476,133.25,35.55
6371,1996-06-13 00:00:00,0.00916226450534773,-0.1089556361450157,0.12728016515571114,133.25,35.55
6372,1996-06-14 00:00:00,0.05571581066063793,-0.06241807424136269,0.17384969556263855,133.25,35.55
6373,1996-06-15 00:00:00,0.08230352829816202,-0.03588394918689973,0.20049100578322376,133.25,35.55
6374,1996-06-16 00:00:00,0.0404388074469028,-0.077715904448082,0.1585935193418876,133.25,35.55
6375,1996-06-17 00:00:00,0.1097027426309701,-0.008503132453063429,0.22790861771500365,133.25,35.55
6376,1996-06-18 00:00:00,0.2538056339302565,0.13349575353650814,0.3741155143240049,133.25,35.55
6377,1996-06-19 00:00:00,0.1302701353488898,0.007357186643086155,0.2531830840546934,133.25,35.55
6378,1996-06-20 00:00:00,0.053665322350718137,-0.06597851607678233,0.17330916077821862,133.25,35.55
6379,1996-06-21 00:00:00,0.11219972005985256,-0.006339511432773615,0.23073895155247875,133.25,35.55
6380,1996-06-22 00:00:00,-0.022849460997808498,-0.141309584864753,0.095610662869136,133.25,35.55
6381,1996-06-23 00:00:00,0.02191323173632521,-0.09625745349838613,0.14008391697103656,133.25,35.55
6382,1996-06-24 00:00:00,0.022348372058191963,-0.09580166285932157,0.14049840697570548,133.25,35.55
6383,1996-06-25 00:00:00,0.1303034529658611,0.011184914626109946,0.2494219913056123,133.25,35.55
6384,1996-06-26 00:00:00,0.033248199163718496,-0.08585775864771036,0.15235415697514734,133.25,35.55
6385,1996-06-27 00:00:00,0.030175001642166382,-0.08816334553997897,0.14851334882431172,133.25,35.55
6386,1996-06-28 00:00:00,0.12633832968123532,0.007517030251086619,0.24515962911138398,133.25,35.55
6387,1996-06-29 00:00:00,0.040056913270485536,-0.07867147141183223,0.1587852979528033,133.25,35.55
6388,1996-06-30 00:00:00,0.158601340814173,0.03853256097351515,0.2786701206548309,133.25,35.55
6389,1996-07-01 00:00:00,0.11531833169806788,-0.0036276762438551408,0.2342643396399909,133.25,35.55
6390,1996-07-02 00:00:00,0.05433549169518952,-0.06383041033936326,0.1725013937297423,133.25,35.55
6391,1996-07-03 00:00:00,0.030270842568430587,-0.08791011772761666,0.14845180286447784,133.25,35.55
6392,1996-07-04 00:00:00,0.01923894588033415,-0.09892413372083568,0.13740202548150396,133.25,35.55
6393,1996-07-05 00:00:00,0.19725149338167766,0.0777749126665098,0.31672807409684545,133.25,35.55
6394,1996-07-06 00:00:00,0.0686896215355437,-0.051311539266911364,0.18869078233799874,133.25,35.55
6395,1996-07-07 00:00:00,-0.02192439742238149,-0.1401477769250296,0.09629898208026663,133.25,35.55
6396,1996-07-08 00:00:00,-0.010992746228907242,-0.12925017868413713,0.10726468622632264,133.25,35.55
6397,1996-07-09 00:00:00,0.015650653344165606,-0.10273147827444404,0.13403278496277524,133.25,35.55
6398,1996-07-10 00:00:00,0.03439353658985427,-0.08397222457406431,0.15275929775377284,133.25,35.55
6399,1996-07-11 00:00:00,0.050805410252249314,-0.0675382502637203,0.16914907076821895,133.25,35.55
6400,1996-07-12 00:00:00,0.020900335608614668,-0.09727398791849116,0.1390746591357205,133.25,35.55
6401,1996-07-13 00:00:00,0.049269876770048106,-0.06889199693340922,0.16743175047350545,133.25,35.55
6402,1996-07-14 00:00:00,0.05977487815639965,-0.05837904846818224,0.17792880478098155,133.25,35.55
6403,1996-07-15 00:00:00,0.06099767542509159,-0.0570957086120053,0.17909105946218848,133.25,35.55
6404,1996-07-16 00:00:00,0.1682064411507902,0.0498300051685011,0.2865828771330793,133.25,35.55
6405,1996-07-17 00:00:00,0.09124681033376908,-0.0271830786826205,0.20967669935015865,133.25,35.55
6406,1996-07-18 00:00:00,0.05022594961810788,-0.06804979787513532,0.16850169711135107,133.25,35.55
6407,1996-07-19 00:00:00,0.08970304913741557,-0.028903353001538287,0.20830945127636946,133.25,35.55
6408,1996-07-20 00:00:00,0.07895501139846348,-0.040055734351908866,0.1979657571488358,133.25,35.55
6409,1996-07-21 00:00:00,0.028364183718863564,-0.09011981165497193,0.14684817909269904,133.25,35.55
6410,1996-07-22 00:00:00,0.11539024082618032,-0.0028680005720041896,0.2336484822243648,133.25,35.55
6411,1996-07-23 00:00:00,0.1084679901909333,-0.009802783987715448,0.22673876436958204,133.25,35.55
6412,1996-07-24 00:00:00,0.04274636581677089,-0.07538528230092342,0.1608780139344652,133.25,35.55
6413,1996-07-25 00:00:00,0.06664264935135944,-0.05146523394330746,0.18475053264602634,133.25,35.55
6414,1996-07-26 00:00:00,0.06944978150901883,-0.04869941102099512,0.18759897403903275,133.25,35.55
6415,1996-07-27 00:00:00,0.06493679717869989,-0.05319754807007897,0.18307114242747874,133.25,35.55
6416,1996-07-28 00:00:00,0.05969830644193226,-0.05840574907111393,0.17780236195497845,133.25,35.55
6417,1996-07-29 00:00:00,0.06431762078720038,-0.05378739278886693,0.1824226343632677,133.25,35.55
6418,1996-07-30 00:00:00,0.07305281939935815,-0.04506611508966722,0.19117175388838356,133.25,35.55
6419,1996-07-31 00:00:00,0.0505211319853524,-0.06763921858998717,0.16868148256069196,133.25,35.55
6420,1996-08-01 00:00:00,-0.0025368013448699425,-0.12072442828319342,0.11565082559345355,133.25,35.55
6421,1996-08-02 00:00:00,0.01081971045877248,-0.1073084642082512,0.12894788512579616,133.25,35.55
6422,1996-08-03 00:00:00,0.049847207325121566,-0.06826635301689826,0.1679607676671414,133.25,35.55
6423,1996-08-04 00:00:00,0.08770478983063493,-0.03043139519673445,0.2058409748580043,133.25,35.55
6424,1996-08-05 00:00:00,0.043360726248000615,-0.0747974584357261,0.16151891093172735,133.25,35.55
6425,1996-08-06 00:00:00,0.028690440539205688,-0.08947173175301969,0.14685261283143108,133.25,35.55
6426,1996-08-07 00:00:00,0.025571667111176824,-0.0926078002394241,0.14375113446177773,133.25,35.55
6427,1996-08-08 00:00:00,0.03605201837286908,-0.082174226931255,0.15427826367699318,133.25,35.55
6428,1996-08-09 00:00:00,0.039663659526042214,-0.07857148601166766,0.1578988050637521,133.25,35.55
6429,1996-08-10 00:00:00,-0.014207270217509884,-0.1323785348752003,0.10396399444018052,133.25,35.55
6430,1996-08-11 00:00:00,0.003257024635276806,-0.11493920320284508,0.12145325247339868,133.25,35.55
6431,1996-08-12 00:00:00,0.024966451056639416,-0.09328595761665597,0.14321885972993478,133.25,35.55
6432,1996-08-13 00:00:00,0.07274231312431645,-0.04545225426910739,0.19093688051774027,133.25,35.55
6433,1996-08-14 00:00:00,0.14807848107116325,0.02884639104450905,0.2673105710978174,133.25,35.55
6434,1996-08-15 00:00:00,0.3049383986684652,0.1794673554627534,0.43040944187417707,133.25,35.55
6435,1996-08-16 00:00:00,-0.024917427744264076,-0.14583844230695653,0.09600358681842837,133.25,35.55
6436,1996-08-17 00:00:00,0.01961774691597598,-0.09849491750382863,0.13773041133578062,133.25,35.55
6437,1996-08-18 00:00:00,0.015454584412565331,-0.10263449800515287,0.13354366683028354,133.25,35.55
6438,1996-08-19 00:00:00,0.019335896420522743,-0.09874656190482332,0.1374183547458688,133.25,35.55
6439,1996-08-20 00:00:00,0.044416319965110695,-0.07368225248058738,0.16251489241080874,133.25,35.55
6440,1996-08-21 00:00:00,0.06362992217491198,-0.054475338420780575,0.18173518277060446,133.25,35.55
6441,1996-08-22 00:00:00,0.04577014863078,-0.0723512461857288,0.1638915434472888,133.25,35.55
6442,1996-08-23 00:00:00,0.11772581533951408,-0.0005377464118548753,0.23598937709088305,133.25,35.55
6443,1996-08-24 00:00:00,-0.06723545726425915,-0.185592232089306,0.05112131756078767,133.25,35.55
6444,1996-08-25 00:00:00,0.02520983671089212,-0.09306743350654473,0.14348710692832894,133.25,35.55
6445,1996-08-26 00:00:00,0.01712727366806994,-0.1010396710612745,0.13529421839741435,133.25,35.55
6446,1996-08-27 00:00:00,0.04919023349713377,-0.0690571557979877,0.1674376227922552,133.25,35.55
6447,1996-08-28 00:00:00,0.06589593395742194,-0.05241273392854383,0.1842046018433877,133.25,35.55
6448,1996-08-29 00:00:00,0.03570863993011841,-0.0825080347579344,0.15392531461817122,133.25,35.55
6449,1996-08-30 00:00:00,-0.02367394907820236,-0.14180950679918095,0.09446160864277622,133.25,35.55
6450,1996-08-31 00:00:00,0.02923787058776014,-0.08899700936335253,0.14747275053887282,133.25,35.55
6451,1996-09-01 00:00:00,0.04768254871097198,-0.07089289856305779,0.16625799598500174,133.25,35.55
6452,1996-09-02 00:00:00,0.07367946531169188,-0.044773712319858765,0.1921326429432425,133.25,35.55
6453,1996-09-03 00:00:00,0.029736158033555893,-0.08843079077389485,0.14790310684100666,133.25,35.55
6454,1996-09-04 00:00:00,0.010273198303394314,-0.10782895154451938,0.12837534815130802,133.25,35.55
6455,1996-09-05 00:00:00,0.037051661001369966,-0.08108715700613739,0.15519047900887736,133.25,35.55
6456,1996-09-06 00:00:00,0.0136104773309083,-0.10448271513999276,0.13170366980180934,133.25,35.55
6457,1996-09-07 00:00:00,0.03210718578081949,-0.0860280521322982,0.15024242369393714,133.25,35.55
6458,1996-09-08 00:00:00,-0.008051566703551425,-0.12615586004338114,0.11005272663627827,133.25,35.55
6459,1996-09-09 00:00:00,0.0701127488192047,-0.048053227002886695,0.1882787246412961,133.25,35.55
6460,1996-09-10 00:00:00,0.0480423294929373,-0.07039293569033868,0.16647759467621326,133.25,35.55
6461,1996-09-11 00:00:00,-0.0009269159918789405,-0.11921009796802567,0.1173562659842678,133.25,35.55
6462,1996-09-12 00:00:00,0.014360340196729084,-0.10381998450408134,0.13254066489753952,133.25,35.55
6463,1996-09-13 00:00:00,0.04451218876376438,-0.07370508850761037,0.16272946603513913,133.25,35.55
6464,1996-09-14 00:00:00,0.03571626853066821,-0.0826679882605976,0.15410052532193402,133.25,35.55
6465,1996-09-15 00:00:00,-0.015535040144108047,-0.1337164080644353,0.1026463277762192,133.25,35.55
6466,1996-09-16 00:00:00,0.03284441396425198,-0.08527050570875705,0.15095933363726097,133.25,35.55
6467,1996-09-17 00:00:00,0.07147993269067447,-0.04672851517819955,0.1896883805595485,133.25,35.55
6468,1996-09-18 00:00:00,0.03940755741488533,-0.07885010552519989,0.15766522035497055,133.25,35.55
6469,1996-09-19 00:00:00,0.017076124885787962,-0.1010693266499714,0.13522157642154733,133.25,35.55
6470,1996-09-20 00:00:00,0.05602670122171475,-0.06211590731549217,0.17416930975892167,133.25,35.55
6471,1996-09-21 00:00:00,0.004929586782946586,-0.11342128359541465,0.1232804571613078,133.25,35.55
6472,1996-09-22 00:00:00,0.06828239867606242,-0.051424269616108985,0.18798906696823384,133.25,35.55
6473,1996-09-23 00:00:00,-0.07340203849728419,-0.1930496242597659,0.04624554726519753,133.25,35.55
6474,1996-09-24 00:00:00,-0.005787115574065336,-0.12400066925015933,0.11242643810202864,133.25,35.55
6475,1996-09-25 00:00:00,0.027781308239377044,-0.09034005116540124,0.1459026676441553,133.25,35.55
6476,1996-09-26 00:00:00,0.05289665286722497,-0.0652686474799124,0.17106195321436235,133.25,35.55
6477,1996-09-27 00:00:00,-0.036740726995983165,-0.15499064319298966,0.0815091892010233,133.25,35.55
6478,1996-09-28 00:00:00,-0.03419509932622245,-0.15244613946934554,0.08405594081690063,133.25,35.55
6479,1996-09-29 00:00:00,0.007827457683553848,-0.11047816571024133,0.126133081077349,133.25,35.55
6480,1996-09-30 00:00:00,0.032669368442972704,-0.08579776969069172,0.15113650657663713,133.25,35.55
6481,1996-10-01 00:00:00,-0.03372628826044954,-0.15257462296720978,0.08512204644631069,133.25,35.55
6482,1996-10-02 00:00:00,-0.012244107267968984,-0.13087231146446507,0.1063840969285271,133.25,35.55
6483,1996-10-03 00:00:00,0.11649631658490076,-0.0017558378154481358,0.23474847098524965,133.25,35.55
6484,1996-10-04 00:00:00,0.08632329413094872,-0.031966678544620916,0.2046132668065184,133.25,35.55
6485,1996-10-05 00:00:00,-0.02340969096111953,-0.1417004997356157,0.0948811178133766,133.25,35.55
6486,1996-10-06 00:00:00,0.07522990208596737,-0.04298314331634158,0.19344294748827634,133.25,35.55
6487,1996-10-07 00:00:00,0.12705933581167395,0.008297598916111705,0.2458210727072362,133.25,35.55
6488,1996-10-08 00:00:00,-0.01229782829503713,-0.13100241065445756,0.10640675406438327,133.25,35.55
6489,1996-10-09 00:00:00,0.03818443451372439,-0.08007690122988971,0.15644577025733847,133.25,35.55
6490,1996-10-10 00:00:00,-0.02188751929586089,-0.14004013165612922,0.09626509306440742,133.25,35.55
6491,1996-10-11 00:00:00,-0.056517527460797724,-0.1746220454766392,0.06158699055504375,133.25,35.55
6492,1996-10-12 00:00:00,-0.002005164766603427,-0.1202202242278813,0.11620989469467445,133.25,35.55
6493,1996-10-13 00:00:00,0.016442435864519076,-0.1017579984657932,0.13464287019483134,133.25,35.55
6494,1996-10-14 00:00:00,0.07247501451643172,-0.045675916617711504,0.19062594565057495,133.25,35.55
6495,1996-10-15 00:00:00,0.09077886128596144,-0.02739674598090748,0.2089544685528304,133.25,35.55
6496,1996-10-16 00:00:00,-0.028459722531232187,-0.14677777465933164,0.08985832959686726,133.25,35.55
6497,1996-10-17 00:00:00,0.009503971942115743,-0.10864484575772226,0.12765278964195376,133.25,35.55
6498,1996-10-18 00:00:00,0.05900183177366551,-0.05911503106660582,0.17711869461393687,133.25,35.55
6499,1996-10-19 00:00:00,0.032248273022818755,-0.08594378439454094,0.15044033044017846,133.25,35.55
6500,1996-10-20 00:00:00,-0.06889598661169412,-0.18717971308795092,0.04938773986456267,133.25,35.55
6501,1996-10-21 00:00:00,-0.04129686198177932,-0.1595025018228337,0.07690877785927508,133.25,35.55
6502,1996-10-22 00:00:00,-0.031692715049164606,-0.14986269096820692,0.08647726086987773,133.25,35.55
6503,1996-10-23 00:00:00,-0.03290447307646836,-0.15113295363115495,0.08532400747821822,133.25,35.55
6504,1996-10-24 00:00:00,0.01391385622443219,-0.1043632957149761,0.1321910081638405,133.25,35.55
6505,1996-10-25 00:00:00,0.05997052054780621,-0.05840152545525446,0.1783425665508669,133.25,35.55
6506,1996-10-26 00:00:00,0.07964489027167561,-0.039502271638165616,0.19879205218151685,133.25,35.55
6507,1996-10-27 00:00:00,0.050609736593681585,-0.06845703816981122,0.16967651135717446,133.25,35.55
6508,1996-10-28 00:00:00,0.02983007735223185,-0.08836057941856815,0.14802073412303185,133.25,35.55
6509,1996-10-29 00:00:00,0.07447919679225662,-0.0437176254889453,0.19267601907345852,133.25,35.55
6510,1996-10-30 00:00:00,0.0430670916570586,-0.07514152361111984,0.16127570692523704,133.25,35.55
6511,1996-10-31 00:00:00,-0.0688710296117824,-0.18734895875605656,0.04960689953249176,133.25,35.55
6512,1996-11-01 00:00:00,0.0708516209844636,-0.04803326487483707,0.18973650684376425,133.25,35.55
6513,1996-11-02 00:00:00,0.030040739620251142,-0.08895082023867434,0.14903229947917662,133.25,35.55
6514,1996-11-03 00:00:00,-0.013929514746337685,-0.1322671976941819,0.10440816820150656,133.25,35.55
6515,1996-11-04 00:00:00,-0.04768011544651216,-0.16584983153936722,0.07048960064634291,133.25,35.55
6516,1996-11-05 00:00:00,0.10489788304027467,-0.013372800403682009,0.22316856648423133,133.25,35.55
6517,1996-11-06 00:00:00,0.08066775454470984,-0.03818169742567985,0.19951720651509952,133.25,35.55
6518,1996-11-07 00:00:00,-0.04222702651980452,-0.16119932474025125,0.07674527170064221,133.25,35.55
6519,1996-11-08 00:00:00,0.014437051816240103,-0.10381783424335213,0.13269193787583233,133.25,35.55
6520,1996-11-09 00:00:00,0.08150095911633505,-0.036722286394189854,0.19972420462686,133.25,35.55
6521,1996-11-10 00:00:00,0.025002019849150244,-0.0934103239140642,0.14341436361236468,133.25,35.55
6522,1996-11-11 00:00:00,-0.009367918554523458,-0.1275609536533609,0.10882511654431397,133.25,35.55
6523,1996-11-12 00:00:00,0.078101410392552,-0.04074900301701016,0.19695182380211415,133.25,35.55
6524,1996-11-13 00:00:00,0.03336023438362176,-0.08739526446619293,0.15411573323343644,133.25,35.55
6525,1996-11-14 00:00:00,-0.06535677527851752,-0.1855696729701115,0.054856122413076455,133.25,35.55
6526,1996-11-15 00:00:00,0.0985847003237998,-0.01994073594847806,0.21711013659607764,133.25,35.55
6527,1996-11-16 00:00:00,0.010466293513638364,-0.10790424218582964,0.12883682921310635,133.25,35.55
6528,1996-11-17 00:00:00,0.09625345725305257,-0.022026313225105426,0.21453322773121056,133.25,35.55
6529,1996-11-18 00:00:00,0.14379051700787115,0.025175640066891727,0.2624053939488506,133.25,35.55
6530,1996-11-19 00:00:00,0.01734149065450209,-0.10131305556266124,0.13599603687166542,133.25,35.55
6531,1996-11-20 00:00:00,0.01564263871212506,-0.10265892914756264,0.13394420657181275,133.25,35.55
6532,1996-11-21 00:00:00,0.1995003437969577,0.0810382669985877,0.3179624205953277,133.25,35.55
6533,1996-11-22 00:00:00,0.05973453919489705,-0.05874819764747018,0.17821727603726428,133.25,35.55
6534,1996-11-23 00:00:00,0.0090372056101164,-0.10909067439109774,0.12716508561133055,133.25,35.55
6535,1996-11-24 00:00:00,0.05048504140084978,-0.06769000571235988,0.16866008851405945,133.25,35.55
6536,1996-11-25 00:00:00,-0.005679954401134106,-0.12394198595650655,0.11258207715423836,133.25,35.55
6537,1996-11-26 00:00:00,-0.035859659535358815,-0.15406504459223,0.08234572552151237,133.25,35.55
6538,1996-11-27 00:00:00,0.188660822013488,0.06964455592094494,0.307677088106031,133.25,35.55
6539,1996-11-28 00:00:00,0.14970561144986644,0.03053819218069428,0.26887303071903856,133.25,35.55
6540,1996-11-29 00:00:00,0.045623781752715,-0.07283694248303987,0.16408450598846985,133.25,35.55
6541,1996-11-30 00:00:00,0.09518074311108317,-0.023382096211097075,0.21374358243326344,133.25,35.55
6542,1996-12-01 00:00:00,0.17400025771008698,0.05330674895936238,0.2946937664608116,133.25,35.55
6543,1996-12-02 00:00:00,0.016364256278347866,-0.10408305345657162,0.13681156601326736,133.25,35.55
6544,1996-12-03 00:00:00,0.03658700671716506,-0.08186984986473311,0.15504386329906322,133.25,35.55
6545,1996-12-04 00:00:00,0.02820798700208308,-0.08998358403863231,0.14639955804279847,133.25,35.55
6546,1996-12-05 00:00:00,0.23378299338175845,0.11143006504585656,0.35613592171766034,133.25,35.55
6547,1996-12-06 00:00:00,0.06904696737547207,-0.053663225282832634,0.1917571600337768,133.25,35.55
6548,1996-12-07 00:00:00,0.06576665006319456,-0.052997206218914565,0.18453050634530369,133.25,35.55
6549,1996-12-08 00:00:00,0.03079653979707172,-0.08778549219345849,0.14937857178760192,133.25,35.55
6550,1996-12-09 00:00:00,0.09721040819496568,-0.021119565151870967,0.21554038154180236,133.25,35.55
6551,1996-12-10 00:00:00,0.06438605550703162,-0.05390383101486977,0.18267594202893303,133.25,35.55
6552,1996-12-11 00:00:00,0.03284888002327044,-0.08542452653750048,0.15112228658404134,133.25,35.55
6553,1996-12-12 00:00:00,0.015794132539092964,-0.10237309721206228,0.1339613622902482,133.25,35.55
6554,1996-12-13 00:00:00,-0.030048210631287094,-0.14829302063942434,0.08819659937685018,133.25,35.55
6555,1996-12-14 00:00:00,0.08354250721395841,-0.034710102667410266,0.20179511709532708,133.25,35.55
6556,1996-12-15 00:00:00,-0.07855528114942871,-0.1968246747258669,0.03971411242700948,133.25,35.55
6557,1996-12-16 00:00:00,0.011772625924804554,-0.10649242674504886,0.13003767859465798,133.25,35.55
6558,1996-12-17 00:00:00,0.0660732761252011,-0.05220626298215028,0.18435281523255248,133.25,35.55
6559,1996-12-18 00:00:00,0.03388641123149304,-0.08472573231618974,0.15249855477917582,133.25,35.55
6560,1996-12-19 00:00:00,0.10117158265198532,-0.017606057584296855,0.21994922288826751,133.25,35.55
6561,1996-12-20 00:00:00,0.012449196248233315,-0.1061115295734348,0.13100992206990145,133.25,35.55
6562,1996-12-21 00:00:00,0.05671937242623249,-0.06150159415742994,0.17494033900989492,133.25,35.55
6563,1996-12-22 00:00:00,0.17238822957842745,0.054081954002712936,0.290694505154142,133.25,35.55
6564,1996-12-23 00:00:00,0.09510833509701816,-0.025743688231286543,0.21596035842532285,133.25,35.55
6565,1996-12-24 00:00:00,0.07789586436401015,-0.04128296262324699,0.1970746913512673,133.25,35.55
6566,1996-12-25 00:00:00,0.14787501904204248,0.029464017031039968,0.266286021053045,133.25,35.55
6567,1996-12-26 00:00:00,-0.037308619205226407,-0.15570398357462936,0.08108674516417655,133.25,35.55
6568,1996-12-27 00:00:00,0.032653011672061624,-0.0855770664934616,0.15088308983758486,133.25,35.55
6569,1996-12-28 00:00:00,0.0996226071362215,-0.01884208687763915,0.21808730115008207,133.25,35.55
6570,1996-12-29 00:00:00,0.025621726717722476,-0.0927172827796641,0.14396073621510905,133.25,35.55
6571,1996-12-30 00:00:00,0.03425722232432196,-0.08399309411398408,0.152507538762628,133.25,35.55
6572,1996-12-31 00:00:00,0.030949310819943964,-0.08732726412465505,0.14922588576454296,133.25,35.55
6573,1997-01-01 00:00:00,0.1284707783916437,0.010000774187952671,0.2469407825953347,133.25,35.55
6574,1997-01-02 00:00:00,0.30593580274787463,0.184146954008284,0.4277246514874653,133.25,35.55
6575,1997-01-03 00:00:00,0.1196403805848806,-0.0003185712133444707,0.2395993323831057,133.25,35.55
6576,1997-01-04 00:00:00,0.0022904193255394445,-0.11625057428750565,0.12083141293858453,133.25,35.55
6577,1997-01-05 00:00:00,0.018538620702766708,-0.09980641799553554,0.13688365940106895,133.25,35.55
6578,1997-01-06 00:00:00,0.2613660959347986,0.13832683885014002,0.3844053530194572,133.25,35.55
6579,1997-01-07 00:00:00,-0.0617907801359026,-0.18314699778023247,0.05956543750842731,133.25,35.55
6580,1997-01-08 00:00:00,-0.0009091685840683788,-0.12086317690449935,0.1190448397363626,133.25,35.55
6581,1997-01-09 00:00:00,0.08745143540893603,-0.03184714338347512,0.20675001420134714,133.25,35.55
6582,1997-01-10 00:00:00,0.026602058274625574,-0.09162000741893436,0.14482412396818553,133.25,35.55
6583,1997-01-11 00:00:00,0.0102483963785708,-0.10793165216465893,0.12842844492180053,133.25,35.55
6584,1997-01-12 00:00:00,0.013358697363610436,-0.10482772180156837,0.13154511652878922,133.25,35.55
6585,1997-01-13 00:00:00,-0.009372684252213048,-0.1275398213706631,0.108794452866237,133.25,35.55
6586,1997-01-14 00:00:00,0.12817968862146567,0.009678201814529523,0.24668117542840184,133.25,35.55
6587,1997-01-15 00:00:00,-0.008212164365093083,-0.12677110063504474,0.1103467719048586,133.25,35.55
6588,1997-01-16 00:00:00,0.03671469631485626,-0.08144401905076554,0.15487341168047808,133.25,35.55
6589,1997-01-17 00:00:00,-0.0030077392007836386,-0.12113873242483572,0.11512325402326845,133.25,35.55
6590,1997-01-18 00:00:00,0.1522182735330289,0.033763900104058185,0.2706726469619997,133.25,35.55
6591,1997-01-19 00:00:00,-0.0068116144435298644,-0.12521316053289855,0.11158993164583883,133.25,35.55
6592,1997-01-20 00:00:00,0.08496409529525675,-0.033204037771637995,0.2031322283621515,133.25,35.55
6593,1997-01-21 00:00:00,0.15673138372297488,0.03662713845424033,0.27683562899170944,133.25,35.55
6594,1997-01-22 00:00:00,-0.02370401308093256,-0.14674726030773813,0.099339234145873,133.25,35.55
6595,1997-01-23 00:00:00,-0.006009760884186643,-0.12633135272741902,0.11431183095904572,133.25,35.55
6596,1997-01-24 00:00:00,0.1173400001667896,-0.0010564160480605878,0.2357364163816398,133.25,35.55
6597,1997-01-25 00:00:00,0.07519087968518955,-0.04368385598850835,0.19406561535888744,133.25,35.55
6598,1997-01-26 00:00:00,0.1507036233553029,0.032048036654745635,0.26935921005586017,133.25,35.55
6599,1997-01-27 00:00:00,0.1177944250007394,-0.0006575444642405588,0.2362463944657193,133.25,35.55
6600,1997-01-28 00:00:00,0.11936072062396705,0.0009111689546579675,0.23781027229327614,133.25,35.55
6601,1997-01-29 00:00:00,0.15103002620854278,0.031591632783007084,0.2704684196340785,133.25,35.55
6602,1997-01-30 00:00:00,0.0380408485798,-0.08100608807420158,0.15708778523380154,133.25,35.55
6603,1997-01-31 00:00:00,-0.01291726040410386,-0.13130953903819118,0.10547501822998344,133.25,35.55
6604,1997-02-01 00:00:00,0.010938311475542556,-0.10735346618702238,0.1292300891381075,133.25,35.55
6605,1997-02-02 00:00:00,0.005698411012426463,-0.1126462167023142,0.12404303872716713,133.25,35.55
6606,1997-02-03 00:00:00,0.046682012275826086,-0.07190365434695492,0.1652676788986071,133.25,35.55
6607,1997-02-04 00:00:00,0.04746023283126466,-0.07130476730857974,0.16622523297110905,133.25,35.55
6608,1997-02-05 00:00:00,0.03105178356052189,-0.08729930439914718,0.14940287152019094,133.25,35.55
6609,1997-02-06 00:00:00,0.07554163489021062,-0.042670526634323705,0.19375379641474494,133.25,35.55
6610,1997-02-07 00:00:00,-0.02789902881334757,-0.14635963766196494,0.09056158003526983,133.25,35.55
6611,1997-02-08 00:00:00,0.0623966971803907,-0.055790558759789416,0.1805839531205708,133.25,35.55
6612,1997-02-09 00:00:00,0.012605254081150105,-0.10551164080746034,0.13072214896976053,133.25,35.55
6613,1997-02-10 00:00:00,0.0252055910358091,-0.09289668275411957,0.14330786482573776,133.25,35.55
6614,1997-02-11 00:00:00,0.2159567055366336,0.0969142737004014,0.3349991373728658,133.25,35.55
6615,1997-02-12 00:00:00,-0.036673941761375235,-0.15710041551516712,0.08375253199241663,133.25,35.55
6616,1997-02-13 00:00:00,-0.0036158114619620416,-0.12187605642149885,0.11464443349757475,133.25,35.55
6617,1997-02-14 00:00:00,0.039291524835334206,-0.07888934249265739,0.1574723921633258,133.25,35.55
6618,1997-02-15 00:00:00,0.03466405399564276,-0.08347085329263615,0.15279896128392167,133.25,35.55
6619,1997-02-16 00:00:00,0.13726025474082315,0.01864077289546319,0.2558797365861831,133.25,35.55
6620,1997-02-17 00:00:00,0.019673403462992213,-0.09929645604382356,0.13864326296980803,133.25,35.55
6621,1997-02-18 00:00:00,0.062356289716787285,-0.055931208600991,0.1806437880345656,133.25,35.55
6622,1997-02-19 00:00:00,0.03444805296537158,-0.08416934557665168,0.15306545150739484,133.25,35.55
6623,1997-02-20 00:00:00,0.14480218862716204,0.02635003489413805,0.263254342360186,133.25,35.55
6624,1997-02-21 00:00:00,0.1229948209638816,0.002449937395416296,0.2435397045323469,133.25,35.55
6625,1997-02-22 00:00:00,-0.035548298510690746,-0.15650555717237746,0.08540896015099597,133.25,35.55
6626,1997-02-23 00:00:00,-0.00038095847488039963,-0.11901563586239836,0.11825371891263756,133.25,35.55
6627,1997-02-24 00:00:00,0.029913987152950718,-0.08823503787344239,0.14806301217934384,133.25,35.55
6628,1997-02-25 00:00:00,0.0620731722872075,-0.05604874561986545,0.18019509019428048,133.25,35.55
6629,1997-02-26 00:00:00,0.024322287264549974,-0.09465190101807262,0.14329647554717256,133.25,35.55
6630,1997-02-27 00:00:00,-0.04224360905121215,-0.16069189066213094,0.07620467255970667,133.25,35.55
6631,1997-02-28 00:00:00,0.10795652477353647,-0.010291811828331984,0.22620486137540494,133.25,35.55
6632,1997-03-01 00:00:00,0.11313991634138232,-0.006117196410332079,0.23239702909309676,133.25,35.55
6633,1997-03-02 00:00:00,0.041393187435901806,-0.07788751702013462,0.16067389189193826,133.25,35.55
6634,1997-03-03 00:00:00,0.02441947000500854,-0.09414352803267924,0.14298246804269632,133.25,35.55
6635,1997-03-04 00:00:00,0.09143943989366426,-0.026877277276222942,0.20975615706355147,133.25,35.55
6636,1997-03-05 00:00:00,0.08329720127887033,-0.035003014956503,0.2015974175142437,133.25,35.55
6637,1997-03-06 00:00:00,0.09781355876667808,-0.020473211859849183,0.21610032939320534,133.25,35.55
6638,1997-03-07 00:00:00,0.1063257077835926,-0.012381663515130035,0.2250330790823152,133.25,35.55
6639,1997-03-08 00:00:00,0.01961511968281268,-0.09890973102411116,0.13813997038973652,133.25,35.55
6640,1997-03-09 00:00:00,0.048516151903388885,-0.06999449231953009,0.16702679612630786,133.25,35.55
6641,1997-03-10 00:00:00,0.021375979455391242,-0.09705079513616728,0.13980275404694975,133.25,35.55
6642,1997-03-11 00:00:00,0.13233555254879964,0.013336573675807428,0.25133453142179185,133.25,35.55
6643,1997-03-12 00:00:00,-0.10497243109915737,-0.22352297235560736,0.013578110157292655,133.25,35.55
6644,1997-03-13 00:00:00,0.015970041247381966,-0.10222490344881223,0.13416498594357615,133.25,35.55
6645,1997-03-14 00:00:00,0.05705066264916335,-0.0613791332263202,0.1754804585246469,133.25,35.55
6646,1997-03-15 00:00:00,-0.06422557822113989,-0.18272149633372806,0.054270339891448235,133.25,35.55
6647,1997-03-16 00:00:00,-0.00975163989705713,-0.12840616468831284,0.10890288489419858,133.25,35.55
6648,1997-03-17 00:00:00,-0.025614705039649997,-0.1441551823590233,0.09292577227972333,133.25,35.55
6649,1997-03-18 00:00:00,-0.010130589724642515,-0.12839048265969094,0.1081293032104059,133.25,35.55
6650,1997-03-19 00:00:00,0.05289961626108357,-0.0653422886485888,0.17114152117075593,133.25,35.55
6651,1997-03-20 00:00:00,-0.02440438285985024,-0.14259425402441914,0.09378548830471868,133.25,35.55
6652,1997-03-21 00:00:00,0.030659995051959744,-0.08751702100114518,0.14883701110506467,133.25,35.55
6653,1997-03-22 00:00:00,0.07669943992483544,-0.041695269438089634,0.1950941492877605,133.25,35.55
6654,1997-03-23 00:00:00,0.031203272300393024,-0.08749135147213974,0.14989789607292578,133.25,35.55
6655,1997-03-24 00:00:00,-0.0980544911333022,-0.2178485037677826,0.021739521501178197,133.25,35.55
6656,1997-03-25 00:00:00,-0.0034272773576250327,-0.1221407114259937,0.11528615671074365,133.25,35.55
6657,1997-03-26 00:00:00,0.019625933377253525,-0.09862865392343376,0.13788052067794082,133.25,35.55
6658,1997-03-27 00:00:00,0.018737645485504502,-0.09963946785463423,0.13711475882564322,133.25,35.55
6659,1997-03-28 00:00:00,0.012226033338357605,-0.10606425006312473,0.13051631673983993,133.25,35.55
6660,1997-03-29 00:00:00,0.14447152982319506,0.02608320377289217,0.2628598558734979,133.25,35.55
6661,1997-03-30 00:00:00,0.08710836663039867,-0.032426657506049734,0.20664339076684707,133.25,35.55
6662,1997-03-31 00:00:00,0.03104050508961758,-0.0876682645289483,0.14974927470818344,133.25,35.55
6663,1997-04-01 00:00:00,0.018021260701152945,-0.10018430304201333,0.13622682444431922,133.25,35.55
6664,1997-04-02 00:00:00,0.0961658247597306,-0.022120429027054408,0.2144520785465156,133.25,35.55
6665,1997-04-03 00:00:00,0.04604984643602317,-0.07258893310728894,0.16468862597933526,133.25,35.55
6666,1997-04-04 00:00:00,-0.008379067273837394,-0.12672489384480526,0.10996675929713046,133.25,35.55
6667,1997-04-05 00:00:00,0.0915427442754026,-0.027085470137608952,0.21017095868841412,133.25,35.55
6668,1997-04-06 00:00:00,0.01991682801594941,-0.09866335744358964,0.13849701347548846,133.25,35.55
6669,1997-04-07 00:00:00,0.05484544199511957,-0.0634272588867441,0.17311814287698324,133.25,35.55
6670,1997-04-08 00:00:00,0.07633061231721751,-0.04196639891619024,0.19462762355062524,133.25,35.55
6671,1997-04-09 00:00:00,0.11932965572832985,0.001125864481445249,0.2375334469752144,133.25,35.55
6672,1997-04-10 00:00:00,0.05299299810269037,-0.06530404633057264,0.17129004253595334,133.25,35.55
6673,1997-04-11 00:00:00,0.12671445544901475,0.008337844737579229,0.24509106616045026,133.25,35.55
6674,1997-04-12 00:00:00,0.10760571313042906,-0.011015500187088191,0.2262269264479463,133.25,35.55
6675,1997-04-13 00:00:00,0.0714500455319807,-0.04695462889945258,0.189854719963414,133.25,35.55
6676,1997-04-14 00:00:00,0.028768618396435013,-0.08951437852016028,0.14705161531303032,133.25,35.55
6677,1997-04-15 00:00:00,-0.011985490310946659,-0.13029125064463118,0.10632027002273786,133.25,35.55
6678,1997-04-16 00:00:00,-0.01013838746538297,-0.1283275150880682,0.10805074015730223,133.25,35.55
6679,1997-04-17 00:00:00,0.04648095409602164,-0.07167291421248619,0.16463482240452948,133.25,35.55
6680,1997-04-18 00:00:00,0.07676607250796813,-0.0414505988226592,0.19498274383859546,133.25,35.55
6681,1997-04-19 00:00:00,-0.024548234645695617,-0.14271791850104948,0.09362144920965826,133.25,35.55
6682,1997-04-20 00:00:00,-0.003911398017485661,-0.1220686879159244,0.11424589188095308,133.25,35.55
6683,1997-04-21 00:00:00,0.07708279152228785,-0.04115405840867936,0.19531964145325506,133.25,35.55
6684,1997-04-22 00:00:00,0.037601969005963326,-0.08068221267019304,0.1558861506821197,133.25,35.55
6685,1997-04-23 00:00:00,-0.03639713955213531,-0.15471497219526004,0.0819206930909894,133.25,35.55
6686,1997-04-24 00:00:00,-0.013534255838090216,-0.13188105807596254,0.10481254639978214,133.25,35.55
6687,1997-04-25 00:00:00,0.045818602090943385,-0.07242819172194499,0.16406539590383173,133.25,35.55
6688,1997-04-26 00:00:00,0.03774182205109368,-0.08040475388921768,0.15588839799140505,133.25,35.55
6689,1997-04-27 00:00:00,0.07134274559528919,-0.04679767457710848,0.18948316576768687,133.25,35.55
6690,1997-04-28 00:00:00,0.12055127906927254,0.0022273232830496564,0.2388752348554955,133.25,35.55
6691,1997-04-29 00:00:00,0.10621783438091,-0.012198946219740131,0.22463461498156012,133.25,35.55
6692,1997-04-30 00:00:00,0.10006264191356116,-0.01820284115830684,0.21832812498542914,133.25,35.55
6693,1997-05-01 00:00:00,0.011391888738849316,-0.10687019373561536,0.12965397121331398,133.25,35.55
6694,1997-05-02 00:00:00,0.1014990552220923,-0.016659919969237685,0.21965803041342227,133.25,35.55
6695,1997-05-03 00:00:00,0.028362806760363724,-0.08985795351780942,0.14658356703853687,133.25,35.55
6696,1997-05-04 00:00:00,0.14186357009127182,0.023545084570222613,0.260182055612321,133.25,35.55
6697,1997-05-05 00:00:00,0.0273744511997739,-0.09100263050037556,0.14575153289992338,133.25,35.55
6698,1997-05-06 00:00:00,0.09156767924391862,-0.026845258270196858,0.2099806167580341,133.25,35.55
6699,1997-05-07 00:00:00,0.016487314279155556,-0.10194045160935256,0.13491508016766365,133.25,35.55
6700,1997-05-08 00:00:00,0.2967732097032366,0.17637368888601426,0.41717273052045895,133.25,35.55
6701,1997-05-09 00:00:00,0.021663982449660026,-0.09875768369592636,0.14208564859524642,133.25,35.55
6702,1997-05-10 00:00:00,0.015472448298258943,-0.1030639179408162,0.1340088145373341,133.25,35.55
6703,1997-05-11 00:00:00,0.0633731651124726,-0.0549147384548674,0.18166106867981255,133.25,35.55
6704,1997-05-12 00:00:00,-0.022160317255386582,-0.14035381162363436,0.09603317711286123,133.25,35.55
6705,1997-05-13 00:00:00,0.06361155803343531,-0.0546526845055626,0.1818758005724332,133.25,35.55
6706,1997-05-14 00:00:00,0.14644624084264818,0.027817530088509443,0.2650749515967869,133.25,35.55
6707,1997-05-15 00:00:00,0.07416911953167292,-0.04419470859454662,0.19253294765789247,133.25,35.55
6708,1997-05-16 00:00:00,0.09128030071073973,-0.02687054029775968,0.20943114171923916,133.25,35.55
6709,1997-05-17 00:00:00,0.06557980845748461,-0.0527738193752255,0.1839334362901947,133.25,35.55
6710,1997-05-18 00:00:00,0.07856968517328437,-0.040002531505770655,0.1971419018523394,133.25,35.55
6711,1997-05-19 00:00:00,0.0996480673940748,-0.01878011117193157,0.2180762459600812,133.25,35.55
6712,1997-05-20 00:00:00,0.11600683582240046,-0.00246018742481674,0.2344738590696176,133.25,35.55
6713,1997-05-21 00:00:00,0.05389417527735402,-0.06478160093000923,0.17256995148471727,133.25,35.55
6714,1997-05-22 00:00:00,0.08400015158190144,-0.03436581246766092,0.20236611563146376,133.25,35.55
6715,1997-05-23 00:00:00,0.044462938179471535,-0.07372727716248839,0.16265315352143148,133.25,35.55
6716,1997-05-24 00:00:00,0.15165292511267614,0.033351024911204015,0.26995482531414833,133.25,35.55
6717,1997-05-25 00:00:00,0.1573123404962287,0.038797311012860984,0.2758273699795964,133.25,35.55
6718,1997-05-26 00:00:00,0.0909422523623018,-0.027462005618825183,0.2093465103434288,133.25,35.55
6719,1997-05-27 00:00:00,0.003903427439198978,-0.11435292010638468,0.12215977498478264,133.25,35.55
6720,1997-05-28 00:00:00,-0.020256131215478458,-0.13840036068078496,0.09788809824982804,133.25,35.55
6721,1997-05-29 00:00:00,0.0745436647727227,-0.04359421060623135,0.1926815401516768,133.25,35.55
6722,1997-05-30 00:00:00,0.0561471385580174,-0.062089683987278974,0.17438396110331378,133.25,35.55
6723,1997-05-31 00:00:00,0.10071666954662052,-0.01765435785567583,0.21908769694891686,133.25,35.55
6724,1997-06-01 00:00:00,0.0501201939845962,-0.06816810448583628,0.16840849245502867,133.25,35.55
6725,1997-06-02 00:00:00,0.13213539379250955,0.013672824706347508,0.2505979628786716,133.25,35.55
6726,1997-06-03 00:00:00,0.06426662444014848,-0.0541106616384989,0.18264391051879586,133.25,35.55
6727,1997-06-04 00:00:00,0.02655890245472516,-0.09161926874273836,0.14473707365218869,133.25,35.55
6728,1997-06-05 00:00:00,0.0480511542690696,-0.07008211484067625,0.16618442337881545,133.25,35.55
6729,1997-06-06 00:00:00,0.06745442260007915,-0.05082317763264499,0.1857320228328033,133.25,35.55
6730,1997-06-07 00:00:00,0.002809787720912036,-0.11548581836849325,0.12110539381031728,133.25,35.55
6731,1997-06-08 00:00:00,0.06990108762689018,-0.048278459554262826,0.1880806348080432,133.25,35.55
6732,1997-06-09 00:00:00,0.1520551699153032,0.03311129029944232,0.2709990495311641,133.25,35.55
6733,1997-06-10 00:00:00,0.09862801915646092,-0.0201597351363524,0.2174157734492742,133.25,35.55
6734,1997-06-11 00:00:00,0.03205980682243832,-0.0861042259546494,0.150223839599526,133.25,35.55
6735,1997-06-12 00:00:00,0.011804267779707408,-0.10636112649173846,0.12996966205115326,133.25,35.55
6736,1997-06-13 00:00:00,-0.007149536985257008,-0.12524984758804694,0.11095077361753294,133.25,35.55
6737,1997-06-14 00:00:00,0.009038160438841885,-0.10905071993466676,0.12712704081235052,133.25,35.55
6738,1997-06-15 00:00:00,0.024767576948141804,-0.09335421055203054,0.14288936444831415,133.25,35.55
6739,1997-06-16 00:00:00,0.024512736088935547,-0.0938452866251924,0.1428707588030635,133.25,35.55
6740,1997-06-17 00:00:00,0.024992507001069864,-0.09322723627745842,0.14321225027959816,133.25,35.55
6741,1997-06-18 00:00:00,0.01537369320258087,-0.10274469216436148,0.13349207856952322,133.25,35.55
6742,1997-06-19 00:00:00,0.015382915190211541,-0.1028266718884492,0.1335925022688723,133.25,35.55
6743,1997-06-20 00:00:00,0.11888691033238333,-0.001882568154700948,0.2396563888194676,133.25,35.55
6744,1997-06-21 00:00:00,0.07957943177821306,-0.04147722565561159,0.20063608921203768,133.25,35.55
6745,1997-06-22 00:00:00,0.05818373009290946,-0.05992545409838605,0.17629291428420496,133.25,35.55
6746,1997-06-23 00:00:00,0.053970056650409534,-0.0641553735207619,0.17209548682158096,133.25,35.55
6747,1997-06-24 00:00:00,0.04079237176603619,-0.07734571490148053,0.1589304584335529,133.25,35.55
6748,1997-06-25 00:00:00,0.09920337666825277,-0.018945913148051743,0.21735266648455728,133.25,35.55
6749,1997-06-26 00:00:00,0.11646289952147855,-0.0018004657459351344,0.23472626478889225,133.25,35.55
6750,1997-06-27 00:00:00,0.07862148687754404,-0.03962040545257962,0.19686337920766767,133.25,35.55
6751,1997-06-28 00:00:00,0.20667378688962848,0.08397653628578425,0.32937103749347274,133.25,35.55
6752,1997-06-29 00:00:00,0.0024397471757389155,-0.1269828995350647,0.13186239388654253,133.25,35.55
6753,1997-06-30 00:00:00,-0.02500166892089761,-0.14353850110088945,0.09353516325909422,133.25,35.55
6754,1997-07-01 00:00:00,0.11010179829944353,-0.00805726662569517,0.22826086322458225,133.25,35.55
6755,1997-07-02 00:00:00,0.1127266780695212,-0.00611894333239324,0.2315722994714356,133.25,35.55
6756,1997-07-03 00:00:00,0.12538932617363502,0.006793320242477682,0.24398533210479234,133.25,35.55
6757,1997-07-04 00:00:00,0.2039860901219506,0.08546248536514407,0.32250969487875714,133.25,35.55
6758,1997-07-05 00:00:00,0.2274388773742336,0.10860262496744737,0.34627512978101976,133.25,35.55
6759,1997-07-06 00:00:00,0.1775303451548452,0.05858436366414834,0.2964763266455421,133.25,35.55
6760,1997-07-07 00:00:00,0.13776652481298318,0.018437973427814437,0.2570950761981519,133.25,35.55
6761,1997-07-08 00:00:00,0.06470449337784318,-0.05443078955618394,0.1838397763118703,133.25,35.55
6762,1997-07-09 00:00:00,0.08101825731628623,-0.037581911528154065,0.1996184261607265,133.25,35.55
6763,1997-07-10 00:00:00,0.04637602845211133,-0.07216405611114625,0.1649161130153689,133.25,35.55
6764,1997-07-11 00:00:00,0.048922721727675984,-0.06942901322426863,0.1672744566796206,133.25,35.55
6765,1997-07-12 00:00:00,0.06774050038354187,-0.05084019458297565,0.1863211953500594,133.25,35.55
6766,1997-07-13 00:00:00,0.07887880946636804,-0.03963360106994146,0.19739122000267756,133.25,35.55
6767,1997-07-14 00:00:00,0.057072808424717875,-0.06113737725952044,0.1752829941089562,133.25,35.55
6768,1997-07-15 00:00:00,0.10839922167967976,-0.009780301559771498,0.22657874491913102,133.25,35.55
6769,1997-07-16 00:00:00,0.16998816719898108,0.05163504375287988,0.2883412906450823,133.25,35.55
6770,1997-07-17 00:00:00,0.08085769794119257,-0.03766269683040638,0.19937809271279155,133.25,35.55
6771,1997-07-18 00:00:00,0.005822002986469604,-0.11249502191398564,0.12413902788692485,133.25,35.55
6772,1997-07-19 00:00:00,0.032685192801001385,-0.0854158646580976,0.1507862502601004,133.25,35.55
6773,1997-07-20 00:00:00,0.06736759855425578,-0.05075791632369876,0.1854931134322103,133.25,35.55
6774,1997-07-21 00:00:00,0.05561272764455908,-0.06250924441507189,0.17373469970419006,133.25,35.55
6775,1997-07-22 00:00:00,0.039048432980181236,-0.07907394943264726,0.15717081539300976,133.25,35.55
6776,1997-07-23 00:00:00,0.025663371745053752,-0.09247313027885276,0.14379987376896025,133.25,35.55
6777,1997-07-24 00:00:00,0.017739054119792416,-0.10039569949648078,0.1358738077360656,133.25,35.55
6778,1997-07-25 00:00:00,0.023026630088458663,-0.0953114393059673,0.14136469948288466,133.25,35.55
6779,1997-07-26 00:00:00,0.09720440683694104,-0.03294455731381598,0.2273533709876981,133.25,35.55
6780,1997-07-27 00:00:00,-0.1142809445516243,-0.2541233856535834,0.02556149655033477,133.25,35.55
6781,1997-07-28 00:00:00,0.1432052132293148,0.019721877401896837,0.2666885490567327,133.25,35.55
6782,1997-07-29 00:00:00,0.060132104852546185,-0.05860732427451769,0.1788715339796101,133.25,35.55
6783,1997-07-30 00:00:00,0.012903406010305677,-0.10524221847016016,0.13104903049077152,133.25,35.55
6784,1997-07-31 00:00:00,0.016894980070991474,-0.10118096724288356,0.13497092738486652,133.25,35.55
6785,1997-08-01 00:00:00,0.038125953640574785,-0.07997033516618139,0.15622224244733096,133.25,35.55
6786,1997-08-02 00:00:00,0.06938217775758494,-0.04874488973516093,0.1875092452503308,133.25,35.55
6787,1997-08-03 00:00:00,0.10448236759659717,-0.01366057602935103,0.22262531122254534,133.25,35.55
6788,1997-08-04 00:00:00,0.13073579795623236,0.012591523053701913,0.2488800728587628,133.25,35.55
6789,1997-08-05 00:00:00,0.18122937541321052,0.06241614497303384,0.3000426058533873,133.25,35.55
6790,1997-08-06 00:00:00,0.08742911321326126,-0.03138086063858729,0.2062390870651098,133.25,35.55
6791,1997-08-07 00:00:00,0.0934158433584113,-0.024833997355854908,0.2116656840726775,133.25,35.55
6792,1997-08-08 00:00:00,0.11241897826640967,-0.0060242515897119394,0.2308622081225313,133.25,35.55
6793,1997-08-09 00:00:00,0.3688687501538921,0.2490803176176063,0.4886571826901779,133.25,35.55
6794,1997-08-10 00:00:00,0.1967213780322553,0.07640265883858159,0.3170400972259291,133.25,35.55
6795,1997-08-11 00:00:00,0.05336940461067227,-0.06541530323194386,0.1721541124532884,133.25,35.55
6796,1997-08-12 00:00:00,0.02561099113622925,-0.09307400164883822,0.14429598392129672,133.25,35.55
6797,1997-08-13 00:00:00,0.023019553183985825,-0.0952969251570627,0.14133603152503435,133.25,35.55
6798,1997-08-14 00:00:00,-0.0006818859096396969,-0.11882892477565313,0.11746515295637372,133.25,35.55
6799,1997-08-15 00:00:00,-0.026036805615448924,-0.14424063153370476,0.09216702030280688,133.25,35.55
6800,1997-08-16 00:00:00,0.0014196890871167216,-0.11689776542128325,0.1197371435955167,133.25,35.55
6801,1997-08-17 00:00:00,0.04980115385869281,-0.06899726765976967,0.1685995753771553,133.25,35.55
6802,1997-08-18 00:00:00,0.002132986409887766,-0.11675522240197207,0.1210211952217476,133.25,35.55
6803,1997-08-19 00:00:00,-0.022378008976723696,-0.14079396404631603,0.0960379460928686,133.25,35.55
6804,1997-08-20 00:00:00,0.0067919937604784646,-0.11140787520034423,0.12499186272130115,133.25,35.55
6805,1997-08-21 00:00:00,0.05336809642636525,-0.06482036667857556,0.17155655953130605,133.25,35.55
6806,1997-08-22 00:00:00,0.13373210418081075,0.015443337431163759,0.2520208709304577,133.25,35.55
6807,1997-08-23 00:00:00,0.12025888619082492,0.002067751994588432,0.23845002038706145,133.25,35.55
6808,1997-08-24 00:00:00,0.060417826580134074,-0.05768340234720953,0.17851905550747768,133.25,35.55
6809,1997-08-25 00:00:00,-0.0026513182373645514,-0.12081599259122568,0.11551335611649655,133.25,35.55
6810,1997-08-26 00:00:00,0.02260047565482245,-0.09555390249556102,0.14075485380520592,133.25,35.55
6811,1997-08-27 00:00:00,0.046701922521825465,-0.07143317789529585,0.16483702293894678,133.25,35.55
6812,1997-08-28 00:00:00,0.06269512633739477,-0.0554114635859024,0.180801716260692,133.25,35.55
6813,1997-08-29 00:00:00,0.05163448736339242,-0.06649185373975715,0.169760828466542,133.25,35.55
6814,1997-08-30 00:00:00,0.05404455965576863,-0.06407561186024098,0.17216473117177822,133.25,35.55
6815,1997-08-31 00:00:00,0.06343022612024421,-0.05469263897675115,0.1815530912172396,133.25,35.55
6816,1997-09-01 00:00:00,0.08745436850192195,-0.030688259156994063,0.205596996160838,133.25,35.55
6817,1997-09-02 00:00:00,0.09056750393621156,-0.02757341406652097,0.20870842193894407,133.25,35.55
6818,1997-09-03 00:00:00,0.08351646517827133,-0.03484725421537814,0.2018801845719208,133.25,35.55
6819,1997-09-04 00:00:00,0.018061565231544868,-0.1002699025067848,0.13639303296987454,133.25,35.55
6820,1997-09-05 00:00:00,0.004257715055703631,-0.1138473730639162,0.12236280317532347,133.25,35.55
6821,1997-09-06 00:00:00,0.021761332572688755,-0.09635743604707148,0.13988010119244898,133.25,35.55
6822,1997-09-07 00:00:00,0.06995378612805715,-0.048361310175681384,0.18826888243179568,133.25,35.55
6823,1997-09-08 00:00:00,-0.0166709871589118,-0.1350025742587413,0.10166059994091768,133.25,35.55
6824,1997-09-09 00:00:00,0.05485132534373415,-0.06340919600790468,0.17311184669537294,133.25,35.55
6825,1997-09-10 00:00:00,0.05818748568988514,-0.060094382495347876,0.17646935387511814,133.25,35.55
6826,1997-09-11 00:00:00,0.016263591064036992,-0.10198506545244387,0.13451224758051789,133.25,35.55
6827,1997-09-12 00:00:00,0.003655399953634592,-0.11447128197820212,0.1217820818854713,133.25,35.55
6828,1997-09-13 00:00:00,-0.031742702415200955,-0.14992898157394113,0.08644357674353921,133.25,35.55
6829,1997-09-14 00:00:00,-0.02322391948499272,-0.1416267209495128,0.09517888197952734,133.25,35.55
6830,1997-09-15 00:00:00,-0.07135762640242678,-0.19085179173581024,0.048136538930956714,133.25,35.55
6831,1997-09-16 00:00:00,-0.06654036517445358,-0.18820072036031574,0.05511999001140865,133.25,35.55
6832,1997-09-17 00:00:00,0.09878736023467316,-0.024138083591129626,0.22171280406047594,133.25,35.55
6833,1997-09-18 00:00:00,0.02992356740786228,-0.08948467619032707,0.14933181100605164,133.25,35.55
6834,1997-09-19 00:00:00,0.05712038397153155,-0.06142680978969577,0.17566757773275887,133.25,35.55
6835,1997-09-20 00:00:00,-0.029194872682717237,-0.1476198145474767,0.08923006918204222,133.25,35.55
6836,1997-09-21 00:00:00,0.03330317470971154,-0.08484518145369249,0.15145153087311555,133.25,35.55
6837,1997-09-22 00:00:00,-0.04025470291144472,-0.1584013972348177,0.07789199141192826,133.25,35.55
6838,1997-09-23 00:00:00,-0.022089943927062497,-0.14026894494424275,0.09608905709011777,133.25,35.55
6839,1997-09-24 00:00:00,-0.0011597101513246902,-0.11940298336849255,0.11708356306584315,133.25,35.55
6840,1997-09-25 00:00:00,-0.0018512380676843976,-0.11999854682343772,0.11629607068806895,133.25,35.55
6841,1997-09-26 00:00:00,0.1043293847081736,-0.014245497471751037,0.22290426688809825,133.25,35.55
6842,1997-09-27 00:00:00,0.2681388495214395,0.147880211868055,0.388397487174824,133.25,35.55
6843,1997-09-28 00:00:00,-0.001709558795966043,-0.12157248991679795,0.11815337232486585,133.25,35.55
6844,1997-09-29 00:00:00,0.01690469189527127,-0.10120668984757852,0.13501607363812107,133.25,35.55
6845,1997-09-30 00:00:00,-0.015240268555302491,-0.13332249551305986,0.10284195840245484,133.25,35.55
6846,1997-10-01 00:00:00,-0.020862334432059662,-0.13898281508357202,0.09725814621945268,133.25,35.55
6847,1997-10-02 00:00:00,0.0026527059884796987,-0.11554007296712085,0.12084548494408025,133.25,35.55
6848,1997-10-03 00:00:00,-0.00909178791100208,-0.12734050323200272,0.10915692740999856,133.25,35.55
6849,1997-10-04 00:00:00,0.04927999938719335,-0.06894579718602553,0.16750579596041226,133.25,35.55
6850,1997-10-05 00:00:00,0.05757213537161308,-0.06069112337696408,0.17583539412019022,133.25,35.55
6851,1997-10-06 00:00:00,-0.025495340922202403,-0.143688607236534,0.0926979253921292,133.25,35.55
6852,1997-10-07 00:00:00,0.06919072737650431,-0.0489850585842487,0.18736651333725726,133.25,35.55
6853,1997-10-08 00:00:00,0.09855816617070667,-0.01974577145426296,0.2168621037956763,133.25,35.55
6854,1997-10-09 00:00:00,0.03042761142542774,-0.08783951455546089,0.14869473740631636,133.25,35.55
6855,1997-10-10 00:00:00,0.14548464648101228,0.027206160934612655,0.2637631320274119,133.25,35.55
6856,1997-10-11 00:00:00,0.08937214941217943,-0.029694680291875664,0.20843897911623446,133.25,35.55
6857,1997-10-12 00:00:00,0.08118402008330829,-0.037585054767105455,0.19995309493372204,133.25,35.55
6858,1997-10-13 00:00:00,0.07373046656497434,-0.04456881712575489,0.1920297502557036,133.25,35.55
6859,1997-10-14 00:00:00,0.14462260349549114,0.026193308988930845,0.2630518980020515,133.25,35.55
6860,1997-10-15 00:00:00,0.02856348529455023,-0.09010649409566493,0.1472334646847654,133.25,35.55
6861,1997-10-16 00:00:00,-0.01934988360654581,-0.1374931324391867,0.0987933652260951,133.25,35.55
6862,1997-10-17 00:00:00,0.07749964648681759,-0.04071107933928498,0.19571037231292016,133.25,35.55
6863,1997-10-18 00:00:00,0.13761593481671985,0.019326080732513504,0.2559057889009262,133.25,35.55
6864,1997-10-19 00:00:00,0.02915316963482108,-0.0890891560571715,0.14739549532681367,133.25,35.55
6865,1997-10-20 00:00:00,0.131367869456993,0.012962165565649759,0.24977357334833625,133.25,35.55
6866,1997-10-21 00:00:00,0.10123227601423013,-0.017205096980938778,0.219669649009399,133.25,35.55
6867,1997-10-22 00:00:00,0.010463005086002123,-0.10793743682666247,0.12886344699866673,133.25,35.55
6868,1997-10-23 00:00:00,0.03261123484473831,-0.08556262810662563,0.15078509779610225,133.25,35.55
6869,1997-10-24 00:00:00,0.03387659959601444,-0.08425439133224523,0.1520075905242741,133.25,35.55
6870,1997-10-25 00:00:00,0.028446737171718157,-0.08988985156116094,0.14678332590459725,133.25,35.55
6871,1997-10-26 00:00:00,0.10641327540911684,-0.012149391026562985,0.2249759418447967,133.25,35.55
6872,1997-10-27 00:00:00,0.1432805463043109,0.024652619794211225,0.2619084728144105,133.25,35.55
6873,1997-10-28 00:00:00,-0.028253899867370893,-0.14663395722986833,0.09012615749512656,133.25,35.55
6874,1997-10-29 00:00:00,0.07433400934357785,-0.04388494512669838,0.1925529638138541,133.25,35.55
6875,1997-10-30 00:00:00,0.12766083779715492,0.009238433805820734,0.2460832417884891,133.25,35.55
6876,1997-10-31 00:00:00,0.056906469618647024,-0.061663972897200575,0.17547691213449462,133.25,35.55
6877,1997-11-01 00:00:00,0.03696616402149122,-0.08159812542577405,0.1555304534687565,133.25,35.55
6878,1997-11-02 00:00:00,0.012449310043911341,-0.10574506950449647,0.13064368959231915,133.25,35.55
6879,1997-11-03 00:00:00,0.04602481452431709,-0.0720979394129194,0.1641475684615536,133.25,35.55
6880,1997-11-04 00:00:00,0.06332416344068581,-0.054823257689664256,0.18147158457103588,133.25,35.55
6881,1997-11-05 00:00:00,0.02067328651638977,-0.09756981495345532,0.13891638798623487,133.25,35.55
6882,1997-11-06 00:00:00,0.030362087030255176,-0.08794764199962571,0.14867181606013607,133.25,35.55
6883,1997-11-07 00:00:00,-0.07006759827536316,-0.18831149233337569,0.04817629578264936,133.25,35.55
6884,1997-11-08 00:00:00,-0.022167867046235527,-0.14036640917474574,0.09603067508227472,133.25,35.55
6885,1997-11-09 00:00:00,-0.0309653658095511,-0.14914414531088108,0.08721341369177887,133.25,35.55
6886,1997-11-10 00:00:00,0.000840860951312708,-0.11734673056750967,0.1190284524701351,133.25,35.55
6887,1997-11-11 00:00:00,0.055557358982834204,-0.06266116012339687,0.17377587808906528,133.25,35.55
6888,1997-11-12 00:00:00,0.0571621421574703,-0.06102057816039817,0.17534486247533876,133.25,35.55
6889,1997-11-13 00:00:00,-0.025513385710806705,-0.14453013935265005,0.09350336793103664,133.25,35.55
6890,1997-11-14 00:00:00,0.10733980824559704,-0.011245766313923766,0.2259253828051179,133.25,35.55
6891,1997-11-15 00:00:00,0.03797612238096077,-0.08020888753632721,0.15616113229824874,133.25,35.55
6892,1997-11-16 00:00:00,-0.007899673983458082,-0.12605344830191567,0.1102541003349995,133.25,35.55
6893,1997-11-17 00:00:00,0.09598302162211833,-0.02225602661442895,0.21422206985866565,133.25,35.55
6894,1997-11-18 00:00:00,0.1643866184461609,0.045319720729262485,0.2834535161630593,133.25,35.55
6895,1997-11-19 00:00:00,-0.06903538058494696,-0.1876802568813297,0.049609495711435775,133.25,35.55
6896,1997-11-20 00:00:00,-0.01535859750648701,-0.1335456323004167,0.10282843728744268,133.25,35.55
6897,1997-11-21 00:00:00,0.012405761028938166,-0.10581486845965657,0.1306263905175329,133.25,35.55
6898,1997-11-22 00:00:00,0.0400253515611443,-0.07920570833527812,0.15925641145756672,133.25,35.55
6899,1997-11-23 00:00:00,0.03886259843725326,-0.08046359377431495,0.15818879064882144,133.25,35.55
6900,1997-11-24 00:00:00,-0.032629506838932294,-0.15089169641578382,0.08563268273791921,133.25,35.55
6901,1997-11-25 00:00:00,0.01880754124437866,-0.09958001509865312,0.13719509758741044,133.25,35.55
6902,1997-11-26 00:00:00,0.2848447838820882,0.16098165581319626,0.4087079119509802,133.25,35.55
6903,1997-11-27 00:00:00,0.1759123828700463,0.05262603974689113,0.29919872599320146,133.25,35.55
6904,1997-11-28 00:00:00,-0.15316871471354498,-0.27181527173207665,-0.034522157695013295,133.25,35.55
6905,1997-11-29 00:00:00,0.17103941079819834,0.051799709891069495,0.2902791117053272,133.25,35.55
6906,1997-11-30 00:00:00,-0.04728475796423688,-0.16750314550575304,0.07293362957727931,133.25,35.55
6907,1997-12-01 00:00:00,0.048224809662372296,-0.07030605944800357,0.16675567877274816,133.25,35.55
6908,1997-12-02 00:00:00,0.08164678501707112,-0.0374746404728251,0.20076821050696736,133.25,35.55
6909,1997-12-03 00:00:00,-0.004164676618730823,-0.12436071114354932,0.11603135790608765,133.25,35.55
6910,1997-12-04 00:00:00,-0.029865007028530514,-0.14815571826640606,0.08842570420934504,133.25,35.55
6911,1997-12-05 00:00:00,-0.013656506935007716,-0.13181965820076064,0.10450664433074523,133.25,35.55
6912,1997-12-06 00:00:00,-0.006929960887819192,-0.12510923261846835,0.11124931084283,133.25,35.55
6913,1997-12-07 00:00:00,0.08895994310625631,-0.030296787254190913,0.20821667346670356,133.25,35.55
6914,1997-12-08 00:00:00,0.040425469529582536,-0.07913538805271654,0.1599863271118816,133.25,35.55
6915,1997-12-09 00:00:00,0.10445358176362153,-0.01584841206999589,0.22475557559723894,133.25,35.55
6916,1997-12-10 00:00:00,0.138218445229059,0.018915783690722682,0.2575211067673953,133.25,35.55
6917,1997-12-11 00:00:00,0.09619221382643578,-0.02282368002246569,0.21520810767533727,133.25,35.55
6918,1997-12-12 00:00:00,0.06707210536461172,-0.052804635457126166,0.1869488461863496,133.25,35.55
6919,1997-12-13 00:00:00,0.03817273041951905,-0.08020759680732135,0.15655305764635946,133.25,35.55
6920,1997-12-14 00:00:00,0.032133846707461715,-0.08602668076678376,0.15029437418170716,133.25,35.55
6921,1997-12-15 00:00:00,0.18191565218969608,0.06359700910902433,0.3002342952703678,133.25,35.55
6922,1997-12-16 00:00:00,0.002629631633774197,-0.11569839630572902,0.1209576595732774,133.25,35.55
6923,1997-12-17 00:00:00,0.04402683547439504,-0.0740978938554108,0.1621515648042009,133.25,35.55
6924,1997-12-18 00:00:00,0.08249794491261064,-0.035850709385158816,0.20084659921038006,133.25,35.55
6925,1997-12-19 00:00:00,0.0680831683159524,-0.05021920925060473,0.18638554588250955,133.25,35.55
6926,1997-12-20 00:00:00,0.0678682779630562,-0.05048704774442401,0.1862236036705364,133.25,35.55
6927,1997-12-21 00:00:00,-0.07303304549301914,-0.19162883061534627,0.04556273962930799,133.25,35.55
6928,1997-12-22 00:00:00,-0.02339796199759514,-0.14192682028520442,0.09513089629001413,133.25,35.55
6929,1997-12-23 00:00:00,-0.021585265427045364,-0.13991854600568376,0.09674801515159304,133.25,35.55
6930,1997-12-24 00:00:00,0.003866834379106454,-0.11446724041123005,0.12220090916944296,133.25,35.55
6931,1997-12-25 00:00:00,-0.033149744830325636,-0.15146001313765195,0.08516052347700066,133.25,35.55
6932,1997-12-26 00:00:00,-0.0048693597146794365,-0.1230688594830461,0.11333014005368724,133.25,35.55
6933,1997-12-27 00:00:00,0.06857849321133158,-0.04970396023428205,0.1868609466569452,133.25,35.55
6934,1997-12-28 00:00:00,0.02403729123249461,-0.09421731105105063,0.14229189351603988,133.25,35.55
6935,1997-12-29 00:00:00,-0.019779351091205436,-0.13793773019988406,0.0983790280174732,133.25,35.55
6936,1997-12-30 00:00:00,0.0680519374090546,-0.05047773737889456,0.18658161219700373,133.25,35.55
6937,1997-12-31 00:00:00,-0.018702090524883988,-0.1375511502999366,0.10014696925016864,133.25,35.55
6938,1998-01-01 00:00:00,0.07747893104803752,-0.04092683758418186,0.1958846996802569,133.25,35.55
6939,1998-01-02 00:00:00,-0.001795246088271479,-0.12019564278546176,0.11660515060891882,133.25,35.55
6940,1998-01-03 00:00:00,0.06730797839105508,-0.0509619187836195,0.18557787556572966,133.25,35.55
6941,1998-01-04 00:00:00,0.17415374789373456,0.055240495211920135,0.29306700057554896,133.25,35.55
6942,1998-01-05 00:00:00,0.007488016884768564,-0.11149757575842564,0.12647360952796274,133.25,35.55
6943,1998-01-06 00:00:00,0.2296864099719765,0.1106176375068003,0.3487551824371527,133.25,35.55
6944,1998-01-07 00:00:00,0.04264763231165988,-0.07627126626507744,0.1615665308883972,133.25,35.55
6945,1998-01-08 00:00:00,0.0968426420269492,-0.02215628021049995,0.21584156426439835,133.25,35.55
6946,1998-01-09 00:00:00,-0.021966795056465,-0.142203372136147,0.098269782023217,133.25,35.55
6947,1998-01-10 00:00:00,0.04034889058576389,-0.07816650612960219,0.15886428730112995,133.25,35.55
6948,1998-01-11 00:00:00,-0.07205074958035558,-0.19051490630917703,0.04641340714846587,133.25,35.55
6949,1998-01-12 00:00:00,0.06242396812479159,-0.05624686324607134,0.18109479949565446,133.25,35.55
6950,1998-01-13 00:00:00,-0.026984982483027862,-0.1453411886187577,0.09137122365270198,133.25,35.55
6951,1998-01-14 00:00:00,-0.014408668828612374,-0.13280679175420504,0.10398945409698028,133.25,35.55
6952,1998-01-15 00:00:00,-0.1064800270122592,-0.22836029295446225,0.015400238929943856,133.25,35.55
6953,1998-01-16 00:00:00,0.10339793712850556,-0.020037091658251016,0.2268329659152621,133.25,35.55
6954,1998-01-17 00:00:00,-0.0286460398225144,-0.1475424993150184,0.0902504196699896,133.25,35.55
6955,1998-01-18 00:00:00,0.12267541419638525,0.004108072378824434,0.24124275601394604,133.25,35.55
6956,1998-01-19 00:00:00,0.15581203364295595,0.03622033683137983,0.2754037304545321,133.25,35.55
6957,1998-01-20 00:00:00,0.09441567495767628,-0.024534494940980357,0.21336584485633286,133.25,35.55
6958,1998-01-21 00:00:00,0.19804926131177555,0.07923223522158089,0.3168662874019702,133.25,35.55
6959,1998-01-22 00:00:00,0.0376957127519934,-0.08100297952093094,0.15639440502491772,133.25,35.55
6960,1998-01-23 00:00:00,0.09904226354988653,-0.01950377203306274,0.21758829913283576,133.25,35.55
6961,1998-01-24 00:00:00,0.2034192537786806,0.08380342434870021,0.32303508320866103,133.25,35.55
6962,1998-01-25 00:00:00,0.002564010414937368,-0.11723654856306827,0.122364569392943,133.25,35.55
6963,1998-01-26 00:00:00,0.15460537418208065,0.036200138259903515,0.27301061010425776,133.25,35.55
6964,1998-01-27 00:00:00,-0.012843402008776395,-0.13127194629427866,0.10558514227672584,133.25,35.55
6965,1998-01-28 00:00:00,0.029703468849291724,-0.0886384246324433,0.14804536233102675,133.25,35.55
6966,1998-01-29 00:00:00,0.01808698214418905,-0.10026412229526437,0.13643808658364248,133.25,35.55
6967,1998-01-30 00:00:00,0.0665078370708825,-0.05175007666547515,0.18476575080724011,133.25,35.55
6968,1998-01-31 00:00:00,0.14166088177175715,0.023301731449021926,0.2600200320944924,133.25,35.55
6969,1998-02-01 00:00:00,-0.02422533977284589,-0.14248159690016812,0.09403091735447634,133.25,35.55
6970,1998-02-02 00:00:00,0.007963549993535185,-0.11019296734703604,0.1261200673341064,133.25,35.55
6971,1998-02-03 00:00:00,0.05252887134841365,-0.06566717537333558,0.17072491807016288,133.25,35.55
6972,1998-02-04 00:00:00,-0.06338258637858729,-0.18190213781357684,0.055136965056402254,133.25,35.55
6973,1998-02-05 00:00:00,0.06895141246695631,-0.04949347865831123,0.18739630359222387,133.25,35.55
6974,1998-02-06 00:00:00,0.0599776897330653,-0.058218287194584724,0.17817366666071532,133.25,35.55
6975,1998-02-07 00:00:00,0.05264365196032577,-0.06552711688942442,0.17081442081007595,133.25,35.55
6976,1998-02-08 00:00:00,0.21320209838647114,0.09325301809324127,0.33315117867970095,133.25,35.55
6977,1998-02-09 00:00:00,0.12571536170213987,0.003823187729289093,0.24760753567499064,133.25,35.55
6978,1998-02-10 00:00:00,-0.017008141334434068,-0.13793061209326826,0.10391432942440013,133.25,35.55
6979,1998-02-11 00:00:00,0.08605925756457382,-0.03449113879202362,0.20660965392117125,133.25,35.55
6980,1998-02-12 00:00:00,0.18340876728706415,0.06479272260272473,0.30202481197140363,133.25,35.55
6981,1998-02-13 00:00:00,0.05154083664026988,-0.06717741380399153,0.17025908708453127,133.25,35.55
6982,1998-02-14 00:00:00,0.13180959213842808,0.013218685160888323,0.25040049911596785,133.25,35.55
6983,1998-02-15 00:00:00,-0.00858158927701515,-0.12716627989166895,0.11000310133763863,133.25,35.55
6984,1998-02-16 00:00:00,0.0014379488085849296,-0.11687259172256767,0.11974848933973753,133.25,35.55
6985,1998-02-17 00:00:00,-0.007231237781565772,-0.12570799798638982,0.11124552242325828,133.25,35.55
6986,1998-02-18 00:00:00,-0.1011187364433384,-0.21970353584111613,0.01746606295443931,133.25,35.55
6987,1998-02-19 00:00:00,-0.0032184802007777518,-0.12159711903397664,0.11516015863242116,133.25,35.55
6988,1998-02-20 00:00:00,0.08427615918486048,-0.03462997388044213,0.2031822922501631,133.25,35.55
6989,1998-02-21 00:00:00,-0.0975819161599861,-0.21718556554964225,0.022021733229670038,133.25,35.55
6990,1998-02-22 00:00:00,-0.07543348703075395,-0.19458046225724146,0.04371348819573356,133.25,35.55
6991,1998-02-23 00:00:00,-0.010383235968262856,-0.12876765335242862,0.10800118141590292,133.25,35.55
6992,1998-02-24 00:00:00,-0.04124332856967814,-0.15994364009915493,0.07745698295979866,133.25,35.55
6993,1998-02-25 00:00:00,0.014019633700309744,-0.10504211876090384,0.13308138616152332,133.25,35.55
6994,1998-02-26 00:00:00,0.02731112119573606,-0.09127853222623618,0.14590077461770828,133.25,35.55
6995,1998-02-27 00:00:00,0.032214269819438916,-0.08599799547295457,0.1504265351118324,133.25,35.55
6996,1998-02-28 00:00:00,0.08964275020652877,-0.028795783012176283,0.20808128342523385,133.25,35.55
6997,1998-03-01 00:00:00,0.02517833772576531,-0.095634104068259,0.14599077951978964,133.25,35.55
6998,1998-03-02 00:00:00,0.06490895556269034,-0.054648917880367104,0.1844668290057478,133.25,35.55
6999,1998-03-03 00:00:00,0.0003101027449836022,-0.11788252113369185,0.11850272662365907,133.25,35.55
7000,1998-03-04 00:00:00,0.03263985370389204,-0.0855475919866789,0.15082729939446302,133.25,35.55
7001,1998-03-05 00:00:00,-0.049196321410564896,-0.1675060078794894,0.0691133650583596,133.25,35.55
7002,1998-03-06 00:00:00,0.06285517272241865,-0.056199340948399186,0.1819096863932365,133.25,35.55
7003,1998-03-07 00:00:00,0.030476921681080082,-0.08825527658248189,0.14920911994464206,133.25,35.55
7004,1998-03-08 00:00:00,0.024024534664860986,-0.0944637599577698,0.14251282928749176,133.25,35.55
7005,1998-03-09 00:00:00,0.07720758116260643,-0.041087394694883615,0.19550255702009645,133.25,35.55
7006,1998-03-10 00:00:00,-0.17323166696350828,-0.2921954644968099,-0.0542678694302067,133.25,35.55
7007,1998-03-11 00:00:00,-0.009621314391226808,-0.12877449741831015,0.10953186863585652,133.25,35.55
7008,1998-03-12 00:00:00,0.1294234623960798,0.009550133171677314,0.2492967916204823,133.25,35.55
7009,1998-03-13 00:00:00,0.12937048414743532,0.010539133782573332,0.2482018345122973,133.25,35.55
7010,1998-03-14 00:00:00,0.15782532366091775,0.03917680578107713,0.2764738415407584,133.25,35.55
7011,1998-03-15 00:00:00,0.08614855263029479,-0.03659319447913351,0.2088902997397231,133.25,35.55
7012,1998-03-16 00:00:00,0.032228312333099224,-0.08987842532600455,0.15433504999220302,133.25,35.55
7013,1998-03-17 00:00:00,0.03288869153693299,-0.08539748576917566,0.15117486884304165,133.25,35.55
7014,1998-03-18 00:00:00,-0.06877663785376817,-0.1870821006413236,0.04952882493378727,133.25,35.55
7015,1998-03-19 00:00:00,0.20889436899958386,0.09021664376561928,0.32757209423354844,133.25,35.55
7016,1998-03-20 00:00:00,0.2636874630996345,0.1355014124709112,0.39187351372835777,133.25,35.55
7017,1998-03-21 00:00:00,-0.02458019201058914,-0.15080839781005267,0.1016480137888744,133.25,35.55
7018,1998-03-22 00:00:00,0.017155923425393592,-0.10109277892534338,0.13540462577613058,133.25,35.55
7019,1998-03-23 00:00:00,-0.009883336092949668,-0.12813891566984714,0.10837224348394782,133.25,35.55
7020,1998-03-24 00:00:00,0.07318084482207192,-0.044992832248316635,0.1913545218924605,133.25,35.55
7021,1998-03-25 00:00:00,0.06916367347140953,-0.048976490472597056,0.18730383741541606,133.25,35.55
7022,1998-03-26 00:00:00,-0.022884413388921603,-0.1410744531168045,0.09530562633896128,133.25,35.55
7023,1998-03-27 00:00:00,0.14295538380575815,0.024230212325215425,0.2616805552863009,133.25,35.55
7024,1998-03-28 00:00:00,0.04691671811538127,-0.07173134865293794,0.16556478488370047,133.25,35.55
7025,1998-03-29 00:00:00,-0.0021049641655715955,-0.12026343230590393,0.11605350397476072,133.25,35.55
7026,1998-03-30 00:00:00,0.06370445390768945,-0.054534135581726186,0.1819430433971051,133.25,35.55
7027,1998-03-31 00:00:00,0.03202996161308378,-0.0862628462252121,0.15032276945137965,133.25,35.55
7028,1998-04-01 00:00:00,-0.1270018682057602,-0.2462519007322052,-0.0077518356793152285,133.25,35.55
7029,1998-04-02 00:00:00,0.11091965031729838,-0.009893223155045068,0.23173252378964185,133.25,35.55
7030,1998-04-03 00:00:00,0.02106983891776253,-0.0976881977070677,0.13982787554259274,133.25,35.55
7031,1998-04-04 00:00:00,0.033247817149195384,-0.08490637392316049,0.15140200822155125,133.25,35.55
7032,1998-04-05 00:00:00,0.05561505529701364,-0.0625540500018748,0.1737841605959021,133.25,35.55
7033,1998-04-06 00:00:00,0.04979604932416079,-0.06877019039010818,0.16836228903842976,133.25,35.55
7034,1998-04-07 00:00:00,-0.003161299863421202,-0.12169011993734152,0.1153675202104991,133.25,35.55
7035,1998-04-08 00:00:00,0.047633576759878185,-0.07049220939569473,0.1657593629154511,133.25,35.55
7036,1998-04-09 00:00:00,0.028388837849261564,-0.08983989062710704,0.14661756632563014,133.25,35.55
7037,1998-04-10 00:00:00,0.041138829108569384,-0.07707856516923665,0.1593562233863754,133.25,35.55
7038,1998-04-11 00:00:00,0.023271007297639718,-0.0948827331327837,0.14142474772806313,133.25,35.55
7039,1998-04-12 00:00:00,0.04816558675229495,-0.07005461412388002,0.16638578762846992,133.25,35.55
7040,1998-04-13 00:00:00,0.340437693283258,0.22003447419237887,0.4608409123741372,133.25,35.55
7041,1998-04-14 00:00:00,0.1868071722749539,0.06668492887212242,0.30692941567778537,133.25,35.55
7042,1998-04-15 00:00:00,-0.017812222040659447,-0.13624435686287276,0.10061991278155387,133.25,35.55
7043,1998-04-16 00:00:00,-0.01212443370302642,-0.1304342105831378,0.10618534317708496,133.25,35.55
7044,1998-04-17 00:00:00,-0.0016140273357270266,-0.11977101872578255,0.11654296405432847,133.25,35.55
7045,1998-04-18 00:00:00,0.054486960232382566,-0.0636871236945255,0.17266104415929062,133.25,35.55
7046,1998-04-19 00:00:00,0.04743114495971885,-0.07080754066744561,0.16566983058688334,133.25,35.55
7047,1998-04-20 00:00:00,0.04899558418996849,-0.0692244266492262,0.1672155950291632,133.25,35.55
7048,1998-04-21 00:00:00,0.061622110507128486,-0.056540780716959935,0.17978500173121692,133.25,35.55
7049,1998-04-22 00:00:00,0.10441026884708636,-0.013765083361260573,0.22258562105543328,133.25,35.55
7050,1998-04-23 00:00:00,0.12812376028362127,0.009899390024535742,0.2463481305427068,133.25,35.55
7051,1998-04-24 00:00:00,0.12399499536298032,0.005501285076722247,0.2424887056492384,133.25,35.55
7052,1998-04-25 00:00:00,0.0010928166130215603,-0.11736628410994755,0.11955191733599065,133.25,35.55
7053,1998-04-26 00:00:00,0.00021535555489474859,-0.11810353486606852,0.11853424597585804,133.25,35.55
7054,1998-04-27 00:00:00,-0.03781111938357929,-0.15596756052720126,0.08034532176004269,133.25,35.55
7055,1998-04-28 00:00:00,-0.0021498414624866982,-0.1202909143925043,0.1159912314675309,133.25,35.55
7056,1998-04-29 00:00:00,0.0663533918426764,-0.05189022699215573,0.18459701067750853,133.25,35.55
7057,1998-04-30 00:00:00,-0.056590922749871736,-0.17481130443123727,0.06162945893149381,133.25,35.55
7058,1998-05-01 00:00:00,0.02233753065100911,-0.0962138708671707,0.1408889321691889,133.25,35.55
7059,1998-05-02 00:00:00,0.4005037454837725,0.2801645252313096,0.5208429657362355,133.25,35.55
7060,1998-05-03 00:00:00,0.1960621784013233,0.07529420804209715,0.31683014876054955,133.25,35.55
7061,1998-05-04 00:00:00,-0.11134875031039118,-0.2300117503350471,0.007314249714264767,133.25,35.55
7062,1998-05-05 00:00:00,-0.016576172153966146,-0.134704511932447,0.10155216762451473,133.25,35.55
7063,1998-05-06 00:00:00,0.02031914530936186,-0.09784763469663968,0.13848592531536338,133.25,35.55
7064,1998-05-07 00:00:00,0.06889152023473234,-0.04923199411371691,0.1870150345831816,133.25,35.55
7065,1998-05-08 00:00:00,0.1177920629939377,-0.0004149996083052665,0.23599912559618064,133.25,35.55
7066,1998-05-09 00:00:00,-0.04174389112412572,-0.16003227541129622,0.07654449316304476,133.25,35.55
7067,1998-05-10 00:00:00,0.03879658199994918,-0.07942710409841611,0.15702026809831446,133.25,35.55
7068,1998-05-11 00:00:00,-0.05248141277940367,-0.17075674849021633,0.06579392293140901,133.25,35.55
7069,1998-05-12 00:00:00,0.15252671005454732,0.03395845323167398,0.27109496687742063,133.25,35.55
7070,1998-05-13 00:00:00,0.052441596371644035,-0.06633378163051018,0.17121697437379824,133.25,35.55
7071,1998-05-14 00:00:00,-0.006510939101240305,-0.12469187961992885,0.11167000141744826,133.25,35.55
7072,1998-05-15 00:00:00,-0.00803658430597521,-0.12616366483073785,0.1100904962187874,133.25,35.55
7073,1998-05-16 00:00:00,0.024374742334996514,-0.09403449989783576,0.1427839845678288,133.25,35.55
7074,1998-05-17 00:00:00,0.10716570098469118,-0.01221687933043093,0.2265482812998133,133.25,35.55
7075,1998-05-18 00:00:00,0.07500003189130602,-0.04336065171382485,0.1933607154964369,133.25,35.55
7076,1998-05-19 00:00:00,0.04827551759285567,-0.06982644482755555,0.1663774800132669,133.25,35.55
7077,1998-05-20 00:00:00,-0.004792933934954906,-0.12288933450315832,0.1133034666332485,133.25,35.55
7078,1998-05-21 00:00:00,-0.012301494795690208,-0.13042870918854912,0.10582571959716873,133.25,35.55
7079,1998-05-22 00:00:00,0.012349638591492558,-0.10576213695758577,0.13046141414057089,133.25,35.55
7080,1998-05-23 00:00:00,0.013818351892895576,-0.10438059839830943,0.1320173021841006,133.25,35.55
7081,1998-05-24 00:00:00,0.09710951055266367,-0.021274773269198646,0.215493794374526,133.25,35.55
7082,1998-05-25 00:00:00,0.09671263111723824,-0.022076645597245204,0.21550190783172168,133.25,35.55
7083,1998-05-26 00:00:00,0.018231582589538973,-0.10019851956421434,0.1366616847432923,133.25,35.55
7084,1998-05-27 00:00:00,0.004679704062515158,-0.11347544233576798,0.12283485046079827,133.25,35.55
7085,1998-05-28 00:00:00,0.012395151336425068,-0.10577855361695417,0.13056885628980427,133.25,35.55
7086,1998-05-29 00:00:00,0.08886732609259695,-0.02945027699293846,0.2071849291781324,133.25,35.55
7087,1998-05-30 00:00:00,0.05956884256780767,-0.05863935324815801,0.17777703838377334,133.25,35.55
7088,1998-05-31 00:00:00,0.04818917974718436,-0.07004508602268691,0.16642344551705562,133.25,35.55
7089,1998-06-01 00:00:00,0.08124745277376957,-0.03700072883743255,0.1994956343849717,133.25,35.55
7090,1998-06-02 00:00:00,0.03447674110037213,-0.08415627555356113,0.15310975775430538,133.25,35.55
7091,1998-06-03 00:00:00,0.07006291917750809,-0.049207440196143606,0.18933327855115975,133.25,35.55
7092,1998-06-04 00:00:00,0.14368914954206027,0.024477383851494075,0.2629009152326265,133.25,35.55
7093,1998-06-05 00:00:00,-0.03877323881610965,-0.15721449624600525,0.07966801861378597,133.25,35.55
7094,1998-06-06 00:00:00,0.022932711684512185,-0.09526986620303682,0.1411352895720612,133.25,35.55
7095,1998-06-07 00:00:00,0.01741500960278984,-0.10074818277555904,0.13557820198113876,133.25,35.55
7096,1998-06-08 00:00:00,0.055866793519677264,-0.062320750777868576,0.1740543378172231,133.25,35.55
7097,1998-06-09 00:00:00,0.018180353305066444,-0.10004504598193924,0.13640575259207213,133.25,35.55
7098,1998-06-10 00:00:00,0.0301652701074746,-0.0886002618763975,0.14893080209134668,133.25,35.55
7099,1998-06-11 00:00:00,0.02377589428068851,-0.09476781668762548,0.1423196052490025,133.25,35.55
7100,1998-06-12 00:00:00,0.001222143529034908,-0.11689996260798205,0.11934424966605188,133.25,35.55
7101,1998-06-13 00:00:00,0.002648953270592905,-0.11594383708597493,0.12124174362716075,133.25,35.55
7102,1998-06-14 00:00:00,0.1219227703240134,0.0023444656692981907,0.24150107497872855,133.25,35.55
7103,1998-06-15 00:00:00,0.06909666320228815,-0.0497327053416509,0.1879260317462272,133.25,35.55
7104,1998-06-16 00:00:00,0.054667784291493667,-0.06376541334729481,0.17310098193028214,133.25,35.55
7105,1998-06-17 00:00:00,0.013577692519364049,-0.10459282992306497,0.1317482149617931,133.25,35.55
7106,1998-06-18 00:00:00,0.02162027594342552,-0.09653790900798877,0.1397784608948398,133.25,35.55
7107,1998-06-19 00:00:00,0.1620539174591047,0.04288169494191063,0.28122613997629875,133.25,35.55
7108,1998-06-20 00:00:00,0.044052848026231765,-0.07614030742840848,0.16424600348087198,133.25,35.55
7109,1998-06-21 00:00:00,-0.055824263881106416,-0.17418402545368378,0.06253549769147093,133.25,35.55
7110,1998-06-22 00:00:00,0.04659806516667735,-0.07208596452125672,0.16528209485461146,133.25,35.55
7111,1998-06-23 00:00:00,0.004576305189174646,-0.11376023166018548,0.12291284203853475,133.25,35.55
7112,1998-06-24 00:00:00,0.02757867524539251,-0.09057231635922053,0.14572966685000555,133.25,35.55
7113,1998-06-25 00:00:00,0.06918219466465501,-0.04903889231657065,0.18740328164588066,133.25,35.55
7114,1998-06-26 00:00:00,0.27201964354212305,0.15329749456989195,0.39074179251435415,133.25,35.55
7115,1998-06-27 00:00:00,0.16480831883455854,0.04598232290066172,0.2836343147684554,133.25,35.55
7116,1998-06-28 00:00:00,0.09590594214814,-0.02250949806919529,0.21432138236547527,133.25,35.55
7117,1998-06-29 00:00:00,0.07788827042762925,-0.040529309551891934,0.19630585040715046,133.25,35.55
7118,1998-06-30 00:00:00,0.02716735811772926,-0.091021475869711,0.14535619210516953,133.25,35.55
7119,1998-07-01 00:00:00,0.1887008076871758,0.06997793295446905,0.3074236824198826,133.25,35.55
7120,1998-07-02 00:00:00,0.13603321393811985,0.017186123763985182,0.2548803041122545,133.25,35.55
7121,1998-07-03 00:00:00,0.13761697679458648,0.018964219198961255,0.2562697343902117,133.25,35.55
7122,1998-07-04 00:00:00,0.1251944947678247,0.006623971566633052,0.2437650179690164,133.25,35.55
7123,1998-07-05 00:00:00,0.07041253338173227,-0.047808822988726817,0.1886338897521914,133.25,35.55
7124,1998-07-06 00:00:00,0.05345737460525511,-0.06465896823505476,0.17157371744556502,133.25,35.55
7125,1998-07-07 00:00:00,0.08281660650654765,-0.035289667011359674,0.20092288002445494,133.25,35.55
7126,1998-07-08 00:00:00,0.16011252679757246,0.04190560158926024,0.2783194520058847,133.25,35.55
7127,1998-07-09 00:00:00,0.1281229008783274,0.009911353694303862,0.2463344480623509,133.25,35.55
7128,1998-07-10 00:00:00,0.10847516952188982,-0.009783930028039595,0.22673426907181926,133.25,35.55
7129,1998-07-11 00:00:00,0.0963902527179232,-0.02194618494680213,0.21472669038264847,133.25,35.55
7130,1998-07-12 00:00:00,0.020308208299302445,-0.0980065956679618,0.1386230122665667,133.25,35.55
7131,1998-07-13 00:00:00,-0.01032066284357238,-0.1284822487062818,0.10784092301913706,133.25,35.55
7132,1998-07-14 00:00:00,0.011896080799406041,-0.1061898109191864,0.12998197251799848,133.25,35.55
7133,1998-07-15 00:00:00,0.06526052230350864,-0.05285842399742685,0.18337946860444407,133.25,35.55
7134,1998-07-16 00:00:00,0.054110902655366666,-0.06418784043818604,0.17240964574891934,133.25,35.55
7135,1998-07-17 00:00:00,0.010966978340580885,-0.10778473031436336,0.12971868699552513,133.25,35.55
7136,1998-07-18 00:00:00,0.01532850967649859,-0.10322902390701236,0.13388604326000952,133.25,35.55
7137,1998-07-19 00:00:00,0.100244427292628,-0.01812126442035597,0.218610119005612,133.25,35.55
7138,1998-07-20 00:00:00,0.04239876179228637,-0.07630615367955869,0.16110367726413144,133.25,35.55
7139,1998-07-21 00:00:00,0.028187498316139044,-0.09011188786903933,0.14648688450131742,133.25,35.55
7140,1998-07-22 00:00:00,0.017339809973007967,-0.1008042906875326,0.13548391063354856,133.25,35.55
7141,1998-07-23 00:00:00,0.027810372123499637,-0.09036377902178916,0.14598452326878844,133.25,35.55
7142,1998-07-24 00:00:00,-0.02412314299013204,-0.14233005765918666,0.0940837716789226,133.25,35.55
7143,1998-07-25 00:00:00,-0.008767372149055236,-0.1272415834497566,0.10970683915164614,133.25,35.55
7144,1998-07-26 00:00:00,0.028471986286899776,-0.09020623507407148,0.147150207647871,133.25,35.55
7145,1998-07-27 00:00:00,0.09786198135479947,-0.02080133664547469,0.21652529935507364,133.25,35.55
7146,1998-07-28 00:00:00,0.04380057797403777,-0.07452339638711136,0.16212455233518688,133.25,35.55
7147,1998-07-29 00:00:00,0.03727900431571934,-0.0808497579685768,0.15540776660001546,133.25,35.55
7148,1998-07-30 00:00:00,0.053856254376115895,-0.06428408164868273,0.17199659040091453,133.25,35.55
7149,1998-07-31 00:00:00,0.014438143747668802,-0.1036795059103366,0.1325557934056742,133.25,35.55
7150,1998-08-01 00:00:00,0.127283312565663,0.008987703896664688,0.2455789212346613,133.25,35.55
7151,1998-08-02 00:00:00,0.11431151658746885,-0.004115104381728546,0.2327381375566662,133.25,35.55
7152,1998-08-03 00:00:00,0.0541976039092392,-0.06394726601223277,0.1723424738307112,133.25,35.55
7153,1998-08-04 00:00:00,0.05071574547454431,-0.06739777865846518,0.1688292696075538,133.25,35.55
7154,1998-08-05 00:00:00,0.05631329935366185,-0.061801451462233585,0.17442805016955729,133.25,35.55
7155,1998-08-06 00:00:00,0.09958226728923532,-0.018553602492934043,0.2177181370714047,133.25,35.55
7156,1998-08-07 00:00:00,0.0945055832085712,-0.023652494232127383,0.21266366064926975,133.25,35.55
7157,1998-08-08 00:00:00,-0.012249824814808212,-0.13045427428724438,0.10595462465762794,133.25,35.55
7158,1998-08-09 00:00:00,0.04734995496424438,-0.07095687974166119,0.16565678967014996,133.25,35.55
7159,1998-08-10 00:00:00,0.0378222284944153,-0.08039938552171381,0.15604384251054446,133.25,35.55
7160,1998-08-11 00:00:00,0.11630540763171618,-0.00189421917059715,0.2345050344340295,133.25,35.55
7161,1998-08-12 00:00:00,0.1350988294317007,0.016864017913045398,0.25333364095035604,133.25,35.55
7162,1998-08-13 00:00:00,0.09732430664352493,-0.02091562323804462,0.21556423652509446,133.25,35.55
7163,1998-08-14 00:00:00,0.07920165405091979,-0.039047469513806124,0.19745077761564567,133.25,35.55
7164,1998-08-15 00:00:00,0.12325755411758962,0.004860107041924494,0.24165500119325475,133.25,35.55
7165,1998-08-16 00:00:00,0.1624639271218622,0.043464153093451634,0.28146370115027275,133.25,35.55
7166,1998-08-17 00:00:00,0.047027705625472684,-0.07154610547894563,0.165601516729891,133.25,35.55
7167,1998-08-18 00:00:00,0.028410398166055718,-0.08981928354452974,0.14664007987664118,133.25,35.55
7168,1998-08-19 00:00:00,0.06891592127007189,-0.04944481055918487,0.18727665309932864,133.25,35.55
7169,1998-08-20 00:00:00,0.05820295830561295,-0.06011620332595812,0.17652211993718406,133.25,35.55
7170,1998-08-21 00:00:00,0.011235505623453013,-0.10688538301887957,0.12935639426578555,133.25,35.55
7171,1998-08-22 00:00:00,-0.0007787453627877259,-0.1188689537989512,0.11731146307337575,133.25,35.55
7172,1998-08-23 00:00:00,0.046861669824331424,-0.07126610499778137,0.16498944464644424,133.25,35.55
7173,1998-08-24 00:00:00,0.1191118733876483,0.0008585867858980911,0.2373651599893985,133.25,35.55
7174,1998-08-25 00:00:00,0.13541947480728367,0.017209778224897,0.25362917138967034,133.25,35.55
7175,1998-08-26 00:00:00,0.02473158524471,-0.09344335222512877,0.1429065227145488,133.25,35.55
7176,1998-08-27 00:00:00,0.03108016837176945,-0.08704050900440563,0.14920084574794454,133.25,35.55
7177,1998-08-28 00:00:00,0.048382448376234836,-0.06972894939361017,0.16649384614607987,133.25,35.55
7178,1998-08-29 00:00:00,0.01564760709501731,-0.1024846412338746,0.1337798554239092,133.25,35.55
7179,1998-08-30 00:00:00,0.02226978725988989,-0.0958872609869306,0.14042683550671034,133.25,35.55
7180,1998-08-31 00:00:00,0.017213339615564233,-0.10096565057661462,0.13539232980774307,133.25,35.55
7181,1998-09-01 00:00:00,0.0411015069995693,-0.07704113475509781,0.15924414875423645,133.25,35.55
7182,1998-09-02 00:00:00,0.047463113111035786,-0.07062779306339867,0.16555401928547026,133.25,35.55
7183,1998-09-03 00:00:00,0.02781447426588981,-0.09026449577941516,0.1458934443111948,133.25,35.55
7184,1998-09-04 00:00:00,0.024371301935206837,-0.09370869504088199,0.14245129891129568,133.25,35.55
7185,1998-09-05 00:00:00,0.05263279149426958,-0.06547430177605411,0.17073988476459329,133.25,35.55
7186,1998-09-06 00:00:00,0.08495896245094671,-0.033172702052536834,0.20309062695443025,133.25,35.55
7187,1998-09-07 00:00:00,0.033966866390473575,-0.08430890739682223,0.15224264017776934,133.25,35.55
7188,1998-09-08 00:00:00,0.06651168413358992,-0.05174893167168237,0.18477229993886224,133.25,35.55
7189,1998-09-09 00:00:00,0.022721663741994014,-0.09541657363916572,0.14085990112315375,133.25,35.55
7190,1998-09-10 00:00:00,0.002168837645362411,-0.11591156776196672,0.12024924305269155,133.25,35.55
7191,1998-09-11 00:00:00,0.02165541307806402,-0.096427791054121,0.13973861721024905,133.25,35.55
7192,1998-09-12 00:00:00,0.03209984073918686,-0.0859844443782268,0.15018412585660051,133.25,35.55
7193,1998-09-13 00:00:00,-0.011623737558255857,-0.1297191920842709,0.1064717169677592,133.25,35.55
7194,1998-09-14 00:00:00,0.031539814548844365,-0.08660799088029668,0.1496876199779854,133.25,35.55
7195,1998-09-15 00:00:00,0.07582697850393649,-0.04240865306577095,0.19406261007364395,133.25,35.55
7196,1998-09-16 00:00:00,0.07250974453136179,-0.04806701418273068,0.19308650324545426,133.25,35.55
7197,1998-09-17 00:00:00,-0.06855624513693796,-0.19008908204933794,0.052976591775462,133.25,35.55
7198,1998-09-18 00:00:00,0.033783090469562634,-0.08499049450478814,0.15255667544391338,133.25,35.55
7199,1998-09-19 00:00:00,0.03044510295415567,-0.08868022835904844,0.14957043426735978,133.25,35.55
7200,1998-09-20 00:00:00,0.009316994527996829,-0.10906760288780934,0.127701591943803,133.25,35.55
7201,1998-09-21 00:00:00,0.09708635801966732,-0.021253501459864862,0.2154262174991995,133.25,35.55
7202,1998-09-22 00:00:00,0.07130073588151689,-0.04764948593255103,0.1902509576955848,133.25,35.55
7203,1998-09-23 00:00:00,-0.06558241371240649,-0.18533240945942225,0.05416758203460928,133.25,35.55
7204,1998-09-24 00:00:00,0.06145999196068841,-0.05703545888658601,0.17995544280796286,133.25,35.55
7205,1998-09-25 00:00:00,0.030595360801084694,-0.08789834365479815,0.14908906525696755,133.25,35.55
7206,1998-09-26 00:00:00,0.009387508027111666,-0.1088551231927825,0.12763013924700586,133.25,35.55
7207,1998-09-27 00:00:00,0.013022301989031001,-0.1051690497185237,0.1312136536965857,133.25,35.55
7208,1998-09-28 00:00:00,-0.02347955590552135,-0.14164995742711142,0.09469084561606872,133.25,35.55
7209,1998-09-29 00:00:00,-0.008487642220903556,-0.12669299083870444,0.10971770639689736,133.25,35.55
7210,1998-09-30 00:00:00,0.01237447774201305,-0.10604717657230384,0.13079613205632992,133.25,35.55
7211,1998-10-01 00:00:00,0.0935831637679872,-0.02582304473120725,0.21298937226718165,133.25,35.55
7212,1998-10-02 00:00:00,0.01418693086439329,-0.10493472322297677,0.13330858495176334,133.25,35.55
7213,1998-10-03 00:00:00,0.01366235413168912,-0.10469437028094647,0.1320190785443247,133.25,35.55
7214,1998-10-04 00:00:00,-0.007215848482358835,-0.12571264834559326,0.1112809513808756,133.25,35.55
7215,1998-10-05 00:00:00,0.0004934566269411411,-0.11789071754992905,0.11887763080381132,133.25,35.55
7216,1998-10-06 00:00:00,0.0408446676407942,-0.07729133695175268,0.15898067223334106,133.25,35.55
7217,1998-10-07 00:00:00,0.0017181727827643989,-0.1166139808827037,0.12005032644823248,133.25,35.55
7218,1998-10-08 00:00:00,0.07882203518170694,-0.03980888853465964,0.19745295889807352,133.25,35.55
7219,1998-10-09 00:00:00,0.007935286726211473,-0.110242160501461,0.12611273395388392,133.25,35.55
7220,1998-10-10 00:00:00,-0.011063894381172971,-0.1291899109445957,0.10706212218224977,133.25,35.55
7221,1998-10-11 00:00:00,-0.08341394778318682,-0.20156233260284015,0.03473443703646653,133.25,35.55
7222,1998-10-12 00:00:00,-0.01674662996693737,-0.13491211203344108,0.10141885209956633,133.25,35.55
7223,1998-10-13 00:00:00,0.027140620239622142,-0.09132732015141344,0.14560856063065775,133.25,35.55
7224,1998-10-14 00:00:00,0.11667722194373732,-0.0019623138544336287,0.23531675774190824,133.25,35.55
7225,1998-10-15 00:00:00,0.11611551055665165,-0.00263008547659703,0.2348611065899003,133.25,35.55
7226,1998-10-16 00:00:00,0.003965810515347154,-0.11464671943258062,0.12257834046327493,133.25,35.55
7227,1998-10-17 00:00:00,-0.006316636762022612,-0.1247221621544002,0.112088888630355,133.25,35.55
7228,1998-10-18 00:00:00,0.4493072016554811,0.3132826568744922,0.58533174643647,133.25,35.55
7229,1998-10-19 00:00:00,0.045784325099694295,-0.08152628564511827,0.17309493584450686,133.25,35.55
7230,1998-10-20 00:00:00,-0.04475269813000138,-0.16334307375582896,0.07383767749582618,133.25,35.55
7231,1998-10-21 00:00:00,-0.02886493188603796,-0.14714507279601902,0.08941520902394308,133.25,35.55
7232,1998-10-22 00:00:00,-0.019753075490714617,-0.1380478381074602,0.09854168712603098,133.25,35.55
7233,1998-10-23 00:00:00,-0.005021713033217114,-0.12328515095638562,0.1132417248899514,133.25,35.55
7234,1998-10-24 00:00:00,0.014290787618851178,-0.10435178164057064,0.13293335687827298,133.25,35.55
7235,1998-10-25 00:00:00,0.0036307195356853686,-0.11466389292480834,0.12192533199617908,133.25,35.55
7236,1998-10-26 00:00:00,0.05261913960933838,-0.0656807352230577,0.17091901444173446,133.25,35.55
7237,1998-10-27 00:00:00,0.039572462816394934,-0.07873393100507096,0.15787885663786086,133.25,35.55
7238,1998-10-28 00:00:00,0.04592014433485715,-0.07250547472625793,0.16434576339597226,133.25,35.55
7239,1998-10-29 00:00:00,0.01937402470489273,-0.09886648573760463,0.1376145351473901,133.25,35.55
7240,1998-10-30 00:00:00,0.011989216922764749,-0.1061946222294823,0.13017305607501178,133.25,35.55
7241,1998-10-31 00:00:00,0.10306884396634816,-0.015328088017342768,0.22146577595003908,133.25,35.55
7242,1998-11-01 00:00:00,0.08937257392420013,-0.029221213582516864,0.2079663614309171,133.25,35.55
7243,1998-11-02 00:00:00,0.03704752919463503,-0.08142263128546368,0.15551768967473376,133.25,35.55
7244,1998-11-03 00:00:00,-0.00540995692227857,-0.12432368550799025,0.1135037716634331,133.25,35.55
7245,1998-11-04 00:00:00,0.09780644121743146,-0.020552415985991532,0.21616529842085444,133.25,35.55
7246,1998-11-05 00:00:00,-0.022058326833529263,-0.1406417452546082,0.0965250915875497,133.25,35.55
7247,1998-11-06 00:00:00,-0.03286098044341617,-0.1512861782179195,0.08556421733108716,133.25,35.55
7248,1998-11-07 00:00:00,0.08475122174581888,-0.0339061212882988,0.20340856477993646,133.25,35.55
7249,1998-11-08 00:00:00,0.10117104271070636,-0.017567127026499638,0.2199092124479124,133.25,35.55
7250,1998-11-09 00:00:00,0.13657411189916913,0.018169620500750508,0.25497860329758776,133.25,35.55
7251,1998-11-10 00:00:00,-0.017863214958463908,-0.13661118391081556,0.10088475399388776,133.25,35.55
7252,1998-11-11 00:00:00,0.05545997784008342,-0.06297279806726687,0.1738927537474337,133.25,35.55
7253,1998-11-12 00:00:00,0.03012941331549226,-0.08859642593688186,0.1488552525678664,133.25,35.55
7254,1998-11-13 00:00:00,0.0632534082239521,-0.05512799057474623,0.18163480702265045,133.25,35.55
7255,1998-11-14 00:00:00,0.1249946779333243,0.0067103067115688595,0.2432790491550797,133.25,35.55
7256,1998-11-15 00:00:00,0.030586613004031562,-0.0876823425075958,0.1488555685156589,133.25,35.55
7257,1998-11-16 00:00:00,0.11763297974415315,-0.0005669144955116334,0.23583287398381794,133.25,35.55
7258,1998-11-17 00:00:00,0.19239623279404924,0.07268152538345292,0.3121109402046456,133.25,35.55
7259,1998-11-18 00:00:00,0.07063123252525721,-0.050329491472467965,0.1915919565229824,133.25,35.55
7260,1998-11-19 00:00:00,0.0007477354823379606,-0.11851884627163,0.12001431723630593,133.25,35.55
7261,1998-11-20 00:00:00,0.08298290131744711,-0.03541961312343682,0.20138541575833105,133.25,35.55
7262,1998-11-21 00:00:00,0.07557328971010506,-0.04301619466438243,0.19416277408459254,133.25,35.55
7263,1998-11-22 00:00:00,0.010201172744888376,-0.10865932508773303,0.12906167057750975,133.25,35.55
7264,1998-11-23 00:00:00,0.14723897158209015,0.02827371466073879,0.2662042285034415,133.25,35.55
7265,1998-11-24 00:00:00,-0.011469330455746909,-0.13037542793933685,0.10743676702784302,133.25,35.55
7266,1998-11-25 00:00:00,0.019931852381582817,-0.09873320770573246,0.1385969124688981,133.25,35.55
7267,1998-11-26 00:00:00,-0.008581658166145645,-0.1268729491847961,0.10970963285250482,133.25,35.55
7268,1998-11-27 00:00:00,0.07556365024039532,-0.04274402139275135,0.193871321873542,133.25,35.55
7269,1998-11-28 00:00:00,0.0499482360551465,-0.06884757458203783,0.1687440466923308,133.25,35.55
7270,1998-11-29 00:00:00,0.009620046327663405,-0.10880806038606584,0.12804815304139264,133.25,35.55
7271,1998-11-30 00:00:00,0.05259112763240899,-0.06566703965119315,0.17084929491601114,133.25,35.55
7272,1998-12-01 00:00:00,0.04392086551846082,-0.07451963970717759,0.16236137074409926,133.25,35.55
7273,1998-12-02 00:00:00,-0.07325238188150299,-0.19192961594336236,0.045424852180356336,133.25,35.55
7274,1998-12-03 00:00:00,0.04231230344721082,-0.076226804263773,0.16085141115819462,133.25,35.55
7275,1998-12-04 00:00:00,0.055706050092722816,-0.06303195811688651,0.17444405830233212,133.25,35.55
7276,1998-12-05 00:00:00,0.0393020961064728,-0.07950545800591416,0.15810965021885975,133.25,35.55
7277,1998-12-06 00:00:00,-0.1122697938950038,-0.2310554417006929,0.006515853910685321,133.25,35.55
7278,1998-12-07 00:00:00,0.12177016336490465,0.003148346345165254,0.24039198038464404,133.25,35.55
7279,1998-12-08 00:00:00,0.20876586661043872,0.08927335341838995,0.3282583798024875,133.25,35.55
7280,1998-12-09 00:00:00,-0.022340866670441925,-0.1412418877602264,0.09656015441934253,133.25,35.55
7281,1998-12-10 00:00:00,-0.006507867985141955,-0.12485536413794088,0.11183962816765697,133.25,35.55
7282,1998-12-11 00:00:00,0.1472264238699817,0.028563120055642,0.2658897276843214,133.25,35.55
7283,1998-12-12 00:00:00,-0.06582079785707005,-0.1847076638260701,0.05306606811192999,133.25,35.55
7284,1998-12-13 00:00:00,0.08157438993712371,-0.036652273553587515,0.1998010534278349,133.25,35.55
7285,1998-12-14 00:00:00,0.1296818003746934,0.011345162682861136,0.2480184380665257,133.25,35.55
7286,1998-12-15 00:00:00,0.09475334468202017,-0.023947106613376182,0.21345379597741648,133.25,35.55
7287,1998-12-16 00:00:00,0.10240502556453228,-0.01628142271888873,0.2210914738479533,133.25,35.55
7288,1998-12-17 00:00:00,0.05859462136364596,-0.05984115722042796,0.1770303999477199,133.25,35.55
7289,1998-12-18 00:00:00,-0.016966239328030833,-0.13526319343648865,0.101330714780427,133.25,35.55
7290,1998-12-19 00:00:00,0.13698673755418622,0.018760775121125714,0.2552126999872467,133.25,35.55
7291,1998-12-20 00:00:00,0.052756739265574316,-0.06573466801579789,0.17124814654694653,133.25,35.55
7292,1998-12-21 00:00:00,-0.050797626623253565,-0.16916585260202946,0.0675705993555223,133.25,35.55
7293,1998-12-22 00:00:00,0.08155920221511669,-0.03669254564301338,0.1998109500732468,133.25,35.55
7294,1998-12-23 00:00:00,0.035023515291562154,-0.08321677835312036,0.15326380893624467,133.25,35.55
7295,1998-12-24 00:00:00,-0.03199840845695275,-0.15052407165971518,0.08652725474580966,133.25,35.55
7296,1998-12-25 00:00:00,0.019758590936262255,-0.09853160458522917,0.13804878645775365,133.25,35.55
7297,1998-12-26 00:00:00,0.03740708558569435,-0.08097436109819621,0.1557885322695849,133.25,35.55
7298,1998-12-27 00:00:00,0.05153191833516982,-0.06671464936982323,0.16977848604016288,133.25,35.55
7299,1998-12-28 00:00:00,-0.023347995368108557,-0.14165691679538034,0.09496092605916326,133.25,35.55
7300,1998-12-29 00:00:00,0.08431646241323568,-0.03392420728155063,0.202557132108022,133.25,35.55
7301,1998-12-30 00:00:00,0.11105903811044346,-0.007293974012955202,0.2294120502338421,133.25,35.55
7302,1998-12-31 00:00:00,0.02527902028221388,-0.09303103510554436,0.14358907566997212,133.25,35.55
7303,1999-01-01 00:00:00,0.04982463040000205,-0.0685266092633028,0.16817587006330692,133.25,35.55
7304,1999-01-02 00:00:00,0.15618291771608672,0.037694784465175116,0.27467105096699834,133.25,35.55
7305,1999-01-03 00:00:00,0.041436656687174125,-0.0772150715951217,0.16008838496946995,133.25,35.55
7306,1999-01-04 00:00:00,0.0008205955520132062,-0.1174325584250254,0.11907374952905182,133.25,35.55
7307,1999-01-05 00:00:00,0.029296496660466975,-0.0889059839386617,0.14749897725959565,133.25,35.55
7308,1999-01-06 00:00:00,0.0983336521531461,-0.01993145447366175,0.21659875877995394,133.25,35.55
7309,1999-01-07 00:00:00,0.1413615578071514,0.0223070414938336,0.2604160741204692,133.25,35.55
7310,1999-01-08 00:00:00,0.16973820627945008,0.05001302922416859,0.28946338333473154,133.25,35.55
7311,1999-01-09 00:00:00,0.06040712391920396,-0.059040454719736825,0.17985470255814473,133.25,35.55
7312,1999-01-10 00:00:00,0.11960912970252288,0.0009120212311811703,0.23830623817386454,133.25,35.55
7313,1999-01-11 00:00:00,0.07663804049845017,-0.042036794782885495,0.19531287577978584,133.25,35.55
7314,1999-01-12 00:00:00,0.04452178189981385,-0.07393509771214728,0.16297866151177498,133.25,35.55
7315,1999-01-13 00:00:00,0.0727758250432352,-0.04549315817852438,0.1910448082649948,133.25,35.55
7316,1999-01-14 00:00:00,0.07182193782420879,-0.046560335716614026,0.1902042113650316,133.25,35.55
7317,1999-01-15 00:00:00,0.10043397039434077,-0.017855309664232044,0.2187232504529136,133.25,35.55
7318,1999-01-16 00:00:00,0.0957259463354406,-0.022843292806787152,0.21429518547766835,133.25,35.55
7319,1999-01-17 00:00:00,-0.0808955593054071,-0.19939749464642945,0.037606376035615216,133.25,35.55
7320,1999-01-18 00:00:00,0.033443382369469574,-0.08476334888185405,0.1516501136207932,133.25,35.55
7321,1999-01-19 00:00:00,0.08231186588400417,-0.035951081801619544,0.2005748135696279,133.25,35.55
7322,1999-01-20 00:00:00,0.11248152634160813,-0.006145542515291953,0.2311085951985082,133.25,35.55
7323,1999-01-21 00:00:00,-0.03029712582035695,-0.14873833784529736,0.08814408620458347,133.25,35.55
7324,1999-01-22 00:00:00,0.053458152418343334,-0.06485527740770973,0.1717715822443964,133.25,35.55
7325,1999-01-23 00:00:00,0.07784578720835837,-0.04042449554186109,0.19611606995857786,133.25,35.55
7326,1999-01-24 00:00:00,-0.10219391365819762,-0.22079584287317214,0.016408015556776942,133.25,35.55
7327,1999-01-25 00:00:00,0.15636887793098758,0.03772995178749931,0.27500780407447584,133.25,35.55
7328,1999-01-26 00:00:00,0.14290888023003828,0.0242595685971722,0.26155819186290435,133.25,35.55
7329,1999-01-27 00:00:00,0.03962612084484482,-0.0787633037938966,0.15801554548358626,133.25,35.55
7330,1999-01-28 00:00:00,0.09270485378724938,-0.02603204522955474,0.2114417528040535,133.25,35.55
7331,1999-01-29 00:00:00,0.10239252113047594,-0.016292288725522592,0.22107733098647447,133.25,35.55
7332,1999-01-30 00:00:00,0.017248075205849023,-0.10160195672106542,0.13609810713276346,133.25,35.55
7333,1999-01-31 00:00:00,0.08884058422210063,-0.0295102370996122,0.20719140554381346,133.25,35.55
7334,1999-02-01 00:00:00,0.06862535139100434,-0.04964139925964707,0.18689210204165574,133.25,35.55
7335,1999-02-02 00:00:00,0.13584088859640342,0.017208487564984054,0.2544732896278228,133.25,35.55
7336,1999-02-03 00:00:00,0.14695799080431093,0.02657539351120133,0.26734058809742056,133.25,35.55
7337,1999-02-04 00:00:00,-0.05601351436437885,-0.17675265285587466,0.06472562412711695,133.25,35.55
7338,1999-02-05 00:00:00,0.10995348976314688,-0.008630357192834892,0.22853733671912865,133.25,35.55
7339,1999-02-06 00:00:00,-0.0456904196514906,-0.16415794496251496,0.07277710565953377,133.25,35.55
7340,1999-02-07 00:00:00,0.0937074272385115,-0.024525669889795838,0.2119405243668188,133.25,35.55
7341,1999-02-08 00:00:00,0.058205955674114636,-0.0601230867543177,0.17653499810254694,133.25,35.55
7342,1999-02-09 00:00:00,0.02201227784372341,-0.09635654789019753,0.14038110357764436,133.25,35.55
7343,1999-02-10 00:00:00,0.048195485136040175,-0.07033137095613977,0.1667223412282201,133.25,35.55
7344,1999-02-11 00:00:00,0.15592111890174687,0.037221723485770165,0.2746205143177236,133.25,35.55
7345,1999-02-12 00:00:00,0.02418761371829882,-0.09483654156470683,0.1432117690013045,133.25,35.55
7346,1999-02-13 00:00:00,0.03007074713263629,-0.08901036336035216,0.14915185762562472,133.25,35.55
7347,1999-02-14 00:00:00,0.009948939854502951,-0.10830009837395432,0.12819797808296024,133.25,35.55
7348,1999-02-15 00:00:00,-0.02209366439798331,-0.14030000930797434,0.09611268051200772,133.25,35.55
7349,1999-02-16 00:00:00,0.07304897708503022,-0.045188393809552765,0.19128634797961325,133.25,35.55
7350,1999-02-17 00:00:00,0.08700590851131149,-0.031163848250003207,0.20517566527262615,133.25,35.55
7351,1999-02-18 00:00:00,0.1446983885715383,0.02631197831646001,0.2630847988266166,133.25,35.55
7352,1999-02-19 00:00:00,-0.018951012106776605,-0.13921410691062558,0.10131208269707236,133.25,35.55
7353,1999-02-20 00:00:00,0.1539160623705197,0.033220912410617635,0.2746112123304217,133.25,35.55
7354,1999-02-21 00:00:00,0.0286108176535008,-0.08986325797016895,0.14708489327717056,133.25,35.55
7355,1999-02-22 00:00:00,0.06370006537475588,-0.054560157005157116,0.18196028775466888,133.25,35.55
7356,1999-02-23 00:00:00,0.060938208495546035,-0.05729614659561265,0.17917256358670472,133.25,35.55
7357,1999-02-24 00:00:00,-0.02795352973498099,-0.14635477406020747,0.09044771459024548,133.25,35.55
7358,1999-02-25 00:00:00,0.038833845173426806,-0.08016037022139394,0.15782806056824755,133.25,35.55
7359,1999-02-26 00:00:00,0.05760266396317167,-0.06063686949467757,0.17584219742102092,133.25,35.55
7360,1999-02-27 00:00:00,0.19226423852304853,0.07292189465001953,0.3116065823960775,133.25,35.55
7361,1999-02-28 00:00:00,-0.04824333219085966,-0.1678100859378958,0.0713234215561765,133.25,35.55
7362,1999-03-01 00:00:00,0.0912456585350234,-0.02705810524539104,0.20954942231543786,133.25,35.55
7363,1999-03-02 00:00:00,0.1459995042793414,0.027613615451260468,0.2643853931074223,133.25,35.55
7364,1999-03-03 00:00:00,0.020176073043343533,-0.09811747694238256,0.13846962302906962,133.25,35.55
7365,1999-03-04 00:00:00,0.08746202759148708,-0.03078230230355583,0.20570635748653,133.25,35.55
7366,1999-03-05 00:00:00,0.17086795404272034,0.05241576615972586,0.2893201419257149,133.25,35.55
7367,1999-03-06 00:00:00,0.019649265937561645,-0.10000468842405236,0.13930322029917566,133.25,35.55
7368,1999-03-07 00:00:00,0.11066934705999036,-0.007662049203991175,0.22900074332397186,133.25,35.55
7369,1999-03-08 00:00:00,-0.04954173480208855,-0.1681271637945786,0.0690436941904015,133.25,35.55
7370,1999-03-09 00:00:00,0.0159266113145827,-0.10245524220619112,0.13430846483535652,133.25,35.55
7371,1999-03-10 00:00:00,0.02371233024022957,-0.09466697864296283,0.14209163912342201,133.25,35.55
7372,1999-03-11 00:00:00,-0.011876037193086594,-0.13020610721000395,0.10645403282383076,133.25,35.55
7373,1999-03-12 00:00:00,-0.08307055633950586,-0.20149780207660192,0.035356689397590214,133.25,35.55
7374,1999-03-13 00:00:00,-0.005691132496617096,-0.12392248933833183,0.11254022434509764,133.25,35.55
7375,1999-03-14 00:00:00,0.04501396253050582,-0.07352033170929413,0.16354825677030574,133.25,35.55
7376,1999-03-15 00:00:00,0.10608048953868654,-0.0144206501426931,0.2265816292200662,133.25,35.55
7377,1999-03-16 00:00:00,0.036272555222220434,-0.08556905924850973,0.15811416969295058,133.25,35.55
7378,1999-03-17 00:00:00,-0.03751214079826033,-0.15647418846403155,0.0814499068675109,133.25,35.55
7379,1999-03-18 00:00:00,0.07764799142093833,-0.04062003709201848,0.19591601993389512,133.25,35.55
7380,1999-03-19 00:00:00,0.0608252425990797,-0.05855886072613236,0.18020934592429175,133.25,35.55
7381,1999-03-20 00:00:00,-0.054743132575525016,-0.17523789378969742,0.06575162863864739,133.25,35.55
7382,1999-03-21 00:00:00,0.08487686508317834,-0.034479473155065284,0.20423320332142195,133.25,35.55
7383,1999-03-22 00:00:00,0.031233568156313438,-0.08896136428055819,0.15142850059318508,133.25,35.55
7384,1999-03-23 00:00:00,-0.0792709413066421,-0.19876934735125426,0.040227464737970016,133.25,35.55
7385,1999-03-24 00:00:00,0.034456368420641564,-0.08372933374874679,0.15264207059002993,133.25,35.55
7386,1999-03-25 00:00:00,0.03225432717449988,-0.0863503351220109,0.15085898947101067,133.25,35.55
7387,1999-03-26 00:00:00,0.10011712287655544,-0.01829360009092823,0.21852784584403911,133.25,35.55
7388,1999-03-27 00:00:00,-0.04791107204990114,-0.1663428208317921,0.07052067673198982,133.25,35.55
7389,1999-03-28 00:00:00,0.0969900094406648,-0.021874244709147783,0.2158542635904774,133.25,35.55
7390,1999-03-29 00:00:00,-0.07514038183389052,-0.19383501438714912,0.04355425071936804,133.25,35.55
7391,1999-03-30 00:00:00,-0.026358647923535303,-0.14466713715940374,0.09194984131233314,133.25,35.55
7392,1999-03-31 00:00:00,0.04117148813966754,-0.07739716548187789,0.15974014176121296,133.25,35.55
7393,1999-04-01 00:00:00,0.051818730479360135,-0.06659178622529388,0.17022924718401414,133.25,35.55
7394,1999-04-02 00:00:00,0.1932808745305321,0.07409362047379038,0.31246812858727385,133.25,35.55
7395,1999-04-03 00:00:00,0.027593881272485826,-0.09174707956152002,0.14693484210649166,133.25,35.55
7396,1999-04-04 00:00:00,-0.016288785567236924,-0.13466674847992005,0.1020891773454462,133.25,35.55
7397,1999-04-05 00:00:00,0.09247818792928088,-0.02585188568233757,0.21080826154089932,133.25,35.55
7398,1999-04-06 00:00:00,0.1330349089785833,0.013531972960019595,0.25253784499714704,133.25,35.55
7399,1999-04-07 00:00:00,0.10204963739650252,-0.018289123879091915,0.22238839867209687,133.25,35.55
7400,1999-04-08 00:00:00,0.010995061856766422,-0.10766930445044076,0.12965942816397358,133.25,35.55
7401,1999-04-09 00:00:00,0.05376555869627176,-0.0644917734403744,0.17202289083291794,133.25,35.55
7402,1999-04-10 00:00:00,0.15109200345729926,0.03161821006838268,0.27056579684621584,133.25,35.55
7403,1999-04-11 00:00:00,0.01733654096818581,-0.10327713828699812,0.13795022022336972,133.25,35.55
7404,1999-04-12 00:00:00,0.05592605435847583,-0.0628385602388982,0.17469066895584984,133.25,35.55
7405,1999-04-13 00:00:00,0.2653736719519471,0.14503079426583004,0.3857165496380642,133.25,35.55
7406,1999-04-14 00:00:00,0.09740506758946524,-0.023013971365386143,0.21782410654431664,133.25,35.55
7407,1999-04-15 00:00:00,0.005395500021025224,-0.11330768751680055,0.124098687558851,133.25,35.55
7408,1999-04-16 00:00:00,0.0607934749563165,-0.05740620123042715,0.17899315114306014,133.25,35.55
7409,1999-04-17 00:00:00,0.061262353591502276,-0.056954588973339576,0.17947929615634411,133.25,35.55
7410,1999-04-18 00:00:00,0.02534187641943957,-0.09316151056876837,0.14384526340764753,133.25,35.55
7411,1999-04-19 00:00:00,0.04676798543782848,-0.07203611291066478,0.16557208378632174,133.25,35.55
7412,1999-04-20 00:00:00,-0.0033826499887667123,-0.12166328796433225,0.11489798798679883,133.25,35.55
7413,1999-04-21 00:00:00,-0.06418463888141772,-0.18235640317903767,0.053987125416202215,133.25,35.55
7414,1999-04-22 00:00:00,0.06234433313726812,-0.05583613260435046,0.1805247988788867,133.25,35.55
7415,1999-04-23 00:00:00,0.07092500365813767,-0.04831560189124148,0.1901656092075168,133.25,35.55
7416,1999-04-24 00:00:00,0.04272392820213432,-0.07673452727620103,0.1621823836804697,133.25,35.55
7417,1999-04-25 00:00:00,0.017493934698908628,-0.10089160017837458,0.13587946957619185,133.25,35.55
7418,1999-04-26 00:00:00,0.034569312912069335,-0.08372548162959448,0.15286410745373316,133.25,35.55
7419,1999-04-27 00:00:00,0.07280204565245478,-0.04542753352483898,0.1910316248297485,133.25,35.55
7420,1999-04-28 00:00:00,0.0305327325713098,-0.0877987429964235,0.1488642081390431,133.25,35.55
7421,1999-04-29 00:00:00,0.009857458405585565,-0.10891565830409533,0.12863057511526646,133.25,35.55
7422,1999-04-30 00:00:00,-0.07099011235736231,-0.1895576209121159,0.047577396197391264,133.25,35.55
7423,1999-05-01 00:00:00,0.02887170263866937,-0.08942582365328035,0.14716922893061907,133.25,35.55
7424,1999-05-02 00:00:00,0.044269040158007436,-0.07398732275636577,0.16252540307238064,133.25,35.55
7425,1999-05-03 00:00:00,0.08100736983088276,-0.037207960926777486,0.19922270058854305,133.25,35.55
7426,1999-05-04 00:00:00,0.2428474821935343,0.12386333510292265,0.3618316292841459,133.25,35.55
7427,1999-05-05 00:00:00,0.0362487752956522,-0.08318303613390117,0.1556805867252056,133.25,35.55
7428,1999-05-06 00:00:00,0.06253371501879121,-0.05571735733148345,0.18078478736906586,133.25,35.55
7429,1999-05-07 00:00:00,0.11515615540553545,-0.003106752966314144,0.2334190637773851,133.25,35.55
7430,1999-05-08 00:00:00,0.0385382879539196,-0.07985366537101253,0.15693024127885175,133.25,35.55
7431,1999-05-09 00:00:00,0.04784329995307034,-0.07037211549516317,0.16605871540130387,133.25,35.55
7432,1999-05-10 00:00:00,0.035766169508591045,-0.08244514814119573,0.1539774871583778,133.25,35.55
7433,1999-05-11 00:00:00,-0.033176019585235215,-0.1513777946002424,0.08502575542977198,133.25,35.55
7434,1999-05-12 00:00:00,0.06563943664412639,-0.05260735109722353,0.1838862243854763,133.25,35.55
7435,1999-05-13 00:00:00,0.10265500668167883,-0.015510881230844738,0.22082089459420245,133.25,35.55
7436,1999-05-14 00:00:00,0.003611397258367722,-0.11458190345256015,0.1218046979692956,133.25,35.55
7437,1999-05-15 00:00:00,0.0262367755646067,-0.09188015270175033,0.14435370383096374,133.25,35.55
7438,1999-05-16 00:00:00,0.050954808963008864,-0.06720074681598233,0.16911036474200006,133.25,35.55
7439,1999-05-17 00:00:00,-0.012974222065536964,-0.13108347673174708,0.10513503260067314,133.25,35.55
7440,1999-05-18 00:00:00,0.016539400352985425,-0.10177863502831866,0.13485743573428952,133.25,35.55
7441,1999-05-19 00:00:00,0.17687877950980802,0.05682259861730249,0.29693496040231354,133.25,35.55
7442,1999-05-20 00:00:00,0.2631352239396182,0.14325107835015655,0.38301936952907983,133.25,35.55
7443,1999-05-21 00:00:00,0.01264198315995856,-0.1060662493985456,0.1313502157184627,133.25,35.55
7444,1999-05-22 00:00:00,0.028666330394553626,-0.08949278129328077,0.14682544208238799,133.25,35.55
7445,1999-05-23 00:00:00,0.09375310314517946,-0.024398630093107814,0.21190483638346674,133.25,35.55
7446,1999-05-24 00:00:00,0.0963895836206838,-0.0220934817125254,0.21487264895389305,133.25,35.55
7447,1999-05-25 00:00:00,0.21378191828222087,0.0943603113790624,0.3332035251853793,133.25,35.55
7448,1999-05-26 00:00:00,0.05050765086269828,-0.06823432216426023,0.16924962388965678,133.25,35.55
7449,1999-05-27 00:00:00,0.14889260172543178,0.028641965878185068,0.2691432375726785,133.25,35.55
7450,1999-05-28 00:00:00,0.050306536655791365,-0.06970986799671991,0.1703229413083026,133.25,35.55
7451,1999-05-29 00:00:00,0.06253258199495537,-0.05578570058482013,0.18085086457473087,133.25,35.55
7452,1999-05-30 00:00:00,0.026982666107401358,-0.09114159745410708,0.14510692966890978,133.25,35.55
7453,1999-05-31 00:00:00,0.016719448506373975,-0.10141148364782897,0.1348503806605769,133.25,35.55
7454,1999-06-01 00:00:00,0.08273511389839072,-0.035414580991405535,0.20088480878818696,133.25,35.55
7455,1999-06-02 00:00:00,0.09796995938650188,-0.020207906108126644,0.2161478248811304,133.25,35.55
7456,1999-06-03 00:00:00,0.04049788578864523,-0.07766748551008723,0.15866325708737772,133.25,35.55
7457,1999-06-04 00:00:00,0.02853785815715425,-0.0896059111355242,0.1466816274498327,133.25,35.55
7458,1999-06-05 00:00:00,-0.046186364278779084,-0.16432384333631211,0.07195111477875397,133.25,35.55
7459,1999-06-06 00:00:00,0.022662388295979788,-0.09545271917114738,0.14077749576310694,133.25,35.55
7460,1999-06-07 00:00:00,0.09444859266843844,-0.023798879440247445,0.2126960647771243,133.25,35.55
7461,1999-06-08 00:00:00,0.015486979566813115,-0.10278136361857552,0.13375532275220176,133.25,35.55
7462,1999-06-09 00:00:00,0.002170314960700165,-0.1159744695698868,0.12031509949128713,133.25,35.55
7463,1999-06-10 00:00:00,0.015397896248096885,-0.10274380933109134,0.1335396018272851,133.25,35.55
7464,1999-06-11 00:00:00,0.06760554110532915,-0.05056211831185205,0.18577320052251034,133.25,35.55
7465,1999-06-12 00:00:00,0.06172278179463641,-0.056422254240496565,0.17986781782976938,133.25,35.55
7466,1999-06-13 00:00:00,0.05269094813478079,-0.06546242020811427,0.17084431647767584,133.25,35.55
7467,1999-06-14 00:00:00,0.06409427781717103,-0.05417478808840229,0.18236334372274435,133.25,35.55
7468,1999-06-15 00:00:00,0.1190014270588266,0.0007577286637609204,0.23724512545389226,133.25,35.55
7469,1999-06-16 00:00:00,0.14610656784825082,0.027802453135081062,0.2644106825614206,133.25,35.55
7470,1999-06-17 00:00:00,0.11275912460169706,-0.006794605960981234,0.2323128551643753,133.25,35.55
7471,1999-06-18 00:00:00,0.06784620451004444,-0.05207201280068115,0.18776442182077,133.25,35.55
7472,1999-06-19 00:00:00,0.036961659821815096,-0.08173912621649418,0.15566244586012434,133.25,35.55
7473,1999-06-20 00:00:00,0.026428678483755737,-0.09180856234874396,0.1446659193162554,133.25,35.55
7474,1999-06-21 00:00:00,-0.0031963788656533807,-0.12133922653565744,0.11494646880435068,133.25,35.55
7475,1999-06-22 00:00:00,-0.0010355022733895929,-0.1192361516003648,0.1171651470535856,133.25,35.55
7476,1999-06-23 00:00:00,0.04357936267563404,-0.0746956011674022,0.1618543265186703,133.25,35.55
7477,1999-06-24 00:00:00,0.18123041709490764,0.06131648665243659,0.3011443475373787,133.25,35.55
7478,1999-06-25 00:00:00,0.07055458938292804,-0.04915487012222111,0.1902640488880772,133.25,35.55
7479,1999-06-26 00:00:00,0.01762991393298831,-0.10065404778408,0.1359138756500566,133.25,35.55
7480,1999-06-27 00:00:00,0.09008292340475264,-0.02895696338810264,0.2091228101976079,133.25,35.55
7481,1999-06-28 00:00:00,0.06062756086721038,-0.058275460109359314,0.17953058184378007,133.25,35.55
7482,1999-06-29 00:00:00,0.10946329850440427,-0.00958995728660776,0.22851655429541634,133.25,35.55
7483,1999-06-30 00:00:00,0.17837294704705187,0.057478356625802265,0.2992675374683015,133.25,35.55
7484,1999-07-01 00:00:00,0.07297078616616885,-0.046344751297043255,0.19228632362938095,133.25,35.55
7485,1999-07-02 00:00:00,0.0416034449340844,-0.07676138808138946,0.15996827794955829,133.25,35.55
7486,1999-07-03 00:00:00,0.12839617021394564,0.009568662516051945,0.24722367791183936,133.25,35.55
7487,1999-07-04 00:00:00,-0.030693137224445614,-0.1492073567931146,0.08782108234422338,133.25,35.55
7488,1999-07-05 00:00:00,0.011519766603698849,-0.1065991049196722,0.1296386381270699,133.25,35.55
7489,1999-07-06 00:00:00,0.010565581165848752,-0.10755011038502424,0.12868127271672175,133.25,35.55
7490,1999-07-07 00:00:00,-0.001081539318569677,-0.11918065307967801,0.11701757444253864,133.25,35.55
7491,1999-07-08 00:00:00,0.013680121766201992,-0.10445538099367037,0.13181562452607434,133.25,35.55
7492,1999-07-09 00:00:00,0.023216574564222717,-0.09503294294425774,0.14146609207270314,133.25,35.55
7493,1999-07-10 00:00:00,0.04008350808485545,-0.07813508040106902,0.15830209657077993,133.25,35.55
7494,1999-07-11 00:00:00,0.02670597782263284,-0.0914332756953142,0.14484523134057986,133.25,35.55
7495,1999-07-12 00:00:00,0.02759026656085068,-0.09063499369514846,0.1458155268168498,133.25,35.55
7496,1999-07-13 00:00:00,0.02575220223972744,-0.09250141060487847,0.14400581508433336,133.25,35.55
7497,1999-07-14 00:00:00,0.037640316415479234,-0.0806399146248124,0.15592054745577089,133.25,35.55
7498,1999-07-15 00:00:00,0.08098532935704428,-0.037273128727962304,0.19924378744205085,133.25,35.55
7499,1999-07-16 00:00:00,0.07382294658583431,-0.04436530686530793,0.19201120003697653,133.25,35.55
7500,1999-07-17 00:00:00,0.06559363063504642,-0.05252598758258256,0.1837132488526754,133.25,35.55
7501,1999-07-18 00:00:00,0.0719530390021159,-0.04623981062214129,0.1901458886263731,133.25,35.55
7502,1999-07-19 00:00:00,0.03994504826449751,-0.07824875411107862,0.15813885064007366,133.25,35.55
7503,1999-07-20 00:00:00,0.00989354691139777,-0.10821488403079522,0.12800197785359074,133.25,35.55
7504,1999-07-21 00:00:00,0.013890949411240208,-0.10427026442647287,0.1320521632489533,133.25,35.55
7505,1999-07-22 00:00:00,0.03687213347104037,-0.08139576973511757,0.15514003667719833,133.25,35.55
7506,1999-07-23 00:00:00,0.16699446368562704,0.04857058901241616,0.2854183383588379,133.25,35.55
7507,1999-07-24 00:00:00,0.16347206127810096,0.04506266255470792,0.28188146000149394,133.25,35.55
7508,1999-07-25 00:00:00,0.0609167820718065,-0.057281194212830684,0.1791147583564437,133.25,35.55
7509,1999-07-26 00:00:00,0.02514352833149626,-0.09323891905827772,0.14352597572127024,133.25,35.55
7510,1999-07-27 00:00:00,0.14994952925893582,0.025849691583278225,0.2740493669345934,133.25,35.55
7511,1999-07-28 00:00:00,0.17197616367998758,0.04975371746460976,0.2941986098953654,133.25,35.55
7512,1999-07-29 00:00:00,0.17831024500699222,0.059408451906104685,0.2972120381078798,133.25,35.55
7513,1999-07-30 00:00:00,0.1486797884238061,0.02989014805120964,0.26746942879640256,133.25,35.55
7514,1999-07-31 00:00:00,0.12601136462248036,0.00712069656561333,0.2449020326793474,133.25,35.55
7515,1999-08-01 00:00:00,0.15727784422235308,0.038685286825275694,0.27587040161943044,133.25,35.55
7516,1999-08-02 00:00:00,0.09260833296529077,-0.025877931011094923,0.21109459694167645,133.25,35.55
7517,1999-08-03 00:00:00,0.12421736976451225,0.005533829153433006,0.24290091037559144,133.25,35.55
7518,1999-08-04 00:00:00,0.09040544805579898,-0.02898555600551847,0.2097964521171164,133.25,35.55
7519,1999-08-05 00:00:00,0.05302473025736568,-0.06557057589087874,0.17162003640561008,133.25,35.55
7520,1999-08-06 00:00:00,0.03231017494537841,-0.08705471826608954,0.15167506815684634,133.25,35.55
7521,1999-08-07 00:00:00,0.02639759529724705,-0.09429609279800977,0.14709128339250388,133.25,35.55
7522,1999-08-08 00:00:00,0.06347925522568941,-0.056038419347304615,0.18299692979868346,133.25,35.55
7523,1999-08-09 00:00:00,-0.0002985820396706386,-0.11860833652316673,0.11801117244382545,133.25,35.55
7524,1999-08-10 00:00:00,0.05845733322878581,-0.05988275818334823,0.17679742464091985,133.25,35.55
7525,1999-08-11 00:00:00,0.07857992416244171,-0.03972865342121955,0.19688850174610292,133.25,35.55
7526,1999-08-12 00:00:00,0.034920095090757615,-0.08328186276834706,0.15312205294986228,133.25,35.55
7527,1999-08-13 00:00:00,0.028501747077655338,-0.08965118135612453,0.1466546755114352,133.25,35.55
7528,1999-08-14 00:00:00,0.03661015816521568,-0.08153152164397545,0.1547518379744068,133.25,35.55
7529,1999-08-15 00:00:00,0.034215234814704835,-0.08398699858023356,0.15241746820964322,133.25,35.55
7530,1999-08-16 00:00:00,0.05388987710744388,-0.0643459017070251,0.17212565592191287,133.25,35.55
7531,1999-08-17 00:00:00,0.08455637034179574,-0.03385558591379423,0.2029683265973857,133.25,35.55
7532,1999-08-18 00:00:00,0.028804492488665862,-0.08993092233066317,0.1475399073079949,133.25,35.55
7533,1999-08-19 00:00:00,0.059602872675555175,-0.059145746607305975,0.17835149195841635,133.25,35.55
7534,1999-08-20 00:00:00,0.06395341853056735,-0.05447407326282498,0.1823809103239597,133.25,35.55
7535,1999-08-21 00:00:00,0.08465739633544248,-0.03359350568000263,0.2029082983508876,133.25,35.55
7536,1999-08-22 00:00:00,0.0927849826964118,-0.02543881938960002,0.2110087847824236,133.25,35.55
7537,1999-08-23 00:00:00,0.05222420818748201,-0.06602824479471554,0.17047666116967958,133.25,35.55
7538,1999-08-24 00:00:00,0.04573214610286987,-0.07257935528237681,0.16404364748811656,133.25,35.55
7539,1999-08-25 00:00:00,0.06357307465326749,-0.05459647034539837,0.18174261965193333,133.25,35.55
7540,1999-08-26 00:00:00,0.04321186435917484,-0.07494117048166746,0.16136489920001712,133.25,35.55
7541,1999-08-27 00:00:00,0.11946662484211312,0.0009303665282825168,0.2380028831559437,133.25,35.55
7542,1999-08-28 00:00:00,0.05536055919474515,-0.06304690239804077,0.1737680207875311,133.25,35.55
7543,1999-08-29 00:00:00,0.03433645438086553,-0.08395828071043535,0.15263118947216642,133.25,35.55
7544,1999-08-30 00:00:00,0.06814157863644217,-0.05001225848071661,0.18629541575360092,133.25,35.55
7545,1999-08-31 00:00:00,0.14041836701682398,0.022100008493621773,0.2587367255400262,133.25,35.55
7546,1999-09-01 00:00:00,0.07628049400719114,-0.04226698715534877,0.19482797516973105,133.25,35.55
7547,1999-09-02 00:00:00,-0.04683947560559023,-0.16518833277953765,0.0715093815683572,133.25,35.55
7548,1999-09-03 00:00:00,-0.015544152726688468,-0.13368468858225285,0.10259638312887592,133.25,35.55
7549,1999-09-04 00:00:00,0.01778381208575807,-0.10029235226180988,0.13585997643332598,133.25,35.55
7550,1999-09-05 00:00:00,0.03426797576770696,-0.08383963971202871,0.15237559124744265,133.25,35.55
7551,1999-09-06 00:00:00,0.0552967150934069,-0.0632148216667205,0.17380825185353432,133.25,35.55
7552,1999-09-07 00:00:00,0.1064164333852108,-0.012215874959253305,0.22504874172967493,133.25,35.55
7553,1999-09-08 00:00:00,0.04350070889969774,-0.0747391429959498,0.16174056079534527,133.25,35.55
7554,1999-09-09 00:00:00,0.0696807369469244,-0.04847897213071109,0.18784044602455988,133.25,35.55
7555,1999-09-10 00:00:00,0.11012282577058732,-0.007999340067169944,0.2282449916083446,133.25,35.55
7556,1999-09-11 00:00:00,0.11510077561754326,-0.003225858431544562,0.233427409666631,133.25,35.55
7557,1999-09-12 00:00:00,0.06045406387598865,-0.05780283237996586,0.17871096013194315,133.25,35.55
7558,1999-09-13 00:00:00,0.014646491651956962,-0.10356509188388033,0.13285807518779424,133.25,35.55
7559,1999-09-14 00:00:00,0.027577145430734883,-0.09062007516850668,0.14577436602997645,133.25,35.55
7560,1999-09-15 00:00:00,0.0899576762480832,-0.029306019756522025,0.2092213722526884,133.25,35.55
7561,1999-09-16 00:00:00,-0.03518061190841141,-0.1544865553211158,0.084125331504293,133.25,35.55
7562,1999-09-17 00:00:00,-0.006151730118937472,-0.12442388142521665,0.11212042118734168,133.25,35.55
7563,1999-09-18 00:00:00,-0.035263194122580215,-0.15353459280071452,0.0830082045555541,133.25,35.55
7564,1999-09-19 00:00:00,0.04639486469600836,-0.07194105082153725,0.16473078021355395,133.25,35.55
7565,1999-09-20 00:00:00,0.05519955029217724,-0.06341045067877843,0.1738095512631329,133.25,35.55
7566,1999-09-21 00:00:00,-0.06698680572957459,-0.1859706856085861,0.05199707414943691,133.25,35.55
7567,1999-09-22 00:00:00,0.05725292443114266,-0.06147475112848313,0.17598059999076845,133.25,35.55
7568,1999-09-23 00:00:00,0.08516747981562275,-0.03333370677128332,0.20366866640252884,133.25,35.55
7569,1999-09-24 00:00:00,0.2914220758380883,0.16658243973419967,0.4162617119419771,133.25,35.55
7570,1999-09-25 00:00:00,0.02984208733945175,-0.10081153744062599,0.1604957121195295,133.25,35.55
7571,1999-09-26 00:00:00,-0.0027503418849031784,-0.12105783240705267,0.11555714863724632,133.25,35.55
7572,1999-09-27 00:00:00,-0.01861583994673889,-0.1367495611799635,0.09951788128648573,133.25,35.55
7573,1999-09-28 00:00:00,0.0011402773461375824,-0.11698415357638765,0.11926470826866285,133.25,35.55
7574,1999-09-29 00:00:00,0.025070500484790318,-0.09305153540701508,0.1431925363765957,133.25,35.55
7575,1999-09-30 00:00:00,0.038848586534875516,-0.07931563082872553,0.15701280389847658,133.25,35.55
7576,1999-10-01 00:00:00,-0.059133259984070825,-0.17730284864603332,0.05903632867789167,133.25,35.55
7577,1999-10-02 00:00:00,0.13125256718631764,0.01296670720110936,0.2495384271715259,133.25,35.55
7578,1999-10-03 00:00:00,0.05330745671029355,-0.06545663036483293,0.17207154378542003,133.25,35.55
7579,1999-10-04 00:00:00,-0.028323115416808212,-0.14666630539927833,0.09002007456566191,133.25,35.55
7580,1999-10-05 00:00:00,0.025577528428170453,-0.09253063642707818,0.14368569328341907,133.25,35.55
7581,1999-10-06 00:00:00,0.0317650172876722,-0.08634557447083427,0.1498756090461787,133.25,35.55
7582,1999-10-07 00:00:00,0.0678174872661646,-0.05035298281697888,0.18598795734930806,133.25,35.55
7583,1999-10-08 00:00:00,0.04430896785136152,-0.07387151574584214,0.16248945144856514,133.25,35.55
7584,1999-10-09 00:00:00,-0.08201292001522324,-0.20026287319170405,0.03623703316125755,133.25,35.55
7585,1999-10-10 00:00:00,-0.005289288257542282,-0.12340898372471573,0.11283040720963115,133.25,35.55
7586,1999-10-11 00:00:00,0.18747619460966314,0.06891670521033119,0.30603568400899506,133.25,35.55
7587,1999-10-12 00:00:00,0.06114639661913469,-0.05782005547876939,0.18011284871703878,133.25,35.55
7588,1999-10-13 00:00:00,0.045256840997549265,-0.07311240933542043,0.16362609133051892,133.25,35.55
7589,1999-10-14 00:00:00,0.042375271671506,-0.07597555501565062,0.16072609835866264,133.25,35.55
7590,1999-10-15 00:00:00,0.05677343312183057,-0.061563945542538835,0.17511081178619994,133.25,35.55
7591,1999-10-16 00:00:00,0.011237392616342759,-0.10746418326161468,0.1299389684943002,133.25,35.55
7592,1999-10-17 00:00:00,0.0428816348228074,-0.0759945691076035,0.1617578387532183,133.25,35.55
7593,1999-10-18 00:00:00,0.0025366147581323798,-0.11576431175246855,0.1208375412687333,133.25,35.55
7594,1999-10-19 00:00:00,-0.02103752561244017,-0.13924210010345914,0.09716704887857884,133.25,35.55
7595,1999-10-20 00:00:00,0.066862896669108,-0.05136656222224377,0.18509235556045975,133.25,35.55
7596,1999-10-21 00:00:00,-0.010592774555096732,-0.12877378897485553,0.10758823986466208,133.25,35.55
7597,1999-10-22 00:00:00,0.002010511984644286,-0.1161307380027084,0.12015176197199695,133.25,35.55
7598,1999-10-23 00:00:00,-0.0166493678936116,-0.135489876841829,0.1021911410546058,133.25,35.55
7599,1999-10-24 00:00:00,0.05328044362018805,-0.06549241582953566,0.17205330306991176,133.25,35.55
7600,1999-10-25 00:00:00,0.0031211317055997584,-0.11507723162270984,0.12131949503390935,133.25,35.55
7601,1999-10-26 00:00:00,0.010614723166235455,-0.10756442110284764,0.12879386743531854,133.25,35.55
7602,1999-10-27 00:00:00,0.09147205594722052,-0.027703739546369482,0.21064785144081047,133.25,35.55
7603,1999-10-28 00:00:00,0.012030323372351034,-0.108101184341238,0.13216183108594004,133.25,35.55
7604,1999-10-29 00:00:00,0.07567061251726805,-0.04299459889998848,0.1943358239345246,133.25,35.55
7605,1999-10-30 00:00:00,0.03185065745686902,-0.0864749876226637,0.15017630253640174,133.25,35.55
7606,1999-10-31 00:00:00,-0.003551173890436897,-0.12176366644473488,0.11466131866386108,133.25,35.55
7607,1999-11-01 00:00:00,0.13680169606965378,0.013874128373418504,0.25972926376588906,133.25,35.55
7608,1999-11-02 00:00:00,0.10165835660427487,-0.021292550567912263,0.22460926377646204,133.25,35.55
7609,1999-11-03 00:00:00,0.0522495092512783,-0.0662343833318817,0.1707334018344383,133.25,35.55
7610,1999-11-04 00:00:00,0.009288641833478809,-0.10904834457508247,0.1276256282420401,133.25,35.55
7611,1999-11-05 00:00:00,0.01632239821266726,-0.10193475502906556,0.1345795514544001,133.25,35.55
7612,1999-11-06 00:00:00,-0.020740612369470487,-0.13886736839421648,0.09738614365527552,133.25,35.55
7613,1999-11-07 00:00:00,0.0061183789319761645,-0.11199875035141008,0.1242355082153624,133.25,35.55
7614,1999-11-08 00:00:00,0.0972555722777616,-0.02091201760047265,0.21542316215599586,133.25,35.55
7615,1999-11-09 00:00:00,-0.05984065186090599,-0.17831234253181266,0.0586310388100007,133.25,35.55
7616,1999-11-10 00:00:00,0.0012053655420958542,-0.11707728734265617,0.11948801842684788,133.25,35.55
7617,1999-11-11 00:00:00,0.04140486230323728,-0.0768127741372884,0.15962249874376294,133.25,35.55
7618,1999-11-12 00:00:00,0.176020170697532,0.057167089279840586,0.2948732521152234,133.25,35.55
7619,1999-11-13 00:00:00,-0.01673097155693351,-0.13566676414988146,0.10220482103601444,133.25,35.55
7620,1999-11-14 00:00:00,-0.06700831015216846,-0.18526904975315367,0.05125242944881675,133.25,35.55
7621,1999-11-15 00:00:00,0.0885605505633686,-0.02987151679298129,0.2069926179197185,133.25,35.55
7622,1999-11-16 00:00:00,-0.049639388796583306,-0.16937446381268928,0.07009568621952267,133.25,35.55
7623,1999-11-17 00:00:00,-0.06253013546377661,-0.18168927866324305,0.05662900773568981,133.25,35.55
7624,1999-11-18 00:00:00,0.09708890564989534,-0.021266523517027264,0.21544433481681796,133.25,35.55
7625,1999-11-19 00:00:00,0.04088391203720654,-0.07750491611489957,0.15927274018931264,133.25,35.55
7626,1999-11-20 00:00:00,0.029383895586855495,-0.08875025650764902,0.14751804768136004,133.25,35.55
7627,1999-11-21 00:00:00,0.03680308249763045,-0.0813279156795693,0.15493408067483022,133.25,35.55
7628,1999-11-22 00:00:00,0.01182100733016159,-0.10630011608872372,0.1299421307490469,133.25,35.55
7629,1999-11-23 00:00:00,0.013168274126703487,-0.10496018049786487,0.13129672875127185,133.25,35.55
7630,1999-11-24 00:00:00,0.032774987525712965,-0.08548538719202584,0.15103536224345174,133.25,35.55
7631,1999-11-25 00:00:00,0.18454606770765325,0.06599644442422388,0.30309569099108263,133.25,35.55
7632,1999-11-26 00:00:00,0.14021550858565232,0.02112715865603366,0.25930385851527105,133.25,35.55
7633,1999-11-27 00:00:00,0.006685499773252264,-0.11211050782274518,0.1254815073692497,133.25,35.55
7634,1999-11-28 00:00:00,0.18372910203827192,0.06521183508163046,0.30224636899491336,133.25,35.55
7635,1999-11-29 00:00:00,0.04361872442598349,-0.07500696984416239,0.16224441869612935,133.25,35.55
7636,1999-11-30 00:00:00,0.12151401572863653,0.003178510071452548,0.2398495213858205,133.25,35.55
7637,1999-12-01 00:00:00,-0.030521318900028387,-0.148807995876662,0.08776535807660522,133.25,35.55
7638,1999-12-02 00:00:00,0.04581137286100433,-0.07247830255903538,0.16410104828104402,133.25,35.55
7639,1999-12-03 00:00:00,-0.08579641691260267,-0.2042881473145835,0.03269531348937815,133.25,35.55
7640,1999-12-04 00:00:00,0.08040643790008893,-0.03804468364050586,0.1988575594406837,133.25,35.55
7641,1999-12-05 00:00:00,0.16121234283862665,0.04272302306353538,0.2797016626137179,133.25,35.55
7642,1999-12-06 00:00:00,0.1613469809376514,0.04254392614196091,0.2801500357333419,133.25,35.55
7643,1999-12-07 00:00:00,-0.026398159134214588,-0.14575438717855266,0.09295806891012348,133.25,35.55
7644,1999-12-08 00:00:00,-0.023200594592720364,-0.14154237498616246,0.0951411858007217,133.25,35.55
7645,1999-12-09 00:00:00,0.17834446220575062,0.059514272614215484,0.2971746517972857,133.25,35.55
7646,1999-12-10 00:00:00,0.11774010500068158,-0.0012519136783903373,0.2367321236797535,133.25,35.55
7647,1999-12-11 00:00:00,0.056123758403701374,-0.06286050293461752,0.17510801974202028,133.25,35.55
7648,1999-12-12 00:00:00,0.05380146313295303,-0.06456989199765313,0.17217281826355918,133.25,35.55
7649,1999-12-13 00:00:00,0.15056397517170428,0.0319546541996006,0.269173296143808,133.25,35.55
7650,1999-12-14 00:00:00,0.06228842443267914,-0.056401452625976366,0.18097830149133465,133.25,35.55
7651,1999-12-15 00:00:00,0.12985264822449505,0.011378551874773976,0.2483267445742161,133.25,35.55
7652,1999-12-16 00:00:00,0.04363164128674127,-0.07484545504693901,0.16210873762042155,133.25,35.55
7653,1999-12-17 00:00:00,0.13194936203696206,0.013410286353429016,0.25048843772049506,133.25,35.55
7654,1999-12-18 00:00:00,0.04206701008601582,-0.07651291325788433,0.16064693342991598,133.25,35.55
7655,1999-12-19 00:00:00,0.13503826145087772,0.01570174326514058,0.2543747796366149,133.25,35.55
7656,1999-12-20 00:00:00,0.13183677694091614,0.012360143652785982,0.2513134102290463,133.25,35.55
7657,1999-12-21 00:00:00,0.07292825074333198,-0.046139957138928434,0.1919964586255924,133.25,35.55
7658,1999-12-22 00:00:00,0.05521223442633851,-0.06364333428886162,0.17406780314153866,133.25,35.55
7659,1999-12-23 00:00:00,0.027826759486829743,-0.09051577685517492,0.1461692958288344,133.25,35.55
7660,1999-12-24 00:00:00,0.11699839563178295,-0.0012643504072586825,0.23526114167082454,133.25,35.55
7661,1999-12-25 00:00:00,0.1953874938972108,0.07642591476619649,0.3143490730282251,133.25,35.55
7662,1999-12-26 00:00:00,-0.061011479791221124,-0.17973795870898882,0.057714999126546575,133.25,35.55
7663,1999-12-27 00:00:00,-0.002375262726369336,-0.12068509855979853,0.11593457310705987,133.25,35.55
7664,1999-12-28 00:00:00,0.0873904453978854,-0.03081845473684348,0.20559934553261427,133.25,35.55
7665,1999-12-29 00:00:00,0.08629381769923239,-0.03208095332266335,0.20466858872112811,133.25,35.55
7666,1999-12-30 00:00:00,0.0364155604836147,-0.08188586364625919,0.1547169846134886,133.25,35.55
7667,1999-12-31 00:00:00,-0.024121522529634603,-0.14233022041963442,0.0940871753603652,133.25,35.55
7668,2000-01-01 00:00:00,-0.06297947449761496,-0.18120202658494444,0.05524307758971453,133.25,35.55
7669,2000-01-02 00:00:00,0.06393515422063645,-0.05435924943518109,0.182229557876454,133.25,35.55
7670,2000-01-03 00:00:00,0.15086174988834128,0.031850364731776534,0.269873135044906,133.25,35.55
7671,2000-01-04 00:00:00,-0.04214724957568888,-0.16080981405472433,0.07651531490334658,133.25,35.55
7672,2000-01-05 00:00:00,-0.025483808753815704,-0.14364074788895995,0.09267313038132853,133.25,35.55
7673,2000-01-06 00:00:00,0.13735172787204689,0.018678128740218097,0.2560253270038757,133.25,35.55
7674,2000-01-07 00:00:00,0.13514786530176184,0.015949937192652502,0.2543457934108712,133.25,35.55
7675,2000-01-08 00:00:00,0.1197702898760272,0.000983916704282689,0.2385566630477717,133.25,35.55
7676,2000-01-09 00:00:00,0.05328621833833617,-0.06512606957312828,0.1716985062498006,133.25,35.55
7677,2000-01-10 00:00:00,0.05826841637334985,-0.060239078210070914,0.17677591095677062,133.25,35.55
7678,2000-01-11 00:00:00,-0.07594104814584192,-0.19458170935459634,0.042699613062912506,133.25,35.55
7679,2000-01-12 00:00:00,-0.03814639988265021,-0.15667352487111896,0.08038072510581855,133.25,35.55
7680,2000-01-13 00:00:00,0.10404606125675887,-0.014402936692437016,0.22249505920595475,133.25,35.55
7681,2000-01-14 00:00:00,0.10964957326113398,-0.009236450266429788,0.2285355967886977,133.25,35.55
7682,2000-01-15 00:00:00,-0.005560837033171312,-0.12399548967659968,0.11287381561025706,133.25,35.55
7683,2000-01-16 00:00:00,0.008891285768786944,-0.10930067009355628,0.12708324163113016,133.25,35.55
7684,2000-01-17 00:00:00,0.0016608605031699294,-0.11676376088774705,0.12008548189408688,133.25,35.55
7685,2000-01-18 00:00:00,-0.003064162826104153,-0.12175884672374555,0.11563052107153725,133.25,35.55
7686,2000-01-19 00:00:00,0.08119045719380137,-0.03731746158336559,0.19969837597096834,133.25,35.55
7687,2000-01-20 00:00:00,0.22805235954960584,0.10828990886694696,0.3478148102322647,133.25,35.55
7688,2000-01-21 00:00:00,-0.04815782713210063,-0.167854053956751,0.07153839969254974,133.25,35.55
7689,2000-01-22 00:00:00,-0.05551828630625283,-0.17395972002454466,0.06292314741203897,133.25,35.55
7690,2000-01-23 00:00:00,0.11713252174134142,-0.0012701289125871679,0.23553517239526997,133.25,35.55
7691,2000-01-24 00:00:00,0.0213891353105663,-0.09716178302575876,0.13994005364689135,133.25,35.55
7692,2000-01-25 00:00:00,-0.028306851067152423,-0.146879506672143,0.09026580453783814,133.25,35.55
7693,2000-01-26 00:00:00,0.07568446455425959,-0.043054091348804654,0.19442302045732385,133.25,35.55
7694,2000-01-27 00:00:00,-0.004247825725810409,-0.1229534110255319,0.11445775957391108,133.25,35.55
7695,2000-01-28 00:00:00,0.04049437134253657,-0.07792728187388577,0.15891602455895892,133.25,35.55
7696,2000-01-29 00:00:00,-0.017220761106745384,-0.13542642869197372,0.10098490647848296,133.25,35.55
7697,2000-01-30 00:00:00,0.125883527021056,0.007567108476765769,0.24419994556534624,133.25,35.55
7698,2000-01-31 00:00:00,0.044909558985837136,-0.07370608288248227,0.16352520085415656,133.25,35.55
7699,2000-02-01 00:00:00,-0.003945204492651552,-0.12245377767390815,0.11456336868860505,133.25,35.55
7700,2000-02-02 00:00:00,0.08219593111843272,-0.036052134054995015,0.20044399629186044,133.25,35.55
7701,2000-02-03 00:00:00,0.038169767169202784,-0.07999634345212728,0.15633587779053285,133.25,35.55
7702,2000-02-04 00:00:00,0.037321564671901335,-0.0811269952876184,0.15577012463142104,133.25,35.55
7703,2000-02-05 00:00:00,-0.01434086355046166,-0.1326781254462961,0.1039963983453728,133.25,35.55
7704,2000-02-06 00:00:00,0.11444179318208544,-0.003787110269015903,0.2326706966331868,133.25,35.55
7705,2000-02-07 00:00:00,0.0743152690324905,-0.04426451256259874,0.19289505062757967,133.25,35.55
7706,2000-02-08 00:00:00,0.19688856766771826,0.07729700608146614,0.3164801292539703,133.25,35.55
7707,2000-02-09 00:00:00,-0.05580643409845798,-0.17906631520602875,0.0674534470091128,133.25,35.55
7708,2000-02-10 00:00:00,-0.01719908768782206,-0.1359952564722603,0.10159708109661618,133.25,35.55
7709,2000-02-11 00:00:00,0.11134437516276124,-0.006856034502340083,0.22954478482786256,133.25,35.55
7710,2000-02-12 00:00:00,0.07563899984782642,-0.04260737014333388,0.19388536983898674,133.25,35.55
7711,2000-02-13 00:00:00,0.012892748939521198,-0.10534514890313353,0.1311306467821759,133.25,35.55
7712,2000-02-14 00:00:00,0.09886105869656414,-0.019445988955824358,0.21716810634895264,133.25,35.55
7713,2000-02-15 00:00:00,0.12891824055964016,0.00929537273651046,0.24854110838276985,133.25,35.55
7714,2000-02-16 00:00:00,0.10176806642386836,-0.018059920950935882,0.2215960537986726,133.25,35.55
7715,2000-02-17 00:00:00,0.07212253864635199,-0.04657141116659906,0.19081648845930305,133.25,35.55
7716,2000-02-18 00:00:00,0.06236492650420865,-0.056019936268353165,0.18074978927677046,133.25,35.55
7717,2000-02-19 00:00:00,0.023756631366964518,-0.09454832258192006,0.1420615853158491,133.25,35.55
7718,2000-02-20 00:00:00,0.08875484814096933,-0.029729761349289088,0.20723945763122775,133.25,35.55
7719,2000-02-21 00:00:00,0.0069488093908136725,-0.11167046048711578,0.12556807926874314,133.25,35.55
7720,2000-02-22 00:00:00,0.03051180923818075,-0.08787264303081503,0.14889626150717652,133.25,35.55
7721,2000-02-23 00:00:00,0.015220341952495315,-0.10303250942547572,0.13347319333046634,133.25,35.55
7722,2000-02-24 00:00:00,0.09483195831533113,-0.023760014825479403,0.21342393145614166,133.25,35.55
7723,2000-02-25 00:00:00,-0.003033531974629841,-0.12143650871357617,0.1153694447643165,133.25,35.55
7724,2000-02-26 00:00:00,0.09024933558580253,-0.02801410654255472,0.20851277771415974,133.25,35.55
7725,2000-02-27 00:00:00,0.1477372190111754,0.028879733048516407,0.2665947049738344,133.25,35.55
7726,2000-02-28 00:00:00,0.13780146203593185,0.01830512671624997,0.2572977973556137,133.25,35.55
7727,2000-02-29 00:00:00,-0.0485094732385597,-0.16784358151437476,0.07082463503725536,133.25,35.55
7728,2000-03-01 00:00:00,0.0017785774410129726,-0.11644701328017495,0.12000416816220087,133.25,35.55
7729,2000-03-02 00:00:00,0.044198338022430464,-0.07396759207263892,0.16236426811749982,133.25,35.55
7730,2000-03-03 00:00:00,0.014605752470415975,-0.10354331391290596,0.1327548188537379,133.25,35.55
7731,2000-03-04 00:00:00,0.11033091156211608,-0.007960485706158218,0.2286223088303904,133.25,35.55
7732,2000-03-05 00:00:00,0.026664909062485084,-0.09183893788837276,0.14516875601334292,133.25,35.55
7733,2000-03-06 00:00:00,0.06479472678780679,-0.0535072581857844,0.183096711761398,133.25,35.55
7734,2000-03-07 00:00:00,0.08850718433225169,-0.03013422253253122,0.2071485911970346,133.25,35.55
7735,2000-03-08 00:00:00,0.11229104580681193,-0.006235358918332573,0.2308174505319564,133.25,35.55
7736,2000-03-09 00:00:00,0.08897656096148895,-0.030144475417742,0.20809759734071992,133.25,35.55
7737,2000-03-10 00:00:00,-0.002097867795112645,-0.12103369517961912,0.11683795958939383,133.25,35.55
7738,2000-03-11 00:00:00,0.06567630457659883,-0.05266358107483488,0.1840161902280325,133.25,35.55
7739,2000-03-12 00:00:00,0.07227970403780144,-0.046280916024399404,0.1908403241000023,133.25,35.55
7740,2000-03-13 00:00:00,0.05991517748275463,-0.05886569763269029,0.17869605259819954,133.25,35.55
7741,2000-03-14 00:00:00,0.02963799840342698,-0.08904324024753961,0.1483192370543936,133.25,35.55
7742,2000-03-15 00:00:00,0.0443443153777616,-0.07416994749075788,0.16285857824628108,133.25,35.55
7743,2000-03-16 00:00:00,0.2011654827573168,0.07852798761134308,0.3238029779032905,133.25,35.55
7744,2000-03-17 00:00:00,0.08888856386072587,-0.034110810480857665,0.21188793820230944,133.25,35.55
7745,2000-03-18 00:00:00,0.008361834815697355,-0.11041066443711522,0.12713433406850996,133.25,35.55
7746,2000-03-19 00:00:00,0.13770563456389098,0.019491492295618543,0.25591977683216344,133.25,35.55
7747,2000-03-20 00:00:00,-0.06975493239439925,-0.1886125498855824,0.04910268509678388,133.25,35.55
7748,2000-03-21 00:00:00,-0.0031732652776666204,-0.12161505101272392,0.1152685204573907,133.25,35.55
7749,2000-03-22 00:00:00,-0.01863797136027161,-0.1370550691925541,0.09977912647201087,133.25,35.55
7750,2000-03-23 00:00:00,0.1296534848234726,0.011158258229596001,0.24814871141734926,133.25,35.55
7751,2000-03-24 00:00:00,0.2571838805140629,0.13719122173671916,0.3771765392914067,133.25,35.55
7752,2000-03-25 00:00:00,0.057007396553731784,-0.06253731684709643,0.17655210995456005,133.25,35.55
7753,2000-03-26 00:00:00,0.16222650841525954,0.0425845696259094,0.2818684472046097,133.25,35.55
7754,2000-03-27 00:00:00,0.06906900118473988,-0.050328106350119126,0.18846610871959885,133.25,35.55
7755,2000-03-28 00:00:00,0.27577788125273706,0.15707133757452849,0.3944844249309456,133.25,35.55
7756,2000-03-29 00:00:00,0.16617448502476845,0.0457379483926562,0.2866110216568807,133.25,35.55
7757,2000-03-30 00:00:00,0.015059306529504154,-0.10436402260165688,0.1344826356606652,133.25,35.55
7758,2000-03-31 00:00:00,0.08088141173983132,-0.03738001104240106,0.1991428345220637,133.25,35.55
7759,2000-04-01 00:00:00,-0.006750568898347235,-0.12526858728288215,0.11176744948618766,133.25,35.55
7760,2000-04-02 00:00:00,-0.04503579822357511,-0.16348112341446966,0.07340952696731944,133.25,35.55
7761,2000-04-03 00:00:00,0.0071036620410202264,-0.11111266641395197,0.12531999049599246,133.25,35.55
7762,2000-04-04 00:00:00,-0.003399244589669618,-0.12161251158570854,0.11481402240636933,133.25,35.55
7763,2000-04-05 00:00:00,0.1181735759366629,-0.0006617901825726746,0.2370089420558985,133.25,35.55
7764,2000-04-06 00:00:00,-0.026583470142088082,-0.14568377180840056,0.09251683152422438,133.25,35.55
7765,2000-04-07 00:00:00,0.07454331249418013,-0.04394430309826297,0.19303092808662325,133.25,35.55
7766,2000-04-08 00:00:00,0.02380985883449615,-0.0947393738994683,0.1423590915684606,133.25,35.55
7767,2000-04-09 00:00:00,0.011419056294332984,-0.10684534287616894,0.1296834554648349,133.25,35.55
7768,2000-04-10 00:00:00,0.25989056325349497,0.1412779845812154,0.3785031419257745,133.25,35.55
7769,2000-04-11 00:00:00,0.1076983124596452,-0.012360679312046985,0.22775730423133736,133.25,35.55
7770,2000-04-12 00:00:00,0.17897469412929906,0.06009118697429457,0.2978582012843035,133.25,35.55
7771,2000-04-13 00:00:00,0.05128971741016816,-0.06714502156801963,0.16972445638835593,133.25,35.55
7772,2000-04-14 00:00:00,0.07238776785425971,-0.045976847701348106,0.19075238340986755,133.25,35.55
7773,2000-04-15 00:00:00,-0.02488659192549389,-0.14334247541044046,0.09356929155945268,133.25,35.55
7774,2000-04-16 00:00:00,0.0335469566594693,-0.08483798547834479,0.1519318987972834,133.25,35.55
7775,2000-04-17 00:00:00,0.01217038425621534,-0.1061149583783942,0.13045572689082488,133.25,35.55
7776,2000-04-18 00:00:00,0.06597314821041964,-0.0523430398444889,0.18428933626532815,133.25,35.55
7777,2000-04-19 00:00:00,0.11077642749899128,-0.007503010344471968,0.2290558653424545,133.25,35.55
7778,2000-04-20 00:00:00,0.01608567539328186,-0.10287223250684656,0.13504358329341026,133.25,35.55
7779,2000-04-21 00:00:00,0.0527029350691473,-0.0659184883054447,0.1713243584437393,133.25,35.55
7780,2000-04-22 00:00:00,0.11524149641320976,-0.0032197358279403565,0.2337027286543599,133.25,35.55
7781,2000-04-23 00:00:00,0.19959303806054374,0.0805583835667447,0.3186276925543428,133.25,35.55
7782,2000-04-24 00:00:00,0.11038856662226564,-0.00836142958942872,0.22913856283395997,133.25,35.55
7783,2000-04-25 00:00:00,0.07850176352572702,-0.03974765405161625,0.19675118110307036,133.25,35.55
7784,2000-04-26 00:00:00,0.0941371506864447,-0.0243361808867765,0.2126104822596659,133.25,35.55
7785,2000-04-27 00:00:00,0.08623463826683872,-0.032806535675118965,0.20527581220879645,133.25,35.55
7786,2000-04-28 00:00:00,0.04690322645678308,-0.07206426036113818,0.16587071327470432,133.25,35.55
7787,2000-04-29 00:00:00,0.04028187805338281,-0.0779890303366007,0.15855278644336632,133.25,35.55
7788,2000-04-30 00:00:00,0.09138876794935,-0.026767513476292568,0.20954504937499255,133.25,35.55
7789,2000-05-01 00:00:00,0.08769174075176556,-0.030496269732526487,0.2058797512360576,133.25,35.55
7790,2000-05-02 00:00:00,0.029099505113973717,-0.08941004501923445,0.14760905524718188,133.25,35.55
7791,2000-05-03 00:00:00,0.07889325167105404,-0.03984472622396629,0.1976312295660744,133.25,35.55
7792,2000-05-04 00:00:00,-0.009013651248500005,-0.12731463275154442,0.10928733025454443,133.25,35.55
7793,2000-05-05 00:00:00,0.023455920055531,-0.09474740185957542,0.14165924197063742,133.25,35.55
7794,2000-05-06 00:00:00,0.07159120474507302,-0.046682979366486285,0.18986538885663234,133.25,35.55
7795,2000-05-07 00:00:00,0.08644312261928164,-0.032024793094137284,0.20491103833270055,133.25,35.55
7796,2000-05-08 00:00:00,0.030452698038418838,-0.08794751047553451,0.14885290655237218,133.25,35.55
7797,2000-05-09 00:00:00,0.048747780982974484,-0.06946462852912637,0.16696019049507535,133.25,35.55
7798,2000-05-10 00:00:00,0.01756254829847009,-0.1007169159582964,0.1358420125552366,133.25,35.55
7799,2000-05-11 00:00:00,0.1022206498532767,-0.01619979923293989,0.2206410989394933,133.25,35.55
7800,2000-05-12 00:00:00,0.05200079877303488,-0.06644127219503318,0.17044286974110293,133.25,35.55
7801,2000-05-13 00:00:00,0.008696563579777116,-0.10944226807297763,0.12683539523253187,133.25,35.55
7802,2000-05-14 00:00:00,0.03913483708836146,-0.07901496333137886,0.1572846375081018,133.25,35.55
7803,2000-05-15 00:00:00,0.02333107603848592,-0.0947822907663563,0.14144444284332813,133.25,35.55
7804,2000-05-16 00:00:00,0.047913842644596236,-0.0702233676989078,0.16605105298810027,133.25,35.55
7805,2000-05-17 00:00:00,0.05278746947780761,-0.06533249784882586,0.17090743680444107,133.25,35.55
7806,2000-05-18 00:00:00,0.01154703538347322,-0.10659824048919568,0.1296923112561421,133.25,35.55
7807,2000-05-19 00:00:00,0.03020268947768504,-0.08799842548596325,0.14840380444133333,133.25,35.55
7808,2000-05-20 00:00:00,0.058483815553463235,-0.05978799690190149,0.17675562800882802,133.25,35.55
7809,2000-05-21 00:00:00,0.07515792183114765,-0.04313370718741745,0.1934495508497128,133.25,35.55
7810,2000-05-22 00:00:00,0.04346269187347769,-0.07473921094571721,0.16166459469267258,133.25,35.55
7811,2000-05-23 00:00:00,0.10195979662843672,-0.016264024325160997,0.2201836175820344,133.25,35.55
7812,2000-05-24 00:00:00,0.11748800596459125,-0.0007754941367418832,0.2357515060659244,133.25,35.55
7813,2000-05-25 00:00:00,-0.0024372327073912217,-0.12068320559732795,0.1158087401825455,133.25,35.55
7814,2000-05-26 00:00:00,0.05419007391150341,-0.06396192012836077,0.1723420679513676,133.25,35.55
7815,2000-05-27 00:00:00,0.13376336523270604,0.015251953012559563,0.2522747774528525,133.25,35.55
7816,2000-05-28 00:00:00,0.17452687271523093,0.05567565310739657,0.2933780923230653,133.25,35.55
7817,2000-05-29 00:00:00,0.022931549755708464,-0.0955302944953138,0.14139339400673073,133.25,35.55
7818,2000-05-30 00:00:00,0.043752220176678285,-0.07441211703119703,0.16191655738455354,133.25,35.55
7819,2000-05-31 00:00:00,0.13817046786774284,0.019899177533653653,0.256441758201832,133.25,35.55
7820,2000-06-01 00:00:00,0.031906331796946116,-0.08642793283786471,0.15024059643175694,133.25,35.55
7821,2000-06-02 00:00:00,-0.02996886458452552,-0.14808584216741827,0.08814811299836722,133.25,35.55
7822,2000-06-03 00:00:00,0.05675122619070139,-0.06137904632108026,0.17488149870248304,133.25,35.55
7823,2000-06-04 00:00:00,0.028102610677611536,-0.09012249519546008,0.14632771655068316,133.25,35.55
7824,2000-06-05 00:00:00,0.02654557082388436,-0.09162849674586934,0.14471963839363805,133.25,35.55
7825,2000-06-06 00:00:00,0.08133571711466715,-0.036850442032840415,0.1995218762621747,133.25,35.55
7826,2000-06-07 00:00:00,0.10163696570413702,-0.016544583618977926,0.219818515027252,133.25,35.55
7827,2000-06-08 00:00:00,0.0808522987137987,-0.03734091223019953,0.19904550965779694,133.25,35.55
7828,2000-06-09 00:00:00,0.144576948954748,0.024901034615292986,0.26425286329420306,133.25,35.55
7829,2000-06-10 00:00:00,-0.08198841075216877,-0.20137595921798285,0.037399137713645315,133.25,35.55
7830,2000-06-11 00:00:00,0.0260092566145937,-0.09220122410055746,0.14421973732974486,133.25,35.55
7831,2000-06-12 00:00:00,0.008640411315496605,-0.10956156628407274,0.12684238891506594,133.25,35.55
7832,2000-06-13 00:00:00,0.062434687368523215,-0.055706924613181635,0.18057629935022806,133.25,35.55
7833,2000-06-14 00:00:00,0.0812863901332205,-0.036881225037397936,0.19945400530383892,133.25,35.55
7834,2000-06-15 00:00:00,0.04550996306948882,-0.07263439613089602,0.16365432226987367,133.25,35.55
7835,2000-06-16 00:00:00,0.0397819871095996,-0.07834865789567623,0.15791263211487544,133.25,35.55
7836,2000-06-17 00:00:00,0.021165262096429542,-0.09701710754783664,0.13934763174069573,133.25,35.55
7837,2000-06-18 00:00:00,0.022961236686715843,-0.09533129199541056,0.14125376536884227,133.25,35.55
7838,2000-06-19 00:00:00,0.04985937044903544,-0.06825122869033254,0.1679699695884034,133.25,35.55
7839,2000-06-20 00:00:00,0.06428264028370828,-0.05381234650244236,0.18237762706985888,133.25,35.55
7840,2000-06-21 00:00:00,0.07915735443066196,-0.038984765578628684,0.1972994744399526,133.25,35.55
7841,2000-06-22 00:00:00,0.030732028350776493,-0.0874943951896045,0.1489584518911575,133.25,35.55
7842,2000-06-23 00:00:00,0.08128348622253134,-0.03707112083557604,0.19963809328063872,133.25,35.55
7843,2000-06-24 00:00:00,0.09024700974986394,-0.028027550563836972,0.20852157006356487,133.25,35.55
7844,2000-06-25 00:00:00,0.03237508411418103,-0.08578992098282429,0.15054008921118636,133.25,35.55
7845,2000-06-26 00:00:00,0.015025703733283356,-0.10316171140635527,0.13321311887292198,133.25,35.55
7846,2000-06-27 00:00:00,0.15163867902542116,0.033002626076001566,0.2702747319748407,133.25,35.55
7847,2000-06-28 00:00:00,0.1440558734439878,0.02440565300250368,0.2637060938854719,133.25,35.55
7848,2000-06-29 00:00:00,0.029424948188340364,-0.08918350566134864,0.14803340203802934,133.25,35.55
7849,2000-06-30 00:00:00,0.12160443375950905,0.0033498564346711585,0.2398590110843469,133.25,35.55
7850,2000-07-01 00:00:00,0.08348663102589232,-0.034695107846636014,0.20166836989842066,133.25,35.55
7851,2000-07-02 00:00:00,0.038868853631062746,-0.07923715157244687,0.15697485883457238,133.25,35.55
7852,2000-07-03 00:00:00,0.046688381921148686,-0.07138543831497042,0.16476220215726786,133.25,35.55
7853,2000-07-04 00:00:00,0.04579042789538018,-0.07228550392535005,0.1638663597161104,133.25,35.55
7854,2000-07-05 00:00:00,0.006263714047901964,-0.11182802221861793,0.12435545031442186,133.25,35.55
7855,2000-07-06 00:00:00,0.04727139881498786,-0.07084080760338571,0.16538360523336146,133.25,35.55
7856,2000-07-07 00:00:00,0.04200244587078745,-0.0762392491411423,0.1602441408827172,133.25,35.55
7857,2000-07-08 00:00:00,0.06747294938266869,-0.05140468635122243,0.18635058511655986,133.25,35.55
7858,2000-07-09 00:00:00,0.01886100208548864,-0.09944465305315772,0.137166657224135,133.25,35.55
7859,2000-07-10 00:00:00,0.02488314117466484,-0.09328616506336206,0.14305244741269174,133.25,35.55
7860,2000-07-11 00:00:00,0.12392519159913998,0.005667681190686044,0.2421827020075939,133.25,35.55
7861,2000-07-12 00:00:00,0.1905837089783704,0.07211074530372209,0.3090566726530187,133.25,35.55
7862,2000-07-13 00:00:00,0.1483189389239087,0.02989549391263012,0.2667423839351873,133.25,35.55
7863,2000-07-14 00:00:00,0.04639567880132793,-0.07180809166387486,0.16459944926653072,133.25,35.55
7864,2000-07-15 00:00:00,0.09966796177347233,-0.018534437089446715,0.2178703606363913,133.25,35.55
7865,2000-07-16 00:00:00,0.1164517914272508,-0.0018060300853289524,0.2347096129398305,133.25,35.55
7866,2000-07-17 00:00:00,0.07384874404279416,-0.04429766552411567,0.191995153609704,133.25,35.55
7867,2000-07-18 00:00:00,0.09819438494237573,-0.01992872395646847,0.2163174938412199,133.25,35.55
7868,2000-07-19 00:00:00,0.054055960982012166,-0.06404434859037553,0.17215627055439986,133.25,35.55
7869,2000-07-20 00:00:00,0.03703465308303314,-0.08107748952758646,0.15514679569365275,133.25,35.55
7870,2000-07-21 00:00:00,0.08741030835288725,-0.030703749509624456,0.20552436621539896,133.25,35.55
7871,2000-07-22 00:00:00,0.17260102316578926,0.05436854761340902,0.29083349871816944,133.25,35.55
7872,2000-07-23 00:00:00,0.19738360216963,0.07898728628903069,0.3157799180502293,133.25,35.55
7873,2000-07-24 00:00:00,0.1603685417902706,0.04185066670108791,0.2788864168794533,133.25,35.55
7874,2000-07-25 00:00:00,0.09062503811575412,-0.02783763886132992,0.20908771509283816,133.25,35.55
7875,2000-07-26 00:00:00,0.01219055195900778,-0.10614675338611357,0.13052785730412916,133.25,35.55
7876,2000-07-27 00:00:00,0.015982114857600482,-0.10218323275949304,0.134147462474694,133.25,35.55
7877,2000-07-28 00:00:00,0.031934896546424084,-0.08629565241980677,0.15016544551265493,133.25,35.55
7878,2000-07-29 00:00:00,0.06523424214803865,-0.05307704691085478,0.18354553120693207,133.25,35.55
7879,2000-07-30 00:00:00,0.2183975432684986,0.09944897079168076,0.3373461157453165,133.25,35.55
7880,2000-07-31 00:00:00,0.3204500963569803,0.1998823016523666,0.44101789106159395,133.25,35.55
7881,2000-08-01 00:00:00,0.10108752451398972,-0.0184026674098156,0.22057771643779506,133.25,35.55
7882,2000-08-02 00:00:00,-0.005856579038103178,-0.1241887186083499,0.11247556053214357,133.25,35.55
7883,2000-08-03 00:00:00,0.022606319174851317,-0.09578097057378526,0.1409936089234879,133.25,35.55
7884,2000-08-04 00:00:00,0.018952085236961888,-0.099384461004021,0.1372886314779448,133.25,35.55
7885,2000-08-05 00:00:00,-0.01472043421980131,-0.13285005145502995,0.10340918301542733,133.25,35.55
7886,2000-08-06 00:00:00,0.016366440480611567,-0.10172059275813272,0.13445347371935584,133.25,35.55
7887,2000-08-07 00:00:00,0.0154465833324521,-0.10265143521372408,0.13354460187862827,133.25,35.55
7888,2000-08-08 00:00:00,0.03105858166635058,-0.08706434076181932,0.14918150409452047,133.25,35.55
7889,2000-08-09 00:00:00,0.011848072609632741,-0.10629712468077412,0.12999326990003962,133.25,35.55
7890,2000-08-10 00:00:00,0.0433125527271311,-0.07480947387284442,0.16143457932710664,133.25,35.55
7891,2000-08-11 00:00:00,0.0676792249580617,-0.05043136084602254,0.18578981076214596,133.25,35.55
7892,2000-08-12 00:00:00,0.044398974294450416,-0.07383985473373204,0.1626378033226329,133.25,35.55
7893,2000-08-13 00:00:00,0.011921665221759985,-0.10658014063146168,0.13042347107498165,133.25,35.55
7894,2000-08-14 00:00:00,0.04305775416597378,-0.0752679348876857,0.16138344321963327,133.25,35.55
7895,2000-08-15 00:00:00,0.06626164412144432,-0.051891252737459176,0.18441454098034785,133.25,35.55
7896,2000-08-16 00:00:00,0.06113131034408744,-0.056999159287394977,0.17926177997556986,133.25,35.55
7897,2000-08-17 00:00:00,0.06057581993243957,-0.05754952337821971,0.17870116324309887,133.25,35.55
7898,2000-08-18 00:00:00,0.042773816588045216,-0.07542178465933583,0.16096941783542626,133.25,35.55
7899,2000-08-19 00:00:00,0.037475652099536544,-0.08068227190497629,0.15563357610404938,133.25,35.55
7900,2000-08-20 00:00:00,0.06707936477138493,-0.05109958523293552,0.18525831477570534,133.25,35.55
7901,2000-08-21 00:00:00,0.12715344855430416,0.008614104929853759,0.24569279217875456,133.25,35.55
7902,2000-08-22 00:00:00,0.09663065562682227,-0.021733313977887983,0.2149946252315325,133.25,35.55
7903,2000-08-23 00:00:00,0.06740057540574447,-0.05079121301250643,0.1855923638239954,133.25,35.55
7904,2000-08-24 00:00:00,0.057261539220944575,-0.060828527718296575,0.17535160616018572,133.25,35.55
7905,2000-08-25 00:00:00,0.07768968240745311,-0.04041640558925198,0.1957957704041582,133.25,35.55
7906,2000-08-26 00:00:00,0.06120470857446787,-0.057014626180961564,0.1794240433298973,133.25,35.55
7907,2000-08-27 00:00:00,0.031505470648693606,-0.0866527103054472,0.1496636516028344,133.25,35.55
7908,2000-08-28 00:00:00,0.011307514599014414,-0.10687282909930802,0.12948785829733686,133.25,35.55
7909,2000-08-29 00:00:00,0.0040910020266476926,-0.11408568917232988,0.12226769322562528,133.25,35.55
7910,2000-08-30 00:00:00,-0.004741427072326845,-0.1229646674255302,0.1134818132808765,133.25,35.55
7911,2000-08-31 00:00:00,0.016720990187606713,-0.10157395709020964,0.13501593746542306,133.25,35.55
7912,2000-09-01 00:00:00,0.2821939571677744,0.16321301577274416,0.40117489856280464,133.25,35.55
7913,2000-09-02 00:00:00,0.16814248693295872,0.04916825300662242,0.28711672085929496,133.25,35.55
7914,2000-09-03 00:00:00,-0.031834247567344764,-0.15022154403644694,0.08655304890175748,133.25,35.55
7915,2000-09-04 00:00:00,0.03726756131853756,-0.0810229985812971,0.15555812121837226,133.25,35.55
7916,2000-09-05 00:00:00,0.02968995403354891,-0.08866660856171367,0.1480465166288115,133.25,35.55
7917,2000-09-06 00:00:00,0.028916823778197195,-0.08931946623585313,0.14715311379224752,133.25,35.55
7918,2000-09-07 00:00:00,-0.010558363067181713,-0.12874856381742156,0.10763183768305813,133.25,35.55
7919,2000-09-08 00:00:00,-0.02680776816237706,-0.14498110040128825,0.09136556407653412,133.25,35.55
7920,2000-09-09 00:00:00,0.030650259351184806,-0.0876627228459103,0.1489632415482799,133.25,35.55
7921,2000-09-10 00:00:00,0.03514520961829412,-0.08325626870148498,0.1535466879380732,133.25,35.55
7922,2000-09-11 00:00:00,-0.0037815077451747526,-0.12207703978423455,0.11451402429388507,133.25,35.55
7923,2000-09-12 00:00:00,-0.06053400827153135,-0.18046527472723892,0.05939725818417624,133.25,35.55
7924,2000-09-13 00:00:00,0.03629710941595436,-0.08304153345649527,0.15563575228840398,133.25,35.55
7925,2000-09-14 00:00:00,0.0483402241459545,-0.07099483216103117,0.16767528045294014,133.25,35.55
7926,2000-09-15 00:00:00,0.0536274565448361,-0.06536899851085508,0.17262391160052726,133.25,35.55
7927,2000-09-16 00:00:00,0.3776482180512276,0.2563111988058089,0.4989852372966464,133.25,35.55
7928,2000-09-17 00:00:00,0.1464361691084609,0.02397844981682666,0.26889388840009515,133.25,35.55
7929,2000-09-18 00:00:00,0.09659446568122457,-0.022001404872804886,0.215190336235254,133.25,35.55
7930,2000-09-19 00:00:00,-0.012290196012800882,-0.1304547094016061,0.10587431737600432,133.25,35.55
7931,2000-09-20 00:00:00,-0.05451392707291356,-0.1726398674301586,0.06361201328433147,133.25,35.55
7932,2000-09-21 00:00:00,-0.02233577237239449,-0.14045501956720022,0.09578347482241124,133.25,35.55
7933,2000-09-22 00:00:00,0.02634719946035768,-0.09179542892647384,0.1444898278471892,133.25,35.55
7934,2000-09-23 00:00:00,0.04993417162345565,-0.06850815497091951,0.1683764982178308,133.25,35.55
7935,2000-09-24 00:00:00,0.07455453538498326,-0.04389393211031322,0.19300300288027966,133.25,35.55
7936,2000-09-25 00:00:00,0.04860852097068412,-0.06965273569861655,0.16686977763998478,133.25,35.55
7937,2000-09-26 00:00:00,0.019069848248036626,-0.09913057307099672,0.13727026956706995,133.25,35.55
7938,2000-09-27 00:00:00,0.013188890066624106,-0.10501332050287157,0.1313911006361198,133.25,35.55
7939,2000-09-28 00:00:00,0.01906772481247218,-0.09913639084433114,0.13727184046927549,133.25,35.55
7940,2000-09-29 00:00:00,0.0162619376833534,-0.10183843978081604,0.13436231514752284,133.25,35.55
7941,2000-09-30 00:00:00,0.05118651318443509,-0.06697793543453351,0.16935096180340367,133.25,35.55
7942,2000-10-01 00:00:00,0.0416702683531201,-0.07657488815557248,0.15991542486181265,133.25,35.55
7943,2000-10-02 00:00:00,0.03148800107124606,-0.08667383917053173,0.14964984131302386,133.25,35.55
7944,2000-10-03 00:00:00,0.07368257578552807,-0.04453263607668378,0.19189778764773996,133.25,35.55
7945,2000-10-04 00:00:00,-0.04337062428725283,-0.16158880429417188,0.07484755571966623,133.25,35.55
7946,2000-10-05 00:00:00,0.002923250540680645,-0.11524058367124987,0.12108708475261115,133.25,35.55
7947,2000-10-06 00:00:00,-0.0187433638332227,-0.13686095307010646,0.09937422540366103,133.25,35.55
7948,2000-10-07 00:00:00,-0.011767466750216641,-0.12989852472152238,0.1063635912210891,133.25,35.55
7949,2000-10-08 00:00:00,0.047978123906858516,-0.07022130828027795,0.16617755609399498,133.25,35.55
7950,2000-10-09 00:00:00,0.08535223304689413,-0.033634648152972,0.20433911424676027,133.25,35.55
7951,2000-10-10 00:00:00,-0.010132228627337748,-0.12870443493577735,0.10843997768110183,133.25,35.55
7952,2000-10-11 00:00:00,0.0256213189172162,-0.0924889258200712,0.14373156365450354,133.25,35.55
7953,2000-10-12 00:00:00,0.09189272258828066,-0.026350030274970918,0.21013547545153224,133.25,35.55
7954,2000-10-13 00:00:00,0.026564705558458853,-0.0917472328233908,0.14487664394030852,133.25,35.55
7955,2000-10-14 00:00:00,-0.03862933672849305,-0.15706098133673665,0.07980230787975054,133.25,35.55
7956,2000-10-15 00:00:00,0.008782458710449914,-0.10946291881967952,0.12702783624057934,133.25,35.55
7957,2000-10-16 00:00:00,-0.055241321934172215,-0.1735375198346581,0.06305487596631369,133.25,35.55
7958,2000-10-17 00:00:00,0.08350972542890919,-0.03466947365117573,0.2016889245089941,133.25,35.55
7959,2000-10-18 00:00:00,-0.0006503913043559227,-0.11960944924876862,0.1183086666400568,133.25,35.55
7960,2000-10-19 00:00:00,0.06827322813642396,-0.05054514476978683,0.18709160104263475,133.25,35.55
7961,2000-10-20 00:00:00,0.07406744824509885,-0.044178493974887226,0.19231339046508492,133.25,35.55
7962,2000-10-21 00:00:00,0.008106611791426216,-0.11020043458394484,0.12641365816679728,133.25,35.55
7963,2000-10-22 00:00:00,-0.043883833558492916,-0.16205231527921105,0.07428464816222524,133.25,35.55
7964,2000-10-23 00:00:00,0.004566600916226141,-0.11365658390795065,0.12278978574040295,133.25,35.55
7965,2000-10-24 00:00:00,-0.026396116376112364,-0.1448039463117832,0.09201171355955846,133.25,35.55
7966,2000-10-25 00:00:00,0.1125622880598318,-0.005821242179471317,0.2309458182991349,133.25,35.55
7967,2000-10-26 00:00:00,0.01818502361428469,-0.10032783219592624,0.13669787942449566,133.25,35.55
7968,2000-10-27 00:00:00,-0.0916825921891851,-0.21013433892141112,0.02676915454304091,133.25,35.55
7969,2000-10-28 00:00:00,0.00510058460450081,-0.1131864082321507,0.12338757744115235,133.25,35.55
7970,2000-10-29 00:00:00,0.09731875553523134,-0.020937401202276214,0.2155749122727389,133.25,35.55
7971,2000-10-30 00:00:00,-0.01943550626808184,-0.1378525326644203,0.09898152012825663,133.25,35.55
7972,2000-10-31 00:00:00,0.006694533727145,-0.11165263183823433,0.12504169929252434,133.25,35.55
7973,2000-11-01 00:00:00,0.058954884009818125,-0.05944773570155575,0.17735750372119202,133.25,35.55
7974,2000-11-02 00:00:00,0.0780961008557508,-0.04144593354267888,0.1976381352541805,133.25,35.55
7975,2000-11-03 00:00:00,-0.009847312964108776,-0.12901198773466466,0.10931736180644708,133.25,35.55
7976,2000-11-04 00:00:00,-0.0271230543633338,-0.14535358909898888,0.09110748037232128,133.25,35.55
7977,2000-11-05 00:00:00,0.08909501018600957,-0.02925496462886744,0.2074449850008866,133.25,35.55
7978,2000-11-06 00:00:00,-0.027184094004433564,-0.14540040094871784,0.09103221293985073,133.25,35.55
7979,2000-11-07 00:00:00,0.03115440168246797,-0.08699648553172859,0.14930528889666453,133.25,35.55
7980,2000-11-08 00:00:00,-0.0007922252574708473,-0.11921435114839968,0.11762990063345802,133.25,35.55
7981,2000-11-09 00:00:00,0.046164336531538966,-0.0721369195566318,0.16446559261970972,133.25,35.55
7982,2000-11-10 00:00:00,-0.004202508037267204,-0.12244071180418276,0.11403569572964832,133.25,35.55
7983,2000-11-11 00:00:00,0.009951281165180507,-0.10868225735864756,0.12858481968900856,133.25,35.55
7984,2000-11-12 00:00:00,0.13453340014365714,0.01579215665161915,0.25327464363569513,133.25,35.55
7985,2000-11-13 00:00:00,0.038031427203527146,-0.08051944153479629,0.15658229594185058,133.25,35.55
7986,2000-11-14 00:00:00,-0.0378296752844259,-0.1560099987380185,0.0803506481691667,133.25,35.55
7987,2000-11-15 00:00:00,0.02902508776563148,-0.0891701449903656,0.14722032052162856,133.25,35.55
7988,2000-11-16 00:00:00,-0.1862756897331918,-0.3052904528997674,-0.06726092656661621,133.25,35.55
7989,2000-11-17 00:00:00,0.11038438949168376,-0.0082947440196659,0.2290635230030334,133.25,35.55
7990,2000-11-18 00:00:00,0.02477109370608656,-0.09400941217004992,0.14355159958222305,133.25,35.55
7991,2000-11-19 00:00:00,-0.13854114898619113,-0.25696796899971097,-0.020114328972671302,133.25,35.55
7992,2000-11-20 00:00:00,0.17564153926779094,0.056837888968096585,0.2944451895674853,133.25,35.55
7993,2000-11-21 00:00:00,0.07956209357194834,-0.04062362871221127,0.199747815856108,133.25,35.55
7994,2000-11-22 00:00:00,-0.12404691790989587,-0.2425568698275728,-0.005536965992218937,133.25,35.55
7995,2000-11-23 00:00:00,0.03223864113317751,-0.08600952799226486,0.15048681025861987,133.25,35.55
7996,2000-11-24 00:00:00,0.021883018981362468,-0.09631389885969996,0.1400799368224249,133.25,35.55
7997,2000-11-25 00:00:00,-0.00858634916052365,-0.12673085269983886,0.10955815437879153,133.25,35.55
7998,2000-11-26 00:00:00,0.056142131695992116,-0.06205519623234479,0.17433945962432906,133.25,35.55
7999,2000-11-27 00:00:00,0.03589905531556232,-0.08245378639711906,0.15425189702824368,133.25,35.55
8000,2000-11-28 00:00:00,0.03883245412863762,-0.07971837006565224,0.1573832783229275,133.25,35.55
8001,2000-11-29 00:00:00,0.025018836005185605,-0.0933804376183528,0.14341810962872406,133.25,35.55
8002,2000-11-30 00:00:00,0.06774939012132998,-0.05062081591809693,0.18611959616075685,133.25,35.55
8003,2000-12-01 00:00:00,0.0010776239962029118,-0.11718848332679517,0.119343731319201,133.25,35.55
8004,2000-12-02 00:00:00,-0.020592871092745112,-0.13878834573561571,0.0976026035501255,133.25,35.55
8005,2000-12-03 00:00:00,0.09062095323532847,-0.027677664822806702,0.20891957129346364,133.25,35.55
8006,2000-12-04 00:00:00,-0.05435080273960916,-0.17290196821477516,0.06420036273555682,133.25,35.55
8007,2000-12-05 00:00:00,0.1826503335799909,0.0639954131816507,0.30130525397833113,133.25,35.55
8008,2000-12-06 00:00:00,0.03731340799794521,-0.08152423457315591,0.15615105056904632,133.25,35.55
8009,2000-12-07 00:00:00,-0.08168861951254107,-0.200223028841758,0.036845789816675883,133.25,35.55
8010,2000-12-08 00:00:00,0.02582329575581632,-0.09240276441114098,0.14404935592277365,133.25,35.55
8011,2000-12-09 00:00:00,0.03614408048699291,-0.08206391022141749,0.1543520711954033,133.25,35.55
8012,2000-12-10 00:00:00,0.07850598342671697,-0.039804742199401534,0.1968167090528355,133.25,35.55
8013,2000-12-11 00:00:00,-0.035530557064675186,-0.15435791324215234,0.083296799112802,133.25,35.55
8014,2000-12-12 00:00:00,0.05337750580072076,-0.06530520431312642,0.17206021591456794,133.25,35.55
8015,2000-12-13 00:00:00,0.08572774191256749,-0.03261056658426072,0.20406605040939568,133.25,35.55
8016,2000-12-14 00:00:00,0.046729929289389883,-0.07148529825333047,0.16494515683211025,133.25,35.55
8017,2000-12-15 00:00:00,0.03883021822625839,-0.07947883928480616,0.15713927573732295,133.25,35.55
8018,2000-12-16 00:00:00,0.22297031136690287,0.1042068180105944,0.3417338047232113,133.25,35.55
8019,2000-12-17 00:00:00,-0.06616036985298349,-0.18486465694450602,0.052543917238539004,133.25,35.55
8020,2000-12-18 00:00:00,-0.00023118794167885023,-0.11845546300710275,0.11799308712374508,133.25,35.55
8021,2000-12-19 00:00:00,0.17888308844433584,0.060164292198879275,0.29760188468979243,133.25,35.55
8022,2000-12-20 00:00:00,-0.13009120612861233,-0.24938836326459285,-0.010794048992631809,133.25,35.55
8023,2000-12-21 00:00:00,0.07168473689888351,-0.04681729162529977,0.1901867654230668,133.25,35.55
8024,2000-12-22 00:00:00,0.009607441234603838,-0.10867044229046437,0.12788532475967204,133.25,35.55
8025,2000-12-23 00:00:00,0.13961056495400598,0.021341669079351464,0.2578794608286605,133.25,35.55
8026,2000-12-24 00:00:00,0.1314566852460456,0.011434400514606036,0.25147896997748515,133.25,35.55
8027,2000-12-25 00:00:00,0.20321850699467187,0.08212373751921646,0.32431327647012725,133.25,35.55
8028,2000-12-26 00:00:00,0.10216728035003801,-0.020662242759822442,0.2249968034598984,133.25,35.55
8029,2000-12-27 00:00:00,0.0005902037458416914,-0.11812502228367518,0.11930542977535855,133.25,35.55
8030,2000-12-28 00:00:00,0.0929081125392156,-0.025371785967299915,0.21118801104573112,133.25,35.55
8031,2000-12-29 00:00:00,-0.04507304905765749,-0.16341182656296832,0.07326572844765332,133.25,35.55
8032,2000-12-30 00:00:00,0.0547310573773359,-0.06350531311162902,0.17296742786630082,133.25,35.55
8033,2000-12-31 00:00:00,0.11631398042018708,-0.002112558887229915,0.2347405197276041,133.25,35.55
8034,2001-01-01 00:00:00,-0.0007530273754486684,-0.11946010249696287,0.11795404774606552,133.25,35.55
8035,2001-01-02 00:00:00,0.21969503171017968,0.10059893755070104,0.3387911258696583,133.25,35.55
8036,2001-01-03 00:00:00,0.2416385418380212,0.12120931516152805,0.3620677685145143,133.25,35.55
8037,2001-01-04 00:00:00,0.13006249889950622,0.010081628943592824,0.2500433688554196,133.25,35.55
8038,2001-01-05 00:00:00,0.04696377436020782,-0.07176292127389905,0.1656904699943147,133.25,35.55
8039,2001-01-06 00:00:00,-0.0060901212684443115,-0.1244393436410006,0.11225910110411197,133.25,35.55
8040,2001-01-07 00:00:00,-0.05824984478718659,-0.1770159408751396,0.060516251300766426,133.25,35.55
8041,2001-01-08 00:00:00,0.07780949154923866,-0.04283160631447743,0.19845058941295474,133.25,35.55
8042,2001-01-09 00:00:00,0.04582185110320725,-0.07374851561508955,0.16539221782150404,133.25,35.55
8043,2001-01-10 00:00:00,0.11202342799074466,-0.007610305966883931,0.2316571619483733,133.25,35.55
8044,2001-01-11 00:00:00,0.1896011720874866,0.07058328638852503,0.3086190577864482,133.25,35.55
8045,2001-01-12 00:00:00,0.15842252177459873,0.03904901057614789,0.2777960329730496,133.25,35.55
8046,2001-01-13 00:00:00,0.09296401743183128,-0.02581820882237336,0.21174624368603595,133.25,35.55
8047,2001-01-14 00:00:00,0.02897700768627713,-0.0910870967105996,0.14904111208315385,133.25,35.55
8048,2001-01-15 00:00:00,0.05699212435302014,-0.06332838926894635,0.17731263797498664,133.25,35.55
8049,2001-01-16 00:00:00,0.04549353812033875,-0.07345941226166487,0.1644464885023424,133.25,35.55
8050,2001-01-17 00:00:00,0.057169750122222376,-0.0613134045971186,0.17565290484156335,133.25,35.55
8051,2001-01-18 00:00:00,0.15282052476173524,0.03428413729662577,0.2713569122268447,133.25,35.55
8052,2001-01-19 00:00:00,-0.07616016229025734,-0.19491785962490904,0.04259753504439436,133.25,35.55
8053,2001-01-20 00:00:00,0.12341516877385585,0.00502337305288339,0.2418069644948283,133.25,35.55
8054,2001-01-21 00:00:00,0.03129871154697085,-0.0875812641248292,0.1501786872187709,133.25,35.55
8055,2001-01-22 00:00:00,-0.0049291606318344686,-0.1231822378173944,0.11332391655372548,133.25,35.55
8056,2001-01-23 00:00:00,0.02614097525313746,-0.09220356519650083,0.14448551570277576,133.25,35.55
8057,2001-01-24 00:00:00,-0.04234187837549128,-0.16075740538597902,0.07607364863499648,133.25,35.55
8058,2001-01-25 00:00:00,0.060477288858933276,-0.05779964951045751,0.17875422722832407,133.25,35.55
8059,2001-01-26 00:00:00,-0.09676617076316207,-0.2158192278213921,0.02228688629506792,133.25,35.55
8060,2001-01-27 00:00:00,0.08507941099811568,-0.03405542916466636,0.20421425116089773,133.25,35.55
8061,2001-01-28 00:00:00,0.09215637799996054,-0.026937426968082503,0.2112501829680036,133.25,35.55
8062,2001-01-29 00:00:00,0.052035471190076524,-0.0669911849842582,0.17106212736441126,133.25,35.55
8063,2001-01-30 00:00:00,0.12396021848442006,0.0054862822287545104,0.2424341547400856,133.25,35.55
8064,2001-01-31 00:00:00,0.027804687903411503,-0.0905570450990721,0.1461664209058951,133.25,35.55
8065,2001-02-01 00:00:00,0.19589378627755133,0.07728757384833429,0.3144999987067684,133.25,35.55
8066,2001-02-02 00:00:00,0.027394648803610595,-0.09134506972678873,0.14613436733400992,133.25,35.55
8067,2001-02-03 00:00:00,0.08322058634193605,-0.03541929910752328,0.20186047179139535,133.25,35.55
8068,2001-02-04 00:00:00,-0.030018965040993138,-0.14844968568653774,0.08841175560455147,133.25,35.55
8069,2001-02-05 00:00:00,0.004322228348401465,-0.11390779980520747,0.12255225650201045,133.25,35.55
8070,2001-02-06 00:00:00,0.03252809585800299,-0.08575439783909419,0.15081058955510018,133.25,35.55
8071,2001-02-07 00:00:00,0.023966183013185573,-0.0944041947631424,0.14233656078951354,133.25,35.55
8072,2001-02-08 00:00:00,0.015238563568380891,-0.10350093336629014,0.13397806050305192,133.25,35.55
8073,2001-02-09 00:00:00,0.08314880820047132,-0.03548798858569993,0.20178560498664255,133.25,35.55
8074,2001-02-10 00:00:00,0.11108913245959703,-0.007377037226628884,0.2295553021458229,133.25,35.55
8075,2001-02-11 00:00:00,0.025267998332628275,-0.0931743112463533,0.14371030791160985,133.25,35.55
8076,2001-02-12 00:00:00,-0.017595803454162017,-0.13595944926273218,0.10076784235440817,133.25,35.55
8077,2001-02-13 00:00:00,0.03736707822652728,-0.08085100467905411,0.15558516113210868,133.25,35.55
8078,2001-02-14 00:00:00,0.07978204072400763,-0.03868271741916599,0.19824679886718125,133.25,35.55
8079,2001-02-15 00:00:00,0.04090655764847068,-0.07756775351072348,0.15938086880766486,133.25,35.55
8080,2001-02-16 00:00:00,0.09481416620197547,-0.026527902851607586,0.21615623525555852,133.25,35.55
8081,2001-02-17 00:00:00,0.007866320198411755,-0.1127953433460665,0.12852798374289,133.25,35.55
8082,2001-02-18 00:00:00,0.15451638840623708,0.0361669480245789,0.2728658287878952,133.25,35.55
8083,2001-02-19 00:00:00,0.06490829811521831,-0.053497818360871516,0.18331441459130812,133.25,35.55
8084,2001-02-20 00:00:00,-0.08736357952194576,-0.20564181796760345,0.030914658923711914,133.25,35.55
8085,2001-02-21 00:00:00,0.11445730774024797,-0.00382584656175447,0.23274046204225046,133.25,35.55
8086,2001-02-22 00:00:00,0.05566402108577342,-0.06284099989492872,0.17416904206647554,133.25,35.55
8087,2001-02-23 00:00:00,0.02742142617601787,-0.09086575304793304,0.1457086053999688,133.25,35.55
8088,2001-02-24 00:00:00,-0.004783464803150908,-0.12354787537897577,0.11398094577267395,133.25,35.55
8089,2001-02-25 00:00:00,0.03161258712849793,-0.08737763186056688,0.15060280611756272,133.25,35.55
8090,2001-02-26 00:00:00,-0.047972147357553264,-0.1665155758981925,0.07057128118308598,133.25,35.55
8091,2001-02-27 00:00:00,0.011978551185179806,-0.10618600789813944,0.13014311026849906,133.25,35.55
8092,2001-02-28 00:00:00,0.20008247125762613,0.08085818191693511,0.31930676059831714,133.25,35.55
8093,2001-03-01 00:00:00,0.03399407664901141,-0.08576667543473451,0.15375482873275734,133.25,35.55
8094,2001-03-02 00:00:00,0.04124170260929552,-0.07738013868381577,0.1598635439024068,133.25,35.55
8095,2001-03-03 00:00:00,0.02809057591623859,-0.09029237100396048,0.14647352283643764,133.25,35.55
8096,2001-03-04 00:00:00,0.33691902984423905,0.21515161885047326,0.4586864408380048,133.25,35.55
8097,2001-03-05 00:00:00,0.20623778628869247,0.08229399814644386,0.3301815744309411,133.25,35.55
8098,2001-03-06 00:00:00,0.07846265451957646,-0.04200604268306343,0.19893135172221635,133.25,35.55
8099,2001-03-07 00:00:00,0.16563640171112187,0.04653965467778395,0.28473314874445976,133.25,35.55
8100,2001-03-08 00:00:00,0.021348236377681788,-0.09753630461645067,0.14023277737181428,133.25,35.55
8101,2001-03-09 00:00:00,0.08706185303888,-0.03226415353825751,0.20638785961601752,133.25,35.55
8102,2001-03-10 00:00:00,0.17374620975904598,0.05446854672464305,0.2930238727934489,133.25,35.55
8103,2001-03-11 00:00:00,-0.03213341005902133,-0.15205587612442345,0.0877890560063808,133.25,35.55
8104,2001-03-12 00:00:00,0.07560932566623912,-0.04263780811603897,0.1938564594485172,133.25,35.55
8105,2001-03-13 00:00:00,-0.0013461302272380904,-0.11988687703537546,0.11719461658089927,133.25,35.55
8106,2001-03-14 00:00:00,0.10964405976992343,-0.00885129056245812,0.228139410102305,133.25,35.55
8107,2001-03-15 00:00:00,0.1703519680338755,0.05097580948751186,0.2897281265802392,133.25,35.55
8108,2001-03-16 00:00:00,-0.0325369707516177,-0.1517695653726408,0.08669562386940541,133.25,35.55
8109,2001-03-17 00:00:00,0.05780519070778881,-0.06044179070160564,0.17605217211718327,133.25,35.55
8110,2001-03-18 00:00:00,0.10170450102065777,-0.016799510586153338,0.2202085126274689,133.25,35.55
8111,2001-03-19 00:00:00,0.041813721186998526,-0.07645405662630846,0.1600814990003055,133.25,35.55
8112,2001-03-20 00:00:00,0.15055954413392547,0.03225822900087616,0.2688608592669748,133.25,35.55
8113,2001-03-21 00:00:00,0.03499601491021512,-0.0835342080610469,0.15352623788147712,133.25,35.55
8114,2001-03-22 00:00:00,0.11060861047629664,-0.007746581552910163,0.2289638025055035,133.25,35.55
8115,2001-03-23 00:00:00,0.02139259370364201,-0.09727099002594326,0.1400561774332273,133.25,35.55
8116,2001-03-24 00:00:00,0.017168810686542975,-0.10107337800075593,0.13541099937384188,133.25,35.55
8117,2001-03-25 00:00:00,0.09162368790827903,-0.026627046573126298,0.20987442238968435,133.25,35.55
8118,2001-03-26 00:00:00,0.06206210328862604,-0.057086005407984225,0.1812102119852363,133.25,35.55
8119,2001-03-27 00:00:00,0.05182471381617625,-0.06717973290725196,0.17082916053960445,133.25,35.55
8120,2001-03-28 00:00:00,0.04587720334505899,-0.07265620231701035,0.16441060900712834,133.25,35.55
8121,2001-03-29 00:00:00,0.05181568569996738,-0.06667156714850275,0.17030293854843753,133.25,35.55
8122,2001-03-30 00:00:00,0.07903574731124641,-0.03985567868081695,0.19792717330330975,133.25,35.55
8123,2001-03-31 00:00:00,0.02597726804600443,-0.09278423738250922,0.14473877347451808,133.25,35.55
8124,2001-04-01 00:00:00,0.02514483511400243,-0.09339001589606664,0.1436796861240715,133.25,35.55
8125,2001-04-02 00:00:00,0.14873863128442705,0.030442077067951337,0.2670351855009028,133.25,35.55
8126,2001-04-03 00:00:00,0.1133481821453573,-0.005198417325367452,0.2318947816160821,133.25,35.55
8127,2001-04-04 00:00:00,-0.044464419644579714,-0.163178573155423,0.07424973386626356,133.25,35.55
8128,2001-04-05 00:00:00,0.016668455751753082,-0.10193653359532512,0.13527344509883127,133.25,35.55
8129,2001-04-06 00:00:00,0.04921156294387722,-0.06911698061641725,0.16754010650417167,133.25,35.55
8130,2001-04-07 00:00:00,0.0006270338934109518,-0.11761728552509253,0.11887135331191445,133.25,35.55
8131,2001-04-08 00:00:00,0.028169075406818886,-0.08999970395251627,0.14633785476615405,133.25,35.55
8132,2001-04-09 00:00:00,-0.0013560112395563408,-0.11970816932245908,0.1169961468433464,133.25,35.55
8133,2001-04-10 00:00:00,-0.018723330316160303,-0.1374116737515224,0.0999650131192018,133.25,35.55
8134,2001-04-11 00:00:00,0.07636220288854907,-0.0419959922167531,0.19472039799385124,133.25,35.55
8135,2001-04-12 00:00:00,0.1314308451034667,0.012925800637184182,0.2499358895697492,133.25,35.55
8136,2001-04-13 00:00:00,0.10047383094543423,-0.018145085603000245,0.2190927474938688,133.25,35.55
8137,2001-04-14 00:00:00,0.12325152051599512,0.004687091068815458,0.2418159499631748,133.25,35.55
8138,2001-04-15 00:00:00,0.20400763853487786,0.08512219951008533,0.32289307755967034,133.25,35.55
8139,2001-04-16 00:00:00,0.07877295352981648,-0.03962218143325239,0.19716808849288534,133.25,35.55
8140,2001-04-17 00:00:00,0.057600365016526385,-0.06058375792788263,0.1757844879609354,133.25,35.55
8141,2001-04-18 00:00:00,0.018171534681909417,-0.1000420634732249,0.13638513283704373,133.25,35.55
8142,2001-04-19 00:00:00,0.09446321459065324,-0.02384628745731765,0.21277271663862413,133.25,35.55
8143,2001-04-20 00:00:00,-0.024269382295835112,-0.1428094569831903,0.09427069239152007,133.25,35.55
8144,2001-04-21 00:00:00,0.017537169562348697,-0.10083622980819626,0.13591056893289366,133.25,35.55
8145,2001-04-22 00:00:00,0.02453663670063153,-0.09383187456336203,0.14290514796462508,133.25,35.55
8146,2001-04-23 00:00:00,0.043896943581234894,-0.07450503085360438,0.16229891801607416,133.25,35.55
8147,2001-04-24 00:00:00,0.11699864865810165,-0.0013387500441584127,0.2353360473603617,133.25,35.55
8148,2001-04-25 00:00:00,-0.05381791950117592,-0.17214204587357504,0.06450620687122319,133.25,35.55
8149,2001-04-26 00:00:00,-0.0013217712898691072,-0.11957492380590455,0.11693138122616635,133.25,35.55
8150,2001-04-27 00:00:00,0.018386748499354115,-0.09976904952244067,0.1365425465211489,133.25,35.55
8151,2001-04-28 00:00:00,0.05278126883945945,-0.06537201069733238,0.17093454837625127,133.25,35.55
8152,2001-04-29 00:00:00,0.01438955460320821,-0.1038139413511818,0.1325930505575982,133.25,35.55
8153,2001-04-30 00:00:00,0.0019997623661107897,-0.11638206312536242,0.120381587857584,133.25,35.55
8154,2001-05-01 00:00:00,-0.02453154784279112,-0.14284087254676855,0.0937777768611863,133.25,35.55
8155,2001-05-02 00:00:00,0.045690405649677884,-0.07297261000505542,0.16435342130441116,133.25,35.55
8156,2001-05-03 00:00:00,-0.037174781754350884,-0.15680813802183668,0.08245857451313493,133.25,35.55
8157,2001-05-04 00:00:00,-0.029758518254566282,-0.14828369883827278,0.08876666232914021,133.25,35.55
8158,2001-05-05 00:00:00,0.01601365214766505,-0.10210398727641858,0.1341312915717487,133.25,35.55
8159,2001-05-06 00:00:00,0.04479479790301226,-0.0733618278725665,0.162951423678591,133.25,35.55
8160,2001-05-07 00:00:00,0.08865447719514315,-0.02966716426832097,0.20697611865860727,133.25,35.55
8161,2001-05-08 00:00:00,0.11303905462162725,-0.005433597221588135,0.23151170646484265,133.25,35.55
8162,2001-05-09 00:00:00,0.03395847300222918,-0.08436865814723044,0.1522856041516888,133.25,35.55
8163,2001-05-10 00:00:00,0.06369295665191965,-0.05456764589925807,0.18195355920309736,133.25,35.55
8164,2001-05-11 00:00:00,0.0682858337704018,-0.04998334424980029,0.1865550117906039,133.25,35.55
8165,2001-05-12 00:00:00,0.03912305544727954,-0.07914338883669772,0.15738949973125682,133.25,35.55
8166,2001-05-13 00:00:00,0.049180534140414164,-0.06895853967659554,0.16731960795742387,133.25,35.55
8167,2001-05-14 00:00:00,0.06875688355724233,-0.04939564164095313,0.18690940875543774,133.25,35.55
8168,2001-05-15 00:00:00,0.05900831536240823,-0.059157281905692735,0.1771739126305092,133.25,35.55
8169,2001-05-16 00:00:00,0.0968213187214767,-0.02145668367507765,0.21509932111803104,133.25,35.55
8170,2001-05-17 00:00:00,0.08249678089444934,-0.03581634245343235,0.20080990424233106,133.25,35.55
8171,2001-05-18 00:00:00,0.11842975445184327,0.00012990388826625288,0.2367296050154203,133.25,35.55
8172,2001-05-19 00:00:00,0.10884438126490163,-0.009593617554921248,0.2272823800847245,133.25,35.55
8173,2001-05-20 00:00:00,0.07146865937687784,-0.04680769825529985,0.18974501700905552,133.25,35.55
8174,2001-05-21 00:00:00,0.05946185899075295,-0.05879753902921095,0.17772125701071684,133.25,35.55
8175,2001-05-22 00:00:00,-0.007308317858741213,-0.12639618745371073,0.1117795517362283,133.25,35.55
8176,2001-05-23 00:00:00,0.05560309268712719,-0.06344404162181733,0.1746502269960717,133.25,35.55
8177,2001-05-24 00:00:00,0.03429195566800334,-0.08414361139443974,0.15272752273044646,133.25,35.55
8178,2001-05-25 00:00:00,0.03974456917643402,-0.07859789978316832,0.15808703813603636,133.25,35.55
8179,2001-05-26 00:00:00,0.054874106293990234,-0.06329296423092684,0.1730411768189073,133.25,35.55
8180,2001-05-27 00:00:00,0.04393672826313754,-0.07420777698467343,0.1620812335109485,133.25,35.55
8181,2001-05-28 00:00:00,0.043010118464220065,-0.07513464346753834,0.16115488039597844,133.25,35.55
8182,2001-05-29 00:00:00,0.02955313257260707,-0.08859803771441062,0.14770430285962474,133.25,35.55
8183,2001-05-30 00:00:00,0.07270838653396851,-0.045467399941485416,0.19088417300942245,133.25,35.55
8184,2001-05-31 00:00:00,0.1141999078793726,-0.004432074145387696,0.2328318899041329,133.25,35.55
8185,2001-06-01 00:00:00,0.07605673419933795,-0.04227759746062101,0.1943910658592969,133.25,35.55
8186,2001-06-02 00:00:00,0.050681336532638524,-0.06750449289405032,0.16886716595932738,133.25,35.55
8187,2001-06-03 00:00:00,0.06858005445593167,-0.04963661431231455,0.1867967232241779,133.25,35.55
8188,2001-06-04 00:00:00,0.1061804546902652,-0.012040335248475269,0.22440124462900568,133.25,35.55
8189,2001-06-05 00:00:00,0.09648530516119666,-0.02182335432750579,0.2147939646498991,133.25,35.55
8190,2001-06-06 00:00:00,0.07172127518833256,-0.04671172671047223,0.19015427708713734,133.25,35.55
8191,2001-06-07 00:00:00,0.05480705351497226,-0.06343457217072622,0.17304867920067074,133.25,35.55
8192,2001-06-08 00:00:00,-0.016347800179863092,-0.13447050147147835,0.10177490111175216,133.25,35.55
8193,2001-06-09 00:00:00,0.0006501966716222895,-0.11744970563147718,0.11875009897472175,133.25,35.55
8194,2001-06-10 00:00:00,0.048235701417674234,-0.06988441713994006,0.16635581997528853,133.25,35.55
8195,2001-06-11 00:00:00,0.01878223812282269,-0.09936241898877712,0.1369268952344225,133.25,35.55
8196,2001-06-12 00:00:00,0.03380109990836213,-0.08433022952744892,0.1519324293441732,133.25,35.55
8197,2001-06-13 00:00:00,0.027007796392900702,-0.09115636399942874,0.14517195678523015,133.25,35.55
8198,2001-06-14 00:00:00,0.009605520574658126,-0.1091668103770303,0.12837785152634654,133.25,35.55
8199,2001-06-15 00:00:00,0.044300757320564384,-0.07440462570197515,0.1630061403431039,133.25,35.55
8200,2001-06-16 00:00:00,0.03356992491575783,-0.08460959673701719,0.15174944656853284,133.25,35.55
8201,2001-06-17 00:00:00,0.04720799688025467,-0.0708916519461997,0.16530764570670906,133.25,35.55
8202,2001-06-18 00:00:00,0.10584057051212943,-0.0122996766981896,0.2239808177224485,133.25,35.55
8203,2001-06-19 00:00:00,0.13879321169129652,0.020233012371237518,0.2573534110113555,133.25,35.55
8204,2001-06-20 00:00:00,0.07136947031410053,-0.04750412740077163,0.19024306802897267,133.25,35.55
8205,2001-06-21 00:00:00,-0.05386491625969902,-0.17239156457896615,0.0646617320595681,133.25,35.55
8206,2001-06-22 00:00:00,0.0383119617329326,-0.07986003066836234,0.15648395413422753,133.25,35.55
8207,2001-06-23 00:00:00,0.029835387101657663,-0.08832085591121727,0.1479916301145326,133.25,35.55
8208,2001-06-24 00:00:00,0.0668765410722923,-0.05132926870534399,0.18508235084992855,133.25,35.55
8209,2001-06-25 00:00:00,0.14606087483435415,0.027477314830730737,0.2646444348379776,133.25,35.55
8210,2001-06-26 00:00:00,0.14461969965595636,0.02582905131987978,0.2634103479920329,133.25,35.55
8211,2001-06-27 00:00:00,0.13022792874596115,0.011732022693633435,0.2487238347982889,133.25,35.55
8212,2001-06-28 00:00:00,0.11376318913979115,-0.00473507966405097,0.2322614579436333,133.25,35.55
8213,2001-06-29 00:00:00,0.0795478365475576,-0.038611075852631634,0.1977067489477468,133.25,35.55
8214,2001-06-30 00:00:00,0.16308906456208755,0.04465148965962798,0.28152663946454715,133.25,35.55
8215,2001-07-01 00:00:00,0.16582986196422314,0.046943642816017185,0.28471608111242913,133.25,35.55
8216,2001-07-02 00:00:00,0.006886051730968519,-0.1114514727214498,0.12522357618338684,133.25,35.55
8217,2001-07-03 00:00:00,0.08932722874038088,-0.02884198568066192,0.20749644316142368,133.25,35.55
8218,2001-07-04 00:00:00,0.10570729142473716,-0.012422842812999171,0.2238374256624735,133.25,35.55
8219,2001-07-05 00:00:00,0.0990723155166349,-0.019095308316509296,0.2172399393497791,133.25,35.55
8220,2001-07-06 00:00:00,0.08057488028275757,-0.03782626958999455,0.1989760301555097,133.25,35.55
8221,2001-07-07 00:00:00,-0.0018212050532331254,-0.12012686913180128,0.11648445902533502,133.25,35.55
8222,2001-07-08 00:00:00,0.052034507115863285,-0.0660936991387143,0.17016271337044087,133.25,35.55
8223,2001-07-09 00:00:00,0.04992436355846288,-0.06820905044372358,0.16805777756064932,133.25,35.55
8224,2001-07-10 00:00:00,0.09473216506015003,-0.023375609293863814,0.21283993941416388,133.25,35.55
8225,2001-07-11 00:00:00,0.12782912499039284,0.009680537301463746,0.24597771267932195,133.25,35.55
8226,2001-07-12 00:00:00,0.14678403877310975,0.02853141362189414,0.2650366639243253,133.25,35.55
8227,2001-07-13 00:00:00,0.07393700083517632,-0.044402994145449036,0.19227699581580168,133.25,35.55
8228,2001-07-14 00:00:00,0.005956184716957615,-0.11219359078908447,0.12410596022299968,133.25,35.55
8229,2001-07-15 00:00:00,0.08098530194101031,-0.03711096961267253,0.19908157349469316,133.25,35.55
8230,2001-07-16 00:00:00,0.09142148132374092,-0.02678145848805599,0.2096244211355378,133.25,35.55
8231,2001-07-17 00:00:00,0.06050628643003519,-0.057694794470636926,0.1787073673307073,133.25,35.55
8232,2001-07-18 00:00:00,0.03129918221863358,-0.0868568663198829,0.1494552307571501,133.25,35.55
8233,2001-07-19 00:00:00,0.0392090417975097,-0.07892206756644943,0.15734015116146885,133.25,35.55
8234,2001-07-20 00:00:00,0.05440113325333752,-0.06369652950116357,0.17249879600783866,133.25,35.55
8235,2001-07-21 00:00:00,0.050291422287634814,-0.06779624511921722,0.16837908969448684,133.25,35.55
8236,2001-07-22 00:00:00,0.08320607917099608,-0.034896542096201286,0.20130870043819346,133.25,35.55
8237,2001-07-23 00:00:00,0.09978124116986184,-0.01835748224624584,0.21791996458596952,133.25,35.55
8238,2001-07-24 00:00:00,0.08041724012270514,-0.037699093477521095,0.19853357372293134,133.25,35.55
8239,2001-07-25 00:00:00,0.0327963973350453,-0.08529605992370087,0.15088885459379148,133.25,35.55
8240,2001-07-26 00:00:00,0.012049057546805436,-0.10610201111758012,0.13020012621119098,133.25,35.55
8241,2001-07-27 00:00:00,0.011460432763717596,-0.10673285691338588,0.12965372244082107,133.25,35.55
8242,2001-07-28 00:00:00,0.05410937699361475,-0.06409725519461812,0.17231600918184764,133.25,35.55
8243,2001-07-29 00:00:00,0.09049673471240567,-0.027719597643434624,0.208713067068246,133.25,35.55
8244,2001-07-30 00:00:00,0.09332758748549576,-0.02481522085945548,0.21147039583044705,133.25,35.55
8245,2001-07-31 00:00:00,0.07978593174045889,-0.0383540173410615,0.1979258808219793,133.25,35.55
8246,2001-08-01 00:00:00,0.05277087372433898,-0.06532852619784726,0.1708702736465252,133.25,35.55
8247,2001-08-02 00:00:00,0.01210622113563286,-0.10599741228678293,0.13020985455804865,133.25,35.55
8248,2001-08-03 00:00:00,-0.01012643536099078,-0.12823968482258793,0.10798681410060637,133.25,35.55
8249,2001-08-04 00:00:00,0.027097593107264218,-0.09101671384577778,0.1452119000603062,133.25,35.55
8250,2001-08-05 00:00:00,0.03453675359615218,-0.08361556375362114,0.1526890709459255,133.25,35.55
8251,2001-08-06 00:00:00,0.06789128751292665,-0.050253854737251684,0.18603642976310494,133.25,35.55
8252,2001-08-07 00:00:00,0.0920971627994738,-0.02605658962681112,0.21025091522575876,133.25,35.55
8253,2001-08-08 00:00:00,0.14575587475942536,0.027502493222350183,0.2640092562965005,133.25,35.55
8254,2001-08-09 00:00:00,0.10496864231141463,-0.013429259051291527,0.2233665436741208,133.25,35.55
8255,2001-08-10 00:00:00,0.03107651479533165,-0.08719243603038278,0.14934546562104606,133.25,35.55
8256,2001-08-11 00:00:00,-0.004642599795312934,-0.12283792912027315,0.11355272952964728,133.25,35.55
8257,2001-08-12 00:00:00,0.014923111918205103,-0.10321810806018857,0.13306433189659875,133.25,35.55
8258,2001-08-13 00:00:00,0.006832158145805584,-0.11134587104993954,0.1250101873415507,133.25,35.55
8259,2001-08-14 00:00:00,0.011595395357558276,-0.1065694858764062,0.12976027659152273,133.25,35.55
8260,2001-08-15 00:00:00,0.004425162659025107,-0.11369836759597478,0.122548692914025,133.25,35.55
8261,2001-08-16 00:00:00,0.014174130891438897,-0.10391579685824333,0.1322640586411211,133.25,35.55
8262,2001-08-17 00:00:00,0.010798185588965652,-0.10737546271419812,0.1289718338921294,133.25,35.55
8263,2001-08-18 00:00:00,0.009297503786032672,-0.10897156515477888,0.12756657272684424,133.25,35.55
8264,2001-08-19 00:00:00,-0.008188484534143385,-0.1268592141178545,0.11048224504956776,133.25,35.55
8265,2001-08-20 00:00:00,0.01751459900638817,-0.10170333927419377,0.1367325372869701,133.25,35.55
8266,2001-08-21 00:00:00,0.1347567767077497,0.01176974593774685,0.2577438074777525,133.25,35.55
8267,2001-08-22 00:00:00,0.005086341484599799,-0.12002439208779975,0.13019707505699935,133.25,35.55
8268,2001-08-23 00:00:00,0.09940003833231492,-0.0194078148551097,0.21820789151973954,133.25,35.55
8269,2001-08-24 00:00:00,0.041265071740897774,-0.07687169769106786,0.1594018411728634,133.25,35.55
8270,2001-08-25 00:00:00,0.02407672120857144,-0.09403869760623454,0.14219214002337746,133.25,35.55
8271,2001-08-26 00:00:00,0.020783195947743142,-0.0973061839818407,0.138872575877327,133.25,35.55
8272,2001-08-27 00:00:00,0.0006449729047831482,-0.11752287964901822,0.11881282545858453,133.25,35.55
8273,2001-08-28 00:00:00,0.031087966249536917,-0.08721023943018061,0.14938617192925446,133.25,35.55
8274,2001-08-29 00:00:00,0.010871267762709741,-0.10739239385533923,0.12913492938075874,133.25,35.55
8275,2001-08-30 00:00:00,0.04289055002254563,-0.07524713597583442,0.1610282360209257,133.25,35.55
8276,2001-08-31 00:00:00,0.0366794734283085,-0.08163043071442365,0.15498937757104064,133.25,35.55
8277,2001-09-01 00:00:00,0.017303118266944847,-0.10095524259276177,0.13556147912665148,133.25,35.55
8278,2001-09-02 00:00:00,-0.014814271070818206,-0.13297517069856946,0.10334662855693304,133.25,35.55
8279,2001-09-03 00:00:00,-0.01980442958613177,-0.13808658022388295,0.09847772105161942,133.25,35.55
8280,2001-09-04 00:00:00,0.019967677885423283,-0.09842304892128888,0.13835840469213545,133.25,35.55
8281,2001-09-05 00:00:00,0.04515408074828037,-0.0729985379782189,0.16330669947477966,133.25,35.55
8282,2001-09-06 00:00:00,0.09016032011936598,-0.028184041593446937,0.2085046818321789,133.25,35.55
8283,2001-09-07 00:00:00,0.07570991184572096,-0.04306308347376599,0.19448290716520789,133.25,35.55
8284,2001-09-08 00:00:00,-0.11254438101631296,-0.23115344241726915,0.006064680384643237,133.25,35.55
8285,2001-09-09 00:00:00,0.02354378419528136,-0.09478425991351892,0.14187182830408165,133.25,35.55
8286,2001-09-10 00:00:00,0.06554100273253194,-0.05415314284156485,0.18523514830662874,133.25,35.55
8287,2001-09-11 00:00:00,-0.07761011651148715,-0.19803578961839333,0.04281555659541905,133.25,35.55
8288,2001-09-12 00:00:00,0.039659253523119366,-0.07947508224364969,0.1587935892898884,133.25,35.55
8289,2001-09-13 00:00:00,0.06465926573373426,-0.05363073616361812,0.18294926763108665,133.25,35.55
8290,2001-09-14 00:00:00,0.00990881238549311,-0.1082263772229034,0.1280440019938896,133.25,35.55
8291,2001-09-15 00:00:00,0.04713021010473724,-0.07151236836362028,0.16577278857309474,133.25,35.55
8292,2001-09-16 00:00:00,0.08645824967507422,-0.03232063935684828,0.20523713870699675,133.25,35.55
8293,2001-09-17 00:00:00,0.08005054558286089,-0.03828492715219303,0.1983860183179148,133.25,35.55
8294,2001-09-18 00:00:00,0.08033197011572288,-0.03779876580967291,0.19846270604111865,133.25,35.55
8295,2001-09-19 00:00:00,-0.035881947938313764,-0.15414045717808628,0.08237656130145876,133.25,35.55
8296,2001-09-20 00:00:00,0.01864112695079362,-0.09964065735404017,0.1369229112556274,133.25,35.55
8297,2001-09-21 00:00:00,0.018610872353244174,-0.10005494312538744,0.1372766878318758,133.25,35.55
8298,2001-09-22 00:00:00,-0.07179913445980625,-0.19078282634608454,0.04718455742647204,133.25,35.55
8299,2001-09-23 00:00:00,-0.0516930321721988,-0.17028608654938154,0.06690002220498395,133.25,35.55
8300,2001-09-24 00:00:00,0.05727419411824175,-0.06096300155802106,0.17551138979450456,133.25,35.55
8301,2001-09-25 00:00:00,0.07697068538237511,-0.04119904386694033,0.19514041463169055,133.25,35.55
8302,2001-09-26 00:00:00,-0.0061506088522067315,-0.12431597357234522,0.11201475586793178,133.25,35.55
8303,2001-09-27 00:00:00,0.034719590729467134,-0.08344449137149433,0.15288367283042856,133.25,35.55
8304,2001-09-28 00:00:00,-0.02495010106648596,-0.14326502158649307,0.09336481945352113,133.25,35.55
8305,2001-09-29 00:00:00,-0.0405647704471631,-0.1590327805659078,0.07790323967158162,133.25,35.55
8306,2001-09-30 00:00:00,0.023513807562511386,-0.09480757787728313,0.1418351930023059,133.25,35.55
8307,2001-10-01 00:00:00,0.08455157430261237,-0.035900584788363867,0.20500373339358866,133.25,35.55
8308,2001-10-02 00:00:00,0.06392264102161435,-0.05620862984062056,0.18405391188384929,133.25,35.55
8309,2001-10-03 00:00:00,-0.017650480869382687,-0.1360827179034454,0.10078175616468002,133.25,35.55
8310,2001-10-04 00:00:00,0.034056915581987965,-0.08425521128160365,0.15236904244557958,133.25,35.55
8311,2001-10-05 00:00:00,0.06853820847726791,-0.04977779902490219,0.186854215979438,133.25,35.55
8312,2001-10-06 00:00:00,-0.05638011211041403,-0.17467375029004298,0.061913526069214936,133.25,35.55
8313,2001-10-07 00:00:00,-0.028503430629276214,-0.1466849485019898,0.08967808724343737,133.25,35.55
8314,2001-10-08 00:00:00,-0.023737580671959118,-0.14214024574252354,0.09466508439860533,133.25,35.55
8315,2001-10-09 00:00:00,0.03506770639986812,-0.0832966490879507,0.15343206188768693,133.25,35.55
8316,2001-10-10 00:00:00,0.177687947899754,0.0569802456049807,0.2983956501945273,133.25,35.55
8317,2001-10-11 00:00:00,0.1379799693241581,0.017261784742658687,0.25869815390565754,133.25,35.55
8318,2001-10-12 00:00:00,0.09675295886169052,-0.02164167990291145,0.21514759762629249,133.25,35.55
8319,2001-10-13 00:00:00,0.022512839833340608,-0.09570044637836167,0.1407261260450429,133.25,35.55
8320,2001-10-14 00:00:00,-0.0030748689396137216,-0.12121868501794528,0.11506894713871785,133.25,35.55
8321,2001-10-15 00:00:00,-0.07477191594229253,-0.19293780270820135,0.04339397082361633,133.25,35.55
8322,2001-10-16 00:00:00,0.050769647511255366,-0.06746831013005566,0.1690076051525664,133.25,35.55
8323,2001-10-17 00:00:00,0.07131113786040669,-0.04727836102631983,0.1899006367471332,133.25,35.55
8324,2001-10-18 00:00:00,-0.06117514062764925,-0.1802596354849389,0.057909354229640386,133.25,35.55
8325,2001-10-19 00:00:00,-0.0638615594752766,-0.1824885225147917,0.054765403564238514,133.25,35.55
8326,2001-10-20 00:00:00,-0.05042136632883091,-0.16863768546457297,0.06779495280691117,133.25,35.55
8327,2001-10-21 00:00:00,0.021533252146488685,-0.0966901157266526,0.13975662001962996,133.25,35.55
8328,2001-10-22 00:00:00,0.06540896758095563,-0.052897570648411434,0.18371550581032264,133.25,35.55
8329,2001-10-23 00:00:00,0.0201382063092998,-0.0982811896477052,0.1385576022663048,133.25,35.55
8330,2001-10-24 00:00:00,-0.035938735098815185,-0.15413232638703867,0.0822548561894083,133.25,35.55
8331,2001-10-25 00:00:00,-0.04642778025528112,-0.16456472108537154,0.07170916057480932,133.25,35.55
8332,2001-10-26 00:00:00,-0.019724574849258783,-0.13790495897086974,0.0984558092723522,133.25,35.55
8333,2001-10-27 00:00:00,0.015502839049694319,-0.1026789337950235,0.13368461189441214,133.25,35.55
8334,2001-10-28 00:00:00,0.18247011421858345,0.06353328767850526,0.30140694075866165,133.25,35.55
8335,2001-10-29 00:00:00,-0.08595861406789017,-0.2065817800257113,0.034664551889930936,133.25,35.55
8336,2001-10-30 00:00:00,0.06619752179963087,-0.05210907871533868,0.1845041223146004,133.25,35.55
8337,2001-10-31 00:00:00,0.034911112753344305,-0.08320141173543077,0.15302363724211934,133.25,35.55
8338,2001-11-01 00:00:00,0.0554790804854279,-0.0627229572294507,0.17368111820030652,133.25,35.55
8339,2001-11-02 00:00:00,0.0030061383948685487,-0.11530385615236073,0.1213161329420978,133.25,35.55
8340,2001-11-03 00:00:00,0.04774084706830725,-0.07060145842707942,0.16608315256369394,133.25,35.55
8341,2001-11-04 00:00:00,-0.057801462188532965,-0.1766901728836875,0.06108724850662155,133.25,35.55
8342,2001-11-05 00:00:00,0.1085054165395454,-0.009983515429144038,0.2269943485082349,133.25,35.55
8343,2001-11-06 00:00:00,0.14866307042272064,0.029410543169909376,0.2679155976755319,133.25,35.55
8344,2001-11-07 00:00:00,-0.05725910177753914,-0.1763969638672158,0.06187876031213752,133.25,35.55
8345,2001-11-08 00:00:00,-0.009952416438377831,-0.12808533305940162,0.10818050018264597,133.25,35.55
8346,2001-11-09 00:00:00,0.053171495173236064,-0.06522019635157,0.1715631866980421,133.25,35.55
8347,2001-11-10 00:00:00,-0.0168431388335806,-0.1355463374505891,0.10186005978342792,133.25,35.55
8348,2001-11-11 00:00:00,0.033301621648205514,-0.08509944177270565,0.15170268506911666,133.25,35.55
8349,2001-11-12 00:00:00,0.09565012508681893,-0.022610844569691327,0.21391109474332914,133.25,35.55
8350,2001-11-13 00:00:00,-0.004742199176587955,-0.1230646219223782,0.1135802235692023,133.25,35.55
8351,2001-11-14 00:00:00,0.03305771599083225,-0.08535737872409423,0.15147281070575874,133.25,35.55
8352,2001-11-15 00:00:00,0.08127183031959492,-0.03711916569138443,0.19966282633057428,133.25,35.55
8353,2001-11-16 00:00:00,0.09731403910590303,-0.0210765046331802,0.2157045828449862,133.25,35.55
8354,2001-11-17 00:00:00,0.09631819367803476,-0.022010971032305718,0.21464735838837526,133.25,35.55
8355,2001-11-18 00:00:00,-0.01560981539914501,-0.13392145159625302,0.102701820797963,133.25,35.55
8356,2001-11-19 00:00:00,0.010009063141420868,-0.10812121423763356,0.12813934052047532,133.25,35.55
8357,2001-11-20 00:00:00,-0.00580357104813389,-0.12391277070807392,0.11230562861180612,133.25,35.55
8358,2001-11-21 00:00:00,0.015087198476058262,-0.10301958947782124,0.13319398642993774,133.25,35.55
8359,2001-11-22 00:00:00,0.01920681246425612,-0.09891836223742187,0.13733198716593412,133.25,35.55
8360,2001-11-23 00:00:00,0.01598078242743288,-0.10212740881284403,0.1340889736677098,133.25,35.55
8361,2001-11-24 00:00:00,0.06260648223633371,-0.05551832407645972,0.18073128854912712,133.25,35.55
8362,2001-11-25 00:00:00,0.11852888578634373,0.00027108857812394027,0.2367866829945635,133.25,35.55
8363,2001-11-26 00:00:00,0.0185826174839347,-0.0998973460373936,0.13706258100526306,133.25,35.55
8364,2001-11-27 00:00:00,0.08991377246038748,-0.028801118416986474,0.20862866333776145,133.25,35.55
8365,2001-11-28 00:00:00,0.14137336246685167,0.022910165210322964,0.2598365597233804,133.25,35.55
8366,2001-11-29 00:00:00,0.09130507715387344,-0.02708033635297653,0.20969049066072334,133.25,35.55
8367,2001-11-30 00:00:00,0.14768082538949104,0.02844015686400707,0.266921493914975,133.25,35.55
8368,2001-12-01 00:00:00,-0.02589982400814853,-0.14489818453505926,0.09309853651876218,133.25,35.55
8369,2001-12-02 00:00:00,0.048302014201188084,-0.0701506957054884,0.16675472410786454,133.25,35.55
8370,2001-12-03 00:00:00,0.0724193127722283,-0.04602678172410188,0.19086540726855847,133.25,35.55
8371,2001-12-04 00:00:00,-0.016713223415897545,-0.13537540139847576,0.10194895456668067,133.25,35.55
8372,2001-12-05 00:00:00,-0.04554279873975474,-0.1640980017716262,0.07301240429211674,133.25,35.55
8373,2001-12-06 00:00:00,0.08901767216360845,-0.029329151421418218,0.20736449574863516,133.25,35.55
8374,2001-12-07 00:00:00,-0.028095603976523144,-0.14659653159134892,0.0904053236383026,133.25,35.55
8375,2001-12-08 00:00:00,-2.057174429123676e-05,-0.11824867840900677,0.11820753492042432,133.25,35.55
8376,2001-12-09 00:00:00,-0.02134245387987373,-0.13959617923529666,0.09691127147554918,133.25,35.55
8377,2001-12-10 00:00:00,-0.03073184195066901,-0.14910220069476235,0.08763851679342433,133.25,35.55
8378,2001-12-11 00:00:00,0.017365789857988756,-0.10109169967901034,0.13582327939498784,133.25,35.55
8379,2001-12-12 00:00:00,-0.009582625681050644,-0.12792652691606554,0.10876127555396428,133.25,35.55
8380,2001-12-13 00:00:00,0.2094020532680088,0.08979274930413425,0.32901135723188324,133.25,35.55
8381,2001-12-14 00:00:00,0.1956129659061828,0.07467472598530099,0.3165512058270645,133.25,35.55
8382,2001-12-15 00:00:00,0.2462978532779338,0.12603649923867646,0.3665592073171912,133.25,35.55
8383,2001-12-16 00:00:00,0.022944350899498426,-0.09620672477654972,0.14209542657554658,133.25,35.55
8384,2001-12-17 00:00:00,0.12721706616028525,0.008780363668559749,0.24565376865201075,133.25,35.55
8385,2001-12-18 00:00:00,-0.003112085666977102,-0.12160253570530015,0.11537836437134595,133.25,35.55
8386,2001-12-19 00:00:00,0.013891701982062687,-0.10430531560333026,0.13208871956745566,133.25,35.55
8387,2001-12-20 00:00:00,0.011406553946229088,-0.10679327348137577,0.12960638137383396,133.25,35.55
8388,2001-12-21 00:00:00,0.07334597088865172,-0.04499808959232618,0.19169003136962964,133.25,35.55
8389,2001-12-22 00:00:00,0.04509056379088311,-0.07483642928284592,0.16501755686461214,133.25,35.55
8390,2001-12-23 00:00:00,0.104323491011018,-0.014690838996910191,0.22333782101894625,133.25,35.55
8391,2001-12-24 00:00:00,0.07369211126179287,-0.04506526853321238,0.19244949105679807,133.25,35.55
8392,2001-12-25 00:00:00,-0.015116333324635191,-0.13389765744728385,0.10366499079801347,133.25,35.55
8393,2001-12-26 00:00:00,0.014890210609487987,-0.10411370316134776,0.13389412438032372,133.25,35.55
8394,2001-12-27 00:00:00,-0.014373043869390518,-0.13281455483628818,0.10406846709750714,133.25,35.55
8395,2001-12-28 00:00:00,0.08829253758607421,-0.03004801240392277,0.2066330875760712,133.25,35.55
8396,2001-12-29 00:00:00,0.1009586956500128,-0.017404502462462376,0.21932189376248795,133.25,35.55
8397,2001-12-30 00:00:00,0.3430217422779017,0.22288675099640176,0.4631567335594017,133.25,35.55
8398,2001-12-31 00:00:00,-0.022454328060209063,-0.14245199933364772,0.09754334321322958,133.25,35.55
8399,2002-01-01 00:00:00,0.22473741803464034,0.1058223666369922,0.3436524694322885,133.25,35.55
8400,2002-01-02 00:00:00,0.12722008045965089,0.0065585996699633895,0.2478815612493384,133.25,35.55
8401,2002-01-03 00:00:00,0.13979494522388675,0.01952587685160939,0.26006401359616416,133.25,35.55
8402,2002-01-04 00:00:00,0.23211010438546803,0.11278736907905705,0.351432839691879,133.25,35.55
8403,2002-01-05 00:00:00,0.2139322085112572,0.09438486264475436,0.3334795543777601,133.25,35.55
8404,2002-01-06 00:00:00,-0.050352220263002935,-0.16927458929247807,0.06857014876647219,133.25,35.55
8405,2002-01-07 00:00:00,0.24167251695798106,0.1227438162602224,0.3606012176557397,133.25,35.55
8406,2002-01-08 00:00:00,0.32855540991931537,0.20670099131273934,0.4504098285258914,133.25,35.55
8407,2002-01-09 00:00:00,0.1307842370267991,0.010740123270276306,0.2508283507833219,133.25,35.55
8408,2002-01-10 00:00:00,0.12986352506095844,0.01132502657135459,0.2484020235505623,133.25,35.55
8409,2002-01-11 00:00:00,0.1851570479238052,0.06647754087148193,0.3038365549761285,133.25,35.55
8410,2002-01-12 00:00:00,0.08867209896352674,-0.029851543653910392,0.20719574158096388,133.25,35.55
8411,2002-01-13 00:00:00,0.008848850518602208,-0.10957743645970223,0.12727513749690667,133.25,35.55
8412,2002-01-14 00:00:00,-0.05937333745456856,-0.17772508520995975,0.058978410300822626,133.25,35.55
8413,2002-01-15 00:00:00,0.11027707396336998,-0.007975282334657538,0.22852943026139755,133.25,35.55
8414,2002-01-16 00:00:00,0.10074350289505088,-0.01804131144188681,0.2195283172319885,133.25,35.55
8415,2002-01-17 00:00:00,-0.009437676868585154,-0.1281084991787863,0.109233145441616,133.25,35.55
8416,2002-01-18 00:00:00,0.017345849674662364,-0.10097410923522054,0.13566580858454527,133.25,35.55
8417,2002-01-19 00:00:00,-0.041310830136796484,-0.15957655890572853,0.07695489863213555,133.25,35.55
8418,2002-01-20 00:00:00,-0.009482892149943016,-0.127684755221159,0.10871897092127296,133.25,35.55
8419,2002-01-21 00:00:00,0.1877731557760233,0.06830400840993643,0.3072423031421102,133.25,35.55
8420,2002-01-22 00:00:00,0.14495192001587492,0.025290427686135486,0.2646134123456144,133.25,35.55
8421,2002-01-23 00:00:00,0.1755402753916947,0.056418477973168714,0.2946620728102207,133.25,35.55
8422,2002-01-24 00:00:00,0.031917132174938564,-0.08670482731096413,0.15053909166084126,133.25,35.55
8423,2002-01-25 00:00:00,-0.015188431641000475,-0.13339131570099916,0.1030144524189982,133.25,35.55
8424,2002-01-26 00:00:00,-0.0356980924198923,-0.15392678991467046,0.08253060507488585,133.25,35.55
8425,2002-01-27 00:00:00,0.09603876032391033,-0.023806219211756338,0.21588373985957696,133.25,35.55
8426,2002-01-28 00:00:00,0.10626844698399428,-0.013250276589216708,0.2257871705572053,133.25,35.55
8427,2002-01-29 00:00:00,0.03880782264382235,-0.08060472168840904,0.15822036697605374,133.25,35.55
8428,2002-01-30 00:00:00,0.10657904955464452,-0.011884446083833959,0.22504254519312306,133.25,35.55
8429,2002-01-31 00:00:00,0.02873577286157728,-0.08970991698941441,0.147181462712569,133.25,35.55
8430,2002-02-01 00:00:00,0.021873867694868446,-0.0962882808193921,0.14003601620912898,133.25,35.55
8431,2002-02-02 00:00:00,0.07575822492318117,-0.04251735836496257,0.19403380821132488,133.25,35.55
8432,2002-02-03 00:00:00,-0.02618717215369515,-0.14460649996338246,0.09223215565599216,133.25,35.55
8433,2002-02-04 00:00:00,-0.0068770775286310926,-0.12522192195524404,0.11146776689798184,133.25,35.55
8434,2002-02-05 00:00:00,0.05332916196160503,-0.06480877973552478,0.17146710365873485,133.25,35.55
8435,2002-02-06 00:00:00,0.06610397568185092,-0.052060301769986286,0.1842682531336881,133.25,35.55
8436,2002-02-07 00:00:00,0.10429348801040504,-0.014059232369335107,0.2226462083901452,133.25,35.55
8437,2002-02-08 00:00:00,0.09424864768721054,-0.02421550623035093,0.212712801604772,133.25,35.55
8438,2002-02-09 00:00:00,0.0580711607217976,-0.060599870503266325,0.17674219194686153,133.25,35.55
8439,2002-02-10 00:00:00,0.08546242256209542,-0.033024973495975565,0.2039498186201664,133.25,35.55
8440,2002-02-11 00:00:00,0.07865948171892151,-0.04022446351373316,0.19754342695157615,133.25,35.55
8441,2002-02-12 00:00:00,0.11880018087463365,-0.0005388627651415483,0.23813922451440886,133.25,35.55
8442,2002-02-13 00:00:00,0.03366102792207221,-0.08465349974134159,0.151975555585486,133.25,35.55
8443,2002-02-14 00:00:00,-0.024487613563997764,-0.14286212890385228,0.09388690177585672,133.25,35.55
8444,2002-02-15 00:00:00,0.012200966147512315,-0.10611556115364948,0.1305174934486741,133.25,35.55
8445,2002-02-16 00:00:00,0.04850969967279102,-0.06967234579187878,0.16669174513746082,133.25,35.55
8446,2002-02-17 00:00:00,0.11063491242777518,-0.007558535501218655,0.22882836035676896,133.25,35.55
8447,2002-02-18 00:00:00,0.05221626578560785,-0.0669502448658785,0.1713827764370942,133.25,35.55
8448,2002-02-19 00:00:00,0.09092576259428647,-0.028412200257643294,0.21026372544621624,133.25,35.55
8449,2002-02-20 00:00:00,0.04947169942009344,-0.0692404300743968,0.16818382891458367,133.25,35.55
8450,2002-02-21 00:00:00,0.07680450979535038,-0.04153382336468163,0.1951428429553824,133.25,35.55
8451,2002-02-22 00:00:00,0.07089466187896462,-0.047579196399964704,0.189368520157894,133.25,35.55
8452,2002-02-23 00:00:00,-0.003999851635772061,-0.12237578323471547,0.11437607996317135,133.25,35.55
8453,2002-02-24 00:00:00,-0.04083472512370264,-0.15906646456533866,0.07739701431793339,133.25,35.55
8454,2002-02-25 00:00:00,0.027185443799579132,-0.09102331814202223,0.1453942057411805,133.25,35.55
8455,2002-02-26 00:00:00,0.06249655050185765,-0.05570050516625505,0.18069360616997035,133.25,35.55
8456,2002-02-27 00:00:00,0.024892465955220516,-0.0932450127113783,0.14302994462181934,133.25,35.55
8457,2002-02-28 00:00:00,0.035055963957449775,-0.08307615668753637,0.1531880846024359,133.25,35.55
8458,2002-03-01 00:00:00,-0.01813067220539326,-0.13627618247804268,0.10001483806725618,133.25,35.55
8459,2002-03-02 00:00:00,0.025015459441336197,-0.0933666808451,0.14339759972777238,133.25,35.55
8460,2002-03-03 00:00:00,-0.053577347038480425,-0.17215245164483972,0.06499775756787889,133.25,35.55
8461,2002-03-04 00:00:00,0.008224181451018213,-0.11010484231555988,0.12655320521759633,133.25,35.55
8462,2002-03-05 00:00:00,0.06854598785903024,-0.049722880049295495,0.186814855767356,133.25,35.55
8463,2002-03-06 00:00:00,0.2253149235585371,0.10599942178977503,0.34463042532729915,133.25,35.55
8464,2002-03-07 00:00:00,0.12563123435571685,0.00604092402692559,0.2452215446845081,133.25,35.55
8465,2002-03-08 00:00:00,-0.0065564874535394965,-0.125337878857159,0.11222490395008,133.25,35.55
8466,2002-03-09 00:00:00,0.051000207886461514,-0.06723603754093391,0.16923645331385692,133.25,35.55
8467,2002-03-10 00:00:00,0.16253923885661628,0.044137336081868456,0.2809411416313641,133.25,35.55
8468,2002-03-11 00:00:00,0.0604368613834771,-0.058443761471347035,0.17931748423830124,133.25,35.55
8469,2002-03-12 00:00:00,0.05416778157855392,-0.06429211587614607,0.17262767903325393,133.25,35.55
8470,2002-03-13 00:00:00,-0.0708752006401438,-0.18916799798006176,0.04741759669977416,133.25,35.55
8471,2002-03-14 00:00:00,0.1014818768195788,-0.016796630105959567,0.2197603837451172,133.25,35.55
8472,2002-03-15 00:00:00,0.2032976821219827,0.08391619467709745,0.322679169566868,133.25,35.55
8473,2002-03-16 00:00:00,-0.020517975023211427,-0.13983168871983612,0.09879573867341326,133.25,35.55
8474,2002-03-17 00:00:00,0.0860223915930464,-0.032197754113748686,0.2042425372998415,133.25,35.55
8475,2002-03-18 00:00:00,0.08006759541311755,-0.038431571394269656,0.19856676222050476,133.25,35.55
8476,2002-03-19 00:00:00,0.1645970680968275,0.04575355915970401,0.283440577033951,133.25,35.55
8477,2002-03-20 00:00:00,0.04765562172921367,-0.07144294473924025,0.16675418819766755,133.25,35.55
8478,2002-03-21 00:00:00,0.4353891956103591,0.3142560154049189,0.5565223758157993,133.25,35.55
8479,2002-03-22 00:00:00,0.08931291737791995,-0.033020906473150494,0.2116467412289904,133.25,35.55
8480,2002-03-23 00:00:00,0.18183356606293946,0.06307665211588273,0.3005904800099961,133.25,35.55
8481,2002-03-24 00:00:00,0.06794209948112527,-0.05087195182645804,0.1867561507887086,133.25,35.55
8482,2002-03-25 00:00:00,0.02427219450317421,-0.09416999674524583,0.14271438575159426,133.25,35.55
8483,2002-03-26 00:00:00,0.06760611020516266,-0.050594350500845785,0.18580657091117112,133.25,35.55
8484,2002-03-27 00:00:00,0.10685787318700024,-0.012377802362769738,0.22609354873677026,133.25,35.55
8485,2002-03-28 00:00:00,-0.10123023897579596,-0.22058306491933985,0.01812258696774792,133.25,35.55
8486,2002-03-29 00:00:00,0.08599870232172194,-0.03239415876552723,0.2043915634089711,133.25,35.55
8487,2002-03-30 00:00:00,0.012332253985625818,-0.10641975418221124,0.13108426215346286,133.25,35.55
8488,2002-03-31 00:00:00,0.01580389438009322,-0.10252377119375974,0.13413155995394618,133.25,35.55
8489,2002-04-01 00:00:00,0.07958039576595179,-0.03870673458557217,0.1978675261174757,133.25,35.55
8490,2002-04-02 00:00:00,0.07681946798847084,-0.041398891564877915,0.1950378275418196,133.25,35.55
8491,2002-04-03 00:00:00,0.08119522706510468,-0.037342990093420535,0.19973344422362987,133.25,35.55
8492,2002-04-04 00:00:00,-0.06875012961865826,-0.18813402681927585,0.05063376758195931,133.25,35.55
8493,2002-04-05 00:00:00,-0.12716258700662064,-0.2461959906099513,-0.008129183403289955,133.25,35.55
8494,2002-04-06 00:00:00,0.08562897866058103,-0.03306354261098324,0.2043214999321453,133.25,35.55
8495,2002-04-07 00:00:00,0.1584280349132524,0.03918962126846659,0.27766644855803824,133.25,35.55
8496,2002-04-08 00:00:00,0.038921970058014704,-0.0795298831093694,0.1573738232253988,133.25,35.55
8497,2002-04-09 00:00:00,0.07646104751817104,-0.041936944465602616,0.1948590395019447,133.25,35.55
8498,2002-04-10 00:00:00,0.04128375911961589,-0.07704150169130526,0.15960901993053705,133.25,35.55
8499,2002-04-11 00:00:00,0.03058576021083365,-0.08762129648214867,0.14879281690381596,133.25,35.55
8500,2002-04-12 00:00:00,0.0691694722962991,-0.049096509249302256,0.18743545384190047,133.25,35.55
8501,2002-04-13 00:00:00,0.102859339185156,-0.015811901350208116,0.22153057972052012,133.25,35.55
8502,2002-04-14 00:00:00,0.14599316054184186,0.027269414280960108,0.26471690680272364,133.25,35.55
8503,2002-04-15 00:00:00,0.16177731536993314,0.043365464083076365,0.28018916665678995,133.25,35.55
8504,2002-04-16 00:00:00,0.2814308135997257,0.16218751726225047,0.4006741099372009,133.25,35.55
8505,2002-04-17 00:00:00,0.20266589346027314,0.08247723194863325,0.322854554971913,133.25,35.55
8506,2002-04-18 00:00:00,0.012889663347562995,-0.1060286923102279,0.13180801900535388,133.25,35.55
8507,2002-04-19 00:00:00,-0.016057892263059825,-0.13437578125089472,0.10225999672477508,133.25,35.55
8508,2002-04-20 00:00:00,0.042335308391914434,-0.0758181760993638,0.16048879288319268,133.25,35.55
8509,2002-04-21 00:00:00,0.06739632027951482,-0.0513196519474525,0.18611229250648212,133.25,35.55
8510,2002-04-22 00:00:00,0.0130784181899172,-0.10577589293911166,0.13193272931894606,133.25,35.55
8511,2002-04-23 00:00:00,0.06726732458257892,-0.050973675218496425,0.18550832438365428,133.25,35.55
8512,2002-04-24 00:00:00,0.09007848671549673,-0.02845355758422527,0.20861053101521876,133.25,35.55
8513,2002-04-25 00:00:00,-0.06177294725817044,-0.1807194088932767,0.05717351437693581,133.25,35.55
8514,2002-04-26 00:00:00,-0.09670570865400883,-0.2153530830929682,0.021941665784950482,133.25,35.55
8515,2002-04-27 00:00:00,-0.054082233982873325,-0.17239243258037373,0.0642279646146271,133.25,35.55
8516,2002-04-28 00:00:00,0.002531089100103766,-0.11573044223937268,0.1207926204395802,133.25,35.55
8517,2002-04-29 00:00:00,0.06228195715870344,-0.05598406284698988,0.18054797716439674,133.25,35.55
8518,2002-04-30 00:00:00,0.156294495312297,0.037598676533179776,0.2749903140914142,133.25,35.55
8519,2002-05-01 00:00:00,0.03236241034461091,-0.0866940244399266,0.15141884512914844,133.25,35.55
8520,2002-05-02 00:00:00,-0.053298787334876335,-0.1718259990737872,0.06522842440403455,133.25,35.55
8521,2002-05-03 00:00:00,0.08165269987936581,-0.036922539604937535,0.2002279393636692,133.25,35.55
8522,2002-05-04 00:00:00,0.053179157275134864,-0.06547120795801756,0.17182952250828729,133.25,35.55
8523,2002-05-05 00:00:00,0.020034820268556096,-0.09834613875308873,0.1384157792902009,133.25,35.55
8524,2002-05-06 00:00:00,-0.04517789940488059,-0.1633927203379675,0.07303692152820633,133.25,35.55
8525,2002-05-07 00:00:00,0.015319339634667629,-0.10292669115261288,0.13356537042194813,133.25,35.55
8526,2002-05-08 00:00:00,0.05098898942004553,-0.06758654741291509,0.16956452625300614,133.25,35.55
8527,2002-05-09 00:00:00,-0.004205782328479662,-0.12249610183117456,0.1140845371742152,133.25,35.55
8528,2002-05-10 00:00:00,0.024720681676174198,-0.09344778240391399,0.14288914575626238,133.25,35.55
8529,2002-05-11 00:00:00,0.03207935767518641,-0.08625100734793215,0.15040972269830494,133.25,35.55
8530,2002-05-12 00:00:00,0.010834123595344395,-0.10739016476076636,0.12905841195145515,133.25,35.55
8531,2002-05-13 00:00:00,0.0031391496978862184,-0.11494839027137466,0.12122668966714704,133.25,35.55
8532,2002-05-14 00:00:00,0.031611317881093365,-0.08650658668494446,0.1497292224471312,133.25,35.55
8533,2002-05-15 00:00:00,0.015645080665677113,-0.10262908942050772,0.13391925075186195,133.25,35.55
8534,2002-05-16 00:00:00,-0.022168361035934118,-0.14086533537962026,0.09652861330775199,133.25,35.55
8535,2002-05-17 00:00:00,0.07009087993292235,-0.04860209300476753,0.18878385287061225,133.25,35.55
8536,2002-05-18 00:00:00,0.0807193448608279,-0.03762021795344368,0.19905890767509948,133.25,35.55
8537,2002-05-19 00:00:00,0.060312468993957626,-0.05790598089816872,0.17853091888608394,133.25,35.55
8538,2002-05-20 00:00:00,0.0681332210693851,-0.050035536167761685,0.1863019783065319,133.25,35.55
8539,2002-05-21 00:00:00,0.0593311993878034,-0.05884362482390153,0.17750602359950832,133.25,35.55
8540,2002-05-22 00:00:00,0.08945419100499775,-0.028731765747073187,0.20764014775706868,133.25,35.55
8541,2002-05-23 00:00:00,0.06482588300158648,-0.053381650795002684,0.18303341679817564,133.25,35.55
8542,2002-05-24 00:00:00,0.055945898492773316,-0.06224202932798852,0.17413382631353513,133.25,35.55
8543,2002-05-25 00:00:00,0.04899592665776013,-0.06923847525463804,0.1672303285701583,133.25,35.55
8544,2002-05-26 00:00:00,0.041421509375318175,-0.07686807321663046,0.1597110919672668,133.25,35.55
8545,2002-05-27 00:00:00,0.057374963124545236,-0.06092824473061821,0.1756781709797087,133.25,35.55
8546,2002-05-28 00:00:00,0.04980212413952681,-0.06832429556371328,0.1679285438427669,133.25,35.55
8547,2002-05-29 00:00:00,0.07547776419388885,-0.04265650892134951,0.1936120373091272,133.25,35.55
8548,2002-05-30 00:00:00,0.1468019289356417,0.028659261862901606,0.2649445960083818,133.25,35.55
8549,2002-05-31 00:00:00,0.08896234610503204,-0.029417323532131136,0.2073420157421952,133.25,35.55
8550,2002-06-01 00:00:00,0.09261004378384158,-0.025669513089705373,0.21088960065738852,133.25,35.55
8551,2002-06-02 00:00:00,0.06745929038896284,-0.05079251504101195,0.18571109581893766,133.25,35.55
8552,2002-06-03 00:00:00,0.01923087876855143,-0.0989248767257041,0.13738663426280698,133.25,35.55
8553,2002-06-04 00:00:00,0.062430801341860964,-0.05566185297850755,0.1805234556622295,133.25,35.55
8554,2002-06-05 00:00:00,0.02123120113006292,-0.09687556626889686,0.1393379685290227,133.25,35.55
8555,2002-06-06 00:00:00,0.0036791794638972655,-0.11447520585784104,0.12183356478563555,133.25,35.55
8556,2002-06-07 00:00:00,0.06319707875347623,-0.05495848561717548,0.1813526431241279,133.25,35.55
8557,2002-06-08 00:00:00,0.07936553652799311,-0.038778642214634035,0.19750971527062025,133.25,35.55
8558,2002-06-09 00:00:00,0.018505405326232776,-0.0999554290341672,0.13696623968663274,133.25,35.55
8559,2002-06-10 00:00:00,0.10664713647674112,-0.011660756145393122,0.22495502909887535,133.25,35.55
8560,2002-06-11 00:00:00,0.1677013747264749,0.04918010103934816,0.2862226484136016,133.25,35.55
8561,2002-06-12 00:00:00,0.05488663033380271,-0.06355580862401389,0.17332906929161931,133.25,35.55
8562,2002-06-13 00:00:00,0.04257867909351719,-0.07558662165997539,0.16074397984700978,133.25,35.55
8563,2002-06-14 00:00:00,0.09473075677693364,-0.023503570141861985,0.21296508369572925,133.25,35.55
8564,2002-06-15 00:00:00,0.019193279271547826,-0.09901874470223326,0.1374053032453289,133.25,35.55
8565,2002-06-16 00:00:00,0.026018165715107136,-0.0921116345049302,0.14414796593514445,133.25,35.55
8566,2002-06-17 00:00:00,0.03420769622718463,-0.08390301257587197,0.15231840503024124,133.25,35.55
8567,2002-06-18 00:00:00,0.029551986723254407,-0.08916228960450596,0.14826626305101476,133.25,35.55
8568,2002-06-19 00:00:00,0.0540516192586321,-0.06471256303436702,0.17281580155163126,133.25,35.55
8569,2002-06-20 00:00:00,0.12202442429000472,0.003523543815053306,0.2405253047649561,133.25,35.55
8570,2002-06-21 00:00:00,0.10028241418322384,-0.018367865740075238,0.21893269410652288,133.25,35.55
8571,2002-06-22 00:00:00,-0.0037539348853123135,-0.122040437986542,0.11453256821591735,133.25,35.55
8572,2002-06-23 00:00:00,0.010330408203319541,-0.10792881346689556,0.12858962987353462,133.25,35.55
8573,2002-06-24 00:00:00,-0.00481841967473251,-0.12315209111756753,0.11351525176810252,133.25,35.55
8574,2002-06-25 00:00:00,0.03326131141447698,-0.08543741475276925,0.15196003758172322,133.25,35.55
8575,2002-06-26 00:00:00,0.008773264452025795,-0.10957039188926088,0.12711692079331247,133.25,35.55
8576,2002-06-27 00:00:00,0.01944259661360408,-0.09867040172248907,0.1375555949496972,133.25,35.55
8577,2002-06-28 00:00:00,0.021256072116669925,-0.09684825596867301,0.13936040020201285,133.25,35.55
8578,2002-06-29 00:00:00,0.0245288107439088,-0.09366449856920893,0.1427221200570265,133.25,35.55
8579,2002-06-30 00:00:00,0.04655533199511694,-0.07175906966911154,0.16486973365934546,133.25,35.55
8580,2002-07-01 00:00:00,0.0593423212672684,-0.05889728944767241,0.1775819319822092,133.25,35.55
8581,2002-07-02 00:00:00,0.02250808554432658,-0.0956696005083118,0.14068577159696494,133.25,35.55
8582,2002-07-03 00:00:00,0.0204817158524137,-0.09761336808867682,0.13857679979350426,133.25,35.55
8583,2002-07-04 00:00:00,0.01592999200434051,-0.10216629039363477,0.1340262744023158,133.25,35.55
8584,2002-07-05 00:00:00,0.043885524232416234,-0.07434497789011832,0.16211602635495082,133.25,35.55
8585,2002-07-06 00:00:00,0.33404006560978805,0.21425951514816252,0.4538206160714136,133.25,35.55
8586,2002-07-07 00:00:00,0.2703076052563883,0.1496181142839309,0.3909970962288457,133.25,35.55
8587,2002-07-08 00:00:00,0.05096947827776901,-0.06772043032582148,0.16965938688135945,133.25,35.55
8588,2002-07-09 00:00:00,0.014649285568035587,-0.1034921458408476,0.13279071697691874,133.25,35.55
8589,2002-07-10 00:00:00,0.07359774157036064,-0.044738271058295566,0.19193375419901684,133.25,35.55
8590,2002-07-11 00:00:00,0.08078988737112375,-0.03776551355961001,0.1993452883018575,133.25,35.55
8591,2002-07-12 00:00:00,0.07840646798217024,-0.0398315646043732,0.1966445005687137,133.25,35.55
8592,2002-07-13 00:00:00,0.10910429113380883,-0.00913750240288333,0.22734608467050102,133.25,35.55
8593,2002-07-14 00:00:00,0.24071743519907976,0.12188765840551463,0.3595472119926449,133.25,35.55
8594,2002-07-15 00:00:00,0.20351523593283394,0.08407195536084375,0.3229585165048241,133.25,35.55
8595,2002-07-16 00:00:00,0.12967905057480128,0.010553291733363043,0.2488048094162395,133.25,35.55
8596,2002-07-17 00:00:00,0.11419551782496955,-0.0044771614812687535,0.2328681971312079,133.25,35.55
8597,2002-07-18 00:00:00,0.02272270035069376,-0.09559951163246387,0.1410449123338514,133.25,35.55
8598,2002-07-19 00:00:00,0.0626638320726015,-0.05629920428016201,0.18162686842536505,133.25,35.55
8599,2002-07-20 00:00:00,0.07491063041332012,-0.04434102110332136,0.19416228192996166,133.25,35.55
8600,2002-07-21 00:00:00,0.07077292075924163,-0.047425172895840785,0.18897101441432407,133.25,35.55
8601,2002-07-22 00:00:00,0.06800938948082201,-0.050088218053444565,0.1861069970150886,133.25,35.55
8602,2002-07-23 00:00:00,0.0343730978493415,-0.08374742576728443,0.1524936214659674,133.25,35.55
8603,2002-07-24 00:00:00,0.05734945886357338,-0.06080851959703955,0.17550743732418628,133.25,35.55
8604,2002-07-25 00:00:00,0.05555154370213583,-0.06365412090122798,0.17475720830549962,133.25,35.55
8605,2002-07-26 00:00:00,0.02040302233020078,-0.1005243213898528,0.14133036605025434,133.25,35.55
8606,2002-07-27 00:00:00,-0.049142374167288005,-0.16912203266050707,0.07083728432593106,133.25,35.55
8607,2002-07-28 00:00:00,-0.023600234177564898,-0.14231539794026685,0.09511492958513704,133.25,35.55
8608,2002-07-29 00:00:00,0.042732800849982766,-0.0753906280858172,0.16085622978578273,133.25,35.55
8609,2002-07-30 00:00:00,0.061977817261553575,-0.056116382512849436,0.1800720170359566,133.25,35.55
8610,2002-07-31 00:00:00,0.06085054088980135,-0.0572466251529223,0.178947706932525,133.25,35.55
8611,2002-08-01 00:00:00,0.0943431810678378,-0.02380129499478155,0.21248765713045714,133.25,35.55
8612,2002-08-02 00:00:00,0.12126065115172888,0.003055940869674839,0.2394653614337829,133.25,35.55
8613,2002-08-03 00:00:00,0.1005573571192176,-0.017670872704405524,0.21878558694284075,133.25,35.55
8614,2002-08-04 00:00:00,0.09835829867971202,-0.0198067149593574,0.21652331231878144,133.25,35.55
8615,2002-08-05 00:00:00,0.13039848191539544,0.012149042554109438,0.24864792127668145,133.25,35.55
8616,2002-08-06 00:00:00,0.1281366341259801,0.00980004399156914,0.24647322426039106,133.25,35.55
8617,2002-08-07 00:00:00,0.17508220957296305,0.05650573187099508,0.29365868727493105,133.25,35.55
8618,2002-08-08 00:00:00,0.19789982473164666,0.07895654046173849,0.3168431090015548,133.25,35.55
8619,2002-08-09 00:00:00,0.1344576881124864,0.015924612910491756,0.25299076331448106,133.25,35.55
8620,2002-08-10 00:00:00,0.08949309702876637,-0.0289120578703506,0.20789825192788336,133.25,35.55
8621,2002-08-11 00:00:00,0.05549901088430508,-0.06296728576523332,0.17396530753384348,133.25,35.55
8622,2002-08-12 00:00:00,0.02707429180968196,-0.09124632222159618,0.1453949058409601,133.25,35.55
8623,2002-08-13 00:00:00,0.04133087632700661,-0.07684415428443184,0.15950590693844505,133.25,35.55
8624,2002-08-14 00:00:00,0.06933061772959412,-0.048797116831342316,0.18745835229053054,133.25,35.55
8625,2002-08-15 00:00:00,0.060641718878829985,-0.0575484592793649,0.17883189703702487,133.25,35.55
8626,2002-08-16 00:00:00,0.011253656714075628,-0.10692985602714118,0.12943716945529246,133.25,35.55
8627,2002-08-17 00:00:00,0.009072392959482672,-0.109083572889835,0.12722835880880035,133.25,35.55
8628,2002-08-18 00:00:00,-0.006131181339417369,-0.12462999104717808,0.11236762836834337,133.25,35.55
8629,2002-08-19 00:00:00,-0.012209145887676895,-0.1317679161261763,0.10734962435082253,133.25,35.55
8630,2002-08-20 00:00:00,-0.06433854155558054,-0.1837353929370586,0.05505830982589753,133.25,35.55
8631,2002-08-21 00:00:00,-0.00023686211929029038,-0.1186582942262564,0.11818456998767585,133.25,35.55
8632,2002-08-22 00:00:00,0.026151679768262576,-0.09201485376950806,0.14431821330603326,133.25,35.55
8633,2002-08-23 00:00:00,0.10576562664404048,-0.012406177868405324,0.2239374311564863,133.25,35.55
8634,2002-08-24 00:00:00,0.0840937659200252,-0.034152241841357435,0.20233977368140785,133.25,35.55
8635,2002-08-25 00:00:00,-0.006936299699111895,-0.1251550525041431,0.1112824531059193,133.25,35.55
8636,2002-08-26 00:00:00,0.009400602287481076,-0.10869923133087067,0.12750043590583285,133.25,35.55
8637,2002-08-27 00:00:00,0.05055751275075822,-0.06756458061562398,0.16867960611714042,133.25,35.55
8638,2002-08-28 00:00:00,0.042311829872406864,-0.07598435474566784,0.16060801449048154,133.25,35.55
8639,2002-08-29 00:00:00,0.015529328129269169,-0.10292554544765596,0.13398420170619427,133.25,35.55
8640,2002-08-30 00:00:00,0.041793821723264346,-0.0778589533520306,0.16144659679855927,133.25,35.55
8641,2002-08-31 00:00:00,0.0442739606332407,-0.07722659559636731,0.16577451686284872,133.25,35.55
8642,2002-09-01 00:00:00,0.4312579996762843,0.30425871998483883,0.5582572793677298,133.25,35.55
8643,2002-09-02 00:00:00,0.11155997317451673,-0.010533771252005455,0.2336537176010389,133.25,35.55
8644,2002-09-03 00:00:00,0.02010524028807883,-0.0980777099753219,0.13828819055147956,133.25,35.55
8645,2002-09-04 00:00:00,-0.03030971952600821,-0.14849427915784547,0.08787484010582905,133.25,35.55
8646,2002-09-05 00:00:00,0.00196846259925838,-0.116306092201859,0.12024301740037575,133.25,35.55
8647,2002-09-06 00:00:00,0.003834878309572479,-0.11457710701653925,0.1222468636356842,133.25,35.55
8648,2002-09-07 00:00:00,-0.023059949524938853,-0.1415261134438951,0.0954062143940174,133.25,35.55
8649,2002-09-08 00:00:00,0.06042301911844735,-0.05789732390457765,0.17874336214147235,133.25,35.55
8650,2002-09-09 00:00:00,0.08815000938127893,-0.029971883836452856,0.2062719025990107,133.25,35.55
8651,2002-09-10 00:00:00,-0.002389656378182385,-0.1205708913333601,0.11579157857699535,133.25,35.55
8652,2002-09-11 00:00:00,0.007414370355173016,-0.11071193504347628,0.1255406757538223,133.25,35.55
8653,2002-09-12 00:00:00,0.04921805129505959,-0.06892339535860871,0.1673594979487279,133.25,35.55
8654,2002-09-13 00:00:00,0.004344930182089604,-0.11380934861578325,0.12249920897996246,133.25,35.55
8655,2002-09-14 00:00:00,0.003579107122958027,-0.11461157078748033,0.1217697850333964,133.25,35.55
8656,2002-09-15 00:00:00,-0.0029438822172760393,-0.12108264251289468,0.1151948780783426,133.25,35.55
8657,2002-09-16 00:00:00,0.03451087836006096,-0.08415301334736308,0.153174770067485,133.25,35.55
8658,2002-09-17 00:00:00,0.06433031120336284,-0.055012569789380905,0.1836731921961066,133.25,35.55
8659,2002-09-18 00:00:00,0.0015344879771887756,-0.11710735145120355,0.1201763274055811,133.25,35.55
8660,2002-09-19 00:00:00,-0.0194191260919822,-0.13758937506239474,0.09875112287843037,133.25,35.55
8661,2002-09-20 00:00:00,0.01908774176844007,-0.09911241328738883,0.13728789682426898,133.25,35.55
8662,2002-09-21 00:00:00,0.02242579927695,-0.0957443736479804,0.1405959722018804,133.25,35.55
8663,2002-09-22 00:00:00,0.014929579642348478,-0.10335994619911416,0.1332191054838111,133.25,35.55
8664,2002-09-23 00:00:00,0.06628802557244685,-0.052158455031696166,0.18473450617658987,133.25,35.55
8665,2002-09-24 00:00:00,0.0054604025798329755,-0.11270814605228298,0.12362895121194893,133.25,35.55
8666,2002-09-25 00:00:00,-0.02554927678344452,-0.1437146172728942,0.09261606370600514,133.25,35.55
8667,2002-09-26 00:00:00,-0.0347347770304738,-0.15290800641424868,0.08343845235330108,133.25,35.55
8668,2002-09-27 00:00:00,0.003657999409672208,-0.1146187486417974,0.12193474746114186,133.25,35.55
8669,2002-09-28 00:00:00,0.05111770567067826,-0.06727478283463856,0.16951019417599508,133.25,35.55
8670,2002-09-29 00:00:00,0.02271687441242304,-0.0954908549117975,0.14092460373664356,133.25,35.55
8671,2002-09-30 00:00:00,0.031026988575088538,-0.08716669889757522,0.1492206760477523,133.25,35.55
8672,2002-10-01 00:00:00,0.02905995610718002,-0.08967263697944121,0.14779254919380125,133.25,35.55
8673,2002-10-02 00:00:00,0.0837872698048925,-0.0352885211599898,0.2028630607697748,133.25,35.55
8674,2002-10-03 00:00:00,0.03970413682847895,-0.07881039630631717,0.15821866996327508,133.25,35.55
8675,2002-10-04 00:00:00,0.04425197625002948,-0.0741370515138859,0.16264100401394488,133.25,35.55
8676,2002-10-05 00:00:00,0.010897462683366863,-0.10732731953186694,0.12912224489860066,133.25,35.55
8677,2002-10-06 00:00:00,0.08771541967026977,-0.030476787909171563,0.20590762724971112,133.25,35.55
8678,2002-10-07 00:00:00,0.13882717775923098,0.01980851389821986,0.2578458416202421,133.25,35.55
8679,2002-10-08 00:00:00,0.014877652820037238,-0.1035155965628508,0.13327090220292528,133.25,35.55
8680,2002-10-09 00:00:00,-0.054729763477137545,-0.17290225023338612,0.06344272327911105,133.25,35.55
8681,2002-10-10 00:00:00,-0.025418777329834424,-0.14363176006024833,0.09279420540057948,133.25,35.55
8682,2002-10-11 00:00:00,0.021451182797588147,-0.09676473607483384,0.13966710167001012,133.25,35.55
8683,2002-10-12 00:00:00,0.0475819813457538,-0.07057200593215053,0.16573596862365814,133.25,35.55
8684,2002-10-13 00:00:00,0.08275809725357541,-0.03539201193394012,0.20090820644109092,133.25,35.55
8685,2002-10-14 00:00:00,0.02233323907126259,-0.095812900667909,0.14047937881043418,133.25,35.55
8686,2002-10-15 00:00:00,0.13332465869099094,0.015034805058333931,0.25161451232364795,133.25,35.55
8687,2002-10-16 00:00:00,0.08655359251240029,-0.03226376388472045,0.20537094890952104,133.25,35.55
8688,2002-10-17 00:00:00,-0.003617029442724981,-0.12193627914576527,0.11470222026031532,133.25,35.55
8689,2002-10-18 00:00:00,0.012676304170390888,-0.1054507351809892,0.13080334352177098,133.25,35.55
8690,2002-10-19 00:00:00,-0.04775597395309057,-0.16616655589386378,0.07065460798768264,133.25,35.55
8691,2002-10-20 00:00:00,-0.022588925060096958,-0.1413451085147485,0.0961672583945546,133.25,35.55
8692,2002-10-21 00:00:00,0.020852653541718447,-0.0988286717105148,0.14053397879395169,133.25,35.55
8693,2002-10-22 00:00:00,0.03990016473474434,-0.07948762772149938,0.15928795719098804,133.25,35.55
8694,2002-10-23 00:00:00,0.019626521768490904,-0.0987452907751957,0.1379983343121775,133.25,35.55
8695,2002-10-24 00:00:00,0.02022239076353243,-0.09793807478764263,0.13838285631470748,133.25,35.55
8696,2002-10-25 00:00:00,0.0034914147546196497,-0.11475296214799804,0.12173579165723733,133.25,35.55
8697,2002-10-26 00:00:00,0.12400581077428345,0.005497801129251426,0.24251382041931546,133.25,35.55
8698,2002-10-27 00:00:00,0.3253558816964731,0.20562297191352352,0.4450887914794227,133.25,35.55
8699,2002-10-28 00:00:00,0.20546482624578816,0.08651838815227872,0.3244112643392976,133.25,35.55
8700,2002-10-29 00:00:00,0.1047006423731556,-0.014210822157939963,0.22361210690425115,133.25,35.55
8701,2002-10-30 00:00:00,-0.025789556635950568,-0.14400635185819893,0.0924272385862978,133.25,35.55
8702,2002-10-31 00:00:00,0.006484815956816575,-0.1116910547899209,0.12466068670355406,133.25,35.55
8703,2002-11-01 00:00:00,0.13526002003495746,0.01671913009428197,0.253800909975633,133.25,35.55
8704,2002-11-02 00:00:00,0.026674360833454785,-0.09208371978516433,0.1454324414520739,133.25,35.55
8705,2002-11-03 00:00:00,0.20613770036454784,0.0873932788675601,0.32488212186153553,133.25,35.55
8706,2002-11-04 00:00:00,0.2099683541942433,0.08960132469848442,0.3303353836900022,133.25,35.55
8707,2002-11-05 00:00:00,0.08817220237869325,-0.03128029253066765,0.20762469728805416,133.25,35.55
8708,2002-11-06 00:00:00,0.0020419506650495444,-0.1163722176544726,0.12045611898457168,133.25,35.55
8709,2002-11-07 00:00:00,0.1096383418231316,-0.008860114396350774,0.22813679804261394,133.25,35.55
8710,2002-11-08 00:00:00,0.13271171265418313,0.013435417054158905,0.25198800825420736,133.25,35.55
8711,2002-11-09 00:00:00,0.004603095726067395,-0.11524991434259348,0.1244561057947283,133.25,35.55
8712,2002-11-10 00:00:00,0.09447859125199083,-0.024616509606619052,0.21357369211060068,133.25,35.55
8713,2002-11-11 00:00:00,0.15234804253969422,0.03385180540715023,0.27084427967223823,133.25,35.55
8714,2002-11-12 00:00:00,0.23959346962541814,0.119640342676974,0.35954659657386234,133.25,35.55
8715,2002-11-13 00:00:00,0.11057079956337228,-0.00914210765130831,0.2302837067780529,133.25,35.55
8716,2002-11-14 00:00:00,0.17991654600025275,0.06082490302137813,0.2990081889791274,133.25,35.55
8717,2002-11-15 00:00:00,0.06355782048594588,-0.055260607992717,0.18237624896460874,133.25,35.55
8718,2002-11-16 00:00:00,-0.006730049547574979,-0.12512369519798494,0.11166359610283502,133.25,35.55
8719,2002-11-17 00:00:00,0.012672984703315234,-0.10568970370119866,0.13103567310782913,133.25,35.55
8720,2002-11-18 00:00:00,0.10382932952201844,-0.014804937944362037,0.2224635969883989,133.25,35.55
8721,2002-11-19 00:00:00,-0.013964038415861557,-0.1326922920911232,0.1047642152594001,133.25,35.55
8722,2002-11-20 00:00:00,0.008103698736816545,-0.11009590560485673,0.1263033030784898,133.25,35.55
8723,2002-11-21 00:00:00,0.051031608538602335,-0.0672233766196291,0.1692865936968338,133.25,35.55
8724,2002-11-22 00:00:00,-0.08433688245336571,-0.20283664054906125,0.03416287564232984,133.25,35.55
8725,2002-11-23 00:00:00,0.02823518580457045,-0.0900139208355917,0.14648429244473266,133.25,35.55
8726,2002-11-24 00:00:00,0.038784482006465316,-0.07944233725352726,0.1570113012664579,133.25,35.55
8727,2002-11-25 00:00:00,0.06816649435565132,-0.05026125871598429,0.18659424742728686,133.25,35.55
8728,2002-11-26 00:00:00,0.03150798331952517,-0.0877130987185813,0.15072906535763164,133.25,35.55
8729,2002-11-27 00:00:00,0.16241732337405018,0.04344004072651783,0.2813946060215825,133.25,35.55
8730,2002-11-28 00:00:00,0.012012562828998584,-0.10670766617090134,0.13073279182889852,133.25,35.55
8731,2002-11-29 00:00:00,0.006047061273646626,-0.11213952214944432,0.12423364469673755,133.25,35.55
8732,2002-11-30 00:00:00,0.09681017003696182,-0.021606565770718525,0.21522690584464216,133.25,35.55
8733,2002-12-01 00:00:00,-0.015296071460844685,-0.1337351079338183,0.10314296501212894,133.25,35.55
8734,2002-12-02 00:00:00,0.027355630795132386,-0.09092124150724487,0.14563250309750966,133.25,35.55
8735,2002-12-03 00:00:00,-0.02476270097364277,-0.14302146943484634,0.09349606748756084,133.25,35.55
8736,2002-12-04 00:00:00,0.09453896082006487,-0.024409945360553256,0.21348786700068303,133.25,35.55
8737,2002-12-05 00:00:00,0.11813347759053901,-0.0007110497576025138,0.2369780049386805,133.25,35.55
8738,2002-12-06 00:00:00,-0.09713395560830257,-0.2156240607130423,0.021356149496437143,133.25,35.55
8739,2002-12-07 00:00:00,0.05982888922925904,-0.05855683277984908,0.17821461123836715,133.25,35.55
8740,2002-12-08 00:00:00,-0.11020706658972866,-0.2291946684692796,0.008780535289822256,133.25,35.55
8741,2002-12-09 00:00:00,0.18966010821612675,0.07024765288328834,0.3090725635489652,133.25,35.55
8742,2002-12-10 00:00:00,0.13368530552238475,0.014036455569486544,0.2533341554752829,133.25,35.55
8743,2002-12-11 00:00:00,0.11227501488711114,-0.006839606787973865,0.2313896365621961,133.25,35.55
8744,2002-12-12 00:00:00,0.057724466142865874,-0.0609551070283704,0.17640403931410215,133.25,35.55
8745,2002-12-13 00:00:00,-0.032182397207517116,-0.15086256232555098,0.08649776791051675,133.25,35.55
8746,2002-12-14 00:00:00,0.04297004683368536,-0.07543213416518467,0.1613722278325554,133.25,35.55
8747,2002-12-15 00:00:00,0.06190734249490009,-0.056312752244097874,0.18012743723389807,133.25,35.55
8748,2002-12-16 00:00:00,0.1384643494493349,0.019950210058212903,0.2569784888404569,133.25,35.55
8749,2002-12-17 00:00:00,0.017838482167502168,-0.10241948045003878,0.13809644478504313,133.25,35.55
8750,2002-12-18 00:00:00,0.052152026363536164,-0.0670172210703181,0.1713212737973904,133.25,35.55
8751,2002-12-19 00:00:00,0.03464017994643713,-0.08367618162526555,0.1529565415181398,133.25,35.55
8752,2002-12-20 00:00:00,-0.08660297303875207,-0.20513963924296308,0.03193369316545894,133.25,35.55
8753,2002-12-21 00:00:00,-0.054962751864759817,-0.1746556764287196,0.06473017269919994,133.25,35.55
8754,2002-12-22 00:00:00,-0.06664691544637054,-0.18684033203390135,0.053546501141160316,133.25,35.55
8755,2002-12-23 00:00:00,0.03870671138047226,-0.0797271371962684,0.15714055995721293,133.25,35.55
8756,2002-12-24 00:00:00,0.09781372230095378,-0.020675207750477775,0.21630265235238533,133.25,35.55
8757,2002-12-25 00:00:00,0.12117866978653195,0.001387924985507924,0.24096941458755602,133.25,35.55
8758,2002-12-26 00:00:00,0.1309544565193114,0.009731868188238166,0.2521770448503846,133.25,35.55
8759,2002-12-27 00:00:00,0.03824883837581183,-0.08030234598941689,0.15680002274104055,133.25,35.55
8760,2002-12-28 00:00:00,0.13529789587473715,0.016785759484403334,0.25381003226507104,133.25,35.55
8761,2002-12-29 00:00:00,0.09267997910697737,-0.025806948316805328,0.21116690653076006,133.25,35.55
8762,2002-12-30 00:00:00,0.07589513210716264,-0.0424898334088256,0.1942800976231509,133.25,35.55
8763,2002-12-31 00:00:00,0.01911501479318673,-0.099290085491019,0.13752011507739245,133.25,35.55
8764,2003-01-01 00:00:00,0.062142358956339225,-0.05637792915452418,0.18066264706720264,133.25,35.55
8765,2003-01-02 00:00:00,-0.02232534504823851,-0.14154381920260056,0.09689312910612356,133.25,35.55
8766,2003-01-03 00:00:00,0.14159105568060204,0.02276731100819201,0.2604148003530121,133.25,35.55
8767,2003-01-04 00:00:00,0.27991388361625,0.15746045503085454,0.4023673122016455,133.25,35.55
8768,2003-01-05 00:00:00,0.10227836887650904,-0.018314347086783842,0.22287108483980192,133.25,35.55
8769,2003-01-06 00:00:00,0.04118597235501799,-0.07785635276703406,0.16022829747707004,133.25,35.55
8770,2003-01-07 00:00:00,0.061384781066488536,-0.056918248705122375,0.17968781083809945,133.25,35.55
8771,2003-01-08 00:00:00,-0.009571131382315572,-0.1278247865196421,0.10868252375501096,133.25,35.55
8772,2003-01-09 00:00:00,0.051133053734729865,-0.06702864416211184,0.16929475163157154,133.25,35.55
8773,2003-01-10 00:00:00,0.0782836802792337,-0.03994555530152827,0.19651291585999567,133.25,35.55
8774,2003-01-11 00:00:00,0.012720982771646079,-0.10555385070832504,0.1309958162516172,133.25,35.55
8775,2003-01-12 00:00:00,0.03998040976726423,-0.07834628156177036,0.1583071010962988,133.25,35.55
8776,2003-01-13 00:00:00,0.07265673707036198,-0.04561393377356841,0.1909274079142924,133.25,35.55
8777,2003-01-14 00:00:00,0.1319845170251677,0.01339987819227513,0.2505691558580603,133.25,35.55
8778,2003-01-15 00:00:00,-0.050373985962857706,-0.1696654271760677,0.06891745525035227,133.25,35.55
8779,2003-01-16 00:00:00,0.08915394738704598,-0.029241997573173226,0.2075498923472652,133.25,35.55
8780,2003-01-17 00:00:00,0.1119989204226046,-0.0063193047579751535,0.23031714560318434,133.25,35.55
8781,2003-01-18 00:00:00,0.00397729955844954,-0.11457110738883905,0.12252570650573813,133.25,35.55
8782,2003-01-19 00:00:00,0.0531134275920175,-0.06532414562364505,0.17155100080768004,133.25,35.55
8783,2003-01-20 00:00:00,0.0708532441293358,-0.04752315195360084,0.18922964021227245,133.25,35.55
8784,2003-01-21 00:00:00,0.06459010074559239,-0.05445641400313732,0.1836366154943221,133.25,35.55
8785,2003-01-22 00:00:00,0.06534132247196142,-0.05334726323061652,0.18402990817453932,133.25,35.55
8786,2003-01-23 00:00:00,0.08448649578925672,-0.03472172802684256,0.203694719605356,133.25,35.55
8787,2003-01-24 00:00:00,0.05926461594080973,-0.06143767500418736,0.1799669068858068,133.25,35.55
8788,2003-01-25 00:00:00,-0.058658853051276875,-0.1772103491935286,0.059892643090974834,133.25,35.55
8789,2003-01-26 00:00:00,0.0037272085800483376,-0.11447253913121043,0.12192695629130708,133.25,35.55
8790,2003-01-27 00:00:00,0.15549244430498602,0.036847534507573526,0.2741373541023985,133.25,35.55
8791,2003-01-28 00:00:00,0.23988627557996645,0.11841938365366655,0.3613531675062664,133.25,35.55
8792,2003-01-29 00:00:00,0.28479626928663465,0.1617657671703535,0.4078267714029158,133.25,35.55
8793,2003-01-30 00:00:00,0.025822346023703483,-0.09581164987403833,0.1474563419214453,133.25,35.55
8794,2003-01-31 00:00:00,0.08462047395411185,-0.03407427433345642,0.2033152222416801,133.25,35.55
8795,2003-02-01 00:00:00,-0.01596864128695687,-0.1343702430076512,0.10243296043373748,133.25,35.55
8796,2003-02-02 00:00:00,0.039523316737391116,-0.078735350124681,0.15778198359946324,133.25,35.55
8797,2003-02-03 00:00:00,0.0309551425910046,-0.08731527240906553,0.14922555759107473,133.25,35.55
8798,2003-02-04 00:00:00,0.059269865187307424,-0.05896593671672831,0.17750566709134316,133.25,35.55
8799,2003-02-05 00:00:00,0.02457086159414192,-0.0939023781284584,0.14304410131674222,133.25,35.55
8800,2003-02-06 00:00:00,-0.0067504982735425365,-0.12543412406343055,0.11193312751634546,133.25,35.55
8801,2003-02-07 00:00:00,0.07258896467680451,-0.04572321675552317,0.19090114610913214,133.25,35.55
8802,2003-02-08 00:00:00,0.04223644940633604,-0.07610277679646715,0.1605756756091392,133.25,35.55
8803,2003-02-09 00:00:00,0.014930366269182463,-0.10435680912142513,0.13421754165979005,133.25,35.55
8804,2003-02-10 00:00:00,-0.0011656894546193187,-0.11956095249818953,0.11722957358895085,133.25,35.55
8805,2003-02-11 00:00:00,0.03691225738462005,-0.08137121394028418,0.15519572870952425,133.25,35.55
8806,2003-02-12 00:00:00,-0.012426569033423427,-0.13095408289896848,0.10610094483212162,133.25,35.55
8807,2003-02-13 00:00:00,0.09533199011983054,-0.023149531957308556,0.21381351219696965,133.25,35.55
8808,2003-02-14 00:00:00,0.048249696328123474,-0.07014052412713609,0.16663991678338302,133.25,35.55
8809,2003-02-15 00:00:00,0.007345642086884634,-0.11085356346377652,0.1255448476375458,133.25,35.55
8810,2003-02-16 00:00:00,0.07127582593520042,-0.046969713266353415,0.18952136513675427,133.25,35.55
8811,2003-02-17 00:00:00,-0.05841259852682819,-0.17673980930796174,0.05991461225430535,133.25,35.55
8812,2003-02-18 00:00:00,0.05560264440951355,-0.06262741106106012,0.1738326998800872,133.25,35.55
8813,2003-02-19 00:00:00,0.08190964106603713,-0.03655343361394933,0.2003727157460236,133.25,35.55
8814,2003-02-20 00:00:00,-0.04720496028824857,-0.16730836332156285,0.07289844274506573,133.25,35.55
8815,2003-02-21 00:00:00,0.0953858189698187,-0.02478526876346658,0.215556906703104,133.25,35.55
8816,2003-02-22 00:00:00,0.06930716033454552,-0.049022878651632636,0.1876371993207237,133.25,35.55
8817,2003-02-23 00:00:00,-0.0612635356289724,-0.17993956192990138,0.05741249067195656,133.25,35.55
8818,2003-02-24 00:00:00,0.05795729011448865,-0.06035313116109215,0.17626771139006947,133.25,35.55
8819,2003-02-25 00:00:00,-0.027629372831635524,-0.145899045416164,0.09064029975289296,133.25,35.55
8820,2003-02-26 00:00:00,0.05182121997368268,-0.06636153790123364,0.170003977848599,133.25,35.55
8821,2003-02-27 00:00:00,-0.021498927407155963,-0.13999267976350396,0.096994824949192,133.25,35.55
8822,2003-02-28 00:00:00,-0.019247487160282628,-0.13750857943296996,0.09901360511240467,133.25,35.55
8823,2003-03-01 00:00:00,0.10270867887287903,-0.015663661808330023,0.2210810195540881,133.25,35.55
8824,2003-03-02 00:00:00,0.026172911862326783,-0.09303944138379247,0.14538526510844607,133.25,35.55
8825,2003-03-03 00:00:00,0.09541121230884413,-0.0238355360727964,0.21465796069048465,133.25,35.55
8826,2003-03-04 00:00:00,-0.058230185669513775,-0.17874300496673698,0.06228263362770944,133.25,35.55
8827,2003-03-05 00:00:00,-0.07619155804346511,-0.1945327084145944,0.042149592327664166,133.25,35.55
8828,2003-03-06 00:00:00,-0.0412125257239282,-0.15953231278067764,0.07710726133282124,133.25,35.55
8829,2003-03-07 00:00:00,0.09269875212260877,-0.026703559452083497,0.21210106369730106,133.25,35.55
8830,2003-03-08 00:00:00,-0.0253029834033278,-0.1456607603947894,0.09505479358813383,133.25,35.55
8831,2003-03-09 00:00:00,-0.003472395423980035,-0.1229954436205252,0.11605065277256515,133.25,35.55
8832,2003-03-10 00:00:00,-0.09007613880849333,-0.20885566166040773,0.0287033840434211,133.25,35.55
8833,2003-03-11 00:00:00,-0.02175328927603005,-0.1402156526950779,0.0967090741430178,133.25,35.55
8834,2003-03-12 00:00:00,-0.04674849743581398,-0.16507278047596646,0.07157578560433851,133.25,35.55
8835,2003-03-13 00:00:00,-0.0026873860238685048,-0.12088046036602297,0.11550568831828598,133.25,35.55
8836,2003-03-14 00:00:00,-0.008961346859617633,-0.12710825208756546,0.1091855583683302,133.25,35.55
8837,2003-03-15 00:00:00,0.0337501562453696,-0.08439738786089768,0.15189770035163688,133.25,35.55
8838,2003-03-16 00:00:00,0.004842035674987255,-0.1133110358801706,0.12299510723014513,133.25,35.55
8839,2003-03-17 00:00:00,0.05360377115064458,-0.06468006848838859,0.17188761078967776,133.25,35.55
8840,2003-03-18 00:00:00,-0.054926880245126236,-0.17342425565304173,0.06357049516278926,133.25,35.55
8841,2003-03-19 00:00:00,0.05471208838020096,-0.0638881243844371,0.17331230114483906,133.25,35.55
8842,2003-03-20 00:00:00,0.007973140064048673,-0.11052834216689084,0.12647462229498818,133.25,35.55
8843,2003-03-21 00:00:00,-0.06668769440680603,-0.18486395140095055,0.051488562587338534,133.25,35.55
8844,2003-03-22 00:00:00,-0.04692372803515935,-0.1652528073727021,0.0714053513023834,133.25,35.55
8845,2003-03-23 00:00:00,-0.004039801657899057,-0.12294202045477165,0.11486241713897352,133.25,35.55
8846,2003-03-24 00:00:00,0.0606658160803064,-0.05743566342230817,0.17876729558292098,133.25,35.55
8847,2003-03-25 00:00:00,0.07057755356901113,-0.047586478886770256,0.18874158602479246,133.25,35.55
8848,2003-03-26 00:00:00,0.034432858257347314,-0.08376258983405464,0.15262830634874924,133.25,35.55
8849,2003-03-27 00:00:00,0.1086471680912581,-0.009657524532358852,0.22695186071487505,133.25,35.55
8850,2003-03-28 00:00:00,0.07377877698649019,-0.04506793427398091,0.1926254882469613,133.25,35.55
8851,2003-03-29 00:00:00,0.0009591597412173107,-0.11734883452389128,0.11926715400632593,133.25,35.55
8852,2003-03-30 00:00:00,0.05179337441398018,-0.06648604624507354,0.17007279507303388,133.25,35.55
8853,2003-03-31 00:00:00,0.11916586802417894,0.0008946577009987244,0.2374370783473592,133.25,35.55
8854,2003-04-01 00:00:00,-0.04472646132979004,-0.1631304161106697,0.07367749345108962,133.25,35.55
8855,2003-04-02 00:00:00,0.004861824800064574,-0.11340722280963825,0.12313087240976738,133.25,35.55
8856,2003-04-03 00:00:00,-0.023743533544899373,-0.14210541111717087,0.09461834402737213,133.25,35.55
8857,2003-04-04 00:00:00,0.0457592096720568,-0.07257079022778021,0.1640892095718938,133.25,35.55
8858,2003-04-05 00:00:00,-0.0012339147585712779,-0.12016444130377275,0.11769661178663017,133.25,35.55
8859,2003-04-06 00:00:00,-0.0343173087153439,-0.15338722272288366,0.08475260529219583,133.25,35.55
8860,2003-04-07 00:00:00,0.040018854066172116,-0.07825986536593978,0.158297573498284,133.25,35.55
8861,2003-04-08 00:00:00,0.30666749994765713,0.1865577635243436,0.42677723637097065,133.25,35.55
8862,2003-04-09 00:00:00,0.0659527669661585,-0.05465227949734358,0.18655781342966055,133.25,35.55
8863,2003-04-10 00:00:00,-0.048414138985473455,-0.16690030874325534,0.07007203077230847,133.25,35.55
8864,2003-04-11 00:00:00,0.02460598432377433,-0.09364445089847513,0.1428564195460238,133.25,35.55
8865,2003-04-12 00:00:00,0.12606614902022695,0.00735383221845695,0.2447784658219969,133.25,35.55
8866,2003-04-13 00:00:00,0.056922073753550274,-0.06155974528889172,0.17540389279599228,133.25,35.55
8867,2003-04-14 00:00:00,-0.0026282345949476503,-0.12079144963514593,0.11553498044525062,133.25,35.55
8868,2003-04-15 00:00:00,-0.005079260862867176,-0.12316992665811001,0.11301140493237564,133.25,35.55
8869,2003-04-16 00:00:00,0.0021243603703520863,-0.11601741475980876,0.12026613550051292,133.25,35.55
8870,2003-04-17 00:00:00,0.09920123501470338,-0.019014923467116043,0.2174173934965228,133.25,35.55
8871,2003-04-18 00:00:00,0.08999281200662486,-0.028256012057126245,0.208241636070376,133.25,35.55
8872,2003-04-19 00:00:00,0.14014062040399256,0.021323178673496312,0.2589580621344888,133.25,35.55
8873,2003-04-20 00:00:00,0.05141855027342366,-0.06762327390093084,0.17046037444777815,133.25,35.55
8874,2003-04-21 00:00:00,0.07876991407159528,-0.03983458829030212,0.19737441643349266,133.25,35.55
8875,2003-04-22 00:00:00,-0.09519724471053402,-0.21377392151243574,0.023379432091367724,133.25,35.55
8876,2003-04-23 00:00:00,0.12145083524092648,0.00313399711889574,0.2397676733629572,133.25,35.55
8877,2003-04-24 00:00:00,0.10559094665287012,-0.013048120398466895,0.22423001370420712,133.25,35.55
8878,2003-04-25 00:00:00,0.04474979794404688,-0.07366229978800404,0.1631618956760978,133.25,35.55
8879,2003-04-26 00:00:00,0.18381846845959526,0.0646283864259401,0.3030085504932504,133.25,35.55
8880,2003-04-27 00:00:00,0.006164628039121097,-0.11244340754281687,0.12477266362105907,133.25,35.55
8881,2003-04-28 00:00:00,0.0013468374975624114,-0.11683265539963808,0.1195263303947629,133.25,35.55
8882,2003-04-29 00:00:00,0.09695355409806923,-0.02119203788394773,0.21509914608008626,133.25,35.55
8883,2003-04-30 00:00:00,0.1337159270225365,0.013281894134587384,0.2541499599104856,133.25,35.55
8884,2003-05-01 00:00:00,-0.02854155805245752,-0.1475890200713552,0.09050590396644016,133.25,35.55
8885,2003-05-02 00:00:00,0.0710044383512691,-0.04730826935496504,0.18931714605750324,133.25,35.55
8886,2003-05-03 00:00:00,0.08387240263667706,-0.03432829079566138,0.2020730960690155,133.25,35.55
8887,2003-05-04 00:00:00,0.04021141372891001,-0.07792457623156622,0.15834740368938627,133.25,35.55
8888,2003-05-05 00:00:00,-0.0017077576023358902,-0.11981000134311914,0.11639448613844737,133.25,35.55
8889,2003-05-06 00:00:00,0.03584521771414721,-0.08229082720514368,0.1539812626334381,133.25,35.55
8890,2003-05-07 00:00:00,0.08874976696747247,-0.029518398951993364,0.20701793288693832,133.25,35.55
8891,2003-05-08 00:00:00,-0.00011707781715627683,-0.12088118712934168,0.12064703149502913,133.25,35.55
8892,2003-05-09 00:00:00,0.04427349182782765,-0.07508983209194182,0.16363681574759714,133.25,35.55
8893,2003-05-10 00:00:00,-0.00286023898002025,-0.1210243786719168,0.1153039007118763,133.25,35.55
8894,2003-05-11 00:00:00,0.0008650631609760165,-0.1174787835938974,0.11920890991584945,133.25,35.55
8895,2003-05-12 00:00:00,-0.01094985298915915,-0.12941771541802216,0.10751800943970387,133.25,35.55
8896,2003-05-13 00:00:00,0.019891596411269658,-0.09829621619762437,0.1380794090201637,133.25,35.55
8897,2003-05-14 00:00:00,0.018553121349108564,-0.09992757555052388,0.137033818248741,133.25,35.55
8898,2003-05-15 00:00:00,0.04636668264469699,-0.0726664736727467,0.1653998389621407,133.25,35.55
8899,2003-05-16 00:00:00,-0.010638281972109656,-0.12904030139420325,0.10776373744998394,133.25,35.55
8900,2003-05-17 00:00:00,0.010456739571813069,-0.10776551136843464,0.12867899051206078,133.25,35.55
8901,2003-05-18 00:00:00,0.04408766540064416,-0.07400608063284027,0.1621814114341286,133.25,35.55
8902,2003-05-19 00:00:00,0.032884513150847824,-0.08520745972287964,0.1509764860245753,133.25,35.55
8903,2003-05-20 00:00:00,0.02899595357495935,-0.0891189819120246,0.1471108890619433,133.25,35.55
8904,2003-05-21 00:00:00,0.010404454783136395,-0.10770423762326208,0.12851314718953488,133.25,35.55
8905,2003-05-22 00:00:00,-0.01035787840508393,-0.12845599902587956,0.10774024221571167,133.25,35.55
8906,2003-05-23 00:00:00,0.02397307123371373,-0.09411277773029844,0.1420589201977259,133.25,35.55
8907,2003-05-24 00:00:00,0.016787602837959197,-0.10132343781061633,0.13489864348653471,133.25,35.55
8908,2003-05-25 00:00:00,0.008222931569404974,-0.11007808723606873,0.12652395037487865,133.25,35.55
8909,2003-05-26 00:00:00,0.027523942246338282,-0.0913887074852644,0.14643659197794096,133.25,35.55
8910,2003-05-27 00:00:00,-0.005930827913779208,-0.12471734859898526,0.11285569277142682,133.25,35.55
8911,2003-05-28 00:00:00,-0.02750250073307449,-0.1458045085213476,0.09079950705519862,133.25,35.55
8912,2003-05-29 00:00:00,0.015985123983201382,-0.1022874066895662,0.13425765465596898,133.25,35.55
8913,2003-05-30 00:00:00,0.05416269287081012,-0.06438816531412775,0.17271355105574798,133.25,35.55
8914,2003-05-31 00:00:00,0.16115362583056256,0.033117992321329226,0.2891892593397959,133.25,35.55
8915,2003-06-01 00:00:00,0.14585771623506266,0.014677021834112625,0.2770384106360127,133.25,35.55
8916,2003-06-02 00:00:00,0.036244575652153374,-0.0825127252712356,0.15500187657554235,133.25,35.55
8917,2003-06-03 00:00:00,0.004111398163674318,-0.11403282971054947,0.1222556260378981,133.25,35.55
8918,2003-06-04 00:00:00,0.03747178724380861,-0.08071437090179365,0.15565794538941088,133.25,35.55
8919,2003-06-05 00:00:00,0.06829948255318513,-0.049943375998186997,0.18654234110455725,133.25,35.55
8920,2003-06-06 00:00:00,0.05054421173448874,-0.06755323917366382,0.1686416626426413,133.25,35.55
8921,2003-06-07 00:00:00,0.051686538946289995,-0.06642057805159804,0.16979365594417806,133.25,35.55
8922,2003-06-08 00:00:00,0.010274648607244877,-0.10781341050754188,0.12836270772203162,133.25,35.55
8923,2003-06-09 00:00:00,-0.023978060041502443,-0.14222216890157066,0.0942660488185658,133.25,35.55
8924,2003-06-10 00:00:00,0.017120555227133308,-0.10187882323139504,0.13611993368566164,133.25,35.55
8925,2003-06-11 00:00:00,0.02827484415780712,-0.09092029741112426,0.14746998572673847,133.25,35.55
8926,2003-06-12 00:00:00,0.05725208490115233,-0.06100365776944015,0.1755078275717448,133.25,35.55
8927,2003-06-13 00:00:00,0.0634662535994511,-0.05503976056330731,0.1819722677622095,133.25,35.55
8928,2003-06-14 00:00:00,0.035273445544214424,-0.08302398982687903,0.15357088091530785,133.25,35.55
8929,2003-06-15 00:00:00,0.031235769638874526,-0.08690639310983675,0.1493779323875858,133.25,35.55
8930,2003-06-16 00:00:00,0.018631037457723845,-0.0994461673163062,0.1367082422317539,133.25,35.55
8931,2003-06-17 00:00:00,0.032759117109370434,-0.08536615597163016,0.15088439019037106,133.25,35.55
8932,2003-06-18 00:00:00,0.05383857070750258,-0.06426935538090807,0.17194649679591326,133.25,35.55
8933,2003-06-19 00:00:00,0.07298930523150225,-0.045668594661378716,0.1916472051243832,133.25,35.55
8934,2003-06-20 00:00:00,0.2835408273176885,0.15901413257695296,0.4080675220584241,133.25,35.55
8935,2003-06-21 00:00:00,-0.03701258218843613,-0.15572201235580002,0.08169684797892775,133.25,35.55
8936,2003-06-22 00:00:00,0.05100092457574328,-0.06709884889422629,0.16910069804571284,133.25,35.55
8937,2003-06-23 00:00:00,0.06944164498173849,-0.048713059732501535,0.18759634969597846,133.25,35.55
8938,2003-06-24 00:00:00,0.12628828251588914,0.007914490839406235,0.2446620741923721,133.25,35.55
8939,2003-06-25 00:00:00,0.11527455976492065,-0.003045870956845373,0.2335949904866867,133.25,35.55
8940,2003-06-26 00:00:00,0.05904071949030939,-0.059222516142300174,0.17730395512291894,133.25,35.55
8941,2003-06-27 00:00:00,0.06293030447608004,-0.05532254575287614,0.1811831547050362,133.25,35.55
8942,2003-06-28 00:00:00,0.11805182703364288,-0.0012317003912109409,0.23733535445849674,133.25,35.55
8943,2003-06-29 00:00:00,0.03988751667099272,-0.07903411864437336,0.1588091519863588,133.25,35.55
8944,2003-06-30 00:00:00,0.05027699161166662,-0.06785923679493824,0.1684132200182715,133.25,35.55
8945,2003-07-01 00:00:00,0.0505730093708511,-0.06757287974218959,0.1687188984838918,133.25,35.55
8946,2003-07-02 00:00:00,-0.004121591642009922,-0.12232124609063,0.11407806280661015,133.25,35.55
8947,2003-07-03 00:00:00,0.0767564154058181,-0.04194954718416638,0.19546237799580254,133.25,35.55
8948,2003-07-04 00:00:00,0.3233295205731797,0.2021495395432916,0.4445095016030678,133.25,35.55
8949,2003-07-05 00:00:00,0.017748395350743986,-0.10103750246604626,0.13653429316753424,133.25,35.55
8950,2003-07-06 00:00:00,0.08018424961148156,-0.03820667895866363,0.19857517818162676,133.25,35.55
8951,2003-07-07 00:00:00,0.026399938569814967,-0.0924444227410001,0.14524429988063006,133.25,35.55
8952,2003-07-08 00:00:00,0.041649741531749634,-0.0771364428494981,0.16043592591299738,133.25,35.55
8953,2003-07-09 00:00:00,0.07508083478060418,-0.04308676700604496,0.19324843656725327,133.25,35.55
8954,2003-07-10 00:00:00,0.1785043167544761,0.060084012282832826,0.2969246212261193,133.25,35.55
8955,2003-07-11 00:00:00,0.1280890617095268,0.009578839312019749,0.24659928410703386,133.25,35.55
8956,2003-07-12 00:00:00,0.02664010256256624,-0.0917034591703298,0.14498366429546228,133.25,35.55
8957,2003-07-13 00:00:00,0.05279787968034812,-0.06548275013364764,0.1710785094943439,133.25,35.55
8958,2003-07-14 00:00:00,0.05088506340196538,-0.06771087410444948,0.16948100090838022,133.25,35.55
8959,2003-07-15 00:00:00,0.023852054101194897,-0.09437555437478974,0.14207966257717952,133.25,35.55
8960,2003-07-16 00:00:00,-0.005328949440041968,-0.12344185336759672,0.11278395448751274,133.25,35.55
8961,2003-07-17 00:00:00,-0.003784529691183685,-0.12189324519273526,0.11432418581036785,133.25,35.55
8962,2003-07-18 00:00:00,0.06645755666608029,-0.05178639655323941,0.18470150988540002,133.25,35.55
8963,2003-07-19 00:00:00,0.1001722831463366,-0.01877093747190521,0.2191155037645784,133.25,35.55
8964,2003-07-20 00:00:00,0.08308720548375234,-0.03537477811310785,0.20154918908061253,133.25,35.55
8965,2003-07-21 00:00:00,0.04825830781269212,-0.06992150712869732,0.16643812275408154,133.25,35.55
8966,2003-07-22 00:00:00,0.005855692433068105,-0.1122800511054264,0.12399143597156262,133.25,35.55
8967,2003-07-23 00:00:00,0.142344443144707,0.024029326386450302,0.2606595599029637,133.25,35.55
8968,2003-07-24 00:00:00,0.14128343103148785,0.02267534129383041,0.25989152076914523,133.25,35.55
8969,2003-07-25 00:00:00,0.01514221571728009,-0.1030961901122964,0.1333806215468566,133.25,35.55
8970,2003-07-26 00:00:00,0.02187049614566694,-0.09631668875311683,0.1400576810444507,133.25,35.55
8971,2003-07-27 00:00:00,0.0180522679224377,-0.10015560372477607,0.1362601395696515,133.25,35.55
8972,2003-07-28 00:00:00,0.03134066862235154,-0.08677516025532894,0.14945649750003198,133.25,35.55
8973,2003-07-29 00:00:00,0.12999410682241613,0.011803875930594092,0.24818433771423815,133.25,35.55
8974,2003-07-30 00:00:00,0.104342146310219,-0.01421756905490916,0.22290186167534715,133.25,35.55
8975,2003-07-31 00:00:00,-0.005827231397137318,-0.12407530157642775,0.11242083878215314,133.25,35.55
8976,2003-08-01 00:00:00,0.0468506478143534,-0.07124114256975772,0.16494243819846455,133.25,35.55
8977,2003-08-02 00:00:00,0.06491149957781099,-0.053169255011374116,0.1829922541669961,133.25,35.55
8978,2003-08-03 00:00:00,0.057067056976940374,-0.06102813667011675,0.1751622506239975,133.25,35.55
8979,2003-08-04 00:00:00,0.06434200333648299,-0.05376528958401036,0.18244929625697634,133.25,35.55
8980,2003-08-05 00:00:00,0.025269693944476528,-0.0928165103722291,0.14335589826118214,133.25,35.55
8981,2003-08-06 00:00:00,0.03587447901917008,-0.08221868097260449,0.15396763901094465,133.25,35.55
8982,2003-08-07 00:00:00,0.08118335940961721,-0.036944114021166936,0.19931083284040133,133.25,35.55
8983,2003-08-08 00:00:00,0.12011296639114673,-0.0005486535682670685,0.2407745863505605,133.25,35.55
8984,2003-08-09 00:00:00,0.09845169022802537,-0.04109542852295206,0.23799880897900286,133.25,35.55
8985,2003-08-10 00:00:00,0.1029693984194337,-0.01870764682964196,0.22464644366850936,133.25,35.55
8986,2003-08-11 00:00:00,0.05048635927688137,-0.06766585967677861,0.16863857823054135,133.25,35.55
8987,2003-08-12 00:00:00,0.033200452686943674,-0.08503157439374691,0.15143247976763424,133.25,35.55
8988,2003-08-13 00:00:00,-0.02350513342210673,-0.14167447601672006,0.0946642091725066,133.25,35.55
8989,2003-08-14 00:00:00,0.007583940713404312,-0.11055654793631907,0.1257244293631277,133.25,35.55
8990,2003-08-15 00:00:00,-0.01338389953088233,-0.13170538143875507,0.1049375823769904,133.25,35.55
8991,2003-08-16 00:00:00,-0.02324994437635404,-0.14150240988363558,0.0950025211309275,133.25,35.55
8992,2003-08-17 00:00:00,0.046433712265633184,-0.0718080429727431,0.16467546750400947,133.25,35.55
8993,2003-08-18 00:00:00,0.028893623609489924,-0.08926998469524057,0.14705723191422046,133.25,35.55
8994,2003-08-19 00:00:00,0.03004234460195608,-0.0880615183097044,0.14814620751361654,133.25,35.55
8995,2003-08-20 00:00:00,0.027749630416383158,-0.09033287796805567,0.14583213880082202,133.25,35.55
8996,2003-08-21 00:00:00,0.029672609238774805,-0.08840983246430442,0.14775505094185404,133.25,35.55
8997,2003-08-22 00:00:00,0.04151391163379524,-0.07656710206904375,0.15959492533663422,133.25,35.55
8998,2003-08-23 00:00:00,0.0982204136285566,-0.01989112277584623,0.21633195003295946,133.25,35.55
8999,2003-08-24 00:00:00,0.08301763347504387,-0.03512339525005721,0.20115866220014492,133.25,35.55
9000,2003-08-25 00:00:00,0.11189257909536114,-0.006351626722197981,0.2301367849129203,133.25,35.55
9001,2003-08-26 00:00:00,0.09838548125097232,-0.019932981406002432,0.21670394390794706,133.25,35.55
9002,2003-08-27 00:00:00,-0.011375430727816434,-0.12959781141670665,0.1068469499610738,133.25,35.55
9003,2003-08-28 00:00:00,0.14385630907896285,0.02510046409079318,0.2626121540671325,133.25,35.55
9004,2003-08-29 00:00:00,0.1039917660148892,-0.01464813312359489,0.22263166515337326,133.25,35.55
9005,2003-08-30 00:00:00,-0.035456732601844385,-0.15372061873229,0.08280715352860121,133.25,35.55
9006,2003-08-31 00:00:00,0.07374789052589259,-0.04477419956210993,0.1922699806138951,133.25,35.55
9007,2003-09-01 00:00:00,0.01718977032614588,-0.10112238321527828,0.13550192386757004,133.25,35.55
9008,2003-09-02 00:00:00,0.005573269434178679,-0.11254081422912604,0.12368735309748342,133.25,35.55
9009,2003-09-03 00:00:00,0.037868077125931016,-0.08022013635469973,0.15595629060656174,133.25,35.55
9010,2003-09-04 00:00:00,0.011277417572073777,-0.1068045188466977,0.12935935399084525,133.25,35.55
9011,2003-09-05 00:00:00,0.05902578331394848,-0.059120636290921826,0.17717220291881874,133.25,35.55
9012,2003-09-06 00:00:00,0.0954394852573153,-0.022895371563006157,0.21377434207763674,133.25,35.55
9013,2003-09-07 00:00:00,-0.02894803768577608,-0.1471796001190004,0.08928352474744823,133.25,35.55
9014,2003-09-08 00:00:00,0.08637757343589361,-0.031879974626739305,0.20463512149852653,133.25,35.55
9015,2003-09-09 00:00:00,0.06447717496733336,-0.05375914135730397,0.1827134912919707,133.25,35.55
9016,2003-09-10 00:00:00,0.07674566088325126,-0.04147847979139724,0.19496980155789972,133.25,35.55
9017,2003-09-11 00:00:00,-0.0029713434110301496,-0.1211662110363351,0.1152235242142748,133.25,35.55
9018,2003-09-12 00:00:00,0.018489354060932158,-0.09984782984108954,0.13682653796295385,133.25,35.55
9019,2003-09-13 00:00:00,0.2828331454614448,0.15738644031003093,0.40827985061285865,133.25,35.55
9020,2003-09-14 00:00:00,0.20796773071355884,0.0844718598417637,0.331463601585354,133.25,35.55
9021,2003-09-15 00:00:00,0.022845700216536532,-0.09539107619751414,0.1410824766305872,133.25,35.55
9022,2003-09-16 00:00:00,0.034118187454875694,-0.08399839250847255,0.15223476741822392,133.25,35.55
9023,2003-09-17 00:00:00,0.04295088766460879,-0.07514067756121881,0.16104245289043634,133.25,35.55
9024,2003-09-18 00:00:00,0.045007201510605784,-0.07307480144424741,0.16308920446545894,133.25,35.55
9025,2003-09-19 00:00:00,0.07351068070759875,-0.044881966790893034,0.19190332820609046,133.25,35.55
9026,2003-09-20 00:00:00,-0.058282627158955914,-0.1768394068952053,0.06027415257729349,133.25,35.55
9027,2003-09-21 00:00:00,-0.02666816473968655,-0.1455417651537437,0.09220543567437063,133.25,35.55
9028,2003-09-22 00:00:00,-0.057397554982529964,-0.17687045378699576,0.06207534382193582,133.25,35.55
9029,2003-09-23 00:00:00,-0.05715134203854168,-0.1760618905163993,0.061759206439315935,133.25,35.55
9030,2003-09-24 00:00:00,0.0004115584205128739,-0.11824293585576698,0.11906605269679273,133.25,35.55
9031,2003-09-25 00:00:00,0.027665563722883216,-0.09111560388926893,0.14644673133503533,133.25,35.55
9032,2003-09-26 00:00:00,0.03592249698510355,-0.08230896014520636,0.15415395411541347,133.25,35.55
9033,2003-09-27 00:00:00,0.03638809831523045,-0.08181445323888703,0.1545906498693479,133.25,35.55
9034,2003-09-28 00:00:00,0.012545956658192858,-0.1056049889939627,0.13069690231034842,133.25,35.55
9035,2003-09-29 00:00:00,0.0071778905141576185,-0.1110679185989056,0.12542369962722086,133.25,35.55
9036,2003-09-30 00:00:00,-0.030867484548604582,-0.14935171899968872,0.08761674990247956,133.25,35.55
9037,2003-10-01 00:00:00,0.07131746105869187,-0.046935567196100536,0.1895704893134843,133.25,35.55
9038,2003-10-02 00:00:00,0.14442528783040054,0.02610782437438898,0.2627427512864121,133.25,35.55
9039,2003-10-03 00:00:00,-0.02113939891183066,-0.13940986343419492,0.0971310656105336,133.25,35.55
9040,2003-10-04 00:00:00,-0.01902907791864162,-0.1372222771040929,0.09916412126680964,133.25,35.55
9041,2003-10-05 00:00:00,-0.01791862815960015,-0.1361542907028513,0.10031703438365096,133.25,35.55
9042,2003-10-06 00:00:00,0.006597194820455675,-0.1115524946831377,0.12474688432404905,133.25,35.55
9043,2003-10-07 00:00:00,-0.015736852463640198,-0.13387704888222834,0.10240334395494796,133.25,35.55
9044,2003-10-08 00:00:00,-0.01880590698479901,-0.13693045119349134,0.09931863722389336,133.25,35.55
9045,2003-10-09 00:00:00,-0.01974429920612156,-0.13791710346006966,0.09842850504782656,133.25,35.55
9046,2003-10-10 00:00:00,-0.012838131762627044,-0.1310432039516179,0.1053669404263638,133.25,35.55
9047,2003-10-11 00:00:00,-0.024864821691932118,-0.1431008711510073,0.09337122776714307,133.25,35.55
9048,2003-10-12 00:00:00,0.04263514700190565,-0.07578333377783626,0.16105362778164756,133.25,35.55
9049,2003-10-13 00:00:00,-0.0134356372192843,-0.1325117687244416,0.105640494285873,133.25,35.55
9050,2003-10-14 00:00:00,0.10844651463370383,-0.010416887707912992,0.22730991697532066,133.25,35.55
9051,2003-10-15 00:00:00,0.11707293139048446,-0.001590417801548727,0.2357362805825176,133.25,35.55
9052,2003-10-16 00:00:00,0.04328111683823181,-0.07515398734797292,0.16171622102443656,133.25,35.55
9053,2003-10-17 00:00:00,-0.025397123320925915,-0.14356610511173515,0.09277185846988333,133.25,35.55
9054,2003-10-18 00:00:00,0.03981816669457272,-0.07837520523430849,0.15801153862345393,133.25,35.55
9055,2003-10-19 00:00:00,-0.019150701017048872,-0.13740728571170022,0.09910588367760248,133.25,35.55
9056,2003-10-20 00:00:00,0.0042732650091453495,-0.11386953860300207,0.12241606862129277,133.25,35.55
9057,2003-10-21 00:00:00,0.055603752730538934,-0.06257631976849387,0.17378382522957173,133.25,35.55
9058,2003-10-22 00:00:00,0.05856288138221391,-0.059743319633090285,0.1768690823975181,133.25,35.55
9059,2003-10-23 00:00:00,0.10425498006403157,-0.014283477693874044,0.2227934378219372,133.25,35.55
9060,2003-10-24 00:00:00,0.04632214141204368,-0.07211266079717675,0.16475694362126408,133.25,35.55
9061,2003-10-25 00:00:00,0.052886088372473376,-0.06535318800648854,0.17112536475143528,133.25,35.55
9062,2003-10-26 00:00:00,0.050290899841222425,-0.06798925783441287,0.16857105751685775,133.25,35.55
9063,2003-10-27 00:00:00,0.0045113360706331975,-0.11373938000359675,0.12276205214486313,133.25,35.55
9064,2003-10-28 00:00:00,0.18181748185712865,0.06325623995655827,0.30037872375769903,133.25,35.55
9065,2003-10-29 00:00:00,0.16704934819401107,0.046258596099651016,0.28784010028837115,133.25,35.55
9066,2003-10-30 00:00:00,-0.04949223424017754,-0.16881113078658527,0.0698266623062302,133.25,35.55
9067,2003-10-31 00:00:00,0.0187269496634214,-0.0994484419238561,0.1369023412506989,133.25,35.55
9068,2003-11-01 00:00:00,0.05766465271623712,-0.06046028284502659,0.17578958827750082,133.25,35.55
9069,2003-11-02 00:00:00,0.03865221152282043,-0.07943451853891609,0.15673894158455695,133.25,35.55
9070,2003-11-03 00:00:00,0.08809379569921587,-0.0300486429535763,0.20623623435200805,133.25,35.55
9071,2003-11-04 00:00:00,-0.11160165797108122,-0.23015990441816905,0.006956588476006595,133.25,35.55
9072,2003-11-05 00:00:00,0.052351554478787685,-0.0659659437904627,0.17066905274803806,133.25,35.55
9073,2003-11-06 00:00:00,0.0374238471775971,-0.08083282953994285,0.15568052389513706,133.25,35.55
9074,2003-11-07 00:00:00,-0.033870901159415406,-0.15203273865845676,0.08429093633962595,133.25,35.55
9075,2003-11-08 00:00:00,0.05963208689405896,-0.058741039507270026,0.17800521329538796,133.25,35.55
9076,2003-11-09 00:00:00,-0.01100951561552515,-0.12973635704728828,0.107717325816238,133.25,35.55
9077,2003-11-10 00:00:00,0.003394208623440906,-0.11519410169222699,0.12198251893910883,133.25,35.55
9078,2003-11-11 00:00:00,0.0655217955272665,-0.05324184679030404,0.18428543784483706,133.25,35.55
9079,2003-11-12 00:00:00,0.006281554688124476,-0.11393541106965925,0.1264985204459082,133.25,35.55
9080,2003-11-13 00:00:00,0.025203792364628497,-0.09363202612331226,0.14403961085256925,133.25,35.55
9081,2003-11-14 00:00:00,-0.006854585634270154,-0.12532344037750587,0.11161426910896556,133.25,35.55
9082,2003-11-15 00:00:00,0.0702601727585495,-0.04797972926215247,0.18850007477925146,133.25,35.55
9083,2003-11-16 00:00:00,0.12276864209607034,0.004112789650720068,0.24142449454142065,133.25,35.55
9084,2003-11-17 00:00:00,-0.032613955815098766,-0.15106144163605803,0.08583353000586047,133.25,35.55
9085,2003-11-18 00:00:00,-0.007244307091462898,-0.12549415736381953,0.11100554318089373,133.25,35.55
9086,2003-11-19 00:00:00,0.05178261915522664,-0.06638030090295816,0.16994553921341146,133.25,35.55
9087,2003-11-20 00:00:00,0.010862435063497752,-0.1073120165202673,0.12903688664726282,133.25,35.55
9088,2003-11-21 00:00:00,0.15622759922395044,0.03779310648105151,0.27466209196684943,133.25,35.55
9089,2003-11-22 00:00:00,0.1540568339836458,0.03491564030425892,0.2731980276630327,133.25,35.55
9090,2003-11-23 00:00:00,-0.10900203978446864,-0.22771543152074125,0.00971135195180399,133.25,35.55
9091,2003-11-24 00:00:00,-0.03818226518789048,-0.1563712061613371,0.08000667578555612,133.25,35.55
9092,2003-11-25 00:00:00,0.036125796052216906,-0.0821977700472809,0.15444936215171473,133.25,35.55
9093,2003-11-26 00:00:00,-0.17967598271426308,-0.29868463283285274,-0.060667332595673425,133.25,35.55
9094,2003-11-27 00:00:00,-0.039876075663282384,-0.15861745671508826,0.07886530538852349,133.25,35.55
9095,2003-11-28 00:00:00,-0.08534081362402607,-0.2051435903796186,0.03446196313156648,133.25,35.55
9096,2003-11-29 00:00:00,0.1260494182222327,0.006356092952106014,0.2457427434923594,133.25,35.55
9097,2003-11-30 00:00:00,0.05074662242312173,-0.06796613842069553,0.16945938326693896,133.25,35.55
9098,2003-12-01 00:00:00,-0.003991938040249429,-0.12279403331994462,0.11481015723944575,133.25,35.55
9099,2003-12-02 00:00:00,-0.05581411081407348,-0.17462977744161468,0.06300155581346774,133.25,35.55
9100,2003-12-03 00:00:00,-0.03892478867193809,-0.15748317865949074,0.07963360131561455,133.25,35.55
9101,2003-12-04 00:00:00,0.015810842131610398,-0.10289353670996586,0.13451522097318666,133.25,35.55
9102,2003-12-05 00:00:00,-0.00741602838578248,-0.1257221320171904,0.11089007524562547,133.25,35.55
9103,2003-12-06 00:00:00,0.14608105073284244,0.027502929676988183,0.2646591717886967,133.25,35.55
9104,2003-12-07 00:00:00,0.17659246638539106,0.0563463405258562,0.2968385922449259,133.25,35.55
9105,2003-12-08 00:00:00,0.07479262778519777,-0.04457576281719272,0.19416101838758826,133.25,35.55
9106,2003-12-09 00:00:00,0.06778707359842198,-0.05092320521511812,0.18649735241196208,133.25,35.55
9107,2003-12-10 00:00:00,-0.004955249198473566,-0.12332047572388954,0.11340997732694245,133.25,35.55
9108,2003-12-11 00:00:00,0.042933572629935454,-0.07528387712631271,0.16115102238618362,133.25,35.55
9109,2003-12-12 00:00:00,0.09174208807743944,-0.02729641218861925,0.21078058834349814,133.25,35.55
9110,2003-12-13 00:00:00,0.052521985567192175,-0.06617879980100115,0.17122277093538552,133.25,35.55
9111,2003-12-14 00:00:00,0.041836847724016,-0.07642108983489622,0.16009478528292825,133.25,35.55
9112,2003-12-15 00:00:00,0.10220476039247033,-0.016201512887653327,0.22061103367259394,133.25,35.55
9113,2003-12-16 00:00:00,-0.008295775050376188,-0.12698862286606186,0.11039707276530944,133.25,35.55
9114,2003-12-17 00:00:00,0.11550037747463975,-0.0030065969102273248,0.23400735185950686,133.25,35.55
9115,2003-12-18 00:00:00,0.0993997112878888,-0.01987455311305128,0.21867397568882888,133.25,35.55
9116,2003-12-19 00:00:00,0.1852582662433117,0.06568699832141728,0.3048295341652061,133.25,35.55
9117,2003-12-20 00:00:00,0.03154164119014132,-0.08898150512312293,0.15206478750340555,133.25,35.55
9118,2003-12-21 00:00:00,0.013416979548848816,-0.10583999775771208,0.1326739568554097,133.25,35.55
9119,2003-12-22 00:00:00,0.17341261293344762,0.054921561594602944,0.2919036642722923,133.25,35.55
9120,2003-12-23 00:00:00,0.11614659687521607,-0.002398595878980128,0.2346917896294123,133.25,35.55
9121,2003-12-24 00:00:00,0.09318589835033657,-0.025193879556040952,0.21156567625671407,133.25,35.55
9122,2003-12-25 00:00:00,0.07770916117377605,-0.04060603978868053,0.19602436213623264,133.25,35.55
9123,2003-12-26 00:00:00,0.15591703641957064,0.03729013321268525,0.274543939626456,133.25,35.55
9124,2003-12-27 00:00:00,-0.039774050833248094,-0.1590674478001762,0.07951934613367999,133.25,35.55
9125,2003-12-28 00:00:00,-0.024056333634071628,-0.1431351557449232,0.09502248847677994,133.25,35.55
9126,2003-12-29 00:00:00,0.1500624824430426,0.03158632683568517,0.26853863805039996,133.25,35.55
9127,2003-12-30 00:00:00,0.09268464518710497,-0.026310072682436774,0.2116793630566467,133.25,35.55
9128,2003-12-31 00:00:00,0.1378761060934793,0.019368611161340397,0.2563836010256182,133.25,35.55
9129,2004-01-01 00:00:00,0.08652523585338434,-0.032033551437121804,0.2050840231438905,133.25,35.55
9130,2004-01-02 00:00:00,0.08534308870911628,-0.033001379140060134,0.20368755655829268,133.25,35.55
9131,2004-01-03 00:00:00,0.08385740313841054,-0.03442666604316803,0.20214147231998916,133.25,35.55
9132,2004-01-04 00:00:00,-0.01637683662203656,-0.13459404639299186,0.1018403731489187,133.25,35.55
9133,2004-01-05 00:00:00,-0.021424782818464983,-0.13958396724143302,0.09673440160450304,133.25,35.55
9134,2004-01-06 00:00:00,0.012548564404113328,-0.10564032323626094,0.13073745204448758,133.25,35.55
9135,2004-01-07 00:00:00,0.05415327418171922,-0.06412408419480911,0.17243063255824753,133.25,35.55
9136,2004-01-08 00:00:00,0.010842849310609665,-0.1085088359641706,0.13019453458538993,133.25,35.55
9137,2004-01-09 00:00:00,-0.0029338067707712486,-0.12183271712129068,0.1159651035797482,133.25,35.55
9138,2004-01-10 00:00:00,0.0965697448507918,-0.02172080468475521,0.21486029438633886,133.25,35.55
9139,2004-01-11 00:00:00,-0.012833236531198649,-0.13164768116841266,0.10598120810601534,133.25,35.55
9140,2004-01-12 00:00:00,0.07412126134300692,-0.044385742689169616,0.19262826537518346,133.25,35.55
9141,2004-01-13 00:00:00,0.2576289260652759,0.13614201183832494,0.3791158402922268,133.25,35.55
9142,2004-01-14 00:00:00,-0.009613109977951813,-0.13198558179667352,0.11275936184076993,133.25,35.55
9143,2004-01-15 00:00:00,-0.012232300936572292,-0.13094886917997214,0.10648426730682757,133.25,35.55
9144,2004-01-16 00:00:00,-0.046700586477986805,-0.16512047577901615,0.07171930282304258,133.25,35.55
9145,2004-01-17 00:00:00,0.011776567503762408,-0.1066620692094435,0.1302152042169683,133.25,35.55
9146,2004-01-18 00:00:00,0.025711985057348785,-0.0926249763845078,0.14404894649920535,133.25,35.55
9147,2004-01-19 00:00:00,0.18916653263637986,0.06980819406741362,0.30852487120534605,133.25,35.55
9148,2004-01-20 00:00:00,0.024225998607528887,-0.09492339099683804,0.14337538821189585,133.25,35.55
9149,2004-01-21 00:00:00,0.13670472461501787,0.01748179922270078,0.255927650007335,133.25,35.55
9150,2004-01-22 00:00:00,0.3656617134757597,0.24556924311755185,0.4857541838339676,133.25,35.55
9151,2004-01-23 00:00:00,0.1930855632823592,0.07286414636465971,0.31330698020005865,133.25,35.55
9152,2004-01-24 00:00:00,0.10639659875867263,-0.01262820412591266,0.2254214016432579,133.25,35.55
9153,2004-01-25 00:00:00,0.051738149524882496,-0.06720198311116017,0.17067828216092518,133.25,35.55
9154,2004-01-26 00:00:00,0.05505132932073513,-0.06342747950695568,0.17353013814842594,133.25,35.55
9155,2004-01-27 00:00:00,0.07583462111252981,-0.04245512221555019,0.19412436444060985,133.25,35.55
9156,2004-01-28 00:00:00,0.08518473740143244,-0.033184044994593376,0.20355351979745825,133.25,35.55
9157,2004-01-29 00:00:00,0.06978946608508445,-0.04860748311721645,0.18818641528738533,133.25,35.55
9158,2004-01-30 00:00:00,0.04000760154244392,-0.07821109393573268,0.1582262970206205,133.25,35.55
9159,2004-01-31 00:00:00,-0.021625452568978656,-0.13983685201431606,0.09658594687635877,133.25,35.55
9160,2004-02-01 00:00:00,0.037498676366159785,-0.08067581488321897,0.15567316761553854,133.25,35.55
9161,2004-02-02 00:00:00,0.13213600561610356,0.013789676922332073,0.25048233430987504,133.25,35.55
9162,2004-02-03 00:00:00,0.09567266812847622,-0.022920999050699803,0.21426633530765224,133.25,35.55
9163,2004-02-04 00:00:00,0.14881546375465415,0.03011265826183297,0.2675182692474753,133.25,35.55
9164,2004-02-05 00:00:00,0.2034759437232276,0.08389875461039675,0.3230531328360584,133.25,35.55
9165,2004-02-06 00:00:00,0.08528001179690331,-0.03460143301372126,0.20516145660752788,133.25,35.55
9166,2004-02-07 00:00:00,0.19270085704517506,0.07359624225095472,0.3118054718393953,133.25,35.55
9167,2004-02-08 00:00:00,0.08913962236866149,-0.029868216740891487,0.20814746147821447,133.25,35.55
9168,2004-02-09 00:00:00,0.06497252971155583,-0.05353626578326183,0.1834813252063735,133.25,35.55
9169,2004-02-10 00:00:00,-0.041894909862886784,-0.16016879294224395,0.07637897321647039,133.25,35.55
9170,2004-02-11 00:00:00,0.0587540713118259,-0.059484496887986675,0.17699263951163846,133.25,35.55
9171,2004-02-12 00:00:00,0.08546419283653793,-0.032980180956023675,0.2039085666290995,133.25,35.55
9172,2004-02-13 00:00:00,0.015019375004274109,-0.1032424003031176,0.13328115031166582,133.25,35.55
9173,2004-02-14 00:00:00,0.3002980086513169,0.18134050751951172,0.41925550978312215,133.25,35.55
9174,2004-02-15 00:00:00,0.2247806730771673,0.10393256699510993,0.34562877915922463,133.25,35.55
9175,2004-02-16 00:00:00,-0.07863660150280527,-0.19765907361273893,0.04038587060712838,133.25,35.55
9176,2004-02-17 00:00:00,0.17657180034959447,0.057983654256100685,0.29515994644308824,133.25,35.55
9177,2004-02-18 00:00:00,0.06452429431927688,-0.05431805528421305,0.1833666439227668,133.25,35.55
9178,2004-02-19 00:00:00,0.04228286913854018,-0.07585831191597989,0.16042405019306025,133.25,35.55
9179,2004-02-20 00:00:00,-0.05956703245553663,-0.17781269957617926,0.05867863466510601,133.25,35.55
9180,2004-02-21 00:00:00,0.045894559241147485,-0.07231744209869866,0.16410656058099365,133.25,35.55
9181,2004-02-22 00:00:00,0.35072690516909416,0.2314390572073365,0.4700147531308518,133.25,35.55
9182,2004-02-23 00:00:00,0.13138495707989573,0.0067299612665527725,0.25603995289323866,133.25,35.55
9183,2004-02-24 00:00:00,0.057363803667250225,-0.061703454701156936,0.1764310620356574,133.25,35.55
9184,2004-02-25 00:00:00,0.09818407954403023,-0.02014546327757602,0.21651362236563648,133.25,35.55
9185,2004-02-26 00:00:00,0.12007649418904233,0.001240612152973955,0.2389123762251107,133.25,35.55
9186,2004-02-27 00:00:00,0.09148098427489053,-0.027730000236500168,0.2106919687862812,133.25,35.55
9187,2004-02-28 00:00:00,0.10424320607829823,-0.014056183796543165,0.22254259595313966,133.25,35.55
9188,2004-02-29 00:00:00,0.07358384517236298,-0.045766589971366164,0.1929342803160921,133.25,35.55
9189,2004-03-01 00:00:00,-0.017782475613219148,-0.13728424867038191,0.1017192974439436,133.25,35.55
9190,2004-03-02 00:00:00,0.09853089013020022,-0.020537359204457,0.21759913946485746,133.25,35.55
9191,2004-03-03 00:00:00,0.03514397140451249,-0.08348528549692973,0.1537732283059547,133.25,35.55
9192,2004-03-04 00:00:00,0.07452833294641004,-0.044142616802081834,0.1931992826949019,133.25,35.55
9193,2004-03-05 00:00:00,0.0809751657164313,-0.03797747448756498,0.1999278059204276,133.25,35.55
9194,2004-03-06 00:00:00,0.16980350964989405,0.047853588316642506,0.2917534309831456,133.25,35.55
9195,2004-03-07 00:00:00,-0.0011915215317981967,-0.12214950652580955,0.11976646346221315,133.25,35.55
9196,2004-03-08 00:00:00,0.03207715453833579,-0.08626948492549211,0.15042379400216369,133.25,35.55
9197,2004-03-09 00:00:00,0.10178615931653373,-0.016527093406273174,0.22009941203934064,133.25,35.55
9198,2004-03-10 00:00:00,0.17641513927281527,0.057926794835934485,0.29490348370969605,133.25,35.55
9199,2004-03-11 00:00:00,0.13715673364815356,0.01791747319387776,0.25639599410242936,133.25,35.55
9200,2004-03-12 00:00:00,-0.020961624821038864,-0.13987533081457346,0.0979520811724957,133.25,35.55
9201,2004-03-13 00:00:00,0.07040525433556352,-0.04827326899754192,0.18908377766866896,133.25,35.55
9202,2004-03-14 00:00:00,0.020264195035035848,-0.09815487521773908,0.13868326528781078,133.25,35.55
9203,2004-03-15 00:00:00,0.0007199467807011972,-0.11745560146045585,0.11889549502185826,133.25,35.55
9204,2004-03-16 00:00:00,0.0692957736078732,-0.04888516719485127,0.18747671441059768,133.25,35.55
9205,2004-03-17 00:00:00,0.2443666041270697,0.12565976099871895,0.3630734472554205,133.25,35.55
9206,2004-03-18 00:00:00,0.040603614993892964,-0.07913164640287325,0.1603388763906592,133.25,35.55
9207,2004-03-19 00:00:00,0.028907309152673314,-0.0896390751954559,0.1474536935008025,133.25,35.55
9208,2004-03-20 00:00:00,0.012401352542341086,-0.10577506565164303,0.13057777073632526,133.25,35.55
9209,2004-03-21 00:00:00,0.0038820028357792608,-0.11423812475556427,0.1220021304271228,133.25,35.55
9210,2004-03-22 00:00:00,-0.02567933759783559,-0.1442531555181765,0.09289448032250533,133.25,35.55
9211,2004-03-23 00:00:00,0.04419301558933407,-0.07470235511823621,0.16308838629690434,133.25,35.55
9212,2004-03-24 00:00:00,0.0285696771213007,-0.08956799787257902,0.1467073521151804,133.25,35.55
9213,2004-03-25 00:00:00,0.02971129913314474,-0.08848663203036207,0.14790923029665154,133.25,35.55
9214,2004-03-26 00:00:00,0.004137889828802088,-0.11413574702132928,0.12241152667893344,133.25,35.55
9215,2004-03-27 00:00:00,-0.05119229121830566,-0.16958113562511215,0.06719655318850082,133.25,35.55
9216,2004-03-28 00:00:00,0.026163388636551283,-0.09203996099657256,0.14436673826967514,133.25,35.55
9217,2004-03-29 00:00:00,0.030399890103415518,-0.08779376727523963,0.14859354748207065,133.25,35.55
9218,2004-03-30 00:00:00,0.12528456517219216,0.006812792568005113,0.24375633777637926,133.25,35.55
9219,2004-03-31 00:00:00,0.02117977730869916,-0.09759049036575827,0.1399500449831566,133.25,35.55
9220,2004-04-01 00:00:00,0.003384546945977753,-0.11499779420694438,0.12176688809889988,133.25,35.55
9221,2004-04-02 00:00:00,0.14567379581514622,0.024429070008525247,0.2669185216217672,133.25,35.55
9222,2004-04-03 00:00:00,0.15544268552669896,0.03383679182172533,0.2770485792316726,133.25,35.55
9223,2004-04-04 00:00:00,0.017115239610317703,-0.10123517947880784,0.13546565869944327,133.25,35.55
9224,2004-04-05 00:00:00,0.05925592067118675,-0.05905281761706184,0.17756465895943535,133.25,35.55
9225,2004-04-06 00:00:00,0.06294992262191401,-0.055298436864618765,0.1811982821084468,133.25,35.55
9226,2004-04-07 00:00:00,0.06867811474906615,-0.0495387571186421,0.1868949866167744,133.25,35.55
9227,2004-04-08 00:00:00,0.014314348197255872,-0.10422409920287767,0.13285279559738944,133.25,35.55
9228,2004-04-09 00:00:00,0.016363707142601047,-0.10196667136323373,0.13469408564843582,133.25,35.55
9229,2004-04-10 00:00:00,0.062017343749486024,-0.056185751237067434,0.1802204387360395,133.25,35.55
9230,2004-04-11 00:00:00,0.07918673924374442,-0.03896701165460971,0.19734049014209853,133.25,35.55
9231,2004-04-12 00:00:00,0.07534236572271946,-0.04283398758398321,0.19351871902942214,133.25,35.55
9232,2004-04-13 00:00:00,-0.06355505141831433,-0.18180967039277826,0.0546995675561496,133.25,35.55
9233,2004-04-14 00:00:00,0.024418307622686184,-0.09384084873922892,0.1426774639846013,133.25,35.55
9234,2004-04-15 00:00:00,0.03979340865245645,-0.07842609132836678,0.1580129086332797,133.25,35.55
9235,2004-04-16 00:00:00,0.08233714323407629,-0.035874001975518294,0.20054828844367087,133.25,35.55
9236,2004-04-17 00:00:00,0.08567060473179873,-0.03266998234914932,0.20401119181274674,133.25,35.55
9237,2004-04-18 00:00:00,0.023367025229317488,-0.09496191084356684,0.14169596130220186,133.25,35.55
9238,2004-04-19 00:00:00,0.294189255404877,0.1751188235532724,0.4132596872564816,133.25,35.55
9239,2004-04-20 00:00:00,0.1845759197818814,0.0646487074348127,0.3045031321289501,133.25,35.55
9240,2004-04-21 00:00:00,-0.004858262537688788,-0.12327995697313936,0.11356343189776175,133.25,35.55
9241,2004-04-22 00:00:00,0.15156589558144765,0.03323382942312239,0.2698979617397729,133.25,35.55
9242,2004-04-23 00:00:00,0.0625688803046301,-0.055933412072427455,0.18107117268168765,133.25,35.55
9243,2004-04-24 00:00:00,-0.0018514882261009141,-0.12054745619961947,0.11684447974741766,133.25,35.55
9244,2004-04-25 00:00:00,0.05926847124962244,-0.059145919857415415,0.17768286235666028,133.25,35.55
9245,2004-04-26 00:00:00,0.07496147191749493,-0.043436272760775635,0.19335921659576547,133.25,35.55
9246,2004-04-27 00:00:00,0.1702751875444079,0.0448794548913524,0.29567092019746344,133.25,35.55
9247,2004-04-28 00:00:00,0.12003198560987074,-0.0063481820848000905,0.24641215330454164,133.25,35.55
9248,2004-04-29 00:00:00,0.06415321114088787,-0.05490631384457628,0.18321273612635205,133.25,35.55
9249,2004-04-30 00:00:00,0.059654862088753965,-0.05853405824554545,0.17784378242305338,133.25,35.55
9250,2004-05-01 00:00:00,-0.0519028722514961,-0.1701744359114937,0.06636869140850149,133.25,35.55
9251,2004-05-02 00:00:00,-0.004005612756440007,-0.12229530622148704,0.11428408070860703,133.25,35.55
9252,2004-05-03 00:00:00,0.1989912438763537,0.08030088924983235,0.31768159850287503,133.25,35.55
9253,2004-05-04 00:00:00,0.16561618535667574,0.04561562257991193,0.2856167481334396,133.25,35.55
9254,2004-05-05 00:00:00,0.030687629006682718,-0.08840651379273398,0.14978177180609942,133.25,35.55
9255,2004-05-06 00:00:00,0.054011293557921454,-0.06425802995674608,0.17228061707258896,133.25,35.55
9256,2004-05-07 00:00:00,0.04380440893809361,-0.0744907671802656,0.16209958505645286,133.25,35.55
9257,2004-05-08 00:00:00,0.028275702261819226,-0.08985600537697698,0.14640740990061546,133.25,35.55
9258,2004-05-09 00:00:00,0.09271161057892403,-0.02594748693239292,0.21137070809024103,133.25,35.55
9259,2004-05-10 00:00:00,0.16165401684935404,0.04274593495203858,0.2805620987466695,133.25,35.55
9260,2004-05-11 00:00:00,0.11347551728999608,-0.005084376407987631,0.2320354109879798,133.25,35.55
9261,2004-05-12 00:00:00,0.012614110923173659,-0.10556581803854104,0.13079403988488836,133.25,35.55
9262,2004-05-13 00:00:00,0.2289169285668201,0.11022152177865824,0.34761233535498204,133.25,35.55
9263,2004-05-14 00:00:00,0.018058844198583068,-0.10091026101513928,0.13702794941230542,133.25,35.55
9264,2004-05-15 00:00:00,0.0003774449569998728,-0.11793123709881145,0.11868612701281114,133.25,35.55
9265,2004-05-16 00:00:00,0.09990461204097976,-0.018677543519748516,0.21848676760170804,133.25,35.55
9266,2004-05-17 00:00:00,0.10873046954824307,-0.009787585627786284,0.22724852472427245,133.25,35.55
9267,2004-05-18 00:00:00,0.03172994647518305,-0.08675466968851796,0.15021456263888405,133.25,35.55
9268,2004-05-19 00:00:00,0.10428856940107163,-0.01398350022844226,0.22256063903058548,133.25,35.55
9269,2004-05-20 00:00:00,0.06414308870032613,-0.0548907985548841,0.1831769759555364,133.25,35.55
9270,2004-05-21 00:00:00,0.11719496703244467,-0.0012999638853921495,0.2356898979502815,133.25,35.55
9271,2004-05-22 00:00:00,0.05025678911501828,-0.06806446579556732,0.16857804402560386,133.25,35.55
9272,2004-05-23 00:00:00,0.040069804827817836,-0.07811073250229729,0.15825034215793302,133.25,35.55
9273,2004-05-24 00:00:00,0.04661226146566562,-0.07152314018578543,0.16474766311711667,133.25,35.55
9274,2004-05-25 00:00:00,0.02392469423230361,-0.09419144605636197,0.1420408345209692,133.25,35.55
9275,2004-05-26 00:00:00,0.04090682560429668,-0.07723026459457312,0.15904391580316646,133.25,35.55
9276,2004-05-27 00:00:00,0.023324198208878474,-0.09479523766023693,0.14144363407799387,133.25,35.55
9277,2004-05-28 00:00:00,0.0846820215682271,-0.033456242478140684,0.20282028561459486,133.25,35.55
9278,2004-05-29 00:00:00,0.10968510282872436,-0.008720285219592117,0.2280904908770409,133.25,35.55
9279,2004-05-30 00:00:00,0.0715204647259245,-0.0469090991168412,0.1899500285686902,133.25,35.55
9280,2004-05-31 00:00:00,0.1363417537339312,0.017787704577862926,0.2548958028899995,133.25,35.55
9281,2004-06-01 00:00:00,-0.02640877100100255,-0.14500514974161874,0.09218760773961364,133.25,35.55
9282,2004-06-02 00:00:00,-0.020961083450201118,-0.13907114311717292,0.09714897621677067,133.25,35.55
9283,2004-06-03 00:00:00,-0.004002743483106263,-0.12216178949578765,0.1141563025295751,133.25,35.55
9284,2004-06-04 00:00:00,0.025326999533168016,-0.0928678425326612,0.14352184159899725,133.25,35.55
9285,2004-06-05 00:00:00,0.03894946912206526,-0.07921859198560185,0.15711753022973238,133.25,35.55
9286,2004-06-06 00:00:00,0.014322675845951843,-0.10388514019836342,0.1325304918902671,133.25,35.55
9287,2004-06-07 00:00:00,0.06958581855402539,-0.04865196674709928,0.18782360385515007,133.25,35.55
9288,2004-06-08 00:00:00,0.016188618944723572,-0.10217219900831784,0.13454943689776494,133.25,35.55
9289,2004-06-09 00:00:00,0.06969781499091307,-0.0485148075095314,0.18791043749135755,133.25,35.55
9290,2004-06-10 00:00:00,0.04758680651339362,-0.07054247295383526,0.16571608598062249,133.25,35.55
9291,2004-06-11 00:00:00,-0.03377608043141346,-0.15200399382069474,0.0844518329578678,133.25,35.55
9292,2004-06-12 00:00:00,0.06708264399420129,-0.051255515145365034,0.1854208031337676,133.25,35.55
9293,2004-06-13 00:00:00,-0.032530393524321105,-0.1508575297091403,0.0857967426604981,133.25,35.55
9294,2004-06-14 00:00:00,0.020755200729746487,-0.09740293610948056,0.13891333756897356,133.25,35.55
9295,2004-06-15 00:00:00,0.05141060402492306,-0.06669657608736182,0.16951778413720794,133.25,35.55
9296,2004-06-16 00:00:00,0.002405126056104238,-0.11577482723813387,0.12058507935034235,133.25,35.55
9297,2004-06-17 00:00:00,0.02292834987663109,-0.0952062591113186,0.14106295886458078,133.25,35.55
9298,2004-06-18 00:00:00,0.07334573287241522,-0.04480538224915763,0.19149684799398808,133.25,35.55
9299,2004-06-19 00:00:00,0.07312085071235237,-0.045076902321479616,0.1913186037461844,133.25,35.55
9300,2004-06-20 00:00:00,0.14015435433646675,0.02142591260021837,0.25888279607271514,133.25,35.55
9301,2004-06-21 00:00:00,0.1674739886058532,0.04163887656365517,0.2933091006480512,133.25,35.55
9302,2004-06-22 00:00:00,0.15787648917938574,0.03065051660822876,0.2851024617505428,133.25,35.55
9303,2004-06-23 00:00:00,0.07066121423540048,-0.04771170757292805,0.18903413604372896,133.25,35.55
9304,2004-06-24 00:00:00,0.06970157763986298,-0.04842921902517183,0.18783237430489785,133.25,35.55
9305,2004-06-25 00:00:00,0.10218362503992036,-0.016449227146665663,0.2208164772265064,133.25,35.55
9306,2004-06-26 00:00:00,0.07055809881433221,-0.04812788017213292,0.18924407780079733,133.25,35.55
9307,2004-06-27 00:00:00,0.024710418160223742,-0.09347200792020094,0.1428928442406484,133.25,35.55
9308,2004-06-28 00:00:00,0.06731006516511617,-0.0508039010173402,0.18542403134757252,133.25,35.55
9309,2004-06-29 00:00:00,0.07775530881317172,-0.040390358880818114,0.1959009765071616,133.25,35.55
9310,2004-06-30 00:00:00,0.07168682328507818,-0.04646896489499158,0.18984261146514791,133.25,35.55
9311,2004-07-01 00:00:00,-0.021198188310788627,-0.1393731785940312,0.09697680197245397,133.25,35.55
9312,2004-07-02 00:00:00,0.08466817833767079,-0.033549872051519686,0.20288622872686127,133.25,35.55
9313,2004-07-03 00:00:00,0.07705927877232135,-0.041120512923281435,0.19523907046792416,133.25,35.55
9314,2004-07-04 00:00:00,0.028161549175974295,-0.09021260189456297,0.14653570024651155,133.25,35.55
9315,2004-07-05 00:00:00,0.32454262357527724,0.20401430835204173,0.4450709387985128,133.25,35.55
9316,2004-07-06 00:00:00,0.0996390300488796,-0.019897608314463383,0.2191756684122226,133.25,35.55
9317,2004-07-07 00:00:00,0.05500647830831429,-0.06313338535708432,0.1731463419737129,133.25,35.55
9318,2004-07-08 00:00:00,0.12089812184114535,0.002562025756048983,0.23923421792624175,133.25,35.55
9319,2004-07-09 00:00:00,0.0842070887095682,-0.03406038356275837,0.2024745609818948,133.25,35.55
9320,2004-07-10 00:00:00,0.04688852367356714,-0.0712159272106416,0.16499297455777587,133.25,35.55
9321,2004-07-11 00:00:00,0.06152242012844776,-0.056637628130835324,0.17968246838773086,133.25,35.55
9322,2004-07-12 00:00:00,0.061941958910902775,-0.05634287558860605,0.1802267934104116,133.25,35.55
9323,2004-07-13 00:00:00,0.12359532971536982,0.004954086824113732,0.2422365726066259,133.25,35.55
9324,2004-07-14 00:00:00,0.006860746835847665,-0.11145997849398473,0.12518147216568004,133.25,35.55
9325,2004-07-15 00:00:00,0.02659299505365955,-0.09151624841970382,0.1447022385270229,133.25,35.55
9326,2004-07-16 00:00:00,0.08162627616748694,-0.036527567770632034,0.19978012010560592,133.25,35.55
9327,2004-07-17 00:00:00,0.15720387265408442,0.03892927768452237,0.2754784676236465,133.25,35.55
9328,2004-07-18 00:00:00,0.1650001638816357,0.04635003083385402,0.2836502969294173,133.25,35.55
9329,2004-07-19 00:00:00,0.10671270945533327,-0.011808018482507315,0.2252334373931739,133.25,35.55
9330,2004-07-20 00:00:00,0.12622667834184564,0.007893939098669908,0.24455941758502134,133.25,35.55
9331,2004-07-21 00:00:00,0.08497317146537417,-0.03339703924968215,0.2033433821804305,133.25,35.55
9332,2004-07-22 00:00:00,0.07208160601821295,-0.046170374679487265,0.1903335867159132,133.25,35.55
9333,2004-07-23 00:00:00,0.0499510422766146,-0.06819209745893975,0.16809418201216894,133.25,35.55
9334,2004-07-24 00:00:00,0.09790866445790243,-0.020196397810961792,0.2160137267267666,133.25,35.55
9335,2004-07-25 00:00:00,0.08322469833844998,-0.03486994459479398,0.20131934127169396,133.25,35.55
9336,2004-07-26 00:00:00,0.035376548929729176,-0.08276370702676891,0.15351680488622724,133.25,35.55
9337,2004-07-27 00:00:00,0.015226133314057488,-0.10288279940149436,0.13333506602960934,133.25,35.55
9338,2004-07-28 00:00:00,0.04837408250558259,-0.06973891910939356,0.16648708412055874,133.25,35.55
9339,2004-07-29 00:00:00,0.03680506076075567,-0.08134717392232045,0.1549572954438318,133.25,35.55
9340,2004-07-30 00:00:00,0.016079831046875312,-0.10240556466244,0.13456522675619065,133.25,35.55
9341,2004-07-31 00:00:00,0.08160573720562801,-0.04276550871759705,0.20597698312885307,133.25,35.55
9342,2004-08-01 00:00:00,0.050724432742667365,-0.07672648811341201,0.17817535359874673,133.25,35.55
9343,2004-08-02 00:00:00,0.1172592220834335,-0.0043454177293453106,0.23886386189621234,133.25,35.55
9344,2004-08-03 00:00:00,0.039610924746841344,-0.07978305755655139,0.15900490705023407,133.25,35.55
9345,2004-08-04 00:00:00,0.027906127035406403,-0.09040706059769424,0.14621931466850707,133.25,35.55
9346,2004-08-05 00:00:00,0.06525730084185885,-0.053299745624330236,0.18381434730804794,133.25,35.55
9347,2004-08-06 00:00:00,0.0029628344432260506,-0.11537508592606255,0.12130075481251465,133.25,35.55
9348,2004-08-07 00:00:00,0.05764293557078621,-0.06046552120612478,0.1757513923476972,133.25,35.55
9349,2004-08-08 00:00:00,0.07206863787448584,-0.04601714457397165,0.19015442032294333,133.25,35.55
9350,2004-08-09 00:00:00,0.062291113817755574,-0.05579742859559434,0.18037965623110547,133.25,35.55
9351,2004-08-10 00:00:00,0.03385346013376587,-0.08422312322705905,0.1519300434945908,133.25,35.55
9352,2004-08-11 00:00:00,0.00310862284570468,-0.11499424549662884,0.1212114911880382,133.25,35.55
9353,2004-08-12 00:00:00,0.040121887056441465,-0.07800061480951383,0.15824438892239673,133.25,35.55
9354,2004-08-13 00:00:00,0.06664015052140754,-0.05146625817122516,0.18474655921404026,133.25,35.55
9355,2004-08-14 00:00:00,0.03992872468563896,-0.07823816933062422,0.15809561870190214,133.25,35.55
9356,2004-08-15 00:00:00,0.047720380650353986,-0.07046621857916938,0.16590697987987738,133.25,35.55
9357,2004-08-16 00:00:00,-0.0030099243848267683,-0.1211961374810778,0.11517628871142427,133.25,35.55
9358,2004-08-17 00:00:00,0.06333725314095884,-0.05497859727266242,0.1816531035545801,133.25,35.55
9359,2004-08-18 00:00:00,0.11472310997571887,-0.003958377221413803,0.2334045971728516,133.25,35.55
9360,2004-08-19 00:00:00,0.4298218687050602,0.3043509453905574,0.555292792019563,133.25,35.55
9361,2004-08-20 00:00:00,0.05033994240860944,-0.07834265396718519,0.17902253878440405,133.25,35.55
9362,2004-08-21 00:00:00,0.02562540293056378,-0.0927825062737134,0.14403331213484094,133.25,35.55
9363,2004-08-22 00:00:00,0.005483763964164515,-0.11261126698702904,0.12357879491535805,133.25,35.55
9364,2004-08-23 00:00:00,0.06018234722553827,-0.05807802865090461,0.17844272310198114,133.25,35.55
9365,2004-08-24 00:00:00,0.058319978162055024,-0.06015794183805615,0.1767978981621662,133.25,35.55
9366,2004-08-25 00:00:00,0.02867816961666572,-0.08952551971330913,0.14688185894664058,133.25,35.55
9367,2004-08-26 00:00:00,0.032598867279043355,-0.08549129261852345,0.15068902717661015,133.25,35.55
9368,2004-08-27 00:00:00,0.009661499897142971,-0.1084638784159227,0.12778687821020865,133.25,35.55
9369,2004-08-28 00:00:00,-0.030740617732877507,-0.14922112471231164,0.08773988924655664,133.25,35.55
9370,2004-08-29 00:00:00,0.03337753026834188,-0.08542378959493806,0.1521788501316218,133.25,35.55
9371,2004-08-30 00:00:00,0.16774846964564116,0.0413931471868417,0.2941037921044406,133.25,35.55
9372,2004-08-31 00:00:00,0.5019841858925992,0.3536918344002751,0.6502765373849233,133.25,35.55
9373,2004-09-01 00:00:00,-0.07946953887366487,-0.2022496405711709,0.043310562823841145,133.25,35.55
9374,2004-09-02 00:00:00,0.040459863875781286,-0.0777221109569144,0.15864183870847698,133.25,35.55
9375,2004-09-03 00:00:00,0.008000366325515231,-0.11014021579407014,0.1261409484451006,133.25,35.55
9376,2004-09-04 00:00:00,-0.0016564450330489831,-0.11975406938880954,0.11644117932271154,133.25,35.55
9377,2004-09-05 00:00:00,0.019502400085480327,-0.09862982258401397,0.13763462275497462,133.25,35.55
9378,2004-09-06 00:00:00,0.06899619306110498,-0.0494011394215815,0.18739352554379146,133.25,35.55
9379,2004-09-07 00:00:00,0.3352221883203607,0.20115032019121248,0.469294056449509,133.25,35.55
9380,2004-09-08 00:00:00,0.523745868929599,0.3715464951362621,0.6759452427229358,133.25,35.55
9381,2004-09-09 00:00:00,-0.06631003783961711,-0.1856251678115947,0.05300509213236046,133.25,35.55
9382,2004-09-10 00:00:00,0.0017896616609379087,-0.11647647464739593,0.12005579796927175,133.25,35.55
9383,2004-09-11 00:00:00,-0.07203113877167615,-0.19050191302396616,0.04643963548061389,133.25,35.55
9384,2004-09-12 00:00:00,0.017024768592240558,-0.10133314791756053,0.13538268510204166,133.25,35.55
9385,2004-09-13 00:00:00,0.07589216205110746,-0.042453148595044,0.1942374726972589,133.25,35.55
9386,2004-09-14 00:00:00,0.05656760391404825,-0.061691764581913174,0.17482697241000966,133.25,35.55
9387,2004-09-15 00:00:00,-0.03594478394248051,-0.1542074644828661,0.08231789659790506,133.25,35.55
9388,2004-09-16 00:00:00,0.03410187647971835,-0.08418653738503153,0.15239029034446822,133.25,35.55
9389,2004-09-17 00:00:00,0.028551094840495318,-0.08971960241831582,0.14682179209930646,133.25,35.55
9390,2004-09-18 00:00:00,0.055100672170694726,-0.06303583866054502,0.17323718300193447,133.25,35.55
9391,2004-09-19 00:00:00,0.0299373793859431,-0.08878853357860582,0.14866329235049205,133.25,35.55
9392,2004-09-20 00:00:00,0.005495597282472637,-0.11266730776943062,0.12365850233437588,133.25,35.55
9393,2004-09-21 00:00:00,0.09468465030914466,-0.02399942547028322,0.21336872608857252,133.25,35.55
9394,2004-09-22 00:00:00,0.0342209695626164,-0.08446454866522345,0.15290648779045626,133.25,35.55
9395,2004-09-23 00:00:00,-0.0178672476939288,-0.13602715922872194,0.10029266384086433,133.25,35.55
9396,2004-09-24 00:00:00,0.016108264148325762,-0.1021466157047974,0.13436314400144894,133.25,35.55
9397,2004-09-25 00:00:00,-0.05750936854337571,-0.17584977932853654,0.06083104224178516,133.25,35.55
9398,2004-09-26 00:00:00,0.013572567461318285,-0.1046623663443934,0.13180750126702998,133.25,35.55
9399,2004-09-27 00:00:00,0.039764800135499934,-0.07841068467947318,0.15794028495047302,133.25,35.55
9400,2004-09-28 00:00:00,0.028704988755137845,-0.08945320902308895,0.14686318653336464,133.25,35.55
9401,2004-09-29 00:00:00,0.01526678575236689,-0.1033386441525404,0.13387221565727414,133.25,35.55
9402,2004-09-30 00:00:00,-0.008469251836249192,-0.12969429211939046,0.11275578844689205,133.25,35.55
9403,2004-10-01 00:00:00,0.04695049194357037,-0.07230195917618253,0.16620294306332328,133.25,35.55
9404,2004-10-02 00:00:00,0.07543436218140953,-0.04298372866656365,0.1938524530293827,133.25,35.55
9405,2004-10-03 00:00:00,-0.029481210701677137,-0.1481724404329971,0.08921001902964283,133.25,35.55
9406,2004-10-04 00:00:00,-0.0031896977770128065,-0.12170880863017396,0.11532941307614833,133.25,35.55
9407,2004-10-05 00:00:00,0.014431865364947947,-0.10449884432460116,0.13336257505449706,133.25,35.55
9408,2004-10-06 00:00:00,0.03760213855837012,-0.08127594117451573,0.15648021829125594,133.25,35.55
9409,2004-10-07 00:00:00,0.00011250653799350224,-0.11804084697568562,0.1182658600516726,133.25,35.55
9410,2004-10-08 00:00:00,-0.006482624064657834,-0.12485560902279196,0.11189036089347626,133.25,35.55
9411,2004-10-09 00:00:00,0.023055295197952325,-0.09615326795178793,0.14226385834769256,133.25,35.55
9412,2004-10-10 00:00:00,-0.001471285846108738,-0.12118542665153915,0.11824285495932167,133.25,35.55
9413,2004-10-11 00:00:00,0.06407393623726279,-0.054506741092879146,0.18265461356740476,133.25,35.55
9414,2004-10-12 00:00:00,0.06595011705516368,-0.05218857231850568,0.18408880642883305,133.25,35.55
9415,2004-10-13 00:00:00,0.009179869538806272,-0.10913265091972722,0.12749238999733978,133.25,35.55
9416,2004-10-14 00:00:00,0.09543709287826886,-0.023003732566529003,0.21387791832306674,133.25,35.55
9417,2004-10-15 00:00:00,-0.04015000921012359,-0.159286156876001,0.07898613845575382,133.25,35.55
9418,2004-10-16 00:00:00,-0.011673758281970585,-0.12996203673673065,0.1066145201727895,133.25,35.55
9419,2004-10-17 00:00:00,-0.09779198177144324,-0.2161674566991569,0.020583493156270418,133.25,35.55
9420,2004-10-18 00:00:00,0.003620786797081624,-0.11471313228815445,0.12195470588231767,133.25,35.55
9421,2004-10-19 00:00:00,0.030649773750687264,-0.0877256544394322,0.14902520194080673,133.25,35.55
9422,2004-10-20 00:00:00,0.020299040340763127,-0.10509570680791984,0.1456937874894461,133.25,35.55
9423,2004-10-21 00:00:00,-0.08784145625829334,-0.23867609911158902,0.0629931865950023,133.25,35.55
9424,2004-10-22 00:00:00,-0.07849306799639373,-0.1996367270312034,0.04265059103841595,133.25,35.55
9425,2004-10-23 00:00:00,-0.060152068860555914,-0.17841239420736976,0.05810825648625794,133.25,35.55
9426,2004-10-24 00:00:00,-0.06067972574175315,-0.17889438154927748,0.05753493006577118,133.25,35.55
9427,2004-10-25 00:00:00,0.04278376971757742,-0.07540329739765181,0.16097083683280666,133.25,35.55
9428,2004-10-26 00:00:00,0.027728015168579208,-0.0906019815382973,0.1460580118754557,133.25,35.55
9429,2004-10-27 00:00:00,-0.0518103271691396,-0.1709218174851928,0.06730116314691363,133.25,35.55
9430,2004-10-28 00:00:00,-0.033131178987565416,-0.15156373380223995,0.08530137582710914,133.25,35.55
9431,2004-10-29 00:00:00,-0.017318190486109473,-0.13551796308423456,0.10088158211201563,133.25,35.55
9432,2004-10-30 00:00:00,0.008987547529954985,-0.10923640247590154,0.1272114975358115,133.25,35.55
9433,2004-10-31 00:00:00,0.017947294271405158,-0.10029560983842276,0.13619019838123306,133.25,35.55
9434,2004-11-01 00:00:00,0.08307580993779805,-0.035355788766218414,0.2015074086418145,133.25,35.55
9435,2004-11-02 00:00:00,0.10220763555927136,-0.01634764590387763,0.22076291702242035,133.25,35.55
9436,2004-11-03 00:00:00,0.07396854530423579,-0.04440015380074401,0.1923372444092156,133.25,35.55
9437,2004-11-04 00:00:00,-0.028093112558747503,-0.14649801452323766,0.0903117894057426,133.25,35.55
9438,2004-11-05 00:00:00,0.005025700590418132,-0.11310607329258968,0.12315747447342595,133.25,35.55
9439,2004-11-06 00:00:00,0.08202534087842757,-0.03615923966837005,0.20020992142522515,133.25,35.55
9440,2004-11-07 00:00:00,-0.013121683302317052,-0.1314101272471825,0.10516676064254843,133.25,35.55
9441,2004-11-08 00:00:00,0.014659053347876138,-0.1034905405344976,0.13280864723024988,133.25,35.55
9442,2004-11-09 00:00:00,-0.004248020164631154,-0.12238288416792995,0.11388684383866768,133.25,35.55
9443,2004-11-10 00:00:00,-0.017987712916888696,-0.13616114545604666,0.10018571962226924,133.25,35.55
9444,2004-11-11 00:00:00,0.1745617370259028,0.055245100917515035,0.2938783731342905,133.25,35.55
9445,2004-11-12 00:00:00,0.07731619114451163,-0.042314196435207896,0.1969465787242312,133.25,35.55
9446,2004-11-13 00:00:00,-0.08983044630400304,-0.2083776926007973,0.028716799992791225,133.25,35.55
9447,2004-11-14 00:00:00,0.051847146903016256,-0.06635622235378474,0.17005051615981726,133.25,35.55
9448,2004-11-15 00:00:00,0.11793448460595495,-0.00044949890328624403,0.2363184681151962,133.25,35.55
9449,2004-11-16 00:00:00,0.020260672193037742,-0.09833810720535867,0.13885945159143415,133.25,35.55
9450,2004-11-17 00:00:00,0.02165654910432891,-0.09655082310202516,0.13986392131068304,133.25,35.55
9451,2004-11-18 00:00:00,-0.018383536818814487,-0.13654619900210538,0.0997791253644764,133.25,35.55
9452,2004-11-19 00:00:00,0.03091305742985758,-0.08735480422130817,0.14918091908102335,133.25,35.55
9453,2004-11-20 00:00:00,0.0397173093796284,-0.07848180398567847,0.15791642274493528,133.25,35.55
9454,2004-11-21 00:00:00,0.04292127659752641,-0.07536361369320496,0.16120616688825778,133.25,35.55
9455,2004-11-22 00:00:00,-0.019885686820675142,-0.13822193667952204,0.09845056303817176,133.25,35.55
9456,2004-11-23 00:00:00,-0.004540480836441464,-0.12266543984055504,0.11358447816767213,133.25,35.55
9457,2004-11-24 00:00:00,-0.002326909337600217,-0.12046286614936084,0.11580904747416043,133.25,35.55
9458,2004-11-25 00:00:00,-0.029270573994140438,-0.14750476465925433,0.08896361667097348,133.25,35.55
9459,2004-11-26 00:00:00,0.18771341296798333,0.06899788023493833,0.30642894570102835,133.25,35.55
9460,2004-11-27 00:00:00,0.17494627317356035,0.052043465239863376,0.2978490811072574,133.25,35.55
9461,2004-11-28 00:00:00,-0.0028560279915378385,-0.12220636492686793,0.11649430894379224,133.25,35.55
9462,2004-11-29 00:00:00,-0.009932720481619457,-0.12829422389669431,0.1084287829334554,133.25,35.55
9463,2004-11-30 00:00:00,0.040715381876298605,-0.07771088464021914,0.15914164839281633,133.25,35.55
9464,2004-12-01 00:00:00,0.018101296764494672,-0.10017201302547364,0.13637460655446298,133.25,35.55
9465,2004-12-02 00:00:00,-0.1093142743519864,-0.2275785279506273,0.00894997924665447,133.25,35.55
9466,2004-12-03 00:00:00,0.059034575441751364,-0.05926245761074694,0.17733160849424964,133.25,35.55
9467,2004-12-04 00:00:00,0.10415765030839276,-0.014121850432508269,0.22243715104929376,133.25,35.55
9468,2004-12-05 00:00:00,0.3243594373141533,0.19781499865333552,0.4509038759749712,133.25,35.55
9469,2004-12-06 00:00:00,-0.21817641588383524,-0.3423329232989404,-0.09401990846873008,133.25,35.55
9470,2004-12-07 00:00:00,0.08871637977237237,-0.029937562499014036,0.2073703220437588,133.25,35.55
9471,2004-12-08 00:00:00,-0.002054516932149364,-0.12084370209315175,0.11673466822885302,133.25,35.55
9472,2004-12-09 00:00:00,-0.04595247887389823,-0.16422231804592274,0.07231736029812633,133.25,35.55
9473,2004-12-10 00:00:00,0.04714175045786319,-0.07104597908584633,0.16532948000157272,133.25,35.55
9474,2004-12-11 00:00:00,0.013410890931536502,-0.10498388293609584,0.13180566479916886,133.25,35.55
9475,2004-12-12 00:00:00,0.046754116897995135,-0.07152552241100434,0.16503375620699462,133.25,35.55
9476,2004-12-13 00:00:00,0.027722386218128597,-0.09065501580843484,0.14609978824469202,133.25,35.55
9477,2004-12-14 00:00:00,0.02426095730540161,-0.09399169511807344,0.14251360972887664,133.25,35.55
9478,2004-12-15 00:00:00,0.03903560870868228,-0.0791371724527424,0.15720838987010696,133.25,35.55
9479,2004-12-16 00:00:00,0.10924052255339843,-0.009147839109415856,0.2276288842162127,133.25,35.55
9480,2004-12-17 00:00:00,-0.07324011147785656,-0.19186421437037496,0.04538399141466189,133.25,35.55
9481,2004-12-18 00:00:00,0.08550121169255759,-0.03294119285634502,0.20394361624146015,133.25,35.55
9482,2004-12-19 00:00:00,-0.055381872401236654,-0.17374103604666086,0.06297729124418752,133.25,35.55
9483,2004-12-20 00:00:00,0.16094477777142585,0.04231206762349997,0.2795774879193517,133.25,35.55
9484,2004-12-21 00:00:00,-0.006295167822449685,-0.1247839705345012,0.11219363488960184,133.25,35.55
9485,2004-12-22 00:00:00,0.07137703993739937,-0.04718740345427959,0.18994148332907834,133.25,35.55
9486,2004-12-23 00:00:00,0.07094082625057556,-0.04776029080371737,0.1896419433048685,133.25,35.55
9487,2004-12-24 00:00:00,-0.009616152777084157,-0.128106552343485,0.1088742467893167,133.25,35.55
9488,2004-12-25 00:00:00,0.09988003439396258,-0.018513914917231256,0.2182739837051564,133.25,35.55
9489,2004-12-26 00:00:00,0.08575318557935922,-0.03273297952955115,0.2042393506882696,133.25,35.55
9490,2004-12-27 00:00:00,0.06357206505820648,-0.05487649096636889,0.18202062108278186,133.25,35.55
9491,2004-12-28 00:00:00,0.04846245949182426,-0.06993174410827223,0.16685666309192074,133.25,35.55
9492,2004-12-29 00:00:00,0.07047922434455604,-0.047955831921944934,0.18891428061105706,133.25,35.55
9493,2004-12-30 00:00:00,0.015843160150608895,-0.1037717331914544,0.13545805349267218,133.25,35.55
9494,2004-12-31 00:00:00,0.16539299692392956,0.04618920534444948,0.28459678850340964,133.25,35.55
9495,2005-01-01 00:00:00,0.02779139292371056,-0.0922370539549206,0.14781983980234173,133.25,35.55
9496,2005-01-02 00:00:00,0.0912823963912558,-0.027399545990329024,0.20996433877284065,133.25,35.55
9497,2005-01-03 00:00:00,0.12573358557483652,0.0072888625248841155,0.2441783086247889,133.25,35.55
9498,2005-01-04 00:00:00,0.14270273753553472,0.023502412448325016,0.26190306262274443,133.25,35.55
9499,2005-01-05 00:00:00,-0.1365239382711842,-0.25544172242739865,-0.01760615411496974,133.25,35.55
9500,2005-01-06 00:00:00,0.09615477372113357,-0.022200352991686458,0.2145099004339536,133.25,35.55
9501,2005-01-07 00:00:00,0.1498719130494105,0.03128602880453017,0.2684577972942908,133.25,35.55
9502,2005-01-08 00:00:00,-0.016455125707283497,-0.1358575927420256,0.1029473413274586,133.25,35.55
9503,2005-01-09 00:00:00,0.16613658477101426,0.047001162618319284,0.2852720069237092,133.25,35.55
9504,2005-01-10 00:00:00,0.12248471049820685,0.0038300469022205796,0.2411393740941931,133.25,35.55
9505,2005-01-11 00:00:00,0.17035009424594166,0.05141003425556863,0.28929015423631466,133.25,35.55
9506,2005-01-12 00:00:00,0.1149633383485163,-0.004688380690050134,0.2346150573870827,133.25,35.55
9507,2005-01-13 00:00:00,0.06287554019155918,-0.05640434016736037,0.18215542055047876,133.25,35.55
9508,2005-01-14 00:00:00,0.00035818489770708846,-0.1178901792655784,0.11860654906099258,133.25,35.55
9509,2005-01-15 00:00:00,0.0336219016251741,-0.0846419408966117,0.1518857441469599,133.25,35.55
9510,2005-01-16 00:00:00,0.10268950492411896,-0.016545502387652802,0.22192451223589071,133.25,35.55
9511,2005-01-17 00:00:00,-0.10249232453894937,-0.22479832794542648,0.01981367886752776,133.25,35.55
9512,2005-01-18 00:00:00,0.03661522557622296,-0.08282845699169307,0.15605890814413895,133.25,35.55
9513,2005-01-19 00:00:00,0.10567476068198103,-0.01261084796579752,0.2239603693297596,133.25,35.55
9514,2005-01-20 00:00:00,0.1677488645258403,0.048208851774298817,0.28728887727738184,133.25,35.55
9515,2005-01-21 00:00:00,-0.009393884421098352,-0.1283503396650481,0.1095625708228514,133.25,35.55
9516,2005-01-22 00:00:00,0.03719570541284112,-0.08124746366814661,0.15563887449382885,133.25,35.55
9517,2005-01-23 00:00:00,0.0047081523286764205,-0.11362857310950765,0.12304487776686047,133.25,35.55
9518,2005-01-24 00:00:00,0.09741271945739764,-0.021014228209601804,0.21583966712439706,133.25,35.55
9519,2005-01-25 00:00:00,0.06495947810462223,-0.05341820055285579,0.18333715676210025,133.25,35.55
9520,2005-01-26 00:00:00,0.015854282074185794,-0.10275565920784753,0.1344642233562191,133.25,35.55
9521,2005-01-27 00:00:00,0.0979170039172941,-0.020718329625783436,0.21655233746037164,133.25,35.55
9522,2005-01-28 00:00:00,0.02759660760159896,-0.09079750157266438,0.14599071677586228,133.25,35.55
9523,2005-01-29 00:00:00,0.10214386141219277,-0.01614481067475759,0.2204325334991431,133.25,35.55
9524,2005-01-30 00:00:00,0.05552512606221696,-0.0639170525043753,0.17496730462880922,133.25,35.55
9525,2005-01-31 00:00:00,0.12262989809565425,0.003600263948008053,0.2416595322433005,133.25,35.55
9526,2005-02-01 00:00:00,0.2302458516617181,0.10843682130831117,0.352054882015125,133.25,35.55
9527,2005-02-02 00:00:00,0.08697515089483013,-0.0347521753131597,0.20870247710282,133.25,35.55
9528,2005-02-03 00:00:00,0.07221295330934782,-0.04659469129560019,0.19102059791429585,133.25,35.55
9529,2005-02-04 00:00:00,0.06661347179678308,-0.051743802496596235,0.1849707460901624,133.25,35.55
9530,2005-02-05 00:00:00,0.035828133112246405,-0.08259279275197591,0.15424905897646873,133.25,35.55
9531,2005-02-06 00:00:00,-0.03605281973764205,-0.15442762009470928,0.0823219806194252,133.25,35.55
9532,2005-02-07 00:00:00,-0.02091015267909358,-0.13915385288646018,0.09733354752827304,133.25,35.55
9533,2005-02-08 00:00:00,0.024517449497945203,-0.0936980303410842,0.1427329293369746,133.25,35.55
9534,2005-02-09 00:00:00,0.025601719905573105,-0.09265657828795562,0.14386001809910184,133.25,35.55
9535,2005-02-10 00:00:00,0.06662279904466649,-0.051754571080002136,0.18500016916933512,133.25,35.55
9536,2005-02-11 00:00:00,0.015222972281210232,-0.10349778232323914,0.1339437268856596,133.25,35.55
9537,2005-02-12 00:00:00,0.011135470216396241,-0.10730274594448347,0.12957368637727595,133.25,35.55
9538,2005-02-13 00:00:00,0.06524101851725275,-0.05302270353415405,0.1835047405686596,133.25,35.55
9539,2005-02-14 00:00:00,-0.04366398947836899,-0.16200006770359282,0.07467208874685483,133.25,35.55
9540,2005-02-15 00:00:00,0.015132031709704829,-0.10320917668716016,0.1334732401065698,133.25,35.55
9541,2005-02-16 00:00:00,0.03692496316346107,-0.08294414966233275,0.15679407598925488,133.25,35.55
9542,2005-02-17 00:00:00,-0.041978066599124716,-0.16175674847231625,0.07780061527406683,133.25,35.55
9543,2005-02-18 00:00:00,-0.08641545149208793,-0.2050646431403456,0.03223374015616977,133.25,35.55
9544,2005-02-19 00:00:00,0.12212778752650945,0.0033620218689375397,0.2408935531840814,133.25,35.55
9545,2005-02-20 00:00:00,0.06001860557380776,-0.05879336235825412,0.17883057350586964,133.25,35.55
9546,2005-02-21 00:00:00,0.08790103360359702,-0.030581364979580788,0.20638343218677485,133.25,35.55
9547,2005-02-22 00:00:00,0.0627473827790005,-0.055580111177111285,0.18107487673511227,133.25,35.55
9548,2005-02-23 00:00:00,0.2453311288251041,0.12456843901352767,0.36609381863668056,133.25,35.55
9549,2005-02-24 00:00:00,-0.05734230844578145,-0.17802080050507585,0.06333618361351298,133.25,35.55
9550,2005-02-25 00:00:00,0.11821732366493905,-0.0007427581577766629,0.2371774054876548,133.25,35.55
9551,2005-02-26 00:00:00,-0.002661477803492053,-0.12143427090011588,0.1161113152931318,133.25,35.55
9552,2005-02-27 00:00:00,0.0067104096905857636,-0.11176715334509392,0.12518797272626547,133.25,35.55
9553,2005-02-28 00:00:00,0.07451649313417251,-0.043678806454060366,0.1927117927224054,133.25,35.55
9554,2005-03-01 00:00:00,-0.014556232920850344,-0.13279172044369514,0.10367925460199444,133.25,35.55
9555,2005-03-02 00:00:00,0.01842248182120748,-0.09980267951431218,0.13664764315672714,133.25,35.55
9556,2005-03-03 00:00:00,0.002715201186862172,-0.11572445613775426,0.1211548585114786,133.25,35.55
9557,2005-03-04 00:00:00,0.0742121169759332,-0.04480087753750596,0.1932251114893724,133.25,35.55
9558,2005-03-05 00:00:00,0.02461622417837417,-0.0952986761490756,0.14453112450582395,133.25,35.55
9559,2005-03-06 00:00:00,0.0386381433925323,-0.08058057762425673,0.1578568644093213,133.25,35.55
9560,2005-03-07 00:00:00,0.06878628411455295,-0.04973560921554639,0.18730817744465228,133.25,35.55
9561,2005-03-08 00:00:00,0.11363845198141535,-0.00485936854814209,0.2321362725109728,133.25,35.55
9562,2005-03-09 00:00:00,-0.004609325569753475,-0.1232540424574781,0.11403539131797115,133.25,35.55
9563,2005-03-10 00:00:00,0.11546811744298885,-0.0028300144274418237,0.2337662493134195,133.25,35.55
9564,2005-03-11 00:00:00,0.09392849771576436,-0.024432139377178183,0.21228913480870693,133.25,35.55
9565,2005-03-12 00:00:00,0.10754756791223327,-0.011637984636131249,0.2267331204605978,133.25,35.55
9566,2005-03-13 00:00:00,0.10920352532457203,-0.010178691170760049,0.2285857418199041,133.25,35.55
9567,2005-03-14 00:00:00,0.07335912362014839,-0.04504096131972635,0.19175920856002315,133.25,35.55
9568,2005-03-15 00:00:00,0.06608646745410522,-0.05219351186044308,0.18436644676865352,133.25,35.55
9569,2005-03-16 00:00:00,0.052322150497867835,-0.06603697965178866,0.17068128064752436,133.25,35.55
9570,2005-03-17 00:00:00,0.1822972601546692,0.06327810284909073,0.3013164174602477,133.25,35.55
9571,2005-03-18 00:00:00,0.15008665219957368,0.029841558936355275,0.2703317454627921,133.25,35.55
9572,2005-03-19 00:00:00,-0.046623780488778896,-0.1656130949669079,0.0723655339893501,133.25,35.55
9573,2005-03-20 00:00:00,0.04762503052663256,-0.07059450989139968,0.1658445709446648,133.25,35.55
9574,2005-03-21 00:00:00,0.016364529777879982,-0.10200677174207827,0.13473583129783825,133.25,35.55
9575,2005-03-22 00:00:00,0.1705782867881957,0.0517977501706771,0.2893588234057143,133.25,35.55
9576,2005-03-23 00:00:00,-0.004232255416268191,-0.12343491258377914,0.11497040175124278,133.25,35.55
9577,2005-03-24 00:00:00,0.16393227577991568,0.045331817553216885,0.2825327340066145,133.25,35.55
9578,2005-03-25 00:00:00,0.02582641850860836,-0.09797917447763246,0.1496320114948492,133.25,35.55
9579,2005-03-26 00:00:00,0.12862964984306707,0.009368382811656488,0.2478909168744777,133.25,35.55
9580,2005-03-27 00:00:00,0.026808317810755454,-0.09169585668026033,0.14531249230177126,133.25,35.55
9581,2005-03-28 00:00:00,0.11164649113633844,-0.006784520301260144,0.23007750257393705,133.25,35.55
9582,2005-03-29 00:00:00,0.07095572161931415,-0.04766170217961882,0.18957314541824716,133.25,35.55
9583,2005-03-30 00:00:00,0.07507738353750114,-0.04354030458015366,0.19369507165515595,133.25,35.55
9584,2005-03-31 00:00:00,0.05257658777784621,-0.0658734642226031,0.17102663977829552,133.25,35.55
9585,2005-04-01 00:00:00,-0.04220574227021032,-0.1605016911005197,0.07609020656009907,133.25,35.55
9586,2005-04-02 00:00:00,0.05403644143615256,-0.06414170746375153,0.17221459033605666,133.25,35.55
9587,2005-04-03 00:00:00,0.0657573361238123,-0.05258990267981588,0.18410457492744048,133.25,35.55
9588,2005-04-04 00:00:00,0.0063977380979513,-0.1128464424465922,0.1256419186424948,133.25,35.55
9589,2005-04-05 00:00:00,0.0006480916834613813,-0.1178649394431618,0.11916112281008455,133.25,35.55
9590,2005-04-06 00:00:00,0.11403802188772187,-0.004351474457347043,0.2324275182327908,133.25,35.55
9591,2005-04-07 00:00:00,0.16752161215921652,0.04888766596641207,0.2861555583520209,133.25,35.55
9592,2005-04-08 00:00:00,0.02935092547382964,-0.08926147477386502,0.14796332572152432,133.25,35.55
9593,2005-04-09 00:00:00,-0.06585345888155764,-0.18420107244912887,0.052494154686013636,133.25,35.55
9594,2005-04-10 00:00:00,0.29349562601880863,0.17421665771205594,0.4127745943255613,133.25,35.55
9595,2005-04-11 00:00:00,0.009833545721160164,-0.11017857934414513,0.12984567078646547,133.25,35.55
9596,2005-04-12 00:00:00,0.04093675982532045,-0.0774166984821985,0.1592902181328394,133.25,35.55
9597,2005-04-13 00:00:00,0.08323902556647805,-0.034994239138924334,0.20147229027188046,133.25,35.55
9598,2005-04-14 00:00:00,0.01875442929999921,-0.09941775193605536,0.1369266105360538,133.25,35.55
9599,2005-04-15 00:00:00,0.03312871917192585,-0.08505252291605396,0.15130996125990565,133.25,35.55
9600,2005-04-16 00:00:00,0.022533790241461547,-0.09563138458724836,0.14069896507017146,133.25,35.55
9601,2005-04-17 00:00:00,0.04399489759655484,-0.07422962062193425,0.16221941581504393,133.25,35.55
9602,2005-04-18 00:00:00,-0.02741670830167655,-0.1456929139214863,0.0908594973181332,133.25,35.55
9603,2005-04-19 00:00:00,0.001076545119689208,-0.11717050074875845,0.11932359098813687,133.25,35.55
9604,2005-04-20 00:00:00,0.3430740464180778,0.2226335985621065,0.4635144942740492,133.25,35.55
9605,2005-04-21 00:00:00,0.17274232832442732,0.052246817522352634,0.29323783912650203,133.25,35.55
9606,2005-04-22 00:00:00,0.12100026922015447,0.002282811137238564,0.2397177273030704,133.25,35.55
9607,2005-04-23 00:00:00,0.021980838562478643,-0.0965301985372439,0.1404918756622012,133.25,35.55
9608,2005-04-24 00:00:00,-0.027067992916750355,-0.14519900392006427,0.09106301808656356,133.25,35.55
9609,2005-04-25 00:00:00,0.0888775698875576,-0.0293592767071936,0.2071144164823088,133.25,35.55
9610,2005-04-26 00:00:00,0.0963553754660982,-0.02193252387149165,0.21464327480368808,133.25,35.55
9611,2005-04-27 00:00:00,0.12494524549567425,0.0066310851529776255,0.2432594058383709,133.25,35.55
9612,2005-04-28 00:00:00,0.19436823673454198,0.07587780510845826,0.31285866836062576,133.25,35.55
9613,2005-04-29 00:00:00,0.10917404443170817,-0.009740319912546966,0.2280884087759633,133.25,35.55
9614,2005-04-30 00:00:00,0.023816313434118042,-0.09460321865514876,0.14223584552338486,133.25,35.55
9615,2005-05-01 00:00:00,0.17053017075757654,0.052036639499421306,0.2890237020157318,133.25,35.55
9616,2005-05-02 00:00:00,-0.028181282655909117,-0.14692536926352154,0.09056280395170332,133.25,35.55
9617,2005-05-03 00:00:00,0.014853508607335615,-0.10348679835739476,0.133193815572066,133.25,35.55
9618,2005-05-04 00:00:00,0.07574403131012232,-0.04255994730575097,0.19404800992599566,133.25,35.55
9619,2005-05-05 00:00:00,0.04350039476484556,-0.07476970165276829,0.1617704911824594,133.25,35.55
9620,2005-05-06 00:00:00,0.07686138841067433,-0.04246590648986706,0.19618868331121572,133.25,35.55
9621,2005-05-07 00:00:00,0.10614662146967943,-0.013716584031783163,0.226009826971142,133.25,35.55
9622,2005-05-08 00:00:00,0.012161970871445472,-0.10646552137279887,0.1307894631156898,133.25,35.55
9623,2005-05-09 00:00:00,0.1206201507833103,0.0024427330811472576,0.2387975684854733,133.25,35.55
9624,2005-05-10 00:00:00,0.03043997504490405,-0.08785276701227776,0.14873271710208588,133.25,35.55
9625,2005-05-11 00:00:00,0.0020215759610524506,-0.11612342947150575,0.12016658139361068,133.25,35.55
9626,2005-05-12 00:00:00,0.10783552848736093,-0.010415005689522113,0.22608606266424394,133.25,35.55
9627,2005-05-13 00:00:00,-0.01298980856456622,-0.13130675756600846,0.10532714043687604,133.25,35.55
9628,2005-05-14 00:00:00,-0.009075934634399352,-0.12723402330675673,0.10908215403795804,133.25,35.55
9629,2005-05-15 00:00:00,0.06279934367865722,-0.055424797468073585,0.181023484825388,133.25,35.55
9630,2005-05-16 00:00:00,-0.04004227819654405,-0.15833639838049596,0.07825184198740785,133.25,35.55
9631,2005-05-17 00:00:00,0.019377456424247444,-0.09880873495920474,0.13756364780769964,133.25,35.55
9632,2005-05-18 00:00:00,0.4556075408102366,0.33590253251429786,0.5753125491061752,133.25,35.55
9633,2005-05-19 00:00:00,0.09469469368408123,-0.02554366194311169,0.21493304931127416,133.25,35.55
9634,2005-05-20 00:00:00,-0.01354369804757845,-0.1317642707846454,0.10467687468948847,133.25,35.55
9635,2005-05-21 00:00:00,0.05673792781751701,-0.06147156988625889,0.1749474255212929,133.25,35.55
9636,2005-05-22 00:00:00,0.10013632411180773,-0.01803752620876639,0.21831017443238185,133.25,35.55
9637,2005-05-23 00:00:00,0.09038621293151948,-0.027854677209813158,0.2086271030728521,133.25,35.55
9638,2005-05-24 00:00:00,0.0945038972042552,-0.02396104347105521,0.2129688378795656,133.25,35.55
9639,2005-05-25 00:00:00,0.00741454234428552,-0.1108694202952784,0.12569850498384946,133.25,35.55
9640,2005-05-26 00:00:00,0.045501431333448285,-0.07264000939273202,0.16364287205962866,133.25,35.55
9641,2005-05-27 00:00:00,0.07732868081233242,-0.040862602786747214,0.19551996441141206,133.25,35.55
9642,2005-05-28 00:00:00,-0.015342596775628431,-0.1335507064985359,0.10286551294727904,133.25,35.55
9643,2005-05-29 00:00:00,-0.03275128801608961,-0.15089192130547804,0.0853893452732988,133.25,35.55
9644,2005-05-30 00:00:00,0.0406642762844541,-0.07750425763365504,0.15883281020256326,133.25,35.55
9645,2005-05-31 00:00:00,0.08109324257169309,-0.037135387258063486,0.19932187240144966,133.25,35.55
9646,2005-06-01 00:00:00,0.07837844602857641,-0.039764774726708765,0.1965216667838616,133.25,35.55
9647,2005-06-02 00:00:00,0.13556144957695715,0.01729178662955988,0.2538311125243544,133.25,35.55
9648,2005-06-03 00:00:00,0.05637642914894165,-0.06191923749119401,0.1746720957890773,133.25,35.55
9649,2005-06-04 00:00:00,0.056339586334478386,-0.0618583057101769,0.1745374783791337,133.25,35.55
9650,2005-06-05 00:00:00,-0.017688234494176346,-0.1359337511890902,0.10055728220073752,133.25,35.55
9651,2005-06-06 00:00:00,0.01760089017110514,-0.10056155825671792,0.13576333859892822,133.25,35.55
9652,2005-06-07 00:00:00,0.013039052970529616,-0.1050857677635222,0.1311638737045814,133.25,35.55
9653,2005-06-08 00:00:00,0.018083666502628663,-0.10005912786578976,0.1362264608710471,133.25,35.55
9654,2005-06-09 00:00:00,0.04060089507820321,-0.07754438144132833,0.15874617159773474,133.25,35.55
9655,2005-06-10 00:00:00,0.08092296562800863,-0.0372827224754672,0.19912865373148447,133.25,35.55
9656,2005-06-11 00:00:00,0.16403591729391562,0.045408708746824185,0.28266312584100706,133.25,35.55
9657,2005-06-12 00:00:00,0.08103732018980186,-0.03759483741650958,0.19966947779611333,133.25,35.55
9658,2005-06-13 00:00:00,0.013393979908370313,-0.10476744973166456,0.13155540954840514,133.25,35.55
9659,2005-06-14 00:00:00,-0.029153014678637106,-0.14727498548282775,0.08896895612555353,133.25,35.55
9660,2005-06-15 00:00:00,0.050359826945195925,-0.06789587882663753,0.16861553271702934,133.25,35.55
9661,2005-06-16 00:00:00,0.030233898927453907,-0.08806556748632369,0.1485333653412315,133.25,35.55
9662,2005-06-17 00:00:00,0.02851495725322725,-0.08969979343299153,0.14672970793944606,133.25,35.55
9663,2005-06-18 00:00:00,0.06248205081522794,-0.05568865639889035,0.18065275802934624,133.25,35.55
9664,2005-06-19 00:00:00,0.08615836267169644,-0.03196911915816912,0.20428584450156198,133.25,35.55
9665,2005-06-20 00:00:00,0.05369865578771535,-0.0644945467328138,0.1718918583082445,133.25,35.55
9666,2005-06-21 00:00:00,0.05997356960514898,-0.05818067641428869,0.17812781562458666,133.25,35.55
9667,2005-06-22 00:00:00,0.08084798799914343,-0.03727574086857372,0.1989717168668606,133.25,35.55
9668,2005-06-23 00:00:00,0.06925096577663731,-0.04889329668852163,0.18739522824179625,133.25,35.55
9669,2005-06-24 00:00:00,0.0656108006214639,-0.05248592257642787,0.18370752381935568,133.25,35.55
9670,2005-06-25 00:00:00,0.07031650205996523,-0.04777198810370327,0.1884049922236337,133.25,35.55
9671,2005-06-26 00:00:00,0.10952486978737078,-0.008642238825805962,0.2276919784005475,133.25,35.55
9672,2005-06-27 00:00:00,0.21811540572956933,0.09958960368002748,0.3366412077791112,133.25,35.55
9673,2005-06-28 00:00:00,0.16055696785890133,0.04174656832209206,0.2793673673957106,133.25,35.55
9674,2005-06-29 00:00:00,0.08280333746051619,-0.035871684342778265,0.20147835926381066,133.25,35.55
9675,2005-06-30 00:00:00,0.07185550862006315,-0.046539502322179384,0.19025051956230568,133.25,35.55
9676,2005-07-01 00:00:00,0.1172007632142747,-0.0012194585601496696,0.23562098498869904,133.25,35.55
9677,2005-07-02 00:00:00,0.11792915356999485,-0.000516441275618576,0.23637474841560824,133.25,35.55
9678,2005-07-03 00:00:00,0.0745419770494827,-0.04371532622952229,0.1927992803284877,133.25,35.55
9679,2005-07-04 00:00:00,0.11137388444726737,-0.007131836794870894,0.22987960568940566,133.25,35.55
9680,2005-07-05 00:00:00,0.101134416446214,-0.017423091587028566,0.2196919244794566,133.25,35.55
9681,2005-07-06 00:00:00,0.059794156798312924,-0.05849194468077041,0.17808025827739624,133.25,35.55
9682,2005-07-07 00:00:00,0.022898934453983468,-0.09530450941637414,0.14110237832434108,133.25,35.55
9683,2005-07-08 00:00:00,0.0031812163793000802,-0.11498395597274635,0.1213463887313465,133.25,35.55
9684,2005-07-09 00:00:00,0.11304540643900204,-0.005176505844025223,0.2312673187220293,133.25,35.55
9685,2005-07-10 00:00:00,0.10811796291511347,-0.010679141152425143,0.2269150669826521,133.25,35.55
9686,2005-07-11 00:00:00,0.00492097422379233,-0.11366914894361466,0.1235110973911993,133.25,35.55
9687,2005-07-12 00:00:00,0.07827776953784438,-0.04045614155565401,0.1970116806313428,133.25,35.55
9688,2005-07-13 00:00:00,0.00839483366205001,-0.11019059395968513,0.12698026128378515,133.25,35.55
9689,2005-07-14 00:00:00,0.04898980913530316,-0.0693403582487234,0.1673199765193297,133.25,35.55
9690,2005-07-15 00:00:00,0.02564009350212249,-0.09246506144227754,0.1437452484465225,133.25,35.55
9691,2005-07-16 00:00:00,0.05203039228216382,-0.06606121214832475,0.17012199671265238,133.25,35.55
9692,2005-07-17 00:00:00,0.06323498658711653,-0.05484715198789779,0.18131712516213086,133.25,35.55
9693,2005-07-18 00:00:00,0.06611518270845497,-0.051971171884451266,0.1842015373013612,133.25,35.55
9694,2005-07-19 00:00:00,0.08838936951630902,-0.029722409762643995,0.20650114879526205,133.25,35.55
9695,2005-07-20 00:00:00,0.05594137123873257,-0.06215369973124993,0.17403644220871506,133.25,35.55
9696,2005-07-21 00:00:00,0.06868381443693293,-0.049413051368836336,0.18678068024270214,133.25,35.55
9697,2005-07-22 00:00:00,0.04715628939596224,-0.07098433149760684,0.1652969102895313,133.25,35.55
9698,2005-07-23 00:00:00,0.0005650421731107151,-0.11759867772093185,0.11872876206715327,133.25,35.55
9699,2005-07-24 00:00:00,0.016369926119310166,-0.1017362560366082,0.13447610827522852,133.25,35.55
9700,2005-07-25 00:00:00,0.019077378135241747,-0.0990321348150916,0.1371868910855751,133.25,35.55
9701,2005-07-26 00:00:00,0.04206361518522955,-0.07898341811016626,0.16311064848062534,133.25,35.55
9702,2005-07-27 00:00:00,-0.016774553995214308,-0.13800072998303378,0.10445162199260516,133.25,35.55
9703,2005-07-28 00:00:00,0.08990377148572122,-0.02834528751443753,0.20815283048588,133.25,35.55
9704,2005-07-29 00:00:00,0.14202402345334458,0.02369461997954883,0.2603534269271404,133.25,35.55
9705,2005-07-30 00:00:00,0.0900014311276026,-0.028327844330054683,0.20833070658525987,133.25,35.55
9706,2005-07-31 00:00:00,0.05433467742203939,-0.06377342552737293,0.1724427803714517,133.25,35.55
9707,2005-08-01 00:00:00,0.11683263088355285,-0.0013897394172361355,0.2350550011843418,133.25,35.55
9708,2005-08-02 00:00:00,0.0937338500592816,-0.024568463649427,0.21203616376799014,133.25,35.55
9709,2005-08-03 00:00:00,0.14786761013427466,0.029559382619293126,0.2661758376492561,133.25,35.55
9710,2005-08-04 00:00:00,0.06971548070331407,-0.0485322749750815,0.18796323638170964,133.25,35.55
9711,2005-08-05 00:00:00,0.04345709694392316,-0.074706841548982,0.16162103543682832,133.25,35.55
9712,2005-08-06 00:00:00,0.030138396325943374,-0.0879701600217846,0.14824695267367136,133.25,35.55
9713,2005-08-07 00:00:00,0.042833499475726886,-0.07525362135709904,0.1609206203085528,133.25,35.55
9714,2005-08-08 00:00:00,0.025080974740311433,-0.09301722082349284,0.1431791703041157,133.25,35.55
9715,2005-08-09 00:00:00,0.06811787621718876,-0.049995984657559285,0.1862317370919368,133.25,35.55
9716,2005-08-10 00:00:00,0.09418953377745068,-0.024001218811902408,0.21238028636680376,133.25,35.55
9717,2005-08-11 00:00:00,0.07368408346358579,-0.0444656258268358,0.1918337927540074,133.25,35.55
9718,2005-08-12 00:00:00,0.07815862501776401,-0.040020407275099264,0.19633765731062724,133.25,35.55
9719,2005-08-13 00:00:00,0.0743944917466064,-0.04383879552093849,0.1926277790141513,133.25,35.55
9720,2005-08-14 00:00:00,0.10161707116562836,-0.016588443169600703,0.21982258550085745,133.25,35.55
9721,2005-08-15 00:00:00,0.1264985087292085,0.008219426960365955,0.24477759049805106,133.25,35.55
9722,2005-08-16 00:00:00,0.059238784382743624,-0.059068146571911034,0.1775457153373983,133.25,35.55
9723,2005-08-17 00:00:00,0.006010790630986109,-0.11211552167882836,0.1241371029408006,133.25,35.55
9724,2005-08-18 00:00:00,0.05920925784458475,-0.05890189957203613,0.17732041526120562,133.25,35.55
9725,2005-08-19 00:00:00,0.0885587091937515,-0.029589984406402082,0.2067074027939051,133.25,35.55
9726,2005-08-20 00:00:00,0.08470777275566678,-0.03357387489854895,0.2029894204098825,133.25,35.55
9727,2005-08-21 00:00:00,0.049961489536279415,-0.06836452227972126,0.16828750135228007,133.25,35.55
9728,2005-08-22 00:00:00,0.03174846387832493,-0.08670312711287377,0.15020005486952365,133.25,35.55
9729,2005-08-23 00:00:00,-0.02899899578134793,-0.14741026576726107,0.08941227420456523,133.25,35.55
9730,2005-08-24 00:00:00,0.002190835806165733,-0.11604121582997776,0.1204228874423092,133.25,35.55
9731,2005-08-25 00:00:00,0.05875520107501187,-0.05986158890017281,0.17737199105019658,133.25,35.55
9732,2005-08-26 00:00:00,0.10559242163948523,-0.013157504420749644,0.2243423476997201,133.25,35.55
9733,2005-08-27 00:00:00,0.07291607926647051,-0.0452966663494119,0.1911288248823529,133.25,35.55
9734,2005-08-28 00:00:00,0.05304981370685045,-0.06502515921236196,0.17112478662606287,133.25,35.55
9735,2005-08-29 00:00:00,0.04143036830773425,-0.076662000052916,0.1595227366683845,133.25,35.55
9736,2005-08-30 00:00:00,0.053110652694175024,-0.0649960272686741,0.17121733265702413,133.25,35.55
9737,2005-08-31 00:00:00,0.023177444230860003,-0.09495640454038842,0.14131129300210846,133.25,35.55
9738,2005-09-01 00:00:00,0.029876458946460682,-0.08824176777320965,0.147994685666131,133.25,35.55
9739,2005-09-02 00:00:00,0.05341541621203301,-0.06467608670828133,0.17150691913234736,133.25,35.55
9740,2005-09-03 00:00:00,0.005206312681234442,-0.11296670087666882,0.1233793262391377,133.25,35.55
9741,2005-09-04 00:00:00,-0.02875504982232968,-0.14699419755576731,0.08948409791110795,133.25,35.55
9742,2005-09-05 00:00:00,-0.032220721060090836,-0.1513243293240688,0.08688288720388712,133.25,35.55
9743,2005-09-06 00:00:00,-0.03240917291902445,-0.1674442649445309,0.10262591910648199,133.25,35.55
9744,2005-09-07 00:00:00,0.17796810483399192,0.021463066416458176,0.3344731432515257,133.25,35.55
9745,2005-09-08 00:00:00,0.06614211371642265,-0.07880685748339952,0.2110910849162448,133.25,35.55
9746,2005-09-09 00:00:00,-0.007354138246443938,-0.1255440259487171,0.11083574945582923,133.25,35.55
9747,2005-09-10 00:00:00,0.03028916539994525,-0.0878255252582487,0.14840385605813922,133.25,35.55
9748,2005-09-11 00:00:00,-0.008431650097275884,-0.12655000913774128,0.10968670894318952,133.25,35.55
9749,2005-09-12 00:00:00,0.021339415126717158,-0.09673831322271513,0.13941714347614945,133.25,35.55
9750,2005-09-13 00:00:00,0.059416430301373835,-0.0587095400035933,0.17754240060634094,133.25,35.55
9751,2005-09-14 00:00:00,0.07883147627517915,-0.0398679970206097,0.197530949570968,133.25,35.55
9752,2005-09-15 00:00:00,-0.017873579045549082,-0.1365952433533489,0.10084808526225077,133.25,35.55
9753,2005-09-16 00:00:00,0.013469401558095895,-0.10471046924466512,0.13164927236085688,133.25,35.55
9754,2005-09-17 00:00:00,0.06696880406433355,-0.051275258593011235,0.18521286672167836,133.25,35.55
9755,2005-09-18 00:00:00,0.04282664260049341,-0.07538407623490895,0.16103736143589575,133.25,35.55
9756,2005-09-19 00:00:00,0.07650536123880025,-0.0416124393427692,0.1946231618203697,133.25,35.55
9757,2005-09-20 00:00:00,0.0534456977695526,-0.06469690287128257,0.17158829841038778,133.25,35.55
9758,2005-09-21 00:00:00,-0.04352017135180621,-0.16177686557292004,0.07473652286930765,133.25,35.55
9759,2005-09-22 00:00:00,0.06328095621800625,-0.055051958477926516,0.18161387091393905,133.25,35.55
9760,2005-09-23 00:00:00,-0.009193038053712316,-0.12748465404958098,0.10909857794215634,133.25,35.55
9761,2005-09-24 00:00:00,0.010888521572079278,-0.10740020388412803,0.12917724702828662,133.25,35.55
9762,2005-09-25 00:00:00,0.009463097150099143,-0.1091033590649944,0.1280295533651927,133.25,35.55
9763,2005-09-26 00:00:00,-0.014831818325249463,-0.13325751352502052,0.1035938768745216,133.25,35.55
9764,2005-09-27 00:00:00,-0.02562054573495444,-0.14378365435451526,0.0925425628846064,133.25,35.55
9765,2005-09-28 00:00:00,-0.02222346724310421,-0.14037434389945666,0.09592740941324823,133.25,35.55
9766,2005-09-29 00:00:00,-0.009070813057893524,-0.12729027288368705,0.1091486467679,133.25,35.55
9767,2005-09-30 00:00:00,0.030382729292052626,-0.08781533409910197,0.14858079268320726,133.25,35.55
9768,2005-10-01 00:00:00,0.08239520566515843,-0.035863895630733784,0.20065430696105066,133.25,35.55
9769,2005-10-02 00:00:00,0.1063355865613271,-0.011995788687245074,0.22466696180989928,133.25,35.55
9770,2005-10-03 00:00:00,-0.0605458812171595,-0.1790163556613901,0.0579245932270711,133.25,35.55
9771,2005-10-04 00:00:00,0.09797780058955616,-0.02045207343310573,0.21640767461221805,133.25,35.55
9772,2005-10-05 00:00:00,0.013899752399280986,-0.104368753105292,0.13216825790385398,133.25,35.55
9773,2005-10-06 00:00:00,0.0018808082314898113,-0.1162443799675662,0.12000599643054582,133.25,35.55
9774,2005-10-07 00:00:00,0.05269413570418918,-0.0655003579374707,0.17088862934584906,133.25,35.55
9775,2005-10-08 00:00:00,0.0787041128564488,-0.03964277826015115,0.1970510039730488,133.25,35.55
9776,2005-10-09 00:00:00,-0.09896949075741886,-0.21728795996011674,0.019348978445279042,133.25,35.55
9777,2005-10-10 00:00:00,-0.027595070321878547,-0.14581735638490764,0.09062721574115057,133.25,35.55
9778,2005-10-11 00:00:00,-0.015247005527784097,-0.1335139683426887,0.10301995728712048,133.25,35.55
9779,2005-10-12 00:00:00,-0.003340840628426711,-0.12152663078278195,0.11484494952592855,133.25,35.55
9780,2005-10-13 00:00:00,0.025601277433343863,-0.09253751990525574,0.14374007477194348,133.25,35.55
9781,2005-10-14 00:00:00,0.06353178702975536,-0.05472619913727177,0.18178977319678247,133.25,35.55
9782,2005-10-15 00:00:00,0.05173477216891337,-0.06656195328250891,0.17003149762033565,133.25,35.55
9783,2005-10-16 00:00:00,-0.00031730681055209403,-0.11866592251919768,0.11803130889809348,133.25,35.55
9784,2005-10-17 00:00:00,-0.03612570738636159,-0.15436742106259774,0.0821160062898746,133.25,35.55
9785,2005-10-18 00:00:00,-0.06302488708775719,-0.18129565851853435,0.05524588434301997,133.25,35.55
9786,2005-10-19 00:00:00,-0.05512231271161984,-0.1735387139179696,0.06329408849472992,133.25,35.55
9787,2005-10-20 00:00:00,-0.024863045649521014,-0.14312689803853915,0.09340080673949712,133.25,35.55
9788,2005-10-21 00:00:00,0.05374030751295696,-0.06442285478715931,0.17190346981307322,133.25,35.55
9789,2005-10-22 00:00:00,0.02682895267484907,-0.09339661311169588,0.14705451846139406,133.25,35.55
9790,2005-10-23 00:00:00,0.20700047922703133,0.08491779172738001,0.3290831667266827,133.25,35.55
9791,2005-10-24 00:00:00,0.11624778434736575,-0.003064437330915437,0.2355600060256469,133.25,35.55
9792,2005-10-25 00:00:00,0.023250153280649756,-0.09501717864782708,0.14151748520912658,133.25,35.55
9793,2005-10-26 00:00:00,-0.06079025181929368,-0.17907574370049348,0.05749524006190612,133.25,35.55
9794,2005-10-27 00:00:00,0.013143572708507752,-0.1050068457873418,0.1312939912043573,133.25,35.55
9795,2005-10-28 00:00:00,0.05574447998921492,-0.0623646084961189,0.17385356847454875,133.25,35.55
9796,2005-10-29 00:00:00,0.10992021711427824,-0.008378847907049666,0.22821928213560616,133.25,35.55
9797,2005-10-30 00:00:00,0.009537616564888992,-0.10889684191877573,0.1279720750485537,133.25,35.55
9798,2005-10-31 00:00:00,0.016877474345542706,-0.10146017747963992,0.13521512617072534,133.25,35.55
9799,2005-11-01 00:00:00,-0.0050421134896406474,-0.12327233334209332,0.113188106362812,133.25,35.55
9800,2005-11-02 00:00:00,0.015875329556771726,-0.10227146165461004,0.13402212076815348,133.25,35.55
9801,2005-11-03 00:00:00,0.050526450750607466,-0.06760112825574795,0.16865402975696284,133.25,35.55
9802,2005-11-04 00:00:00,0.03737926847092198,-0.08073788767987808,0.15549642462172206,133.25,35.55
9803,2005-11-05 00:00:00,0.024896305870936403,-0.09318496042294498,0.1429775721648178,133.25,35.55
9804,2005-11-06 00:00:00,0.15743730913994436,0.03898397685473423,0.2758906414251545,133.25,35.55
9805,2005-11-07 00:00:00,0.0733418071069564,-0.04693187335441869,0.19361548756833147,133.25,35.55
9806,2005-11-08 00:00:00,0.1472515626219624,0.027232561424532814,0.267270563819392,133.25,35.55
9807,2005-11-09 00:00:00,0.0637441529256009,-0.05631738825199083,0.18380569410319264,133.25,35.55
9808,2005-11-10 00:00:00,0.05438322726024936,-0.06392908901830074,0.17269554353879946,133.25,35.55
9809,2005-11-11 00:00:00,0.08662733769314361,-0.03161312990821313,0.20486780529450035,133.25,35.55
9810,2005-11-12 00:00:00,-0.01874816050668013,-0.1377693778737871,0.10027305686042684,133.25,35.55
9811,2005-11-13 00:00:00,-0.012290749791108405,-0.13087034920590007,0.10628884962368323,133.25,35.55
9812,2005-11-14 00:00:00,0.025300345483072303,-0.09296871126961176,0.14356940223575634,133.25,35.55
9813,2005-11-15 00:00:00,0.03332601470011499,-0.08519309544250625,0.1518451248427362,133.25,35.55
9814,2005-11-16 00:00:00,0.03725159099692596,-0.08155225809367865,0.15605544008753058,133.25,35.55
9815,2005-11-17 00:00:00,0.0343133860930149,-0.08432880009841577,0.1529555722844456,133.25,35.55
9816,2005-11-18 00:00:00,0.03718317481396613,-0.0812325621573397,0.15559891178527194,133.25,35.55
9817,2005-11-19 00:00:00,-0.010251260287699487,-0.12860911419578025,0.10810659362038126,133.25,35.55
9818,2005-11-20 00:00:00,0.006372825893583789,-0.11181886184277706,0.12456451362994465,133.25,35.55
9819,2005-11-21 00:00:00,0.045753134658580205,-0.07244504187499702,0.16395131119215745,133.25,35.55
9820,2005-11-22 00:00:00,0.053553007303726606,-0.0647624225233821,0.1718684371308353,133.25,35.55
9821,2005-11-23 00:00:00,0.041227949872618144,-0.07699059289397356,0.15944649263920985,133.25,35.55
9822,2005-11-24 00:00:00,0.09467037570468577,-0.02356989077412613,0.2129106421834977,133.25,35.55
9823,2005-11-25 00:00:00,0.045129994056993215,-0.07308208872203033,0.16334207683601676,133.25,35.55
9824,2005-11-26 00:00:00,0.07745469286785703,-0.04078999005923352,0.1956993757949476,133.25,35.55
9825,2005-11-27 00:00:00,0.07310533715208466,-0.04508667693419194,0.19129735123836125,133.25,35.55
9826,2005-11-28 00:00:00,0.014348137860347688,-0.10390900480904794,0.1326052805297433,133.25,35.55
9827,2005-11-29 00:00:00,0.1904643836447763,0.07086372233275454,0.3100650449567981,133.25,35.55
9828,2005-11-30 00:00:00,-0.005397211765112292,-0.12487116603952575,0.11407674250930115,133.25,35.55
9829,2005-12-01 00:00:00,0.014595141936267415,-0.10370410718536567,0.13289439105790052,133.25,35.55
9830,2005-12-02 00:00:00,0.09617306511801348,-0.02236626515636654,0.2147123953923935,133.25,35.55
9831,2005-12-03 00:00:00,0.03634074295480953,-0.0825105569889281,0.15519204289854716,133.25,35.55
9832,2005-12-04 00:00:00,0.17711786671828966,0.0580333575070086,0.29620237592957066,133.25,35.55
9833,2005-12-05 00:00:00,0.21592198622329334,0.09426367618076634,0.3375802962658203,133.25,35.55
9834,2005-12-06 00:00:00,-0.029500181943438012,-0.15290525655628934,0.09390489266941336,133.25,35.55
9835,2005-12-07 00:00:00,0.13353941428172822,0.013129083810559744,0.2539497447528967,133.25,35.55
9836,2005-12-08 00:00:00,0.10433481987798132,-0.01420561169976414,0.2228752514557268,133.25,35.55
9837,2005-12-09 00:00:00,0.08304634092682517,-0.035575119768742336,0.20166780162239267,133.25,35.55
9838,2005-12-10 00:00:00,0.15009424607726782,0.031245840787523637,0.268942651367012,133.25,35.55
9839,2005-12-11 00:00:00,0.03522067621296285,-0.08353944257461357,0.1539807950005393,133.25,35.55
9840,2005-12-12 00:00:00,0.17027405480333105,0.051393282794095496,0.2891548268125666,133.25,35.55
9841,2005-12-13 00:00:00,0.1270657806958173,0.007434078176030187,0.2466974832156044,133.25,35.55
9842,2005-12-14 00:00:00,0.0807618751572694,-0.038026055296495866,0.19954980561103464,133.25,35.55
9843,2005-12-15 00:00:00,0.07468886270907157,-0.043852007211195886,0.19322973262933904,133.25,35.55
9844,2005-12-16 00:00:00,0.1149672145568006,-0.003599675961521165,0.23353410507512234,133.25,35.55
9845,2005-12-17 00:00:00,0.1818825081833492,0.06279202260414699,0.3009729937625514,133.25,35.55
9846,2005-12-18 00:00:00,-0.026323759479778663,-0.14828362709982618,0.09563610814026884,133.25,35.55
9847,2005-12-19 00:00:00,0.06155871402964915,-0.05829783934219375,0.18141526740149205,133.25,35.55
9848,2005-12-20 00:00:00,0.016460366103844232,-0.10218298426391284,0.1351037164716013,133.25,35.55
9849,2005-12-21 00:00:00,0.1365745297745592,0.018279257430519724,0.2548698021185987,133.25,35.55
9850,2005-12-22 00:00:00,0.06622434826201573,-0.05887596782301334,0.1913246643470448,133.25,35.55
9851,2005-12-23 00:00:00,0.2076142661575925,0.08557527268852583,0.3296532596266592,133.25,35.55
9852,2005-12-24 00:00:00,0.05025216431917345,-0.06887401119310466,0.16937833983145156,133.25,35.55
9853,2005-12-25 00:00:00,0.17897033045722938,0.060328409591851324,0.29761225132260744,133.25,35.55
9854,2005-12-26 00:00:00,0.09966386798557196,-0.019666703315871628,0.2189944392870156,133.25,35.55
9855,2005-12-27 00:00:00,0.06823588775512293,-0.05071879206626373,0.1871905675765096,133.25,35.55
9856,2005-12-28 00:00:00,0.032468027143516334,-0.08588584225175602,0.1508218965387887,133.25,35.55
9857,2005-12-29 00:00:00,0.015576289528636674,-0.10260758231608567,0.13376016137335905,133.25,35.55
9858,2005-12-30 00:00:00,0.04378267204602178,-0.07451094868983332,0.16207629278187688,133.25,35.55
9859,2005-12-31 00:00:00,-0.0432336296901055,-0.1622277527988685,0.07576049341865751,133.25,35.55
9860,2006-01-01 00:00:00,0.06216367954845783,-0.05611970146376483,0.1804470605606805,133.25,35.55
9861,2006-01-02 00:00:00,0.10009644174196217,-0.018244768918215432,0.21843765240213972,133.25,35.55
9862,2006-01-03 00:00:00,0.13892889857784654,0.019760023479864983,0.2580977736758281,133.25,35.55
9863,2006-01-04 00:00:00,0.1333180414816442,0.013709835111675964,0.25292624785161244,133.25,35.55
9864,2006-01-05 00:00:00,0.026398700108906548,-0.09246525647001803,0.14526265668783112,133.25,35.55
9865,2006-01-06 00:00:00,0.17437414350789826,0.05544911277579559,0.29329917424000085,133.25,35.55
9866,2006-01-07 00:00:00,0.022327573309690853,-0.09633574738205414,0.14099089400143586,133.25,35.55
9867,2006-01-08 00:00:00,0.0940419241027244,-0.02442946984114644,0.21251331804659526,133.25,35.55
9868,2006-01-09 00:00:00,0.032295388214573485,-0.08588120890251011,0.1504719853316571,133.25,35.55
9869,2006-01-10 00:00:00,0.09738844909151564,-0.020925583735946742,0.21570248191897806,133.25,35.55
9870,2006-01-11 00:00:00,-0.0076862365827574325,-0.12607012065656278,0.1106976474910479,133.25,35.55
9871,2006-01-12 00:00:00,-0.018307905451621868,-0.13657957585420025,0.0999637649509565,133.25,35.55
9872,2006-01-13 00:00:00,0.09548255860828513,-0.023141430985209085,0.21410654820177927,133.25,35.55
9873,2006-01-14 00:00:00,0.0908062828325285,-0.028562540812045845,0.21017510647710289,133.25,35.55
9874,2006-01-15 00:00:00,-0.010896389696026606,-0.12976374259646384,0.10797096320441063,133.25,35.55
9875,2006-01-16 00:00:00,0.01195535460250731,-0.1062853302057745,0.1301960394107891,133.25,35.55
9876,2006-01-17 00:00:00,-0.04425239902274023,-0.162715487338518,0.07421068929303754,133.25,35.55
9877,2006-01-18 00:00:00,0.02094693043210574,-0.0974940353631468,0.13938789622735828,133.25,35.55
9878,2006-01-19 00:00:00,-0.059407463011789924,-0.1779820115892139,0.05916708556563405,133.25,35.55
9879,2006-01-20 00:00:00,-0.02629590036198701,-0.14489963605371656,0.09230783532974254,133.25,35.55
9880,2006-01-21 00:00:00,0.08352998883534178,-0.034772224333278104,0.2018322020039616,133.25,35.55
9881,2006-01-22 00:00:00,0.064888817561262,-0.05380750339054422,0.1835851385130682,133.25,35.55
9882,2006-01-23 00:00:00,0.0316374032129653,-0.08766792081395586,0.15094272723988644,133.25,35.55
9883,2006-01-24 00:00:00,0.06074239632830052,-0.05788982885089654,0.17937462150749756,133.25,35.55
9884,2006-01-25 00:00:00,0.055078571870508006,-0.0633115807657629,0.17346872450677892,133.25,35.55
9885,2006-01-26 00:00:00,0.037089172419074834,-0.08114310749468354,0.1553214523328332,133.25,35.55
9886,2006-01-27 00:00:00,0.07949255794796715,-0.0387573944444491,0.19774251034038345,133.25,35.55
9887,2006-01-28 00:00:00,-0.016797568084945702,-0.13526539171361698,0.10167025554372562,133.25,35.55
9888,2006-01-29 00:00:00,0.024804180996240925,-0.09350518255099703,0.14311354454347888,133.25,35.55
9889,2006-01-30 00:00:00,0.06301730632635588,-0.05524742312209269,0.18128203577480445,133.25,35.55
9890,2006-01-31 00:00:00,-0.08111602732997299,-0.1995997213149633,0.03736766665501737,133.25,35.55
9891,2006-02-01 00:00:00,0.09880133358217473,-0.019756743150334474,0.21735941031468392,133.25,35.55
9892,2006-02-02 00:00:00,0.0496759458798452,-0.06923175575846846,0.16858364751815888,133.25,35.55
9893,2006-02-03 00:00:00,0.15195212127340454,0.032905021544400406,0.2709992210024087,133.25,35.55
9894,2006-02-04 00:00:00,-0.06310917929798257,-0.1834265231967207,0.05720816460075555,133.25,35.55
9895,2006-02-05 00:00:00,0.02180458695487716,-0.09665734034448467,0.14026651425423903,133.25,35.55
9896,2006-02-06 00:00:00,0.029933809385243707,-0.08840539280399551,0.14827301157448292,133.25,35.55
9897,2006-02-07 00:00:00,0.13309672921595891,0.013635472649878966,0.2525579857820389,133.25,35.55
9898,2006-02-08 00:00:00,0.1156479145851051,-0.005906703151713029,0.23720253232192326,133.25,35.55
9899,2006-02-09 00:00:00,0.01384753622582631,-0.1060384650806618,0.13373353753231446,133.25,35.55
9900,2006-02-10 00:00:00,0.1676026251694635,0.049028981424825036,0.286176268914102,133.25,35.55
9901,2006-02-11 00:00:00,0.14289945017380387,0.024401153948282798,0.2613977463993249,133.25,35.55
9902,2006-02-12 00:00:00,-0.03726414571572015,-0.15590371598273706,0.08137542455129676,133.25,35.55
9903,2006-02-13 00:00:00,0.14485079476766916,0.026102762557009176,0.26359882697832915,133.25,35.55
9904,2006-02-14 00:00:00,0.17255443962987205,0.05391813584093905,0.291190743418805,133.25,35.55
9905,2006-02-15 00:00:00,0.09753879761781532,-0.02107002784853036,0.21614762308416105,133.25,35.55
9906,2006-02-16 00:00:00,-0.01374860669416685,-0.1322568542608113,0.1047596408724776,133.25,35.55
9907,2006-02-17 00:00:00,0.003596032035544872,-0.1152424948468923,0.12243455891798205,133.25,35.55
9908,2006-02-18 00:00:00,0.06262539138299181,-0.056018189285960834,0.18126897205194445,133.25,35.55
9909,2006-02-19 00:00:00,0.010119386786441174,-0.1080357365407816,0.12827451011366395,133.25,35.55
9910,2006-02-20 00:00:00,0.021339122937973836,-0.0968092378162245,0.13948748369217218,133.25,35.55
9911,2006-02-21 00:00:00,0.016978715776180243,-0.10122259712540033,0.13518002867776086,133.25,35.55
9912,2006-02-22 00:00:00,0.053023179830410536,-0.06516780746100917,0.17121416712183024,133.25,35.55
9913,2006-02-23 00:00:00,-0.01075992296740106,-0.12897877040616765,0.10745892447136553,133.25,35.55
9914,2006-02-24 00:00:00,-0.02407666885753821,-0.14234202881697894,0.09418869110190256,133.25,35.55
9915,2006-02-25 00:00:00,-0.05599403661656698,-0.17429499043932647,0.062306917206192525,133.25,35.55
9916,2006-02-26 00:00:00,0.18612241414523265,0.06676971712427562,0.30547511116618964,133.25,35.55
9917,2006-02-27 00:00:00,-0.0903637319739626,-0.21017596656599008,0.029448502618064882,133.25,35.55
9918,2006-02-28 00:00:00,-0.06552277709517171,-0.18392320242772714,0.05287764823738374,133.25,35.55
9919,2006-03-01 00:00:00,0.10044014217592452,-0.018063345348909632,0.21894362970075865,133.25,35.55
9920,2006-03-02 00:00:00,0.1679781489600928,0.04925864345089587,0.2866976544692897,133.25,35.55
9921,2006-03-03 00:00:00,0.053485807837883786,-0.06498340545565752,0.17195502113142513,133.25,35.55
9922,2006-03-04 00:00:00,0.030743168571034325,-0.08755173506572611,0.14903807220779478,133.25,35.55
9923,2006-03-05 00:00:00,0.06493781995842783,-0.05325828579654565,0.1831339257134013,133.25,35.55
9924,2006-03-06 00:00:00,0.1028771762863475,-0.015502607648105725,0.2212569602208007,133.25,35.55
9925,2006-03-07 00:00:00,-0.01832274464406572,-0.13689977232972628,0.10025428304159482,133.25,35.55
9926,2006-03-08 00:00:00,0.019702145746766896,-0.09872389189039582,0.1381281833839296,133.25,35.55
9927,2006-03-09 00:00:00,-0.09071446544897413,-0.2091551319683039,0.027726201070355644,133.25,35.55
9928,2006-03-10 00:00:00,0.06809061069760594,-0.05026790718712458,0.18644912858233648,133.25,35.55
9929,2006-03-11 00:00:00,0.06834876869709015,-0.04986918024597045,0.1865667176401508,133.25,35.55
9930,2006-03-12 00:00:00,0.08968040642034122,-0.02866585002468547,0.20802666286536792,133.25,35.55
9931,2006-03-13 00:00:00,0.011639951852500005,-0.1070483063040708,0.1303282100090708,133.25,35.55
9932,2006-03-14 00:00:00,0.10741087467769304,-0.011435123770968586,0.22625687312635465,133.25,35.55
9933,2006-03-15 00:00:00,0.08159595607732588,-0.03715633821818716,0.20034825037283888,133.25,35.55
9934,2006-03-16 00:00:00,0.14026075440530758,0.02171212201366909,0.2588093867969461,133.25,35.55
9935,2006-03-17 00:00:00,-0.031901230966993765,-0.15401539431544453,0.09021293238145697,133.25,35.55
9936,2006-03-18 00:00:00,0.02424089929231828,-0.09497963783117827,0.14346143641581482,133.25,35.55
9937,2006-03-19 00:00:00,0.04356928640898865,-0.07573745531315093,0.16287602813112825,133.25,35.55
9938,2006-03-20 00:00:00,0.10926135086564392,-0.009869552715399438,0.2283922544466873,133.25,35.55
9939,2006-03-21 00:00:00,0.06133976928576777,-0.05711759118628211,0.17979712975781764,133.25,35.55
9940,2006-03-22 00:00:00,-0.008874333776983066,-0.1271299479912055,0.10938128043723938,133.25,35.55
9941,2006-03-23 00:00:00,0.13241450937737553,0.013987238812330813,0.25084177994242024,133.25,35.55
9942,2006-03-24 00:00:00,-0.051084277772535235,-0.16957012719177605,0.06740157164670561,133.25,35.55
9943,2006-03-25 00:00:00,0.03577492874331683,-0.08247424839800932,0.15402410588464302,133.25,35.55
9944,2006-03-26 00:00:00,0.07176307953025775,-0.04664103088270423,0.19016718994321974,133.25,35.55
9945,2006-03-27 00:00:00,0.03980003365226553,-0.07859288757349253,0.1581929548780236,133.25,35.55
9946,2006-03-28 00:00:00,0.1829871932090753,0.06449000607095033,0.30148438034720026,133.25,35.55
9947,2006-03-29 00:00:00,0.06141874883323379,-0.05850657931160034,0.18134407697806795,133.25,35.55
9948,2006-03-30 00:00:00,0.09849806435266802,-0.022435470655099904,0.2194315993604359,133.25,35.55
9949,2006-03-31 00:00:00,0.032958800698806766,-0.08789415419972675,0.15381175559734028,133.25,35.55
9950,2006-04-01 00:00:00,0.0758079779393229,-0.04267486860396219,0.194290824482608,133.25,35.55
9951,2006-04-02 00:00:00,0.1909196202670592,0.07205481144677985,0.3097844290873386,133.25,35.55
9952,2006-04-03 00:00:00,0.11638721415913335,-0.003104095780048749,0.23587852409831545,133.25,35.55
9953,2006-04-04 00:00:00,0.028669804264170182,-0.08983509198421805,0.1471747005125584,133.25,35.55
9954,2006-04-05 00:00:00,0.08982464414858649,-0.028807156596278968,0.20845644489345194,133.25,35.55
9955,2006-04-06 00:00:00,-0.04976463795793723,-0.16832784104993295,0.06879856513405849,133.25,35.55
9956,2006-04-07 00:00:00,0.06043178942584099,-0.057882604758704825,0.1787461836103868,133.25,35.55
9957,2006-04-08 00:00:00,0.18010417638286644,0.061062626405094675,0.2991457263606382,133.25,35.55
9958,2006-04-09 00:00:00,-0.04984200223608355,-0.16909282817601295,0.06940882370384584,133.25,35.55
9959,2006-04-10 00:00:00,0.09631521524069928,-0.022445511151484104,0.21507594163288268,133.25,35.55
9960,2006-04-11 00:00:00,0.2270695307954445,0.10613127965678468,0.3480077819341043,133.25,35.55
9961,2006-04-12 00:00:00,0.1199688666599946,-0.0008517980754189637,0.24078953139540815,133.25,35.55
9962,2006-04-13 00:00:00,-0.04293751182536349,-0.16146018550370056,0.07558516185297358,133.25,35.55
9963,2006-04-14 00:00:00,-0.053218348322802055,-0.1716608584820082,0.06522416183640413,133.25,35.55
9964,2006-04-15 00:00:00,-0.034006151039125215,-0.15247559130926053,0.0844632892310101,133.25,35.55
9965,2006-04-16 00:00:00,0.1473196653357748,0.028233320116280738,0.2664060105552688,133.25,35.55
9966,2006-04-17 00:00:00,0.007310460374981805,-0.11150683829326764,0.12612775904323126,133.25,35.55
9967,2006-04-18 00:00:00,0.032959045408429394,-0.08544897382469874,0.15136706464155752,133.25,35.55
9968,2006-04-19 00:00:00,0.10410078959644622,-0.014456547506520187,0.22265812669941265,133.25,35.55
9969,2006-04-20 00:00:00,0.2698692332973596,0.14764464904591645,0.3920938175488028,133.25,35.55
9970,2006-04-21 00:00:00,0.29951674782757504,0.17682866165901354,0.4222048339961364,133.25,35.55
9971,2006-04-22 00:00:00,0.1001554096759732,-0.0188792448614762,0.21919006421342266,133.25,35.55
9972,2006-04-23 00:00:00,0.04853238155617599,-0.06977630421896801,0.16684106733131995,133.25,35.55
9973,2006-04-24 00:00:00,0.06036792608935303,-0.05840316543933523,0.1791390176180413,133.25,35.55
9974,2006-04-25 00:00:00,0.05329796716162852,-0.0653886586861309,0.17198459300938795,133.25,35.55
9975,2006-04-26 00:00:00,0.028848363737283493,-0.08951384924789799,0.147210576722465,133.25,35.55
9976,2006-04-27 00:00:00,0.05843418497375216,-0.05975198266136705,0.17662035260887138,133.25,35.55
9977,2006-04-28 00:00:00,0.052435804022226785,-0.06578386517802592,0.1706554732224795,133.25,35.55
9978,2006-04-29 00:00:00,0.10988057000791662,-0.008275747241064084,0.2280368872568973,133.25,35.55
9979,2006-04-30 00:00:00,0.16363638586614532,0.04534239394965692,0.2819303777826337,133.25,35.55
9980,2006-05-01 00:00:00,0.11363063457303164,-0.005087948584347926,0.2323492177304112,133.25,35.55
9981,2006-05-02 00:00:00,-0.03897633259634215,-0.15754270250583413,0.07959003731314981,133.25,35.55
9982,2006-05-03 00:00:00,-0.02409271555692362,-0.14269623874630386,0.09451080763245658,133.25,35.55
9983,2006-05-04 00:00:00,0.06083976053313379,-0.05746821186856649,0.17914773293483408,133.25,35.55
9984,2006-05-05 00:00:00,0.07919222256615899,-0.03908739547209035,0.1974718406044083,133.25,35.55
9985,2006-05-06 00:00:00,0.11936720398788828,0.0009348716788074307,0.2377995362969691,133.25,35.55
9986,2006-05-07 00:00:00,0.05747041353052367,-0.06266426599113027,0.17760509305217764,133.25,35.55
9987,2006-05-08 00:00:00,-0.08783704440714116,-0.20663658836072,0.03096249954643765,133.25,35.55
9988,2006-05-09 00:00:00,0.006731012968673393,-0.1115295795692419,0.12499160550658868,133.25,35.55
9989,2006-05-10 00:00:00,0.1052608017764068,-0.013242221789215206,0.2237638253420288,133.25,35.55
9990,2006-05-11 00:00:00,0.022092094126763218,-0.09755479179040932,0.14173898004393576,133.25,35.55
9991,2006-05-12 00:00:00,-0.026922949655103875,-0.1454185948039332,0.09157269549372543,133.25,35.55
9992,2006-05-13 00:00:00,0.07284288013842066,-0.04549926870316653,0.19118502898000786,133.25,35.55
9993,2006-05-14 00:00:00,0.12089108640658976,0.002499732109981168,0.23928244070319835,133.25,35.55
9994,2006-05-15 00:00:00,0.024499080428176903,-0.09372252813083104,0.14272068898718482,133.25,35.55
9995,2006-05-16 00:00:00,0.034550004976001844,-0.08358612797251788,0.15268613792452154,133.25,35.55
9996,2006-05-17 00:00:00,0.01593578314844275,-0.10221719409866784,0.13408876039555334,133.25,35.55
9997,2006-05-18 00:00:00,0.02945691040517225,-0.08871598543982114,0.14762980625016564,133.25,35.55
9998,2006-05-19 00:00:00,0.11726291951957532,-0.001311765987041344,0.235837605026192,133.25,35.55
9999,2006-05-20 00:00:00,0.17577946039227887,0.05577172938241229,0.2957871914021455,133.25,35.55
10000,2006-05-21 00:00:00,-0.05212609995873299,-0.17064888885048274,0.06639668893301677,133.25,35.55
10001,2006-05-22 00:00:00,0.13677645436179325,0.018509268803234055,0.25504363992035245,133.25,35.55
10002,2006-05-23 00:00:00,0.120640691544525,0.002078187473881582,0.2392031956151684,133.25,35.55
10003,2006-05-24 00:00:00,0.04533240068527426,-0.07320329544019193,0.16386809681074044,133.25,35.55
10004,2006-05-25 00:00:00,-0.05579884400104286,-0.17412506255616855,0.06252737455408283,133.25,35.55
10005,2006-05-26 00:00:00,0.03375743503452568,-0.08453408512660704,0.1520489551956584,133.25,35.55
10006,2006-05-27 00:00:00,0.0418087772980173,-0.07756327994317358,0.16118083453920815,133.25,35.55
10007,2006-05-28 00:00:00,0.1696471251376609,0.05084035294198744,0.2884538973333344,133.25,35.55
10008,2006-05-29 00:00:00,0.11134227708855944,-0.007232441379759937,0.22991699555687886,133.25,35.55
10009,2006-05-30 00:00:00,0.032223579106351805,-0.08602968600133318,0.1504768442140368,133.25,35.55
10010,2006-05-31 00:00:00,0.01317909999085118,-0.1049804370223742,0.13133863700407655,133.25,35.55
10011,2006-06-01 00:00:00,0.02649584524915424,-0.09166009792850692,0.1446517884268154,133.25,35.55
10012,2006-06-02 00:00:00,0.02878813283836685,-0.08938735401774026,0.14696361969447394,133.25,35.55
10013,2006-06-03 00:00:00,-0.028490180091790343,-0.14671652460430076,0.08973616442072006,133.25,35.55
10014,2006-06-04 00:00:00,0.03670806417502039,-0.08149873122260291,0.15491485957264367,133.25,35.55
10015,2006-06-05 00:00:00,0.06337886701452015,-0.054771779094245014,0.1815295131232853,133.25,35.55
10016,2006-06-06 00:00:00,0.04184141938490727,-0.07627401304423599,0.15995685181405053,133.25,35.55
10017,2006-06-07 00:00:00,0.014021466254181124,-0.10407901004477202,0.13212194255313425,133.25,35.55
10018,2006-06-08 00:00:00,0.07940465165656604,-0.03878281993273015,0.19759212324586226,133.25,35.55
10019,2006-06-09 00:00:00,0.12322414089896055,0.0033623575681779594,0.2430859242297432,133.25,35.55
10020,2006-06-10 00:00:00,0.12050926402589662,0.0009045206579551963,0.24011400739383806,133.25,35.55
10021,2006-06-11 00:00:00,0.05640435145823493,-0.06189084271605975,0.1746995456325296,133.25,35.55
10022,2006-06-12 00:00:00,0.02787760500356545,-0.09037129414270853,0.14612650414983944,133.25,35.55
10023,2006-06-13 00:00:00,-0.010356338887193242,-0.1284670019582956,0.10775432418390912,133.25,35.55
10024,2006-06-14 00:00:00,0.02727882627178526,-0.09085217663581817,0.1454098291793887,133.25,35.55
10025,2006-06-15 00:00:00,0.4218409539956396,0.29965892434716623,0.544022983644113,133.25,35.55
10026,2006-06-16 00:00:00,0.08291291244001432,-0.041140866976491115,0.20696669185651972,133.25,35.55
10027,2006-06-17 00:00:00,0.03809159032909702,-0.08008755566385793,0.15627073632205193,133.25,35.55
10028,2006-06-18 00:00:00,0.06955601912980372,-0.048599238443108615,0.18771127670271606,133.25,35.55
10029,2006-06-19 00:00:00,0.037427170340622665,-0.08065517547907664,0.15550951616032194,133.25,35.55
10030,2006-06-20 00:00:00,0.02781303437796537,-0.0902688277437805,0.14589489649971124,133.25,35.55
10031,2006-06-21 00:00:00,0.0776071611087687,-0.04048263985919197,0.19569696207672935,133.25,35.55
10032,2006-06-22 00:00:00,0.09496787008709573,-0.023156923473894142,0.2130926636480856,133.25,35.55
10033,2006-06-23 00:00:00,0.05449259799629065,-0.06370473247443112,0.17268992846701242,133.25,35.55
10034,2006-06-24 00:00:00,-0.013607620346905531,-0.1317639791415745,0.10454873844776344,133.25,35.55
10035,2006-06-25 00:00:00,0.027056981094922817,-0.09104025466172433,0.14515421685156996,133.25,35.55
10036,2006-06-26 00:00:00,0.0682264699299276,-0.050009470383665384,0.18646241024352064,133.25,35.55
10037,2006-06-27 00:00:00,0.11273713128848935,-0.005478344779615868,0.23095260735659456,133.25,35.55
10038,2006-06-28 00:00:00,0.07650978076885978,-0.04161202548592927,0.19463158702364886,133.25,35.55
10039,2006-06-29 00:00:00,0.012540625001596615,-0.10563169388803932,0.13071294389123253,133.25,35.55
10040,2006-06-30 00:00:00,0.1141995972644002,-0.0039758436270627825,0.2323750381558632,133.25,35.55
10041,2006-07-01 00:00:00,0.12099169065051008,0.0026820565819719307,0.23930132471904825,133.25,35.55
10042,2006-07-02 00:00:00,0.06737609449004485,-0.0516202397542488,0.1863724287343385,133.25,35.55
10043,2006-07-03 00:00:00,0.0343442423729743,-0.08462833049508565,0.15331681524103424,133.25,35.55
10044,2006-07-04 00:00:00,0.04580974213241284,-0.07237957771102871,0.16399906197585434,133.25,35.55
10045,2006-07-05 00:00:00,0.09127657263707868,-0.027991585280028097,0.21054473055418546,133.25,35.55
10046,2006-07-06 00:00:00,0.12583378136451498,0.006585158079801076,0.2450824046492289,133.25,35.55
10047,2006-07-07 00:00:00,0.029025163773434337,-0.0891608157640643,0.14721114331093302,133.25,35.55
10048,2006-07-08 00:00:00,0.013831269969198172,-0.10427746592720323,0.13194000586559956,133.25,35.55
10049,2006-07-09 00:00:00,0.024717839318736737,-0.09342395770656713,0.1428596363440406,133.25,35.55
10050,2006-07-10 00:00:00,0.04523420778488732,-0.07327871100756259,0.16374712657733725,133.25,35.55
10051,2006-07-11 00:00:00,0.1505650974016019,0.030024405593005617,0.2711057892101982,133.25,35.55
10052,2006-07-12 00:00:00,0.17241689540316635,0.05318336557064589,0.2916504252356868,133.25,35.55
10053,2006-07-13 00:00:00,0.08512376225763002,-0.03301873447033178,0.20326625898559186,133.25,35.55
10054,2006-07-14 00:00:00,0.05542000591243945,-0.06272662659801534,0.17356663842289424,133.25,35.55
10055,2006-07-15 00:00:00,0.07733588141841652,-0.0407891029991974,0.19546086583603045,133.25,35.55
10056,2006-07-16 00:00:00,0.08769423321841394,-0.030589232351283763,0.2059776987881116,133.25,35.55
10057,2006-07-17 00:00:00,0.1067699271244116,-0.011665267501487886,0.2252051217503111,133.25,35.55
10058,2006-07-18 00:00:00,0.07639305943097374,-0.04216034973504082,0.1949464685969883,133.25,35.55
10059,2006-07-19 00:00:00,0.07443212407033772,-0.04451120596941989,0.19337545411009527,133.25,35.55
10060,2006-07-20 00:00:00,0.023597949876333263,-0.09491476759996648,0.14211066735263306,133.25,35.55
10061,2006-07-21 00:00:00,0.11615794095164066,-0.002200365589213951,0.2345162474924952,133.25,35.55
10062,2006-07-22 00:00:00,0.08691564957061683,-0.031479852587291864,0.2053111517285255,133.25,35.55
10063,2006-07-23 00:00:00,0.07732662857233293,-0.041003700504796806,0.19565695764946267,133.25,35.55
10064,2006-07-24 00:00:00,0.02135969494337547,-0.096951830029568,0.13967121991631895,133.25,35.55
10065,2006-07-25 00:00:00,0.015091160910400622,-0.10319063526330473,0.13337295708410596,133.25,35.55
10066,2006-07-26 00:00:00,-0.0055304735495894175,-0.12367760740560305,0.1126166603064242,133.25,35.55
10067,2006-07-27 00:00:00,0.04766780681955997,-0.07044723195532326,0.1657828455944432,133.25,35.55
10068,2006-07-28 00:00:00,0.09033275182119613,-0.0278302355364341,0.2084957391788264,133.25,35.55
10069,2006-07-29 00:00:00,0.09071383868634443,-0.02749700607081296,0.2089246834435018,133.25,35.55
10070,2006-07-30 00:00:00,0.03752096259843277,-0.08066076797116761,0.15570269316803315,133.25,35.55
10071,2006-07-31 00:00:00,0.05195804119264097,-0.0661789754428749,0.17009505782815684,133.25,35.55
10072,2006-08-01 00:00:00,0.07617518076526722,-0.041986269561561616,0.1943366310920961,133.25,35.55
10073,2006-08-02 00:00:00,0.03922675048055009,-0.07891365053791323,0.15736715149901342,133.25,35.55
10074,2006-08-03 00:00:00,0.022393978385235783,-0.09570315139786058,0.14049110816833216,133.25,35.55
10075,2006-08-04 00:00:00,0.029945994080280963,-0.08816476815390989,0.14805675631447182,133.25,35.55
10076,2006-08-05 00:00:00,0.044330255441295464,-0.07376105144992393,0.16242156233251484,133.25,35.55
10077,2006-08-06 00:00:00,0.0537303477103178,-0.06435412782168681,0.1718148232423224,133.25,35.55
10078,2006-08-07 00:00:00,0.045054766025990345,-0.07304406847075122,0.16315360052273192,133.25,35.55
10079,2006-08-08 00:00:00,0.02987900433585402,-0.08842630615420774,0.14818431482591576,133.25,35.55
10080,2006-08-09 00:00:00,0.030118048273865945,-0.08834734914593348,0.14858344569366536,133.25,35.55
10081,2006-08-10 00:00:00,0.04883198731962653,-0.06930165204480003,0.1669656266840531,133.25,35.55
10082,2006-08-11 00:00:00,0.07062570084953218,-0.047458283264973165,0.1887096849640375,133.25,35.55
10083,2006-08-12 00:00:00,0.0870800701287599,-0.03101887311259073,0.20517901337011046,133.25,35.55
10084,2006-08-13 00:00:00,0.0703797149040741,-0.047708047026464966,0.1884674768346132,133.25,35.55
10085,2006-08-14 00:00:00,0.03525230305274581,-0.08287342501080952,0.15337803111630116,133.25,35.55
10086,2006-08-15 00:00:00,0.04320924278960933,-0.07498938969668982,0.1614078752759085,133.25,35.55
10087,2006-08-16 00:00:00,0.01812096045212863,-0.10020508376961504,0.1364470046738723,133.25,35.55
10088,2006-08-17 00:00:00,0.026498109081066458,-0.09224267210066887,0.14523889026280182,133.25,35.55
10089,2006-08-18 00:00:00,-0.011680929066815407,-0.132243294640021,0.10888143650639018,133.25,35.55
10090,2006-08-19 00:00:00,-0.008236350106934867,-0.13003603831498556,0.11356333810111585,133.25,35.55
10091,2006-08-20 00:00:00,0.02644577579077188,-0.09400734378072872,0.14689889536227246,133.25,35.55
10092,2006-08-21 00:00:00,0.0231129673406086,-0.0950664420162097,0.14129237669742692,133.25,35.55
10093,2006-08-22 00:00:00,0.02902465032540448,-0.08912391277112246,0.14717321342193146,133.25,35.55
10094,2006-08-23 00:00:00,0.0181553705086457,-0.09996223798766236,0.13627297900495378,133.25,35.55
10095,2006-08-24 00:00:00,0.026517234345557226,-0.09156021528778878,0.14459468397890324,133.25,35.55
10096,2006-08-25 00:00:00,0.004324347431096146,-0.1137545263628485,0.1224032212250408,133.25,35.55
10097,2006-08-26 00:00:00,0.028375510600425532,-0.0897082758634172,0.14645929706426827,133.25,35.55
10098,2006-08-27 00:00:00,0.07547154253915712,-0.04266433767072692,0.1936074227490412,133.25,35.55
10099,2006-08-28 00:00:00,0.0777056345718139,-0.04045623052414729,0.19586749966777509,133.25,35.55
10100,2006-08-29 00:00:00,0.06417549583538913,-0.05394694107142667,0.1822979327422049,133.25,35.55
10101,2006-08-30 00:00:00,0.028866702514304544,-0.0892643531319473,0.14699775816055638,133.25,35.55
10102,2006-08-31 00:00:00,0.024274502048084456,-0.09391282891228464,0.14246183300845355,133.25,35.55
10103,2006-09-01 00:00:00,0.04245714481718889,-0.07583258781954919,0.16074687745392696,133.25,35.55
10104,2006-09-02 00:00:00,-0.0022110068821095262,-0.12046026492852333,0.11603825116430427,133.25,35.55
10105,2006-09-03 00:00:00,0.013259574596210015,-0.1048414759136616,0.13136062510608165,133.25,35.55
10106,2006-09-04 00:00:00,0.08421530341026848,-0.03392834371987935,0.2023589505404163,133.25,35.55
10107,2006-09-05 00:00:00,0.05826756956802321,-0.06013637329729445,0.17667151243334087,133.25,35.55
10108,2006-09-06 00:00:00,0.12478120643374202,0.006293038201927129,0.2432693746655569,133.25,35.55
10109,2006-09-07 00:00:00,0.013371924647712865,-0.10495504133814004,0.13169889063356574,133.25,35.55
10110,2006-09-08 00:00:00,-0.037686018428345125,-0.1559110068961865,0.08053897003949625,133.25,35.55
10111,2006-09-09 00:00:00,0.08199646648965782,-0.03623083107668862,0.20022376405600428,133.25,35.55
10112,2006-09-10 00:00:00,0.06049177082105564,-0.058008893215236175,0.17899243485734745,133.25,35.55
10113,2006-09-11 00:00:00,-0.02113979726100838,-0.13959384539820324,0.09731425087618648,133.25,35.55
10114,2006-09-12 00:00:00,-0.0249034751996471,-0.14310573237249152,0.09329878197319734,133.25,35.55
10115,2006-09-13 00:00:00,0.0015414137132062774,-0.11673175621245548,0.11981458363886804,133.25,35.55
10116,2006-09-14 00:00:00,0.008835485678925822,-0.10945923547937228,0.12713020683722392,133.25,35.55
10117,2006-09-15 00:00:00,-0.012442673170998385,-0.13067960312136584,0.10579425677936907,133.25,35.55
10118,2006-09-16 00:00:00,0.06461052780447331,-0.053647045586233635,0.18286810119518027,133.25,35.55
10119,2006-09-17 00:00:00,-0.005111376983687778,-0.12403010365676227,0.11380734968938673,133.25,35.55
10120,2006-09-18 00:00:00,0.0802906436396556,-0.05163297593267102,0.21221426321198225,133.25,35.55
10121,2006-09-19 00:00:00,0.06741362760357167,-0.061298037545282485,0.19612529275242585,133.25,35.55
10122,2006-09-20 00:00:00,-0.026481876231716973,-0.14508035105413652,0.09211659859070256,133.25,35.55
10123,2006-09-21 00:00:00,-0.013434041818104044,-0.13161010749074856,0.10474202385454046,133.25,35.55
10124,2006-09-22 00:00:00,-0.024885818228801457,-0.14300822108318595,0.09323658462558304,133.25,35.55
10125,2006-09-23 00:00:00,-0.01943169335446712,-0.13765665591930526,0.098793269210371,133.25,35.55
10126,2006-09-24 00:00:00,0.01683662981788609,-0.10138202497052934,0.1350552846063015,133.25,35.55
10127,2006-09-25 00:00:00,0.0052119967299907,-0.11292104222700787,0.12334503568698928,133.25,35.55
10128,2006-09-26 00:00:00,-0.00903315079375066,-0.127272146501842,0.10920584491434067,133.25,35.55
10129,2006-09-27 00:00:00,0.054365971106228365,-0.06407151335157228,0.17280345556402898,133.25,35.55
10130,2006-09-28 00:00:00,0.01971379775784797,-0.09854352667685012,0.13797112219254604,133.25,35.55
10131,2006-09-29 00:00:00,0.02502968978098249,-0.09306556095509626,0.14312494051706126,133.25,35.55
10132,2006-09-30 00:00:00,-0.005689869986358682,-0.12385675375427364,0.1124770137815563,133.25,35.55
10133,2006-10-01 00:00:00,-0.017482549593154914,-0.13563794470672413,0.10067284552041428,133.25,35.55
10134,2006-10-02 00:00:00,0.03941606279795376,-0.07878222105865992,0.15761434665456744,133.25,35.55
10135,2006-10-03 00:00:00,-0.0012812780288865221,-0.11939526121096322,0.1168327051531902,133.25,35.55
10136,2006-10-04 00:00:00,0.016796547402331583,-0.1012947124309629,0.13488780723562607,133.25,35.55
10137,2006-10-05 00:00:00,-0.004845247908870115,-0.12309107983162974,0.11340058401388953,133.25,35.55
10138,2006-10-06 00:00:00,0.0398567693332425,-0.0795142804798126,0.1592278191462976,133.25,35.55
10139,2006-10-07 00:00:00,0.07370843716915734,-0.04609597833588682,0.19351285267420149,133.25,35.55
10140,2006-10-08 00:00:00,-0.03411566912422667,-0.15341114549118426,0.08517980724273087,133.25,35.55
10141,2006-10-09 00:00:00,0.036309882031660086,-0.08252522281009382,0.15514498687341402,133.25,35.55
10142,2006-10-10 00:00:00,0.018997427652720517,-0.09922692118238284,0.13722177648782385,133.25,35.55
10143,2006-10-11 00:00:00,0.049317377955074564,-0.06878680170215859,0.16742155761230773,133.25,35.55
10144,2006-10-12 00:00:00,-0.010778087982125723,-0.12906093161681978,0.10750475565256833,133.25,35.55
10145,2006-10-13 00:00:00,0.002622375928649716,-0.1155898743788472,0.12083462623614664,133.25,35.55
10146,2006-10-14 00:00:00,-0.007221396115855372,-0.1254244612927028,0.11098166906099206,133.25,35.55
10147,2006-10-15 00:00:00,0.024389004482836055,-0.09378906744397447,0.1425670764096466,133.25,35.55
10148,2006-10-16 00:00:00,-0.024552145499941908,-0.14282604054186426,0.0937217495419804,133.25,35.55
10149,2006-10-17 00:00:00,0.010964584134145895,-0.10727443865256267,0.12920360692085445,133.25,35.55
10150,2006-10-18 00:00:00,-0.04369073567643153,-0.16195259132498513,0.07457111997212205,133.25,35.55
10151,2006-10-19 00:00:00,0.043713683224222345,-0.07445181880404464,0.16187918525248934,133.25,35.55
10152,2006-10-20 00:00:00,0.051572541614381386,-0.06666803833635468,0.16981312156511744,133.25,35.55
10153,2006-10-21 00:00:00,-0.05492913243261402,-0.1731737781793451,0.06331551331411704,133.25,35.55
10154,2006-10-22 00:00:00,0.04272240202642275,-0.0754545847787734,0.1608993888316189,133.25,35.55
10155,2006-10-23 00:00:00,0.12487912969617684,0.003708446009997549,0.2460498133823561,133.25,35.55
10156,2006-10-24 00:00:00,-0.04520309897477215,-0.16873682468597478,0.07833062673643047,133.25,35.55
10157,2006-10-25 00:00:00,0.053522382850961725,-0.06693744380753845,0.17398220950946192,133.25,35.55
10158,2006-10-26 00:00:00,0.00679312676443667,-0.1113681883033143,0.12495444183218762,133.25,35.55
10159,2006-10-27 00:00:00,0.02242639031894641,-0.09569671041872743,0.14054949105662026,133.25,35.55
10160,2006-10-28 00:00:00,0.038052938940627216,-0.08007725728542188,0.1561831351666763,133.25,35.55
10161,2006-10-29 00:00:00,0.06440841718279322,-0.053792763670795885,0.18260959803638235,133.25,35.55
10162,2006-10-30 00:00:00,-0.05656733694730892,-0.17478234092429465,0.0616476670296768,133.25,35.55
10163,2006-10-31 00:00:00,0.034254183834748105,-0.08390168800647578,0.152410055675972,133.25,35.55
10164,2006-11-01 00:00:00,0.04268622243245381,-0.07564971888234295,0.16102216374725056,133.25,35.55
10165,2006-11-02 00:00:00,0.03869433108456777,-0.07958666672474056,0.1569753288938761,133.25,35.55
10166,2006-11-03 00:00:00,0.03887519006326533,-0.07926887269909172,0.1570192528256224,133.25,35.55
10167,2006-11-04 00:00:00,0.042783675595532686,-0.07534986404588072,0.16091721523694613,133.25,35.55
10168,2006-11-05 00:00:00,0.10270506741103087,-0.015519864950970132,0.2209299997730319,133.25,35.55
10169,2006-11-06 00:00:00,0.08846470468946141,-0.029987754697480162,0.20691716407640295,133.25,35.55
10170,2006-11-07 00:00:00,0.22893644812842665,0.10898278530932498,0.3488901109475283,133.25,35.55
10171,2006-11-08 00:00:00,0.021291310700741386,-0.09881398962127087,0.14139661102275364,133.25,35.55
10172,2006-11-09 00:00:00,0.10659345088140172,-0.011874674966881328,0.2250615767296848,133.25,35.55
10173,2006-11-10 00:00:00,0.06368398164588898,-0.054884244016682085,0.18225220730846006,133.25,35.55
10174,2006-11-11 00:00:00,0.07519716952866999,-0.04329879804989605,0.19369313710723607,133.25,35.55
10175,2006-11-12 00:00:00,-0.013174039394982457,-0.1323519649514818,0.10600388616151687,133.25,35.55
10176,2006-11-13 00:00:00,0.06330705850501044,-0.05525920801943555,0.1818733250294564,133.25,35.55
10177,2006-11-14 00:00:00,0.13540132068246574,0.01688056200307915,0.2539220793618524,133.25,35.55
10178,2006-11-15 00:00:00,0.020957256812047118,-0.0977884890623801,0.13970300268647434,133.25,35.55
10179,2006-11-16 00:00:00,0.08430023670439896,-0.03443640623134543,0.20303687964014333,133.25,35.55
10180,2006-11-17 00:00:00,-0.024491937230624376,-0.14272649486133587,0.09374262040008713,133.25,35.55
10181,2006-11-18 00:00:00,-0.008415993052429849,-0.12657600839263,0.10974402228777028,133.25,35.55
10182,2006-11-19 00:00:00,-0.007822453744531124,-0.1263405382067102,0.11069563071764796,133.25,35.55
10183,2006-11-20 00:00:00,0.07677999083800087,-0.04190395543449632,0.19546393711049806,133.25,35.55
10184,2006-11-21 00:00:00,0.0738181070064723,-0.04460553300016632,0.19224174701311086,133.25,35.55
10185,2006-11-22 00:00:00,0.04285128179148876,-0.07554061113280855,0.16124317471578606,133.25,35.55
10186,2006-11-23 00:00:00,-0.12417816835348085,-0.2428257335772713,-0.005530603129690406,133.25,35.55
10187,2006-11-24 00:00:00,-0.05045020254058171,-0.1691041939678441,0.06820378888668066,133.25,35.55
10188,2006-11-25 00:00:00,-0.008033274011366748,-0.12647131140984866,0.11040476338711516,133.25,35.55
10189,2006-11-26 00:00:00,0.05818703188160201,-0.06026709647350381,0.1766411602367078,133.25,35.55
10190,2006-11-27 00:00:00,0.06794168966560958,-0.05114942932139949,0.18703280865261865,133.25,35.55
10191,2006-11-28 00:00:00,-0.00011118785288448396,-0.12012276778494548,0.11990039207917652,133.25,35.55
10192,2006-11-29 00:00:00,0.07219296609766186,-0.046855044547245,0.19124097674256876,133.25,35.55
10193,2006-11-30 00:00:00,0.04908678281449964,-0.06922296735557815,0.1673965329845774,133.25,35.55
10194,2006-12-01 00:00:00,0.06382449222346749,-0.054704081732043185,0.18235306617897815,133.25,35.55
10195,2006-12-02 00:00:00,0.15836437443168505,0.03983222980673652,0.2768965190566336,133.25,35.55
10196,2006-12-03 00:00:00,0.03887929505229025,-0.07991128075860388,0.15766987086318435,133.25,35.55
10197,2006-12-04 00:00:00,0.02542341514439271,-0.0929716511106319,0.14381848139941733,133.25,35.55
10198,2006-12-05 00:00:00,0.05926514760490704,-0.0591474855096293,0.17767778071944335,133.25,35.55
10199,2006-12-06 00:00:00,-0.020115501025789344,-0.13846365898798146,0.09823265693640272,133.25,35.55
10200,2006-12-07 00:00:00,0.04446178347186036,-0.073861636293681,0.16278520323740173,133.25,35.55
10201,2006-12-08 00:00:00,-0.12213381090071765,-0.2408714520361325,-0.0033961697653027982,133.25,35.55
10202,2006-12-09 00:00:00,0.12601013662164165,0.0074187764525200095,0.2446014967907633,133.25,35.55
10203,2006-12-10 00:00:00,0.01155698053723956,-0.10700782853365563,0.13012178960813478,133.25,35.55
10204,2006-12-11 00:00:00,0.017681683241268082,-0.1008025618794828,0.13616592836201896,133.25,35.55
10205,2006-12-12 00:00:00,0.04468019818009045,-0.07358312557474858,0.16294352193492948,133.25,35.55
10206,2006-12-13 00:00:00,0.054407600327631145,-0.06385575619270571,0.17267095684796802,133.25,35.55
10207,2006-12-14 00:00:00,0.010477911570854506,-0.107932049736466,0.12888787287817502,133.25,35.55
10208,2006-12-15 00:00:00,0.050233246012520216,-0.0681323447823455,0.16859883680738594,133.25,35.55
10209,2006-12-16 00:00:00,0.03149504600499466,-0.08673474234514877,0.1497248343551381,133.25,35.55
10210,2006-12-17 00:00:00,0.11975353010098007,0.0010451813021892242,0.2384618788997709,133.25,35.55
10211,2006-12-18 00:00:00,-0.05588069318924256,-0.17544582416725404,0.06368443778876895,133.25,35.55
10212,2006-12-19 00:00:00,-0.03177541155455482,-0.150062569165107,0.08651174605599735,133.25,35.55
10213,2006-12-20 00:00:00,-0.04468070354324378,-0.16284145287427407,0.0734800457877865,133.25,35.55
10214,2006-12-21 00:00:00,0.02910722795067904,-0.08912401188664434,0.1473384677880024,133.25,35.55
10215,2006-12-22 00:00:00,0.018868521893448332,-0.09939716362284792,0.1371342074097446,133.25,35.55
10216,2006-12-23 00:00:00,0.043912906244473054,-0.07431300662190123,0.16213881911084732,133.25,35.55
10217,2006-12-24 00:00:00,-0.037809202237163525,-0.1560970207626319,0.08047861628830487,133.25,35.55
10218,2006-12-25 00:00:00,-0.013147494261112684,-0.13134360341752807,0.1050486148953027,133.25,35.55
10219,2006-12-26 00:00:00,0.026917453699679884,-0.09131035673246284,0.1451452641318226,133.25,35.55
10220,2006-12-27 00:00:00,0.12000729872206672,0.0008739724313109183,0.2391406250128225,133.25,35.55
10221,2006-12-28 00:00:00,0.19635455310486996,0.0768549826230256,0.3158541235867143,133.25,35.55
10222,2006-12-29 00:00:00,-0.00047707140901379053,-0.1205537335832943,0.11959959076526673,133.25,35.55
10223,2006-12-30 00:00:00,0.044456697630480116,-0.07424133986506813,0.16315473512602835,133.25,35.55
10224,2006-12-31 00:00:00,-0.023645464375907338,-0.14189920026439864,0.09460827151258397,133.25,35.55
10225,2007-01-01 00:00:00,0.033533226642199064,-0.08465193626858718,0.15171838955298528,133.25,35.55
10226,2007-01-02 00:00:00,0.06414781971045239,-0.05407183502648788,0.18236747444739265,133.25,35.55
10227,2007-01-03 00:00:00,-0.04798794289738605,-0.16638526778344773,0.0704093819886756,133.25,35.55
10228,2007-01-04 00:00:00,-0.025695676730291318,-0.14394359672078336,0.09255224326020073,133.25,35.55
10229,2007-01-05 00:00:00,-0.03207220569732403,-0.15023917019668828,0.08609475880204022,133.25,35.55
10230,2007-01-06 00:00:00,0.16145744835515444,0.04302926869837512,0.27988562801193384,133.25,35.55
10231,2007-01-07 00:00:00,0.21352514242446896,0.0907929651342514,0.3362573197146865,133.25,35.55
10232,2007-01-08 00:00:00,0.1100081013204725,-0.011825737632176606,0.2318419402731216,133.25,35.55
10233,2007-01-09 00:00:00,-0.0170356929779423,-0.1355488211675257,0.10147743521164113,133.25,35.55
10234,2007-01-10 00:00:00,0.031374684479146084,-0.08681951675372958,0.14956888571202176,133.25,35.55
10235,2007-01-11 00:00:00,-0.0007703809580393156,-0.11897311222505498,0.11743235030897635,133.25,35.55
10236,2007-01-12 00:00:00,0.03717410944007344,-0.08102952883875691,0.15537774771890378,133.25,35.55
10237,2007-01-13 00:00:00,0.06830649488059756,-0.04994035068340466,0.18655334044459976,133.25,35.55
10238,2007-01-14 00:00:00,0.005247760280193019,-0.1129457646748586,0.1234412852352446,133.25,35.55
10239,2007-01-15 00:00:00,-0.014174670280195404,-0.13233124019045306,0.10398189963006224,133.25,35.55
10240,2007-01-16 00:00:00,0.03260881043512029,-0.08551011713470462,0.1507277380049452,133.25,35.55
10241,2007-01-17 00:00:00,0.03402473033935463,-0.08427056848327671,0.15232002916198598,133.25,35.55
10242,2007-01-18 00:00:00,0.04836473782202513,-0.06992353133677087,0.16665300698082114,133.25,35.55
10243,2007-01-19 00:00:00,-0.04041538778410601,-0.15876218555737365,0.07793140998916162,133.25,35.55
10244,2007-01-20 00:00:00,-0.00440198111878461,-0.12256718981428175,0.11376322757671252,133.25,35.55
10245,2007-01-21 00:00:00,-0.012394180219007164,-0.1305459939371577,0.10575763349914337,133.25,35.55
10246,2007-01-22 00:00:00,0.03351039570783293,-0.0847101026648598,0.15173089408052565,133.25,35.55
10247,2007-01-23 00:00:00,-0.02391048562080917,-0.14221010052019478,0.09438912927857646,133.25,35.55
10248,2007-01-24 00:00:00,0.035426094778369395,-0.08280379137029431,0.15365598092703311,133.25,35.55
10249,2007-01-25 00:00:00,0.034524701710677064,-0.08379346933289925,0.15284287275425334,133.25,35.55
10250,2007-01-26 00:00:00,0.06523835884794366,-0.05300265776156575,0.18347937545745308,133.25,35.55
10251,2007-01-27 00:00:00,0.10910785020421992,-0.010042539422524088,0.22825823983096394,133.25,35.55
10252,2007-01-28 00:00:00,-0.001942018721906219,-0.12050970737911255,0.1166256699353001,133.25,35.55
10253,2007-01-29 00:00:00,0.013603515595500514,-0.10483686675310623,0.13204389794410726,133.25,35.55
10254,2007-01-30 00:00:00,0.06259303849013932,-0.055749726044101784,0.1809358030243804,133.25,35.55
10255,2007-01-31 00:00:00,0.0794330674800067,-0.03904540454895028,0.19791153950896367,133.25,35.55
10256,2007-02-01 00:00:00,0.10696024170004527,-0.01168514611986321,0.2256056295199537,133.25,35.55
10257,2007-02-02 00:00:00,0.005928228412491573,-0.11263635681506436,0.1244928136400475,133.25,35.55
10258,2007-02-03 00:00:00,0.1348648807216788,0.01637571374023424,0.25335404770312336,133.25,35.55
10259,2007-02-04 00:00:00,-0.03188796064534211,-0.15281444968003371,0.08903852838934948,133.25,35.55
10260,2007-02-05 00:00:00,0.07744478609751758,-0.04150010782936617,0.1963896800244013,133.25,35.55
10261,2007-02-06 00:00:00,0.11017748566085744,-0.00804287642690614,0.22839784774862104,133.25,35.55
10262,2007-02-07 00:00:00,-0.061805860114530715,-0.18003797011585704,0.056426249886795614,133.25,35.55
10263,2007-02-08 00:00:00,0.0051977604644382405,-0.11301927091255612,0.1234147918414326,133.25,35.55
10264,2007-02-09 00:00:00,0.09514491251452033,-0.02316441571964345,0.21345424074868408,133.25,35.55
10265,2007-02-10 00:00:00,0.09009471554851604,-0.02823929253868608,0.20842872363571813,133.25,35.55
10266,2007-02-11 00:00:00,0.03182574874153424,-0.086759878746617,0.15041137622968548,133.25,35.55
10267,2007-02-12 00:00:00,0.02504741900277709,-0.09321195724089508,0.14330679524644924,133.25,35.55
10268,2007-02-13 00:00:00,-0.016631767069633756,-0.13480198512719865,0.1015384509879311,133.25,35.55
10269,2007-02-14 00:00:00,0.3153528186038831,0.19204003201344147,0.4386656051943248,133.25,35.55
10270,2007-02-15 00:00:00,0.3508902593835209,0.22555652718122104,0.4762239915858209,133.25,35.55
10271,2007-02-16 00:00:00,-0.01493597496439168,-0.1343660383008564,0.10449408837207302,133.25,35.55
10272,2007-02-17 00:00:00,-0.01393453740552694,-0.13215473251867366,0.1042856577076198,133.25,35.55
10273,2007-02-18 00:00:00,0.07506701891243793,-0.04338670579327124,0.19352074361814708,133.25,35.55
10274,2007-02-19 00:00:00,0.021211987539955124,-0.0970775381111934,0.13950151319110365,133.25,35.55
10275,2007-02-20 00:00:00,-0.002015123630660725,-0.1201212791791177,0.11609103191779625,133.25,35.55
10276,2007-02-21 00:00:00,0.011098612531844595,-0.10707428363877566,0.12927150870246484,133.25,35.55
10277,2007-02-22 00:00:00,0.04240614382056885,-0.07576441235567052,0.16057669999680824,133.25,35.55
10278,2007-02-23 00:00:00,0.10243187581859063,-0.016109098678558382,0.2209728503157396,133.25,35.55
10279,2007-02-24 00:00:00,-0.10582485546200417,-0.2249161551905617,0.01326644426655342,133.25,35.55
10280,2007-02-25 00:00:00,-0.06319636502034176,-0.1816521078659503,0.05525937782526677,133.25,35.55
10281,2007-02-26 00:00:00,-0.03377818420725525,-0.1522361510204604,0.08467978260594987,133.25,35.55
10282,2007-02-27 00:00:00,0.0178329483138947,-0.10053244324420722,0.13619833987199662,133.25,35.55
10283,2007-02-28 00:00:00,-0.05594616269005072,-0.17470297263591364,0.0628106472558122,133.25,35.55
10284,2007-03-01 00:00:00,0.0026779409136612475,-0.11577338417762258,0.12112926600494507,133.25,35.55
10285,2007-03-02 00:00:00,0.0049281995808249796,-0.11324473576076252,0.12310113492241248,133.25,35.55
10286,2007-03-03 00:00:00,0.05885530193203031,-0.05931773856612724,0.17702834243018786,133.25,35.55
10287,2007-03-04 00:00:00,0.00760923166522672,-0.11063916945076986,0.1258576327812233,133.25,35.55
10288,2007-03-05 00:00:00,0.3280388564777942,0.20636142174308034,0.449716291212508,133.25,35.55
10289,2007-03-06 00:00:00,0.22228318095619126,0.10015993069368337,0.3444064312186993,133.25,35.55
10290,2007-03-07 00:00:00,0.03738650881631776,-0.08148128692918001,0.15625430456181555,133.25,35.55
10291,2007-03-08 00:00:00,0.15350371951343128,0.03503638626609491,0.2719710527607677,133.25,35.55
10292,2007-03-09 00:00:00,0.02181963068778284,-0.0964341260267009,0.14007338740226655,133.25,35.55
10293,2007-03-10 00:00:00,0.07129318310637306,-0.04701216331812304,0.18959852953086914,133.25,35.55
10294,2007-03-11 00:00:00,0.05338453786753812,-0.0661609743725243,0.17293005010760054,133.25,35.55
10295,2007-03-12 00:00:00,0.17294079359180994,0.052866108575492704,0.2930154786081272,133.25,35.55
10296,2007-03-13 00:00:00,0.07328882809875863,-0.04580138861308149,0.19237904481059875,133.25,35.55
10297,2007-03-14 00:00:00,0.034851406338666416,-0.0837441869785254,0.15344699965585826,133.25,35.55
10298,2007-03-15 00:00:00,-0.041249339465777184,-0.15952658500498926,0.07702790607343488,133.25,35.55
10299,2007-03-16 00:00:00,-0.029105055330021907,-0.1476062757762902,0.08939616511624639,133.25,35.55
10300,2007-03-17 00:00:00,-0.013106301889382764,-0.13156575257239056,0.10535314879362502,133.25,35.55
10301,2007-03-18 00:00:00,-0.02407454541846367,-0.14254490464464278,0.09439581380771543,133.25,35.55
10302,2007-03-19 00:00:00,-0.031137502184535263,-0.14949416514173092,0.08721916077266041,133.25,35.55
10303,2007-03-20 00:00:00,-0.024641986311016658,-0.14300990546559822,0.0937259328435649,133.25,35.55
10304,2007-03-21 00:00:00,0.021599088433538173,-0.09664558087844476,0.1398437577455211,133.25,35.55
10305,2007-03-22 00:00:00,0.09180877517014864,-0.02647051937561623,0.21008806971591354,133.25,35.55
10306,2007-03-23 00:00:00,0.04522139276401814,-0.07307202447527843,0.1635148100033147,133.25,35.55
10307,2007-03-24 00:00:00,0.2478286522344071,0.12836121551913754,0.36729608894967664,133.25,35.55
10308,2007-03-25 00:00:00,0.16493194733024727,0.04453880140302767,0.2853250932574669,133.25,35.55
10309,2007-03-26 00:00:00,-0.01976051472146767,-0.1382923224868994,0.09877129304396408,133.25,35.55
10310,2007-03-27 00:00:00,0.08791099752276943,-0.030374654081974307,0.2061966491275132,133.25,35.55
10311,2007-03-28 00:00:00,0.03527068680399592,-0.08314487576460626,0.15368624937259812,133.25,35.55
10312,2007-03-29 00:00:00,0.07517661334275412,-0.04393096925851879,0.19428419594402704,133.25,35.55
10313,2007-03-30 00:00:00,0.027760541207173847,-0.09248682642322424,0.14800790883757192,133.25,35.55
10314,2007-03-31 00:00:00,0.0923121678132114,-0.027500627584881542,0.2121249632113043,133.25,35.55
10315,2007-04-01 00:00:00,0.16815166895923125,0.04873788303021942,0.2875654548882431,133.25,35.55
10316,2007-04-02 00:00:00,-0.003732904114125947,-0.1220465726888155,0.1145807644605636,133.25,35.55
10317,2007-04-03 00:00:00,0.01857548603541681,-0.09978521787944156,0.13693618995027518,133.25,35.55
10318,2007-04-04 00:00:00,0.09806835613875724,-0.020681157918187074,0.2168178701957016,133.25,35.55
10319,2007-04-05 00:00:00,-0.07524563241755658,-0.19447600725195072,0.043984742416837565,133.25,35.55
10320,2007-04-06 00:00:00,0.01823075657747154,-0.09991749368490224,0.1363790068398453,133.25,35.55
10321,2007-04-07 00:00:00,0.07778522460457064,-0.04036435594660685,0.19593480515574813,133.25,35.55
10322,2007-04-08 00:00:00,0.04893195830838732,-0.06924837894324692,0.16711229556002158,133.25,35.55
10323,2007-04-09 00:00:00,0.008455129347847326,-0.10968977758756246,0.1266000362832571,133.25,35.55
10324,2007-04-10 00:00:00,0.013142731551357669,-0.10500689204801324,0.13129235515072854,133.25,35.55
10325,2007-04-11 00:00:00,0.0022835002260187184,-0.11591277845802607,0.12047977891006352,133.25,35.55
10326,2007-04-12 00:00:00,0.033852837096723806,-0.08427220693961954,0.15197788113306715,133.25,35.55
10327,2007-04-13 00:00:00,0.20263132643389506,0.08427806842355104,0.32098458444423905,133.25,35.55
10328,2007-04-14 00:00:00,0.1790879349634143,0.05991373722655712,0.2982621327002715,133.25,35.55
10329,2007-04-15 00:00:00,-0.007089334313319874,-0.1256213486219438,0.11144267999530404,133.25,35.55
10330,2007-04-16 00:00:00,0.013039464190785784,-0.1052807582854495,0.13135968666702105,133.25,35.55
10331,2007-04-17 00:00:00,0.013912028267598832,-0.10538245452229793,0.1332065110574956,133.25,35.55
10332,2007-04-18 00:00:00,-0.022266330328003684,-0.1405676606267968,0.09603499997078943,133.25,35.55
10333,2007-04-19 00:00:00,0.038414140252978915,-0.08003518087830419,0.156863461384262,133.25,35.55
10334,2007-04-20 00:00:00,0.09129912067290244,-0.027087826233004042,0.20968606757880892,133.25,35.55
10335,2007-04-21 00:00:00,0.08764940945105584,-0.03098848519300885,0.20628730409512053,133.25,35.55
10336,2007-04-22 00:00:00,0.10326406432406283,-0.01525496485089893,0.2217830934990246,133.25,35.55
10337,2007-04-23 00:00:00,-0.038999286670667904,-0.15747465855385567,0.07947608521251988,133.25,35.55
10338,2007-04-24 00:00:00,0.06373607048346212,-0.05449700058792002,0.18196914155484428,133.25,35.55
10339,2007-04-25 00:00:00,0.10365717346693852,-0.01458735896551609,0.22190170589939312,133.25,35.55
10340,2007-04-26 00:00:00,0.11129461960104432,-0.007181749083774586,0.22977098828586326,133.25,35.55
10341,2007-04-27 00:00:00,-0.056881609803830425,-0.17537583059268402,0.06161261098502317,133.25,35.55
10342,2007-04-28 00:00:00,0.07807802219084384,-0.04047518428094342,0.1966312286626311,133.25,35.55
10343,2007-04-29 00:00:00,0.04109622928537704,-0.0775226783728349,0.15971513694358894,133.25,35.55
10344,2007-04-30 00:00:00,0.07129613749574468,-0.046890078879762716,0.18948235387125206,133.25,35.55
10345,2007-05-01 00:00:00,0.19014914041511696,0.07117690359402518,0.30912137723620875,133.25,35.55
10346,2007-05-02 00:00:00,0.14196712317146287,0.022534550835654768,0.26139969550727105,133.25,35.55
10347,2007-05-03 00:00:00,0.05239178360207846,-0.06600115213354482,0.17078471933770173,133.25,35.55
10348,2007-05-04 00:00:00,0.11484726196178012,-0.0034360813176510657,0.2331306052412113,133.25,35.55
10349,2007-05-05 00:00:00,0.06853489555471162,-0.049807846889369185,0.1868776379987924,133.25,35.55
10350,2007-05-06 00:00:00,0.025349374740050373,-0.0931991690718707,0.14389791855197145,133.25,35.55
10351,2007-05-07 00:00:00,0.05027433380269142,-0.06845824083825952,0.16900690844364236,133.25,35.55
10352,2007-05-08 00:00:00,0.052922522161705,-0.06534952451044687,0.17119456883385686,133.25,35.55
10353,2007-05-09 00:00:00,0.051551123296842666,-0.06671103444717674,0.16981328104086207,133.25,35.55
10354,2007-05-10 00:00:00,0.06979520898838537,-0.04900721497707833,0.18859763295384907,133.25,35.55
10355,2007-05-11 00:00:00,0.07649484085530096,-0.04371858085040618,0.1967082625610081,133.25,35.55
10356,2007-05-12 00:00:00,0.05994186254081948,-0.05850585869494788,0.1783895837765868,133.25,35.55
10357,2007-05-13 00:00:00,0.19475003368174265,0.07604935469706345,0.3134507126664219,133.25,35.55
10358,2007-05-14 00:00:00,0.010507085562963186,-0.10820809384522716,0.12922226497115355,133.25,35.55
10359,2007-05-15 00:00:00,0.08989737923981814,-0.02845896897336973,0.208253727453006,133.25,35.55
10360,2007-05-16 00:00:00,0.0730851171462237,-0.04520842165428374,0.19137865594673115,133.25,35.55
10361,2007-05-17 00:00:00,0.2258066715192581,0.10424147839357016,0.3473718646449462,133.25,35.55
10362,2007-05-18 00:00:00,0.30280857925453986,0.18093193272481967,0.42468522578426005,133.25,35.55
10363,2007-05-19 00:00:00,0.07508465348101677,-0.043591959393435915,0.19376126635546947,133.25,35.55
10364,2007-05-20 00:00:00,-0.001061317740054843,-0.11945375016086587,0.1173311146807562,133.25,35.55
10365,2007-05-21 00:00:00,0.05119739385154971,-0.0670537593316893,0.16944854703478873,133.25,35.55
10366,2007-05-22 00:00:00,0.06675480140036674,-0.05135313452868297,0.18486273732941644,133.25,35.55
10367,2007-05-23 00:00:00,0.06265399246088771,-0.0554350976514017,0.18074308257317712,133.25,35.55
10368,2007-05-24 00:00:00,0.0788538646122171,-0.03929654150523376,0.197004270729668,133.25,35.55
10369,2007-05-25 00:00:00,0.20305159396766234,0.08425142200726388,0.3218517659280608,133.25,35.55
10370,2007-05-26 00:00:00,0.1473867041159175,0.02822354600782648,0.26654986222400856,133.25,35.55
10371,2007-05-27 00:00:00,0.055877370146502105,-0.06267190518870655,0.17442664548171075,133.25,35.55
10372,2007-05-28 00:00:00,-0.09518520249576254,-0.21368835223260532,0.023317947241080272,133.25,35.55
10373,2007-05-29 00:00:00,0.038835195542531495,-0.07938420689921527,0.1570545979842783,133.25,35.55
10374,2007-05-30 00:00:00,0.07838213304313534,-0.039856217647927086,0.19662048373419774,133.25,35.55
10375,2007-05-31 00:00:00,0.03481299859356615,-0.08342648855374545,0.15305248574087774,133.25,35.55
10376,2007-06-01 00:00:00,0.005621317889577288,-0.11249042137164332,0.1237330571507979,133.25,35.55
10377,2007-06-02 00:00:00,0.018465276400766364,-0.09963900920720416,0.13656956200873688,133.25,35.55
10378,2007-06-03 00:00:00,-0.005756430635917995,-0.12393160907176945,0.11241874779993348,133.25,35.55
10379,2007-06-04 00:00:00,0.004894932973106697,-0.11332702241748745,0.12311688836370085,133.25,35.55
10380,2007-06-05 00:00:00,0.09565080492997632,-0.022534067800417903,0.21383567766037054,133.25,35.55
10381,2007-06-06 00:00:00,0.09163375945716556,-0.026544185732670863,0.209811704647002,133.25,35.55
10382,2007-06-07 00:00:00,0.07028530667255062,-0.047891411098856064,0.1884620244439573,133.25,35.55
10383,2007-06-08 00:00:00,0.07784884778331719,-0.0403173385124192,0.1960150340790536,133.25,35.55
10384,2007-06-09 00:00:00,0.036121148679347376,-0.08217349750692468,0.1544157948656194,133.25,35.55
10385,2007-06-10 00:00:00,0.006660243162256847,-0.11157640330748457,0.12489688963199827,133.25,35.55
10386,2007-06-11 00:00:00,0.024238231716951653,-0.09395417417321043,0.14243063760711375,133.25,35.55
10387,2007-06-12 00:00:00,0.04811902841922279,-0.06999842978439456,0.16623648662284013,133.25,35.55
10388,2007-06-13 00:00:00,0.07762522051479179,-0.04054414647589835,0.19579458750548195,133.25,35.55
10389,2007-06-14 00:00:00,0.06175802137581109,-0.056540402757317726,0.1800564455089399,133.25,35.55
10390,2007-06-15 00:00:00,-0.00035213826785879254,-0.1190976696453608,0.11839339310964322,133.25,35.55
10391,2007-06-16 00:00:00,0.005254984775568669,-0.11309888753194307,0.12360885708308042,133.25,35.55
10392,2007-06-17 00:00:00,0.01661462419593056,-0.1015728599966258,0.13480210838848694,133.25,35.55
10393,2007-06-18 00:00:00,0.02279699600639513,-0.09534263063980636,0.14093662265259665,133.25,35.55
10394,2007-06-19 00:00:00,0.0003345040543275453,-0.1178412466716988,0.11851025478035387,133.25,35.55
10395,2007-06-20 00:00:00,0.036774211634571216,-0.08137688977291632,0.15492531304205875,133.25,35.55
10396,2007-06-21 00:00:00,0.07394705520623014,-0.04419198387206513,0.19208609428452544,133.25,35.55
10397,2007-06-22 00:00:00,0.17695066023262407,0.058409784751175274,0.2954915357140729,133.25,35.55
10398,2007-06-23 00:00:00,0.06103244798100705,-0.05771540597121341,0.1797803019332275,133.25,35.55
10399,2007-06-24 00:00:00,0.1001318890868054,-0.01818806990626991,0.21845184807988072,133.25,35.55
10400,2007-06-25 00:00:00,0.1108773128390681,-0.007681681642648624,0.2294363073207848,133.25,35.55
10401,2007-06-26 00:00:00,0.051860762424939484,-0.0663937778603198,0.17011530271019876,133.25,35.55
10402,2007-06-27 00:00:00,0.03502717565394175,-0.0830762676241256,0.1531306189320091,133.25,35.55
10403,2007-06-28 00:00:00,0.06883049420361584,-0.0492617252529375,0.1869227136601692,133.25,35.55
10404,2007-06-29 00:00:00,0.12574440837703424,0.007440750640845485,0.24404806611322302,133.25,35.55
10405,2007-06-30 00:00:00,0.06530700105708548,-0.05312394531524518,0.18373794742941613,133.25,35.55
10406,2007-07-01 00:00:00,-0.005539965963108204,-0.12375306787956625,0.11267313595334985,133.25,35.55
10407,2007-07-02 00:00:00,0.08592119901915024,-0.032371821158591205,0.2042142191968917,133.25,35.55
10408,2007-07-03 00:00:00,0.09402310602999522,-0.02439267713091624,0.2124388891909067,133.25,35.55
10409,2007-07-04 00:00:00,0.07292690012876371,-0.04529731672844964,0.19115111698597706,133.25,35.55
10410,2007-07-05 00:00:00,0.07493938415483159,-0.043828073355501464,0.19370684166516464,133.25,35.55
10411,2007-07-06 00:00:00,0.0368811069597416,-0.0814379825201478,0.15520019643963098,133.25,35.55
10412,2007-07-07 00:00:00,0.0376646892201282,-0.08064073549291256,0.15597011393316898,133.25,35.55
10413,2007-07-08 00:00:00,0.013394917706287876,-0.1048182788927535,0.13160811430532926,133.25,35.55
10414,2007-07-09 00:00:00,0.038505472725622686,-0.07961627242623551,0.15662721787748088,133.25,35.55
10415,2007-07-10 00:00:00,0.11853925017758055,-0.00044757996420702334,0.2375260803193681,133.25,35.55
10416,2007-07-11 00:00:00,0.17091336361436812,0.050749733786161134,0.2910769934425751,133.25,35.55
10417,2007-07-12 00:00:00,-0.01554973125599035,-0.13411807698279715,0.10301861447081644,133.25,35.55
10418,2007-07-13 00:00:00,-0.007888860600590752,-0.12611612728680216,0.11033840608562064,133.25,35.55
10419,2007-07-14 00:00:00,0.03204892522416035,-0.0878396423381527,0.1519374927864734,133.25,35.55
10420,2007-07-15 00:00:00,0.08585172772271386,-0.040650539577411764,0.21235399502283947,133.25,35.55
10421,2007-07-16 00:00:00,0.10733101114000428,-0.013786375660193792,0.2284483979402024,133.25,35.55
10422,2007-07-17 00:00:00,0.06629985185862555,-0.05209835467876325,0.1846980583960144,133.25,35.55
10423,2007-07-18 00:00:00,0.06996209603430131,-0.048299703681210386,0.18822389574981305,133.25,35.55
10424,2007-07-19 00:00:00,0.08859751973632504,-0.02958818663403816,0.20678322610668826,133.25,35.55
10425,2007-07-20 00:00:00,0.10823203498006516,-0.01017014885433827,0.2266342188144686,133.25,35.55
10426,2007-07-21 00:00:00,0.05523507521782715,-0.06321511301032914,0.17368526344598342,133.25,35.55
10427,2007-07-22 00:00:00,0.050842280697322835,-0.0672913427693998,0.16897590416404548,133.25,35.55
10428,2007-07-23 00:00:00,0.04119342326624008,-0.07691696572017571,0.15930381225265589,133.25,35.55
10429,2007-07-24 00:00:00,0.018906528713805725,-0.09918666392848506,0.1369997213560965,133.25,35.55
10430,2007-07-25 00:00:00,0.06855890040389556,-0.04952849919470749,0.1866463000024986,133.25,35.55
10431,2007-07-26 00:00:00,0.08453743095507699,-0.03358644382871123,0.2026613057388652,133.25,35.55
10432,2007-07-27 00:00:00,0.04798697092833439,-0.07013446920071831,0.16610841105738708,133.25,35.55
10433,2007-07-28 00:00:00,0.0813360592072954,-0.036803977159963815,0.19947609557455465,133.25,35.55
10434,2007-07-29 00:00:00,0.05185601362593216,-0.06634467657654013,0.17005670382840446,133.25,35.55
10435,2007-07-30 00:00:00,0.02315307263793413,-0.09503673753360478,0.14134288280947305,133.25,35.55
10436,2007-07-31 00:00:00,0.05639920068953344,-0.0617940262968068,0.17459242767587366,133.25,35.55
10437,2007-08-01 00:00:00,0.11941732656019055,0.0012541351902652235,0.2375805179301159,133.25,35.55
10438,2007-08-02 00:00:00,0.06833216014043413,-0.0504511690857833,0.1871154893666516,133.25,35.55
10439,2007-08-03 00:00:00,0.2781366619489929,0.14974549532797074,0.40652782857001496,133.25,35.55
10440,2007-08-04 00:00:00,0.11928687263292805,-0.006483146274146964,0.24505689154000304,133.25,35.55
10441,2007-08-05 00:00:00,0.03038304404559973,-0.08793268852105565,0.1486987766122551,133.25,35.55
10442,2007-08-06 00:00:00,0.038415856540674385,-0.07973239512504875,0.15656410820639755,133.25,35.55
10443,2007-08-07 00:00:00,0.05808212850501372,-0.06002853444129989,0.17619279145132735,133.25,35.55
10444,2007-08-08 00:00:00,0.094684495022247,-0.023519251093259447,0.21288824113775345,133.25,35.55
10445,2007-08-09 00:00:00,0.10840835063642558,-0.009915118384179064,0.2267318196570302,133.25,35.55
10446,2007-08-10 00:00:00,0.08187826787415192,-0.03631947204144749,0.20007600778975126,133.25,35.55
10447,2007-08-11 00:00:00,0.06700064224488801,-0.051200022565243336,0.18520130705501936,133.25,35.55
10448,2007-08-12 00:00:00,0.06617036772936817,-0.05208254717299467,0.18442328263173105,133.25,35.55
10449,2007-08-13 00:00:00,0.10503856966064684,-0.013396658694541095,0.22347379801583475,133.25,35.55
10450,2007-08-14 00:00:00,0.11619467130082688,-0.002275706526953303,0.2346650491286071,133.25,35.55
10451,2007-08-15 00:00:00,0.06759654659876213,-0.05087682172350887,0.18606991492103314,133.25,35.55
10452,2007-08-16 00:00:00,0.04716629504041096,-0.07097334726182143,0.16530593734264334,133.25,35.55
10453,2007-08-17 00:00:00,0.07107239694849388,-0.0470689370502102,0.189213730947198,133.25,35.55
10454,2007-08-18 00:00:00,0.03371038080944671,-0.08439622833782295,0.15181698995671636,133.25,35.55
10455,2007-08-19 00:00:00,0.042100401216218,-0.07598349830714247,0.16018430073957846,133.25,35.55
10456,2007-08-20 00:00:00,0.06620544155589042,-0.05190736198725095,0.18431824509903175,133.25,35.55
10457,2007-08-21 00:00:00,0.10401947674149004,-0.014103294538609118,0.2221422480215892,133.25,35.55
10458,2007-08-22 00:00:00,0.12152832650211585,0.003311384347860602,0.2397452686563711,133.25,35.55
10459,2007-08-23 00:00:00,0.0002534506659280667,-0.11800570964381785,0.11851261097567395,133.25,35.55
10460,2007-08-24 00:00:00,-0.015713693324212068,-0.1338663035150314,0.10243891686660728,133.25,35.55
10461,2007-08-25 00:00:00,0.051474536680874566,-0.06666283058954978,0.16961190395129894,133.25,35.55
10462,2007-08-26 00:00:00,0.04995852058573379,-0.06814163957123692,0.1680586807427045,133.25,35.55
10463,2007-08-27 00:00:00,0.06601817366989841,-0.0520990009645321,0.18413534830432893,133.25,35.55
10464,2007-08-28 00:00:00,0.07355621936194705,-0.04463044875417785,0.19174288747807194,133.25,35.55
10465,2007-08-29 00:00:00,0.036076562465721516,-0.0821433104966162,0.15429643542805924,133.25,35.55
10466,2007-08-30 00:00:00,0.051116349553993,-0.06709540769241817,0.1693281068004042,133.25,35.55
10467,2007-08-31 00:00:00,0.040828999194686175,-0.07799626902070705,0.1596542674100794,133.25,35.55
10468,2007-09-01 00:00:00,0.05637757155305469,-0.062334385444203985,0.17508952855031334,133.25,35.55
10469,2007-09-02 00:00:00,0.07120841015033574,-0.04738928251284881,0.18980610281352028,133.25,35.55
10470,2007-09-03 00:00:00,0.0882944742536582,-0.030366009423502024,0.2069549579308184,133.25,35.55
10471,2007-09-04 00:00:00,-0.035556324136176036,-0.15375063140728748,0.08263798313493542,133.25,35.55
10472,2007-09-05 00:00:00,0.00357142342840152,-0.11483330732727964,0.1219761541840827,133.25,35.55
10473,2007-09-06 00:00:00,0.03769093781526221,-0.0814242269778686,0.156806102608393,133.25,35.55
10474,2007-09-07 00:00:00,0.09500068856960764,-0.024466888307458638,0.2144682654466739,133.25,35.55
10475,2007-09-08 00:00:00,0.05151538070140231,-0.0672131172251668,0.1702438786279714,133.25,35.55
10476,2007-09-09 00:00:00,0.03255063213904332,-0.08568113506246068,0.15078239934054732,133.25,35.55
10477,2007-09-10 00:00:00,0.021606135028199296,-0.09659576251922572,0.1398080325756243,133.25,35.55
10478,2007-09-11 00:00:00,0.015878061796920157,-0.10227005489357087,0.1340261784874112,133.25,35.55
10479,2007-09-12 00:00:00,0.023915432757397808,-0.09431697199178288,0.1421478375065785,133.25,35.55
10480,2007-09-13 00:00:00,-0.004906868236689954,-0.12307300612090795,0.11325926964752805,133.25,35.55
10481,2007-09-14 00:00:00,-0.0004381569346506263,-0.11856081045031965,0.1176844965810184,133.25,35.55
10482,2007-09-15 00:00:00,0.0990194198056138,-0.019403981998320163,0.21744282160954773,133.25,35.55
10483,2007-09-16 00:00:00,0.04367015907116848,-0.07492175954160217,0.16226207768393913,133.25,35.55
10484,2007-09-17 00:00:00,0.02690885505793266,-0.09264023198342236,0.14645794209928767,133.25,35.55
10485,2007-09-18 00:00:00,-0.033903578600638334,-0.15293126457052195,0.08512410736924528,133.25,35.55
10486,2007-09-19 00:00:00,0.05427435224178058,-0.06403163415278232,0.17258033863634348,133.25,35.55
10487,2007-09-20 00:00:00,0.033724951743712005,-0.08446906411738718,0.15191896760481116,133.25,35.55
10488,2007-09-21 00:00:00,0.08045942518907506,-0.03779009742247239,0.1987089478006225,133.25,35.55
10489,2007-09-22 00:00:00,0.031565455271188265,-0.08671145965055356,0.14984237019293012,133.25,35.55
10490,2007-09-23 00:00:00,-0.06227188423014536,-0.1806717802621325,0.05612801180184181,133.25,35.55
10491,2007-09-24 00:00:00,0.03788761513213191,-0.08035412103109296,0.1561293512953568,133.25,35.55
10492,2007-09-25 00:00:00,0.05224350202453131,-0.06593840362405287,0.17042540767311548,133.25,35.55
10493,2007-09-26 00:00:00,-0.013133332428508636,-0.13130041882308105,0.1050337539660638,133.25,35.55
10494,2007-09-27 00:00:00,0.06256709308508089,-0.055579039180234914,0.1807132253503967,133.25,35.55
10495,2007-09-28 00:00:00,0.09538303894640086,-0.022959901042144168,0.21372597893494588,133.25,35.55
10496,2007-09-29 00:00:00,-0.09691309595475116,-0.21548330170254196,0.0216571097930396,133.25,35.55
10497,2007-09-30 00:00:00,0.03119513664292947,-0.08705005250505336,0.1494403257909123,133.25,35.55
10498,2007-10-01 00:00:00,0.04034275915265705,-0.07778644365655553,0.15847196196186966,133.25,35.55
10499,2007-10-02 00:00:00,0.03020221533524445,-0.08791675376779583,0.14832118443828474,133.25,35.55
10500,2007-10-03 00:00:00,-0.015525825902724175,-0.13369392911245573,0.10264227730700737,133.25,35.55
10501,2007-10-04 00:00:00,0.01894066265280945,-0.0991959308219914,0.1370772561276103,133.25,35.55
10502,2007-10-05 00:00:00,0.021021029390427718,-0.09720495733487752,0.13924701611573298,133.25,35.55
10503,2007-10-06 00:00:00,0.002533829326379744,-0.11567083571254297,0.12073849436530247,133.25,35.55
10504,2007-10-07 00:00:00,0.045496642227253394,-0.07265904681391855,0.16365233126842532,133.25,35.55
10505,2007-10-08 00:00:00,0.09490945698355896,-0.023647744121798764,0.21346665808891668,133.25,35.55
10506,2007-10-09 00:00:00,0.04012206524047937,-0.07858450955971437,0.1588286400406731,133.25,35.55
10507,2007-10-10 00:00:00,-0.015765197608185625,-0.13414846603168706,0.10261807081531578,133.25,35.55
10508,2007-10-11 00:00:00,0.035010833048418274,-0.08320992178917512,0.15323158788601166,133.25,35.55
10509,2007-10-12 00:00:00,0.005502599694116043,-0.1126834258892911,0.12368862527752318,133.25,35.55
10510,2007-10-13 00:00:00,-0.06261593448439026,-0.18088753560151452,0.05565566663273401,133.25,35.55
10511,2007-10-14 00:00:00,0.03059164466427962,-0.08763157745625398,0.1488148667848132,133.25,35.55
10512,2007-10-15 00:00:00,-0.03926695087901648,-0.15754272848369558,0.07900882672566263,133.25,35.55
10513,2007-10-16 00:00:00,0.036993093217615215,-0.08120157800902962,0.15518776444426002,133.25,35.55
10514,2007-10-17 00:00:00,-0.0033175524516914487,-0.12158982161013387,0.11495471670675098,133.25,35.55
10515,2007-10-18 00:00:00,-9.836433879412826e-05,-0.1184199792097399,0.11822325053215164,133.25,35.55
10516,2007-10-19 00:00:00,0.09007889209560974,-0.028346453238832364,0.20850423743005184,133.25,35.55
10517,2007-10-20 00:00:00,0.124054651612444,0.004796828745255832,0.2433124744796321,133.25,35.55
10518,2007-10-21 00:00:00,0.06713580879390144,-0.05161364519820602,0.1858852627860089,133.25,35.55
10519,2007-10-22 00:00:00,0.02460889883808948,-0.09361170543446687,0.14282950311064585,133.25,35.55
10520,2007-10-23 00:00:00,-0.007674274044149444,-0.12589328559838994,0.11054473751009106,133.25,35.55
10521,2007-10-24 00:00:00,-0.052720130687599925,-0.17091280233992254,0.06547254096472273,133.25,35.55
10522,2007-10-25 00:00:00,0.00614341266928865,-0.11203126344857137,0.12431808878714867,133.25,35.55
10523,2007-10-26 00:00:00,0.05756964810137988,-0.0607676631730183,0.17590695937577805,133.25,35.55
10524,2007-10-27 00:00:00,-0.02916537961261903,-0.147763453507676,0.08943269428243794,133.25,35.55
10525,2007-10-28 00:00:00,0.042697527133554264,-0.07608697552776919,0.16148202979487772,133.25,35.55
10526,2007-10-29 00:00:00,0.10764161494364463,-0.01074598202568705,0.2260292119129763,133.25,35.55
10527,2007-10-30 00:00:00,-0.03682782219173729,-0.15529183267175697,0.08163618828828242,133.25,35.55
10528,2007-10-31 00:00:00,0.0009046462495287883,-0.11724644315972695,0.11905573565878455,133.25,35.55
10529,2007-11-01 00:00:00,0.08468491530683675,-0.03352980159429722,0.20289963220797072,133.25,35.55
10530,2007-11-02 00:00:00,-0.0077778602456880655,-0.1260905509680095,0.11053483047663336,133.25,35.55
10531,2007-11-03 00:00:00,0.0173097771888612,-0.10089182714816387,0.1355113815258863,133.25,35.55
10532,2007-11-04 00:00:00,-0.06753896382897465,-0.18575184543338627,0.050673917775436984,133.25,35.55
10533,2007-11-05 00:00:00,0.0005591261963465434,-0.11758279035407256,0.11870104274676566,133.25,35.55
10534,2007-11-06 00:00:00,0.0002452895954481865,-0.1179921721450804,0.11848275133597674,133.25,35.55
10535,2007-11-07 00:00:00,0.02072857798200989,-0.09747711166004416,0.13893426762406394,133.25,35.55
10536,2007-11-08 00:00:00,0.015412119503459347,-0.1027435378587832,0.1335677768657019,133.25,35.55
10537,2007-11-09 00:00:00,-0.05080337010793149,-0.16898030588526666,0.0673735656694037,133.25,35.55
10538,2007-11-10 00:00:00,0.04870742642246879,-0.06957798176840077,0.16699283461333836,133.25,35.55
10539,2007-11-11 00:00:00,0.0592812069315843,-0.05950571382239395,0.17806812768556254,133.25,35.55
10540,2007-11-12 00:00:00,0.041829591634742,-0.07728435740403686,0.16094354067352085,133.25,35.55
10541,2007-11-13 00:00:00,0.08167452327919865,-0.037179004569224135,0.20052805112762145,133.25,35.55
10542,2007-11-14 00:00:00,0.006153363350503323,-0.11204708765030616,0.1243538143513128,133.25,35.55
10543,2007-11-15 00:00:00,0.07617386092374019,-0.04257812875778949,0.19492585060526987,133.25,35.55
10544,2007-11-16 00:00:00,-0.003573601558104669,-0.12250539623015708,0.11535819311394775,133.25,35.55
10545,2007-11-17 00:00:00,0.1034828033139017,-0.01491893576372609,0.2218845423915295,133.25,35.55
10546,2007-11-18 00:00:00,0.1786346341290409,0.059976297773369915,0.2972929704847119,133.25,35.55
10547,2007-11-19 00:00:00,-0.02096188627407793,-0.13977609536501107,0.09785232281685524,133.25,35.55
10548,2007-11-20 00:00:00,0.1746187282665071,0.05567910627411607,0.2935583502588981,133.25,35.55
10549,2007-11-21 00:00:00,0.015362296633541788,-0.10420417150347178,0.13492876477055535,133.25,35.55
10550,2007-11-22 00:00:00,0.03388494128168478,-0.08532740391103733,0.15309728647440687,133.25,35.55
10551,2007-11-23 00:00:00,0.013954092880924598,-0.10450248551469213,0.13241067127654133,133.25,35.55
10552,2007-11-24 00:00:00,0.0443571559261086,-0.07398971199584017,0.16270402384805738,133.25,35.55
10553,2007-11-25 00:00:00,0.008482029176461816,-0.10986345317381743,0.12682751152674107,133.25,35.55
10554,2007-11-26 00:00:00,0.06455392627963946,-0.05357994351499304,0.182687796074272,133.25,35.55
10555,2007-11-27 00:00:00,0.06122303948069462,-0.057134955010792986,0.17958103397218225,133.25,35.55
10556,2007-11-28 00:00:00,0.02697620824900679,-0.0914747871584978,0.14542720365651138,133.25,35.55
10557,2007-11-29 00:00:00,-0.06547518177291715,-0.18456778877610355,0.05361742523026922,133.25,35.55
10558,2007-11-30 00:00:00,0.059574948560926724,-0.05953461198466665,0.17868450910652012,133.25,35.55
10559,2007-12-01 00:00:00,0.0351651839882435,-0.08339901305478127,0.1537293810312683,133.25,35.55
10560,2007-12-02 00:00:00,0.12013030415311718,0.001743182765841761,0.2385174255403926,133.25,35.55
10561,2007-12-03 00:00:00,0.0893001946804575,-0.029700241587672274,0.20830063094858725,133.25,35.55
10562,2007-12-04 00:00:00,0.051653749410925584,-0.06830571022491436,0.17161320904676552,133.25,35.55
10563,2007-12-05 00:00:00,0.12964092353689735,0.010467411795359495,0.2488144352784352,133.25,35.55
10564,2007-12-06 00:00:00,0.0857563532422774,-0.03247610554668631,0.2039888120312411,133.25,35.55
10565,2007-12-07 00:00:00,0.13153432469264206,0.01303352420192956,0.2500351251833545,133.25,35.55
10566,2007-12-08 00:00:00,0.015050202967819094,-0.10366734517903957,0.13376775111467776,133.25,35.55
10567,2007-12-09 00:00:00,0.05898158958946726,-0.05944734225969162,0.17741052143862615,133.25,35.55
10568,2007-12-10 00:00:00,0.02106596469683619,-0.09710874301359247,0.13924067240726484,133.25,35.55
10569,2007-12-11 00:00:00,0.0493028006426993,-0.06891308895899959,0.1675186902443982,133.25,35.55
10570,2007-12-12 00:00:00,0.049593487075641166,-0.06873231811439898,0.1679192922656813,133.25,35.55
10571,2007-12-13 00:00:00,0.1441539558278378,0.025780299865389336,0.2625276117902863,133.25,35.55
10572,2007-12-14 00:00:00,0.08560138496933395,-0.033205088963858403,0.2044078589025263,133.25,35.55
10573,2007-12-15 00:00:00,0.10262775102552407,-0.015850525231127774,0.22110602728217596,133.25,35.55
10574,2007-12-16 00:00:00,0.008761722169425891,-0.1098852574740769,0.12740870181292868,133.25,35.55
10575,2007-12-17 00:00:00,0.11251835466787886,-0.005832252185373019,0.23086896152113076,133.25,35.55
10576,2007-12-18 00:00:00,0.08638375692134836,-0.032071142633507514,0.20483865647620425,133.25,35.55
10577,2007-12-19 00:00:00,0.05584225583060457,-0.06308880322880872,0.17477331489001788,133.25,35.55
10578,2007-12-20 00:00:00,0.054246796218378086,-0.06411490658626738,0.17260849902302355,133.25,35.55
10579,2007-12-21 00:00:00,0.005861867246140243,-0.11275139721609873,0.1244751317083792,133.25,35.55
10580,2007-12-22 00:00:00,-0.0005935167213405174,-0.1193470002156336,0.11815996677295255,133.25,35.55
10581,2007-12-23 00:00:00,0.09170912735112204,-0.02750537628108833,0.21092363098333244,133.25,35.55
10582,2007-12-24 00:00:00,0.006120044837456679,-0.11288788671301805,0.1251279763879314,133.25,35.55
10583,2007-12-25 00:00:00,-0.04998934473664096,-0.16832003656806815,0.06834134709478625,133.25,35.55
10584,2007-12-26 00:00:00,-0.048932286822310336,-0.16752379406693718,0.0696592204223165,133.25,35.55
10585,2007-12-27 00:00:00,0.01919322619846712,-0.09907739581823984,0.13746384821517407,133.25,35.55
10586,2007-12-28 00:00:00,0.04847479426148349,-0.06975145796175453,0.1667010464847215,133.25,35.55
10587,2007-12-29 00:00:00,0.1540943069523908,0.035219288824679416,0.2729693250801022,133.25,35.55
10588,2007-12-30 00:00:00,0.1943848945406358,0.0749067423507626,0.31386304673050897,133.25,35.55
10589,2007-12-31 00:00:00,0.2264971550403121,0.10651936649248048,0.3464749435881438,133.25,35.55
10590,2008-01-01 00:00:00,0.08364176353763049,-0.03582543838863368,0.20310896546389468,133.25,35.55
10591,2008-01-02 00:00:00,0.05625102104467602,-0.062146098679355236,0.17464814076870727,133.25,35.55
10592,2008-01-03 00:00:00,0.06751752633368263,-0.050744345881510375,0.18577939854887565,133.25,35.55
10593,2008-01-04 00:00:00,0.05643415464566288,-0.061946607244373,0.17481491653569875,133.25,35.55
10594,2008-01-05 00:00:00,0.09394263708739872,-0.024287152795732486,0.2121724269705299,133.25,35.55
10595,2008-01-06 00:00:00,0.07277966349719718,-0.04554747334235944,0.1911068003367538,133.25,35.55
10596,2008-01-07 00:00:00,0.07393044115064397,-0.04439335319055708,0.192254235491845,133.25,35.55
10597,2008-01-08 00:00:00,0.14605533935449572,0.02762643792502349,0.2644842407839679,133.25,35.55
10598,2008-01-09 00:00:00,0.06022730947857459,-0.05837898278806485,0.17883360174521398,133.25,35.55
10599,2008-01-10 00:00:00,-0.047161821693068574,-0.16555343211879128,0.07122978873265415,133.25,35.55
10600,2008-01-11 00:00:00,0.06005018270632478,-0.058277455456696985,0.17837782086934653,133.25,35.55
10601,2008-01-12 00:00:00,-0.06898437987753216,-0.18817784863730164,0.05020908888223734,133.25,35.55
10602,2008-01-13 00:00:00,0.1013508737846111,-0.018090658991655448,0.22079240656087767,133.25,35.55
10603,2008-01-14 00:00:00,-0.016263796395516686,-0.13499777528979728,0.1024701824987639,133.25,35.55
10604,2008-01-15 00:00:00,0.0128280222503974,-0.10548548830768406,0.13114153280847884,133.25,35.55
10605,2008-01-16 00:00:00,0.01888471868624142,-0.09961889659490067,0.13738833396738356,133.25,35.55
10606,2008-01-17 00:00:00,0.07976492018457851,-0.039451467367573226,0.19898130773673026,133.25,35.55
10607,2008-01-18 00:00:00,0.028483437816603587,-0.09025939777257302,0.1472262734057802,133.25,35.55
10608,2008-01-19 00:00:00,-0.032807724252843645,-0.15120160366679422,0.08558615516110693,133.25,35.55
10609,2008-01-20 00:00:00,0.008266422339389581,-0.1101327582455578,0.12666560292433698,133.25,35.55
10610,2008-01-21 00:00:00,-0.0649386852006032,-0.1843189313397448,0.05444156093853839,133.25,35.55
10611,2008-01-22 00:00:00,0.02071698457160989,-0.09815649354561014,0.1395904626888299,133.25,35.55
10612,2008-01-23 00:00:00,0.04273318082418314,-0.07567737983412584,0.1611437414824921,133.25,35.55
10613,2008-01-24 00:00:00,0.04297792705082253,-0.07763180626836086,0.1635876603700059,133.25,35.55
10614,2008-01-25 00:00:00,0.06469387234687733,-0.055504693550105004,0.18489243824385965,133.25,35.55
10615,2008-01-26 00:00:00,0.0483987736896338,-0.06991764673216302,0.16671519411143065,133.25,35.55
10616,2008-01-27 00:00:00,-0.007452763660712749,-0.12578234122306747,0.11087681390164196,133.25,35.55
10617,2008-01-28 00:00:00,0.07575617412703409,-0.04253765306236911,0.1940500013164373,133.25,35.55
10618,2008-01-29 00:00:00,0.07774086331824538,-0.04056122529051756,0.1960429519270083,133.25,35.55
10619,2008-01-30 00:00:00,0.05001365851593431,-0.06863817801990289,0.16866549505177153,133.25,35.55
10620,2008-01-31 00:00:00,0.037491813669709266,-0.08148901686960812,0.15647264420902668,133.25,35.55
10621,2008-02-01 00:00:00,0.011426556470988957,-0.1074144419837786,0.1302675549257565,133.25,35.55
10622,2008-02-02 00:00:00,0.06156186361337231,-0.0569813787835943,0.1801051060103389,133.25,35.55
10623,2008-02-03 00:00:00,0.035975584564721594,-0.0824472506103249,0.1543984197397681,133.25,35.55
10624,2008-02-04 00:00:00,0.03259128815478929,-0.08616556419689292,0.1513481405064715,133.25,35.55
10625,2008-02-05 00:00:00,0.04081325968137145,-0.07801803529354658,0.15964455465628946,133.25,35.55
10626,2008-02-06 00:00:00,0.10373317059488124,-0.014695447988647276,0.22216178917840976,133.25,35.55
10627,2008-02-07 00:00:00,0.06605158432537075,-0.0525776688707007,0.1846808375214422,133.25,35.55
10628,2008-02-08 00:00:00,0.039872354528120886,-0.07862559919929461,0.1583703082555364,133.25,35.55
10629,2008-02-09 00:00:00,0.1070487020271219,-0.011613771935594763,0.22571117598983856,133.25,35.55
10630,2008-02-10 00:00:00,0.0006031871654639115,-0.1193082974940514,0.1205146718249792,133.25,35.55
10631,2008-02-11 00:00:00,0.03956476236481768,-0.07917638100058896,0.15830590573022432,133.25,35.55
10632,2008-02-12 00:00:00,0.10191153550442124,-0.016467754911639404,0.2202908259204819,133.25,35.55
10633,2008-02-13 00:00:00,-0.030673347566561912,-0.15036397204773075,0.08901727691460692,133.25,35.55
10634,2008-02-14 00:00:00,0.039861354974466884,-0.07875060229865068,0.15847331224758446,133.25,35.55
10635,2008-02-15 00:00:00,0.06461285464646689,-0.05374594554832261,0.1829716548412564,133.25,35.55
10636,2008-02-16 00:00:00,0.041302412863255165,-0.07719012425095334,0.15979494997746366,133.25,35.55
10637,2008-02-17 00:00:00,0.03598953346062482,-0.08259710276907344,0.15457616969032306,133.25,35.55
10638,2008-02-18 00:00:00,-0.027013522573244145,-0.1453597573362741,0.0913327121897858,133.25,35.55
10639,2008-02-19 00:00:00,0.057645217708747476,-0.06056400422774118,0.17585443964523612,133.25,35.55
10640,2008-02-20 00:00:00,0.1042602432815775,-0.013971924657441306,0.22249241122059632,133.25,35.55
10641,2008-02-21 00:00:00,-0.0072425500427645015,-0.12556777658028126,0.11108267649475223,133.25,35.55
10642,2008-02-22 00:00:00,0.06989054656951264,-0.04834305496189464,0.18812414810091996,133.25,35.55
10643,2008-02-23 00:00:00,0.18296217960600572,0.06346464034466377,0.3024597188673477,133.25,35.55
10644,2008-02-24 00:00:00,-0.10410017362621377,-0.22729745069023535,0.019097103437807864,133.25,35.55
10645,2008-02-25 00:00:00,-0.009973154694336073,-0.12908273502085552,0.10913642563218336,133.25,35.55
10646,2008-02-26 00:00:00,0.17315926687385674,0.05455737276226506,0.2917611609854485,133.25,35.55
10647,2008-02-27 00:00:00,0.021104344218829358,-0.09877923096656252,0.14098791940422126,133.25,35.55
10648,2008-02-28 00:00:00,0.012767528642874405,-0.10645688221306414,0.13199193949881294,133.25,35.55
10649,2008-02-29 00:00:00,0.14732262905911608,0.028986190933068187,0.265659067185164,133.25,35.55
10650,2008-03-01 00:00:00,0.10196480164903583,-0.016750656874174152,0.22068026017224585,133.25,35.55
10651,2008-03-02 00:00:00,0.011449733181031922,-0.10719475460699854,0.1300942209690624,133.25,35.55
10652,2008-03-03 00:00:00,0.0842500993096033,-0.034059573439873064,0.20255977205907968,133.25,35.55
10653,2008-03-04 00:00:00,-0.003259240337779468,-0.12170920203695933,0.11519072136140038,133.25,35.55
10654,2008-03-05 00:00:00,0.010486912143184332,-0.10803098187383753,0.12900480616020618,133.25,35.55
10655,2008-03-06 00:00:00,0.035389860707579816,-0.08294833370759802,0.15372805512275767,133.25,35.55
10656,2008-03-07 00:00:00,0.028981606452482017,-0.08938701617493787,0.14735022907990192,133.25,35.55
10657,2008-03-08 00:00:00,-0.01570296171865081,-0.13392801691785255,0.10252209348055097,133.25,35.55
10658,2008-03-09 00:00:00,0.03982855624865777,-0.07830502307428898,0.15796213557160452,133.25,35.55
10659,2008-03-10 00:00:00,0.09987152972596686,-0.018422459995382282,0.218165519447316,133.25,35.55
10660,2008-03-11 00:00:00,0.050927226175183145,-0.06740849317221101,0.1692629455225773,133.25,35.55
10661,2008-03-12 00:00:00,-0.0651841143378331,-0.18345019556624667,0.05308196689058048,133.25,35.55
10662,2008-03-13 00:00:00,0.04559879557177785,-0.07271802191747735,0.16391561306103306,133.25,35.55
10663,2008-03-14 00:00:00,0.10989727732640496,-0.0091129762272113,0.2289075308800212,133.25,35.55
10664,2008-03-15 00:00:00,-0.027067181564181544,-0.14599425222293236,0.09185988909456927,133.25,35.55
10665,2008-03-16 00:00:00,0.0547760350306557,-0.06340791747799288,0.17295998753930428,133.25,35.55
10666,2008-03-17 00:00:00,0.022838986205922618,-0.09535013055795792,0.14102810296980314,133.25,35.55
10667,2008-03-18 00:00:00,-0.011708230291161048,-0.12982467422473545,0.10640821364241332,133.25,35.55
10668,2008-03-19 00:00:00,0.0571496303211761,-0.06136595130548285,0.17566521194783508,133.25,35.55
10669,2008-03-20 00:00:00,-0.07211403403812261,-0.19275237938893527,0.048524311312690055,133.25,35.55
10670,2008-03-21 00:00:00,-0.14469838582972838,-0.264768300594424,-0.0246284710650328,133.25,35.55
10671,2008-03-22 00:00:00,-0.058115424420617935,-0.17692895620937188,0.060698107368135995,133.25,35.55
10672,2008-03-23 00:00:00,0.09385922502671368,-0.024526440663033874,0.21224489071646124,133.25,35.55
10673,2008-03-24 00:00:00,0.13669002861698182,0.017225856450059418,0.2561542007839042,133.25,35.55
10674,2008-03-25 00:00:00,0.06042812366570278,-0.058385447176398375,0.17924169450780392,133.25,35.55
10675,2008-03-26 00:00:00,0.11419900531430398,-0.0042002155311193215,0.2325982261597273,133.25,35.55
10676,2008-03-27 00:00:00,0.0682539171848508,-0.050056383685408316,0.18656421805510992,133.25,35.55
10677,2008-03-28 00:00:00,0.04103880523960925,-0.07725391951342336,0.15933152999264186,133.25,35.55
10678,2008-03-29 00:00:00,-0.06440517572067311,-0.1827089162447804,0.05389856480343419,133.25,35.55
10679,2008-03-30 00:00:00,0.03405655961136701,-0.0841037210996421,0.15221684032237615,133.25,35.55
10680,2008-03-31 00:00:00,0.07666441455688118,-0.041813480203672364,0.1951423093174347,133.25,35.55
10681,2008-04-01 00:00:00,0.03191498605154676,-0.0869049658085692,0.1507349379116627,133.25,35.55
10682,2008-04-02 00:00:00,0.04955755159066483,-0.06892162577160983,0.16803672895293947,133.25,35.55
10683,2008-04-03 00:00:00,0.14137488039647222,0.023035464259647004,0.2597142965332975,133.25,35.55
10684,2008-04-04 00:00:00,0.039394432977085836,-0.07901826993428171,0.15780713588845338,133.25,35.55
10685,2008-04-05 00:00:00,0.031984191839557044,-0.08621702974741936,0.15018541342653347,133.25,35.55
10686,2008-04-06 00:00:00,0.01589948625432964,-0.10225454282576744,0.13405351533442672,133.25,35.55
10687,2008-04-07 00:00:00,0.07054838916600703,-0.04766944545879473,0.1887662237908088,133.25,35.55
10688,2008-04-08 00:00:00,0.0481982753859825,-0.07084298494543598,0.16723953571740094,133.25,35.55
10689,2008-04-09 00:00:00,-0.03374257214688044,-0.1522395876061107,0.08475444331234983,133.25,35.55
10690,2008-04-10 00:00:00,0.10813558705689312,-0.011187963999514772,0.22745913811330104,133.25,35.55
10691,2008-04-11 00:00:00,-0.024192497202393703,-0.1435930498078683,0.0952080554030809,133.25,35.55
10692,2008-04-12 00:00:00,-0.04107538881434975,-0.15935903450068295,0.07720825687198345,133.25,35.55
10693,2008-04-13 00:00:00,0.010521378894425788,-0.1076437601697086,0.12868651795856018,133.25,35.55
10694,2008-04-14 00:00:00,0.03980906107466287,-0.07840275333055745,0.1580208754798832,133.25,35.55
10695,2008-04-15 00:00:00,0.01595336166813376,-0.1021932562981452,0.1340999796344127,133.25,35.55
10696,2008-04-16 00:00:00,0.05561465581252952,-0.06255240110559906,0.1737817127306581,133.25,35.55
10697,2008-04-17 00:00:00,-0.00304310412564416,-0.12133310496109218,0.11524689670980387,133.25,35.55
10698,2008-04-18 00:00:00,0.054839243377556204,-0.06428351553101064,0.17396200228612305,133.25,35.55
10699,2008-04-19 00:00:00,0.08183226906662258,-0.03814816647811542,0.20181270461136055,133.25,35.55
10700,2008-04-20 00:00:00,-0.02258520689935528,-0.1411632349043618,0.09599282110565124,133.25,35.55
10701,2008-04-21 00:00:00,-0.01840675009776233,-0.13662667634483605,0.0998131761493114,133.25,35.55
10702,2008-04-22 00:00:00,0.014558938121847703,-0.10359971303354916,0.1327175892772446,133.25,35.55
10703,2008-04-23 00:00:00,0.08624137110751852,-0.031914467865795784,0.20439721008083284,133.25,35.55
10704,2008-04-24 00:00:00,0.1438088043571948,0.024919137003451598,0.262698471710938,133.25,35.55
10705,2008-04-25 00:00:00,-0.043793782956908084,-0.1625520186127019,0.07496445269888573,133.25,35.55
10706,2008-04-26 00:00:00,0.1505624260822927,0.03206185418688637,0.26906299797769906,133.25,35.55
10707,2008-04-27 00:00:00,0.14111319009206266,0.022271073007087645,0.25995530717703763,133.25,35.55
10708,2008-04-28 00:00:00,-0.015455595321056196,-0.13370937078218492,0.10279818014007253,133.25,35.55
10709,2008-04-29 00:00:00,0.04525208567969918,-0.07293605372473083,0.1634402250841292,133.25,35.55
10710,2008-04-30 00:00:00,0.07738300114518654,-0.040762079225024325,0.1955280815153974,133.25,35.55
10711,2008-05-01 00:00:00,0.05259605108797145,-0.06562611792114117,0.17081822009708408,133.25,35.55
10712,2008-05-02 00:00:00,0.03456343328260878,-0.08374861953643095,0.15287548610164853,133.25,35.55
10713,2008-05-03 00:00:00,0.04176853697038345,-0.07668928225761189,0.16022635619837874,133.25,35.55
10714,2008-05-04 00:00:00,0.046435253735721535,-0.07182154736820777,0.16469205483965085,133.25,35.55
10715,2008-05-05 00:00:00,0.17320145992945518,0.05458510715851067,0.2918178127003997,133.25,35.55
10716,2008-05-06 00:00:00,0.06945215826438064,-0.049509527615366894,0.18841384414412815,133.25,35.55
10717,2008-05-07 00:00:00,0.02249824149460845,-0.09592378773170918,0.14092027072092608,133.25,35.55
10718,2008-05-08 00:00:00,0.05442486154419495,-0.06377708626821815,0.17262680935660804,133.25,35.55
10719,2008-05-09 00:00:00,-0.05346305270771977,-0.17172221391039888,0.06479610849495933,133.25,35.55
10720,2008-05-10 00:00:00,-0.06013422540904961,-0.1786615883835839,0.05839313756548468,133.25,35.55
10721,2008-05-11 00:00:00,-0.006665365341793017,-0.12536610710341978,0.11203537641983373,133.25,35.55
10722,2008-05-12 00:00:00,-0.061805338746323026,-0.1804233139654456,0.05681263647279949,133.25,35.55
10723,2008-05-13 00:00:00,0.045303377335027914,-0.07398323238237375,0.16458998705242958,133.25,35.55
10724,2008-05-14 00:00:00,0.08967647963425651,-0.029609426184180318,0.20896238545269336,133.25,35.55
10725,2008-05-15 00:00:00,0.03856196566410458,-0.07973947237539296,0.15686340370360213,133.25,35.55
10726,2008-05-16 00:00:00,0.06481640302084822,-0.05331517871096698,0.18294798475266344,133.25,35.55
10727,2008-05-17 00:00:00,0.05162874987923288,-0.06649158411248746,0.16974908387095322,133.25,35.55
10728,2008-05-18 00:00:00,0.05400791619580377,-0.06415100880480963,0.17216684119641718,133.25,35.55
10729,2008-05-19 00:00:00,0.2382456780844695,0.11904943802796307,0.3574419181409759,133.25,35.55
10730,2008-05-20 00:00:00,0.1291670621807538,0.009467316985011992,0.2488668073764956,133.25,35.55
10731,2008-05-21 00:00:00,0.07365084917073378,-0.04489857702112342,0.192200275362591,133.25,35.55
10732,2008-05-22 00:00:00,0.06662398766030814,-0.051596501760221465,0.18484447708083773,133.25,35.55
10733,2008-05-23 00:00:00,0.05152694669104944,-0.0666261863254825,0.1696800797075814,133.25,35.55
10734,2008-05-24 00:00:00,0.07573797446794447,-0.04243392484096253,0.19390987377685148,133.25,35.55
10735,2008-05-25 00:00:00,0.10205001237222816,-0.016421295412173853,0.2205213201566302,133.25,35.55
10736,2008-05-26 00:00:00,0.02714127720068644,-0.0913977186916295,0.14568027309300238,133.25,35.55
10737,2008-05-27 00:00:00,0.01879562717889391,-0.09946216404441413,0.13705341840220195,133.25,35.55
10738,2008-05-28 00:00:00,0.11372454693616807,-0.004567974063218488,0.23201706793555466,133.25,35.55
10739,2008-05-29 00:00:00,0.062309749967838016,-0.05649373933983305,0.18111323927550907,133.25,35.55
10740,2008-05-30 00:00:00,-0.013599353176736668,-0.1320988180904562,0.10490011173698288,133.25,35.55
10741,2008-05-31 00:00:00,0.068061497929333,-0.050373430378900484,0.1864964262375665,133.25,35.55
10742,2008-06-01 00:00:00,0.006007065033708646,-0.1123521868355226,0.1243663169029399,133.25,35.55
10743,2008-06-02 00:00:00,-0.06421477894138193,-0.18248424002550526,0.05405468214274135,133.25,35.55
10744,2008-06-03 00:00:00,0.024301579877756867,-0.09451976168982393,0.14312292144533767,133.25,35.55
10745,2008-06-04 00:00:00,-0.024896955285558253,-0.1433827167929558,0.09358880622183932,133.25,35.55
10746,2008-06-05 00:00:00,0.07772209907515144,-0.040626455743527,0.19607065389382988,133.25,35.55
10747,2008-06-06 00:00:00,0.0732801820529499,-0.045141972405724935,0.19170233651162472,133.25,35.55
10748,2008-06-07 00:00:00,0.03588287049878597,-0.08225628026620982,0.15402202126378178,133.25,35.55
10749,2008-06-08 00:00:00,0.044537618137111684,-0.07359506288154284,0.1626702991557662,133.25,35.55
10750,2008-06-09 00:00:00,0.048721676203113545,-0.06938450980519098,0.16682786221141804,133.25,35.55
10751,2008-06-10 00:00:00,0.052641192670382086,-0.06544871754622028,0.17073110288698445,133.25,35.55
10752,2008-06-11 00:00:00,0.06982361409960344,-0.048352350883612005,0.1879995790828189,133.25,35.55
10753,2008-06-12 00:00:00,0.03454641225626609,-0.08384673271227731,0.1529395572248095,133.25,35.55
10754,2008-06-13 00:00:00,0.048260924122241436,-0.07005111847482279,0.1665729667193057,133.25,35.55
10755,2008-06-14 00:00:00,-0.03011428848442805,-0.1484263186626479,0.0881977416937918,133.25,35.55
10756,2008-06-15 00:00:00,-0.028903122775740482,-0.14717542984276813,0.08936918429128718,133.25,35.55
10757,2008-06-16 00:00:00,0.006277906223258984,-0.11198670517617,0.12454251762268795,133.25,35.55
10758,2008-06-17 00:00:00,-0.004768284578768201,-0.1229604177519767,0.11342384859444032,133.25,35.55
10759,2008-06-18 00:00:00,0.05663534748426599,-0.06155997837025048,0.17483067333878247,133.25,35.55
10760,2008-06-19 00:00:00,0.121765051708164,0.0030168581216820506,0.240513245294646,133.25,35.55
10761,2008-06-20 00:00:00,0.12459402453126615,0.006215986600191389,0.2429720624623409,133.25,35.55
10762,2008-06-21 00:00:00,0.07512376523934286,-0.043077265963703835,0.1933247964423896,133.25,35.55
10763,2008-06-22 00:00:00,0.06206408070247218,-0.05626070419953467,0.18038886560447906,133.25,35.55
10764,2008-06-23 00:00:00,0.02529168539537713,-0.0933235136172488,0.14390688440800306,133.25,35.55
10765,2008-06-24 00:00:00,0.05671851776030525,-0.06163737627640555,0.17507441179701605,133.25,35.55
10766,2008-06-25 00:00:00,0.020451182270839446,-0.09768420874834312,0.13858657329002202,133.25,35.55
10767,2008-06-26 00:00:00,0.035871556707481767,-0.08230425001168994,0.15404736342665348,133.25,35.55
10768,2008-06-27 00:00:00,0.034039844417330975,-0.08411852892052862,0.15219821775519055,133.25,35.55
10769,2008-06-28 00:00:00,0.03441373332665596,-0.08369900148644148,0.1525264681397534,133.25,35.55
10770,2008-06-29 00:00:00,0.07278935558260671,-0.045805429100841163,0.1913841402660546,133.25,35.55
10771,2008-06-30 00:00:00,-0.003491421304696561,-0.12242460064990825,0.11544175804051515,133.25,35.55
10772,2008-07-01 00:00:00,0.013026640360008654,-0.10521197879957764,0.13126525951959495,133.25,35.55
10773,2008-07-02 00:00:00,0.09527249836660727,-0.022841705300042675,0.21338670203325724,133.25,35.55
10774,2008-07-03 00:00:00,0.1512825823644001,0.033058525937490826,0.26950663879130937,133.25,35.55
10775,2008-07-04 00:00:00,0.10175019437520867,-0.016579559812116267,0.22007994856253368,133.25,35.55
10776,2008-07-05 00:00:00,0.08440983183999337,-0.03372306506824119,0.20254272874822796,133.25,35.55
10777,2008-07-06 00:00:00,0.08135511455345476,-0.03678175004984472,0.19949197915675426,133.25,35.55
10778,2008-07-07 00:00:00,0.060312948261732,-0.05784231535727609,0.17846821188074008,133.25,35.55
10779,2008-07-08 00:00:00,0.05942738660920643,-0.05870493095339657,0.17755970417180944,133.25,35.55
10780,2008-07-09 00:00:00,0.008094096850812487,-0.1100350506251232,0.1262232443267482,133.25,35.55
10781,2008-07-10 00:00:00,0.07098676709804506,-0.04713445085401892,0.18910798505010906,133.25,35.55
10782,2008-07-11 00:00:00,0.08739092109062478,-0.030720128335656263,0.2055019705169058,133.25,35.55
10783,2008-07-12 00:00:00,0.07123753626416025,-0.046930201519499413,0.18940527404781995,133.25,35.55
10784,2008-07-13 00:00:00,0.051571751957825686,-0.06655333254221457,0.16969683645786593,133.25,35.55
10785,2008-07-14 00:00:00,0.06463583240672784,-0.05352068163623239,0.1827923464496881,133.25,35.55
10786,2008-07-15 00:00:00,0.013010065673484112,-0.10509854763428783,0.13111867898125604,133.25,35.55
10787,2008-07-16 00:00:00,0.10089525461101306,-0.017249331739390042,0.21903984096141613,133.25,35.55
10788,2008-07-17 00:00:00,0.09737560527895367,-0.020848786282676033,0.2155999968405834,133.25,35.55
10789,2008-07-18 00:00:00,0.07171567270383455,-0.04656698887343867,0.1899983342811078,133.25,35.55
10790,2008-07-19 00:00:00,0.033998418665535414,-0.08416125943211622,0.15215809676318706,133.25,35.55
10791,2008-07-20 00:00:00,0.027867911704201432,-0.09025656690863676,0.14599239031703962,133.25,35.55
10792,2008-07-21 00:00:00,0.10213816596509097,-0.016159976520756108,0.22043630845093806,133.25,35.55
10793,2008-07-22 00:00:00,0.08430107240262065,-0.033989084094159155,0.20259122889940048,133.25,35.55
10794,2008-07-23 00:00:00,0.0566768040448124,-0.06142904728436147,0.17478265537398627,133.25,35.55
10795,2008-07-24 00:00:00,0.04763258664595707,-0.0704653516890823,0.16573052498099644,133.25,35.55
10796,2008-07-25 00:00:00,0.05823196640495555,-0.059921301222069435,0.17638523403198053,133.25,35.55
10797,2008-07-26 00:00:00,0.034760130588715944,-0.08343571572166393,0.15295597689909582,133.25,35.55
10798,2008-07-27 00:00:00,0.030564421742914277,-0.08764073996646732,0.14876958345229588,133.25,35.55
10799,2008-07-28 00:00:00,0.04461366507875738,-0.07360282906775599,0.16283015922527075,133.25,35.55
10800,2008-07-29 00:00:00,0.051653587826310784,-0.06655290400047348,0.16986007965309502,133.25,35.55
10801,2008-07-30 00:00:00,0.039736147363022736,-0.07847566882048237,0.15794796354652785,133.25,35.55
10802,2008-07-31 00:00:00,0.01336252514038474,-0.10478001282258204,0.1315050631033515,133.25,35.55
10803,2008-08-01 00:00:00,0.04189259896672448,-0.07622700762872901,0.16001220556217802,133.25,35.55
10804,2008-08-02 00:00:00,0.1426534618373003,0.02443548429118725,0.2608714393834133,133.25,35.55
10805,2008-08-03 00:00:00,0.15251712115384666,0.034171622235964316,0.27086262007172895,133.25,35.55
10806,2008-08-04 00:00:00,0.06786189076456536,-0.05050412700646055,0.1862279085355913,133.25,35.55
10807,2008-08-05 00:00:00,0.020122264517441344,-0.09799433212745498,0.13823886116233766,133.25,35.55
10808,2008-08-06 00:00:00,0.035761749656544314,-0.08238668641998413,0.15391018573307275,133.25,35.55
10809,2008-08-07 00:00:00,0.012689366637996536,-0.10545929984654337,0.13083803312253645,133.25,35.55
10810,2008-08-08 00:00:00,0.022816347184925152,-0.09533273812870467,0.14096543249855498,133.25,35.55
10811,2008-08-09 00:00:00,0.03384125566651424,-0.08431541498879178,0.15199792632182027,133.25,35.55
10812,2008-08-10 00:00:00,0.012431725503561456,-0.10571576423656147,0.13057921524368438,133.25,35.55
10813,2008-08-11 00:00:00,0.006747574360402821,-0.11140084750486264,0.12489599622566827,133.25,35.55
10814,2008-08-12 00:00:00,0.03211570017231452,-0.08601737260970288,0.15024877295433192,133.25,35.55
10815,2008-08-13 00:00:00,0.06896840956074518,-0.04920196145149157,0.1871387805729819,133.25,35.55
10816,2008-08-14 00:00:00,0.0993082954472536,-0.01888598133652851,0.2175025722310357,133.25,35.55
10817,2008-08-15 00:00:00,0.08154633749412224,-0.036634449686478186,0.19972712467472267,133.25,35.55
10818,2008-08-16 00:00:00,0.02663607422380197,-0.09176875635576476,0.14504090480336868,133.25,35.55
10819,2008-08-17 00:00:00,0.01712507133562627,-0.10144703624352698,0.1356971789147795,133.25,35.55
10820,2008-08-18 00:00:00,0.049246629413945225,-0.06897752056076509,0.16747077938865554,133.25,35.55
10821,2008-08-19 00:00:00,0.155135871470667,0.03667993407955475,0.27359180886177925,133.25,35.55
10822,2008-08-20 00:00:00,0.14277718291969255,0.024332874598880398,0.2612214912405048,133.25,35.55
10823,2008-08-21 00:00:00,-0.022045122961326387,-0.14091080270707362,0.09682055678442086,133.25,35.55
10824,2008-08-22 00:00:00,0.0699174624675022,-0.04844976744280921,0.1882846923778136,133.25,35.55
10825,2008-08-23 00:00:00,0.13284699980875395,0.01388453526405195,0.251809464353456,133.25,35.55
10826,2008-08-24 00:00:00,0.09206586470326887,-0.027178952939673248,0.21131068234621095,133.25,35.55
10827,2008-08-25 00:00:00,0.00785906427169302,-0.11052871826519113,0.12624684680857715,133.25,35.55
10828,2008-08-26 00:00:00,0.02682015621129659,-0.09149159551861087,0.14513190794120406,133.25,35.55
10829,2008-08-27 00:00:00,0.05838039371059989,-0.05999347071490872,0.1767542581361085,133.25,35.55
10830,2008-08-28 00:00:00,0.004529888546849263,-0.1137865671547588,0.12284634424845732,133.25,35.55
10831,2008-08-29 00:00:00,0.010569480036416851,-0.107617982521845,0.1287569425946787,133.25,35.55
10832,2008-08-30 00:00:00,0.007475617237786794,-0.1106969471344516,0.12564818161002514,133.25,35.55
10833,2008-08-31 00:00:00,0.017727922441841397,-0.10048091177318984,0.13593675665687266,133.25,35.55
10834,2008-09-01 00:00:00,0.04492697473595833,-0.07327667878037884,0.16313062825229552,133.25,35.55
10835,2008-09-02 00:00:00,0.0641844913870624,-0.054052523049976466,0.18242150582410127,133.25,35.55
10836,2008-09-03 00:00:00,0.040217993206982085,-0.07817636560859025,0.1586123520225544,133.25,35.55
10837,2008-09-04 00:00:00,0.009375241736194938,-0.10891429895460876,0.12766478242699866,133.25,35.55
10838,2008-09-05 00:00:00,0.006148042169332988,-0.1119732877822575,0.12426937212092347,133.25,35.55
10839,2008-09-06 00:00:00,0.010679697657281884,-0.10747427191438848,0.12883366722895226,133.25,35.55
10840,2008-09-07 00:00:00,0.01347445872205414,-0.10471938100042556,0.13166829844453384,133.25,35.55
10841,2008-09-08 00:00:00,0.027337840865934385,-0.0908062840481322,0.14548196578000094,133.25,35.55
10842,2008-09-09 00:00:00,-0.016482700112258337,-0.1346180346873999,0.10165263446288324,133.25,35.55
10843,2008-09-10 00:00:00,0.005570619903503129,-0.11252249291094657,0.12366373271795285,133.25,35.55
10844,2008-09-11 00:00:00,0.05428014022083533,-0.06382286638458162,0.17238314682625228,133.25,35.55
10845,2008-09-12 00:00:00,0.06274991686891926,-0.05537001546694265,0.1808698492047812,133.25,35.55
10846,2008-09-13 00:00:00,0.02171202967342976,-0.09636075704100867,0.1397848163878682,133.25,35.55
10847,2008-09-14 00:00:00,-0.014305801855319253,-0.1323957668954241,0.10378416318478556,133.25,35.55
10848,2008-09-15 00:00:00,0.02622248166371956,-0.09188665398126956,0.14433161730870867,133.25,35.55
10849,2008-09-16 00:00:00,0.06470093170693639,-0.0535025889103823,0.18290445232425506,133.25,35.55
10850,2008-09-17 00:00:00,0.014543109521314818,-0.10358548128733616,0.13267170032996578,133.25,35.55
10851,2008-09-18 00:00:00,0.019698789871964502,-0.09844843742812208,0.13784601717205106,133.25,35.55
10852,2008-09-19 00:00:00,0.02115035156148224,-0.09724022496113884,0.13954092808410332,133.25,35.55
10853,2008-09-20 00:00:00,0.004844538858369454,-0.1134962509677409,0.1231853286844798,133.25,35.55
10854,2008-09-21 00:00:00,0.061652052444020375,-0.05651671919291,0.17982082408095074,133.25,35.55
10855,2008-09-22 00:00:00,0.018080631768013212,-0.1001546177025052,0.13631588123853164,133.25,35.55
10856,2008-09-23 00:00:00,0.08578361417528886,-0.032460109519432206,0.20402733787000996,133.25,35.55
10857,2008-09-24 00:00:00,-0.0621741981635812,-0.1806478518740317,0.0562994555468693,133.25,35.55
10858,2008-09-25 00:00:00,0.1412288642670402,0.02284468165173244,0.25961304688234804,133.25,35.55
10859,2008-09-26 00:00:00,0.16411447204940394,0.04541524361469805,0.2828137004841098,133.25,35.55
10860,2008-09-27 00:00:00,-0.03920174585911767,-0.1577285547433833,0.07932506302514794,133.25,35.55
10861,2008-09-28 00:00:00,-0.04151334423054116,-0.15970908121539704,0.07668239275431474,133.25,35.55
10862,2008-09-29 00:00:00,0.0039496285048273025,-0.11419868833385895,0.12209794534351355,133.25,35.55
10863,2008-09-30 00:00:00,0.018446074776898046,-0.09978358168370184,0.1366757312374979,133.25,35.55
10864,2008-10-01 00:00:00,0.01756253037954712,-0.1029429591939832,0.13806801995307744,133.25,35.55
10865,2008-10-02 00:00:00,-0.014814576684037609,-0.1355627244788746,0.1059335711107994,133.25,35.55
10866,2008-10-03 00:00:00,0.035851127857759194,-0.0822995490653267,0.15400180478084508,133.25,35.55
10867,2008-10-04 00:00:00,0.05993557307050242,-0.05820689969038567,0.17807804583139053,133.25,35.55
10868,2008-10-05 00:00:00,-0.06646350794140267,-0.18474025879594536,0.05181324291313999,133.25,35.55
10869,2008-10-06 00:00:00,0.07691802511608106,-0.041615903772211776,0.1954519540043739,133.25,35.55
10870,2008-10-07 00:00:00,0.003121250558643657,-0.11513711433375735,0.12137961545104466,133.25,35.55
10871,2008-10-08 00:00:00,-0.020897769851712558,-0.13923434207383872,0.09743880237041362,133.25,35.55
10872,2008-10-09 00:00:00,0.011962108005538144,-0.10633084236248774,0.13025505837356402,133.25,35.55
10873,2008-10-10 00:00:00,0.030507797713642124,-0.08762898552581899,0.14864458095310326,133.25,35.55
10874,2008-10-11 00:00:00,0.0467315421804343,-0.07163691654957621,0.1651000009104448,133.25,35.55
10875,2008-10-12 00:00:00,0.009648815910962387,-0.10866645488663257,0.12796408670855733,133.25,35.55
10876,2008-10-13 00:00:00,0.020927559444627118,-0.097191955395392,0.13904707428464624,133.25,35.55
10877,2008-10-14 00:00:00,0.026137741832938842,-0.0919551092504538,0.1442305929163315,133.25,35.55
10878,2008-10-15 00:00:00,-0.00105665906418715,-0.1192184379896542,0.11710511986127993,133.25,35.55
10879,2008-10-16 00:00:00,-0.033697001581538696,-0.1517860237183338,0.08439202055525641,133.25,35.55
10880,2008-10-17 00:00:00,-0.013343983160841198,-0.13147540299511642,0.10478743667343404,133.25,35.55
10881,2008-10-18 00:00:00,-0.007440371171011831,-0.12558033205951136,0.11069958971748772,133.25,35.55
10882,2008-10-19 00:00:00,-0.003958064944937452,-0.12212907790564585,0.11421294801577092,133.25,35.55
10883,2008-10-20 00:00:00,0.03253625159233727,-0.08561259455636311,0.15068509774103767,133.25,35.55
10884,2008-10-21 00:00:00,-0.010444406340267422,-0.12853659570488624,0.10764778302435143,133.25,35.55
10885,2008-10-22 00:00:00,-0.006661033125536727,-0.12476787825665242,0.11144581200557896,133.25,35.55
10886,2008-10-23 00:00:00,0.0812041597614475,-0.03724999275158908,0.19965831227448408,133.25,35.55
10887,2008-10-24 00:00:00,0.0694876499661256,-0.049555527094291986,0.1885308270265432,133.25,35.55
10888,2008-10-25 00:00:00,0.05093395871655816,-0.06802123679441194,0.16988915422752826,133.25,35.55
10889,2008-10-26 00:00:00,0.12982071833359315,0.011424346906824742,0.24821708976036155,133.25,35.55
10890,2008-10-27 00:00:00,0.0974055467091581,-0.02113381083438605,0.21594490425270224,133.25,35.55
10891,2008-10-28 00:00:00,0.07022015275462995,-0.04811203626260945,0.18855234177186936,133.25,35.55
10892,2008-10-29 00:00:00,0.0953589264850302,-0.02292415796898881,0.2136420109390492,133.25,35.55
10893,2008-10-30 00:00:00,0.013965618258059934,-0.10438382829546243,0.13231506481158228,133.25,35.55
10894,2008-10-31 00:00:00,0.08290710275233545,-0.03531613237231283,0.20113033787698376,133.25,35.55
10895,2008-11-01 00:00:00,0.013294882026031551,-0.10540067481715247,0.13199043886921558,133.25,35.55
10896,2008-11-02 00:00:00,0.1272545481055359,0.008698763510642138,0.2458103327004297,133.25,35.55
10897,2008-11-03 00:00:00,0.07989292968065513,-0.03851819095740033,0.1983040503187106,133.25,35.55
10898,2008-11-04 00:00:00,0.005432540465509006,-0.1130732738857519,0.12393835481676993,133.25,35.55
10899,2008-11-05 00:00:00,0.04267338355631198,-0.07557953144578712,0.1609262985584111,133.25,35.55
10900,2008-11-06 00:00:00,0.06908127983953548,-0.04909382591822212,0.18725638559729307,133.25,35.55
10901,2008-11-07 00:00:00,0.05394856737598773,-0.0643699900541435,0.17226712480611894,133.25,35.55
10902,2008-11-08 00:00:00,-0.05243414179380463,-0.1711857595633587,0.06631747597574947,133.25,35.55
10903,2008-11-09 00:00:00,0.029380314876115067,-0.08936504103704121,0.14812567078927133,133.25,35.55
10904,2008-11-10 00:00:00,0.012425371607635356,-0.10597599132484692,0.13082673454011762,133.25,35.55
10905,2008-11-11 00:00:00,-0.027334910156634543,-0.14559552921441074,0.09092570890114167,133.25,35.55
10906,2008-11-12 00:00:00,5.5699011985224645e-05,-0.11818191083836993,0.11829330886234038,133.25,35.55
10907,2008-11-13 00:00:00,-0.013987747678144659,-0.13221353001481684,0.10423803465852753,133.25,35.55
10908,2008-11-14 00:00:00,0.02906375485995801,-0.08909101521701789,0.1472185249369339,133.25,35.55
10909,2008-11-15 00:00:00,0.02728143643960637,-0.09084082358654473,0.14540369646575746,133.25,35.55
10910,2008-11-16 00:00:00,0.06464447780763433,-0.05371634329025349,0.1830052989055221,133.25,35.55
10911,2008-11-17 00:00:00,0.044530216656016364,-0.07388810062896678,0.16294853394099948,133.25,35.55
10912,2008-11-18 00:00:00,0.116103379987713,-0.002563055400039801,0.23476981537546585,133.25,35.55
10913,2008-11-19 00:00:00,0.19645424367732245,0.07688419528637018,0.3160242920682747,133.25,35.55
10914,2008-11-20 00:00:00,0.04482822898551843,-0.0742650813883838,0.16392153935942064,133.25,35.55
10915,2008-11-21 00:00:00,0.20575036567243532,0.08713344511444543,0.3243672862304253,133.25,35.55
10916,2008-11-22 00:00:00,-0.02625776285531211,-0.14548314487220565,0.09296761916158143,133.25,35.55
10917,2008-11-23 00:00:00,0.08228938608873244,-0.036007323684023165,0.20058609586148807,133.25,35.55
10918,2008-11-24 00:00:00,-0.03676410316468925,-0.15524309313757126,0.08171488680819275,133.25,35.55
10919,2008-11-25 00:00:00,0.08899398262594509,-0.02993755055607729,0.20792551580796748,133.25,35.55
10920,2008-11-26 00:00:00,0.0010404799323173244,-0.11760385150263675,0.1196848113672714,133.25,35.55
10921,2008-11-27 00:00:00,0.04857197990118925,-0.06964201136221433,0.16678597116459282,133.25,35.55
10922,2008-11-28 00:00:00,0.03039868482736828,-0.0891547851245155,0.14995215477925206,133.25,35.55
10923,2008-11-29 00:00:00,0.11906025494680722,-0.0007187123772490063,0.23883922227086346,133.25,35.55
10924,2008-11-30 00:00:00,0.07336167319817108,-0.046421464120465716,0.19314481051680787,133.25,35.55
10925,2008-12-01 00:00:00,0.04977691552898801,-0.06869137537100198,0.168245206428978,133.25,35.55
10926,2008-12-02 00:00:00,0.06919211627892217,-0.048988498877583934,0.18737273143542826,133.25,35.55
10927,2008-12-03 00:00:00,0.033258006593053537,-0.08497574352863703,0.15149175671474413,133.25,35.55
10928,2008-12-04 00:00:00,0.07281825192264611,-0.04543507150159797,0.19107157534689015,133.25,35.55
10929,2008-12-05 00:00:00,0.14647901221049942,0.02728691849884682,0.26567110592215204,133.25,35.55
10930,2008-12-06 00:00:00,0.143115096802749,0.022665616591678383,0.26356457701381963,133.25,35.55
10931,2008-12-07 00:00:00,-0.010580114582623671,-0.12963636358725686,0.10847613442200947,133.25,35.55
10932,2008-12-08 00:00:00,0.04298196809062594,-0.07538939452447871,0.16135333070573055,133.25,35.55
10933,2008-12-09 00:00:00,0.00026751660129126914,-0.11845760986876375,0.1189926430713463,133.25,35.55
10934,2008-12-10 00:00:00,0.04816028669073319,-0.0702175184784604,0.1665380918599268,133.25,35.55
10935,2008-12-11 00:00:00,0.11738322723769005,-0.0014958844266058367,0.23626233890198595,133.25,35.55
10936,2008-12-12 00:00:00,0.08687828433470822,-0.032188394325405566,0.205944962994822,133.25,35.55
10937,2008-12-13 00:00:00,0.03011764885065381,-0.08830242268466265,0.1485377203859703,133.25,35.55
10938,2008-12-14 00:00:00,0.02762083523631803,-0.09119839222118402,0.1464400626938201,133.25,35.55
10939,2008-12-15 00:00:00,0.07665225653586166,-0.042128023500713874,0.1954325365724372,133.25,35.55
10940,2008-12-16 00:00:00,0.002695815857132671,-0.11554556012685716,0.12093719184112252,133.25,35.55
10941,2008-12-17 00:00:00,0.019903122561331525,-0.0983144929490168,0.13812073807167982,133.25,35.55
10942,2008-12-18 00:00:00,0.10996791323124128,-0.008749663998979945,0.2286854904614625,133.25,35.55
10943,2008-12-19 00:00:00,0.03585899564427899,-0.08281712559703089,0.15453511688558885,133.25,35.55
10944,2008-12-20 00:00:00,0.09199264076778976,-0.02645658205237214,0.21044186358795167,133.25,35.55
10945,2008-12-21 00:00:00,0.06359500963769132,-0.055479219833489184,0.18266923910887184,133.25,35.55
10946,2008-12-22 00:00:00,0.05725405200562685,-0.06288783795261806,0.17739594196387176,133.25,35.55
10947,2008-12-23 00:00:00,0.16674964407043796,0.046589097579643635,0.2869101905612323,133.25,35.55
10948,2008-12-24 00:00:00,0.07209104725255182,-0.04646964840801261,0.19065174291311626,133.25,35.55
10949,2008-12-25 00:00:00,0.19549557388945807,0.07693777624352012,0.31405337153539603,133.25,35.55
10950,2008-12-26 00:00:00,0.0011179427194041372,-0.11909123353613756,0.1213271189749458,133.25,35.55
10951,2008-12-27 00:00:00,0.061169350792300126,-0.05728084161451631,0.17961954319911658,133.25,35.55
10952,2008-12-28 00:00:00,0.0516585353685193,-0.06691778062431601,0.17023485136135466,133.25,35.55
10953,2008-12-29 00:00:00,0.08168983033122976,-0.036777901140444255,0.20015756180290376,133.25,35.55
10954,2008-12-30 00:00:00,0.1321298549284764,0.013526788932130844,0.250732920924822,133.25,35.55
10955,2008-12-31 00:00:00,0.048043209649262814,-0.07092860184798774,0.16701502114651334,133.25,35.55
10956,2009-01-01 00:00:00,0.092722080244973,-0.025849491026040658,0.21129365151598667,133.25,35.55
10957,2009-01-02 00:00:00,0.011187636411572777,-0.10775392940166086,0.1301292022248064,133.25,35.55
10958,2009-01-03 00:00:00,0.06404115854707032,-0.054386447849271435,0.18246876494341208,133.25,35.55
10959,2009-01-04 00:00:00,0.03744227440589112,-0.08074807799125641,0.15563262680303866,133.25,35.55
10960,2009-01-05 00:00:00,0.0184880688468215,-0.09970957664538938,0.13668571433903234,133.25,35.55
10961,2009-01-06 00:00:00,0.0007737485541698103,-0.11768178065109555,0.1192292777594352,133.25,35.55
10962,2009-01-07 00:00:00,0.028082440783738213,-0.09032134452387824,0.14648622609135467,133.25,35.55
10963,2009-01-08 00:00:00,-0.005621878139158827,-0.12400754784691773,0.11276379156860004,133.25,35.55
10964,2009-01-09 00:00:00,0.07150506355146778,-0.04714146558775975,0.1901515926906953,133.25,35.55
10965,2009-01-10 00:00:00,0.032295394653846315,-0.08730047862894941,0.15189126793664204,133.25,35.55
10966,2009-01-11 00:00:00,0.13169800312643165,0.011375238764609968,0.2520207674882533,133.25,35.55
10967,2009-01-12 00:00:00,0.14740827585185873,0.027986293004323384,0.2668302586993941,133.25,35.55
10968,2009-01-13 00:00:00,0.07128277688253712,-0.04838292853046594,0.19094848229554015,133.25,35.55
10969,2009-01-14 00:00:00,0.16334070061595962,0.04435166541030483,0.2823297358216144,133.25,35.55
10970,2009-01-15 00:00:00,-0.006203107500808557,-0.12536981281527013,0.11296359781365302,133.25,35.55
10971,2009-01-16 00:00:00,0.09635727505409812,-0.022061586474185785,0.21477613658238204,133.25,35.55
10972,2009-01-17 00:00:00,0.05588541650497395,-0.06243363453205227,0.17420446754200014,133.25,35.55
10973,2009-01-18 00:00:00,0.07134849186563824,-0.04694851092708063,0.18964549465835712,133.25,35.55
10974,2009-01-19 00:00:00,0.18366847221428506,0.06446349222827183,0.3028734522002983,133.25,35.55
10975,2009-01-20 00:00:00,-0.005433775294373527,-0.12404281160671315,0.1131752610179661,133.25,35.55
10976,2009-01-21 00:00:00,0.02600098800120967,-0.09210247115456124,0.1441044471569806,133.25,35.55
10977,2009-01-22 00:00:00,0.030089829569750405,-0.08809590679689057,0.14827556593639135,133.25,35.55
10978,2009-01-23 00:00:00,0.13890490855068202,0.02029500414210214,0.25751481295926193,133.25,35.55
10979,2009-01-24 00:00:00,0.09373718149908916,-0.02574014232458104,0.21321450532275935,133.25,35.55
10980,2009-01-25 00:00:00,0.10156178928476076,-0.01736063537667215,0.22048421394619366,133.25,35.55
10981,2009-01-26 00:00:00,0.0742199482459738,-0.044388200228605,0.19282809672055265,133.25,35.55
10982,2009-01-27 00:00:00,-0.0001952905901307124,-0.11860012355514052,0.1182095423748791,133.25,35.55
10983,2009-01-28 00:00:00,-0.0279423168956057,-0.14620460734821614,0.09031997355700476,133.25,35.55
10984,2009-01-29 00:00:00,0.02329939457335368,-0.09486089481117166,0.14145968395787906,133.25,35.55
10985,2009-01-30 00:00:00,0.016726726089307992,-0.10167346197477156,0.13512691415338754,133.25,35.55
10986,2009-01-31 00:00:00,-0.006589522854882512,-0.1264106487944548,0.11323160308468977,133.25,35.55
10987,2009-02-01 00:00:00,0.022975194653394482,-0.09705848227196312,0.14300887157875208,133.25,35.55
10988,2009-02-02 00:00:00,-0.014091069182120138,-0.1325863363148865,0.10440419795064623,133.25,35.55
10989,2009-02-03 00:00:00,0.07773522070215612,-0.040649927698355806,0.19612036910266809,133.25,35.55
10990,2009-02-04 00:00:00,-0.026826182945871063,-0.14523924915386102,0.09158688326211888,133.25,35.55
10991,2009-02-05 00:00:00,0.04186608756324554,-0.07633675339582788,0.16006892852231894,133.25,35.55
10992,2009-02-06 00:00:00,-0.031028904790309307,-0.14937232472291284,0.08731451514229421,133.25,35.55
10993,2009-02-07 00:00:00,0.10531073745200213,-0.01294600928366356,0.2235674841876678,133.25,35.55
10994,2009-02-08 00:00:00,0.02974186541952578,-0.08868324811052772,0.14816697894957928,133.25,35.55
10995,2009-02-09 00:00:00,0.10748852054863732,-0.010818667827621323,0.225795708924896,133.25,35.55
10996,2009-02-10 00:00:00,0.1118797570961922,-0.006459409129411356,0.2302189233217957,133.25,35.55
10997,2009-02-11 00:00:00,0.12055190877256125,0.0022178389540010585,0.2388859785911215,133.25,35.55
10998,2009-02-12 00:00:00,0.037939421170838435,-0.08062108817747808,0.15649993051915495,133.25,35.55
10999,2009-02-13 00:00:00,0.34539792614143794,0.2257101314517537,0.4650857208311222,133.25,35.55
11000,2009-02-14 00:00:00,0.17549092621711232,0.05408433125389685,0.2968975211803278,133.25,35.55
11001,2009-02-15 00:00:00,-0.05562752902031522,-0.17474022016104124,0.06348516212041079,133.25,35.55
11002,2009-02-16 00:00:00,0.034949358972446304,-0.08376680021488765,0.15366551815978025,133.25,35.55
11003,2009-02-17 00:00:00,0.022647134798243814,-0.0962435459940394,0.14153781559052706,133.25,35.55
11004,2009-02-18 00:00:00,0.08354781883974333,-0.0348426803186163,0.20193831799810294,133.25,35.55
11005,2009-02-19 00:00:00,-0.033042291592910486,-0.15134743533154948,0.08526285214572853,133.25,35.55
11006,2009-02-20 00:00:00,0.21563386323678227,0.09599551306482104,0.3352722134087435,133.25,35.55
11007,2009-02-21 00:00:00,-0.02342059891314251,-0.1440386782828253,0.09719748045654028,133.25,35.55
11008,2009-02-22 00:00:00,0.10197749711686148,-0.016507608834021525,0.22046260306774448,133.25,35.55
11009,2009-02-23 00:00:00,0.00047364711550093596,-0.11872919116652035,0.11967648539752225,133.25,35.55
11010,2009-02-24 00:00:00,0.05781320339405849,-0.060874307384681324,0.17650071417279828,133.25,35.55
11011,2009-02-25 00:00:00,0.10070064034842577,-0.017894102032477904,0.21929538272932947,133.25,35.55
11012,2009-02-26 00:00:00,-0.052585190735891706,-0.17117157227758129,0.06600119080579786,133.25,35.55
11013,2009-02-27 00:00:00,0.03140990574436933,-0.08682721670382867,0.14964702819256734,133.25,35.55
11014,2009-02-28 00:00:00,-0.012611902368922456,-0.13089592867377464,0.10567212393592973,133.25,35.55
11015,2009-03-01 00:00:00,0.008406341528159715,-0.10983467955036982,0.12664736260668924,133.25,35.55
11016,2009-03-02 00:00:00,-0.09578102192041782,-0.21442912361742686,0.02286707977659121,133.25,35.55
11017,2009-03-03 00:00:00,0.07051432091109798,-0.04802225676903833,0.1890508985912343,133.25,35.55
11018,2009-03-04 00:00:00,0.041299012724017634,-0.07702821996051909,0.15962624540855433,133.25,35.55
11019,2009-03-05 00:00:00,-0.012930566202412985,-0.13112147542306754,0.1052603430182416,133.25,35.55
11020,2009-03-06 00:00:00,0.16883792883789026,0.04961710920410384,0.2880587484716767,133.25,35.55
11021,2009-03-07 00:00:00,0.03917414467396238,-0.08006364686338859,0.15841193621131333,133.25,35.55
11022,2009-03-08 00:00:00,0.014661529640583296,-0.10372435265495332,0.1330474119361199,133.25,35.55
11023,2009-03-09 00:00:00,0.054422971927394745,-0.0637463523543174,0.17259229620910688,133.25,35.55
11024,2009-03-10 00:00:00,0.06309296140856177,-0.055423322890530535,0.1816092457076541,133.25,35.55
11025,2009-03-11 00:00:00,0.022496461911972517,-0.09593286141487184,0.14092578523881685,133.25,35.55
11026,2009-03-12 00:00:00,-0.06069556000518168,-0.1790871691639247,0.05769604915356138,133.25,35.55
11027,2009-03-13 00:00:00,0.18745619527157376,0.06831423422855865,0.3065981563145889,133.25,35.55
11028,2009-03-14 00:00:00,0.2108045482207603,0.08886219143162984,0.3327469050098908,133.25,35.55
11029,2009-03-15 00:00:00,-0.028716203076826506,-0.14768037868856554,0.09024797253491253,133.25,35.55
11030,2009-03-16 00:00:00,0.11852468000479667,0.00021684245710501535,0.23683251755248835,133.25,35.55
11031,2009-03-17 00:00:00,0.0839228356134765,-0.034549896397068285,0.2023955676240213,133.25,35.55
11032,2009-03-18 00:00:00,0.07054448427847976,-0.0479082713932172,0.1889972399501767,133.25,35.55
11033,2009-03-19 00:00:00,0.123860327097878,0.005606161626760003,0.242114492568996,133.25,35.55
11034,2009-03-20 00:00:00,-0.03468997423182905,-0.15350406837750413,0.08412411991384601,133.25,35.55
11035,2009-03-21 00:00:00,0.05017538136691403,-0.06856687836082978,0.16891764109465784,133.25,35.55
11036,2009-03-22 00:00:00,0.4348973985516476,0.3135661964295289,0.5562286006737662,133.25,35.55
11037,2009-03-23 00:00:00,-0.02131339789435402,-0.1436731850887455,0.10104638930003744,133.25,35.55
11038,2009-03-24 00:00:00,0.08583179511722742,-0.03284899640759645,0.2045125866420513,133.25,35.55
11039,2009-03-25 00:00:00,0.10844279408141594,-0.010487454361015822,0.2273730425238477,133.25,35.55
11040,2009-03-26 00:00:00,0.10671868689883053,-0.012090297352692179,0.2255276711503533,133.25,35.55
11041,2009-03-27 00:00:00,0.02375660198811193,-0.09542214936451207,0.14293535334073595,133.25,35.55
11042,2009-03-28 00:00:00,0.004160351083547731,-0.11465058046568034,0.12297128263277582,133.25,35.55
11043,2009-03-29 00:00:00,-0.04975221083318173,-0.16797941834861688,0.0684749966822534,133.25,35.55
11044,2009-03-30 00:00:00,-0.04035673709386418,-0.15859656459282015,0.07788309040509178,133.25,35.55
11045,2009-03-31 00:00:00,-0.007222468080971066,-0.12546319468901646,0.11101825852707432,133.25,35.55
11046,2009-04-01 00:00:00,0.09389554455252387,-0.02457473311049189,0.2123658222155396,133.25,35.55
11047,2009-04-02 00:00:00,-0.005863375064877066,-0.125517316591002,0.11379056646124787,133.25,35.55
11048,2009-04-03 00:00:00,-0.030024705644563037,-0.14866532777004662,0.08861591648092054,133.25,35.55
11049,2009-04-04 00:00:00,0.07184437078423596,-0.04638238419101809,0.19007112575948998,133.25,35.55
11050,2009-04-05 00:00:00,0.0896243646675863,-0.028667023946642906,0.2079157532818155,133.25,35.55
11051,2009-04-06 00:00:00,0.03692372361859772,-0.08120127114212447,0.1550487183793199,133.25,35.55
11052,2009-04-07 00:00:00,0.049000495494501216,-0.06916264640059411,0.16716363738959655,133.25,35.55
11053,2009-04-08 00:00:00,-0.0121114858042822,-0.1302852073230336,0.1060622357144692,133.25,35.55
11054,2009-04-09 00:00:00,-0.0061488804203509535,-0.12426714845209105,0.11196938761138914,133.25,35.55
11055,2009-04-10 00:00:00,0.03485120606211292,-0.08330803910190239,0.15301045122612822,133.25,35.55
11056,2009-04-11 00:00:00,0.0389188001592881,-0.07922956804794279,0.15706716836651902,133.25,35.55
11057,2009-04-12 00:00:00,0.0359678076624084,-0.08226058200348488,0.1541961973283017,133.25,35.55
11058,2009-04-13 00:00:00,0.09643019139179132,-0.021730250743627846,0.21459063352721047,133.25,35.55
11059,2009-04-14 00:00:00,0.08454008308952593,-0.03397362706407766,0.2030537932431295,133.25,35.55
11060,2009-04-15 00:00:00,0.04702741977653457,-0.07188785764531835,0.16594269719838747,133.25,35.55
11061,2009-04-16 00:00:00,-0.03133721076454283,-0.15012607736775774,0.08745165583867208,133.25,35.55
11062,2009-04-17 00:00:00,0.06653794904072258,-0.05206476574084147,0.1851406638222866,133.25,35.55
11063,2009-04-18 00:00:00,0.042827034757536964,-0.07534953383071866,0.16100360334579258,133.25,35.55
11064,2009-04-19 00:00:00,0.009646781104830969,-0.10856836070810914,0.12786192291777107,133.25,35.55
11065,2009-04-20 00:00:00,0.045914590477971286,-0.0724640061501825,0.1642931871061251,133.25,35.55
11066,2009-04-21 00:00:00,0.21403736107762228,0.09341881609136313,0.3346559060638814,133.25,35.55
11067,2009-04-22 00:00:00,0.2293195423901216,0.10906527829313577,0.3495738064871073,133.25,35.55
11068,2009-04-23 00:00:00,-0.002960558281370165,-0.12185767763488595,0.11593656107214564,133.25,35.55
11069,2009-04-24 00:00:00,-0.04066346494865518,-0.15883331755100655,0.07750638765369619,133.25,35.55
11070,2009-04-25 00:00:00,0.1135520829190183,-0.005069996007116343,0.2321741618451529,133.25,35.55
11071,2009-04-26 00:00:00,0.17441781230540968,0.05145592449377207,0.2973797001170473,133.25,35.55
11072,2009-04-27 00:00:00,0.06564481498615671,-0.056672906994377235,0.18796253696669066,133.25,35.55
11073,2009-04-28 00:00:00,0.013353328290219676,-0.1051265546645584,0.13183321124499775,133.25,35.55
11074,2009-04-29 00:00:00,-0.01922964901353104,-0.1373945578472398,0.09893525982017774,133.25,35.55
11075,2009-04-30 00:00:00,0.011161738317727888,-0.10698351444914886,0.12930699108460464,133.25,35.55
11076,2009-05-01 00:00:00,0.048290643312953824,-0.06986978746898227,0.1664510740948899,133.25,35.55
11077,2009-05-02 00:00:00,0.08051066581040013,-0.03770910092165133,0.1987304325424516,133.25,35.55
11078,2009-05-03 00:00:00,0.07174984201794751,-0.04646608615293607,0.1899657701888311,133.25,35.55
11079,2009-05-04 00:00:00,0.03358880207324355,-0.08455427422511476,0.15173187837160185,133.25,35.55
11080,2009-05-05 00:00:00,0.01919767253787193,-0.09905602086025707,0.13745136593600096,133.25,35.55
11081,2009-05-06 00:00:00,0.027308109661439702,-0.09103162974102973,0.14564784906390915,133.25,35.55
11082,2009-05-07 00:00:00,0.034143947058400445,-0.08412417056133792,0.1524120646781388,133.25,35.55
11083,2009-05-08 00:00:00,0.08958760439356638,-0.029742364767234256,0.20891757355436705,133.25,35.55
11084,2009-05-09 00:00:00,0.0408271950239096,-0.07731953219581547,0.15897392224363466,133.25,35.55
11085,2009-05-10 00:00:00,0.05429046365404266,-0.0639090065627613,0.17248993387084666,133.25,35.55
11086,2009-05-11 00:00:00,0.007180777356038408,-0.11099183231372964,0.12535338702580648,133.25,35.55
11087,2009-05-12 00:00:00,0.08611333856411946,-0.032042501744086724,0.20426917887232565,133.25,35.55
11088,2009-05-13 00:00:00,0.07916128344455498,-0.039305445686765784,0.19762801257587576,133.25,35.55
11089,2009-05-14 00:00:00,0.0918434343344267,-0.026946242543338692,0.21063311121219208,133.25,35.55
11090,2009-05-15 00:00:00,-0.08778293152071277,-0.20633176462048367,0.030765901579058175,133.25,35.55
11091,2009-05-16 00:00:00,0.045009071258661104,-0.07318670651271858,0.1632048490300408,133.25,35.55
11092,2009-05-17 00:00:00,0.24341599977526035,0.12418905237226127,0.3626429471782594,133.25,35.55
11093,2009-05-18 00:00:00,0.09540350425034036,-0.02457550744950346,0.21538251595018415,133.25,35.55
11094,2009-05-19 00:00:00,0.0318586403836556,-0.08659008207028021,0.1503073628375914,133.25,35.55
11095,2009-05-20 00:00:00,0.0359541013797479,-0.08223321932007772,0.15414142207957354,133.25,35.55
11096,2009-05-21 00:00:00,0.06471600863077542,-0.05356514146443854,0.18299715872598935,133.25,35.55
11097,2009-05-22 00:00:00,0.13237881911157268,0.013291599044794959,0.2514660391783504,133.25,35.55
11098,2009-05-23 00:00:00,0.06946793887791122,-0.04894564951153568,0.18788152726735813,133.25,35.55
11099,2009-05-24 00:00:00,0.05202329029341448,-0.0661523502466611,0.17019893083349008,133.25,35.55
11100,2009-05-25 00:00:00,-0.002749610250961203,-0.1210173517593579,0.11551813125743547,133.25,35.55
11101,2009-05-26 00:00:00,-0.013161018844541976,-0.1313698137025892,0.10504777601350528,133.25,35.55
11102,2009-05-27 00:00:00,0.022128602820647904,-0.09602317087867318,0.140280376519969,133.25,35.55
11103,2009-05-28 00:00:00,-0.03832865274589515,-0.1577835958799991,0.08112629038820883,133.25,35.55
11104,2009-05-29 00:00:00,0.02284029038518654,-0.09710158455785456,0.14278216532822766,133.25,35.55
11105,2009-05-30 00:00:00,0.05548445151175516,-0.06357113872407069,0.174540041747581,133.25,35.55
11106,2009-05-31 00:00:00,0.08449743178324258,-0.033790173081930025,0.2027850366484152,133.25,35.55
11107,2009-06-01 00:00:00,0.0729802559998637,-0.0452674033630059,0.1912279153627333,133.25,35.55
11108,2009-06-02 00:00:00,0.0903256334143385,-0.027938028396907292,0.20858929522558428,133.25,35.55
11109,2009-06-03 00:00:00,0.14131484836256508,0.022931885190204827,0.2596978115349253,133.25,35.55
11110,2009-06-04 00:00:00,0.06830731730448948,-0.05013150151511316,0.18674613612409208,133.25,35.55
11111,2009-06-05 00:00:00,0.019999340270028573,-0.09821904046987734,0.13821772100993449,133.25,35.55
11112,2009-06-06 00:00:00,0.027619318448820256,-0.09089770404648978,0.14613634094413028,133.25,35.55
11113,2009-06-07 00:00:00,0.001935856649768732,-0.11647694226899387,0.12034865556853135,133.25,35.55
11114,2009-06-08 00:00:00,0.006730856918380858,-0.1114118041160288,0.1248735179527905,133.25,35.55
11115,2009-06-09 00:00:00,0.030919797145542827,-0.08721940842786513,0.14905900271895076,133.25,35.55
11116,2009-06-10 00:00:00,0.2383873558391931,0.11982186519499112,0.35695284648339504,133.25,35.55
11117,2009-06-11 00:00:00,0.1583012506223016,0.03926451805197837,0.2773379831926248,133.25,35.55
11118,2009-06-12 00:00:00,0.12167890886067805,0.003101530905505786,0.2402562868158503,133.25,35.55
11119,2009-06-13 00:00:00,0.1119644597644758,-0.0064311190499965615,0.23036003857894816,133.25,35.55
11120,2009-06-14 00:00:00,0.018996647298235463,-0.09922846144150936,0.1372217560379803,133.25,35.55
11121,2009-06-15 00:00:00,-0.001377660444888842,-0.11955747004403106,0.11680214915425335,133.25,35.55
11122,2009-06-16 00:00:00,0.025386433469534408,-0.09279546399740753,0.14356833093647633,133.25,35.55
11123,2009-06-17 00:00:00,0.014620311857250653,-0.10355046449412646,0.13279108820862776,133.25,35.55
11124,2009-06-18 00:00:00,0.036335513566162214,-0.08178235228687361,0.15445337941919804,133.25,35.55
11125,2009-06-19 00:00:00,0.02495326325134211,-0.09321603669182192,0.14312256319450614,133.25,35.55
11126,2009-06-20 00:00:00,0.08961307758163907,-0.02857101981224425,0.2077971749755224,133.25,35.55
11127,2009-06-21 00:00:00,0.12445523468520928,0.006223324350227613,0.2426871450201909,133.25,35.55
11128,2009-06-22 00:00:00,0.11123762745900684,-0.006968293911506232,0.2294435488295199,133.25,35.55
11129,2009-06-23 00:00:00,0.13604328046933425,0.017336489552834025,0.2547500713858345,133.25,35.55
11130,2009-06-24 00:00:00,0.03210568707791009,-0.08627633341667346,0.15048770757249366,133.25,35.55
11131,2009-06-25 00:00:00,0.05234684666317214,-0.06591017331670485,0.17060386664304913,133.25,35.55
11132,2009-06-26 00:00:00,0.05693738692776883,-0.06125303932369872,0.17512781317923634,133.25,35.55
11133,2009-06-27 00:00:00,0.06603703819366281,-0.05209930441338818,0.18417338080071385,133.25,35.55
11134,2009-06-28 00:00:00,0.07284801600778043,-0.045317454679230346,0.1910134866947912,133.25,35.55
11135,2009-06-29 00:00:00,0.14229130780854704,0.023982956490416124,0.26059965912667793,133.25,35.55
11136,2009-06-30 00:00:00,0.14311715573140638,0.024170659431774752,0.262063652031038,133.25,35.55
11137,2009-07-01 00:00:00,0.06449017877699352,-0.0543528464929562,0.18333320404694325,133.25,35.55
11138,2009-07-02 00:00:00,0.047405735247126005,-0.07149067106107046,0.16630214155532247,133.25,35.55
11139,2009-07-03 00:00:00,0.06217025206016121,-0.056098748215863185,0.1804392523361856,133.25,35.55
11140,2009-07-04 00:00:00,0.04458518185281948,-0.07358279999226032,0.1627531636978993,133.25,35.55
11141,2009-07-05 00:00:00,0.011951841437256937,-0.10620452126067836,0.13010820413519222,133.25,35.55
11142,2009-07-06 00:00:00,0.01987355043911217,-0.09827585943864203,0.13802296031686634,133.25,35.55
11143,2009-07-07 00:00:00,0.1055551880590593,-0.012645751454029158,0.22375612757214772,133.25,35.55
11144,2009-07-08 00:00:00,0.06713674568155396,-0.051536563792210534,0.18581005515531845,133.25,35.55
11145,2009-07-09 00:00:00,0.08239676052505446,-0.03598024369996192,0.20077376475007086,133.25,35.55
11146,2009-07-10 00:00:00,0.1484408632768218,0.02852867124096868,0.2683530553126749,133.25,35.55
11147,2009-07-11 00:00:00,-0.03431254921568369,-0.15349538283591194,0.08487028440454457,133.25,35.55
11148,2009-07-12 00:00:00,0.057990996169082425,-0.060168314360097036,0.17615030669826187,133.25,35.55
11149,2009-07-13 00:00:00,0.09832526670334953,-0.02090175590434593,0.21755228931104492,133.25,35.55
11150,2009-07-14 00:00:00,0.03381426874887191,-0.08481070294225512,0.15243924043999896,133.25,35.55
11151,2009-07-15 00:00:00,0.21905612952053935,0.10015887636295637,0.3379533826781224,133.25,35.55
11152,2009-07-16 00:00:00,0.10958875776451137,-0.009197042931458566,0.2283745584604813,133.25,35.55
11153,2009-07-17 00:00:00,0.06349440844261932,-0.05482151876765205,0.18181033565289068,133.25,35.55
11154,2009-07-18 00:00:00,0.12516833182977652,0.0068155510238549905,0.24352111263569806,133.25,35.55
11155,2009-07-19 00:00:00,0.15500431624232205,0.0362569359506269,0.27375169653401715,133.25,35.55
11156,2009-07-20 00:00:00,0.03371145069451898,-0.08499268873914986,0.1524155901281878,133.25,35.55
11157,2009-07-21 00:00:00,0.11935338218522525,0.0010919834476062346,0.2376147809228443,133.25,35.55
11158,2009-07-22 00:00:00,0.12784871128761316,0.009478363591061969,0.24621905898416435,133.25,35.55
11159,2009-07-23 00:00:00,-0.035223283488521086,-0.1535028721132079,0.08305630513616571,133.25,35.55
11160,2009-07-24 00:00:00,0.03577144880894477,-0.08238250322064261,0.15392540083853215,133.25,35.55
11161,2009-07-25 00:00:00,0.08257902799578559,-0.036250688904866574,0.20140874489643776,133.25,35.55
11162,2009-07-26 00:00:00,0.022600786456290985,-0.09618901814620934,0.14139059105879132,133.25,35.55
11163,2009-07-27 00:00:00,0.04549796763126708,-0.07282453679323715,0.16382047205577133,133.25,35.55
11164,2009-07-28 00:00:00,0.022411906516536826,-0.09579592287433618,0.14061973590740984,133.25,35.55
11165,2009-07-29 00:00:00,0.10272069076807894,-0.01559609448512865,0.22103747602128654,133.25,35.55
11166,2009-07-30 00:00:00,-0.002603712089124504,-0.12109399154318252,0.1158865673649335,133.25,35.55
11167,2009-07-31 00:00:00,0.010580482421158888,-0.10758777752292134,0.12874874236523912,133.25,35.55
11168,2009-08-01 00:00:00,0.06050692605153792,-0.057646533102329575,0.17866038520540545,133.25,35.55
11169,2009-08-02 00:00:00,0.03619440733878093,-0.08197999942194252,0.15436881409950434,133.25,35.55
11170,2009-08-03 00:00:00,0.017297732802294474,-0.10082840190936004,0.13542386751394903,133.25,35.55
11171,2009-08-04 00:00:00,0.025709835732092158,-0.09238748526418013,0.14380715672836444,133.25,35.55
11172,2009-08-05 00:00:00,0.007865541533837068,-0.11028880951896428,0.1260198925866384,133.25,35.55
11173,2009-08-06 00:00:00,0.003406683746468419,-0.11473212431728905,0.12154549181022588,133.25,35.55
11174,2009-08-07 00:00:00,0.041972214067400586,-0.07622767421200967,0.16017210234681084,133.25,35.55
11175,2009-08-08 00:00:00,0.013229820242633278,-0.10493349957802704,0.13139314006329358,133.25,35.55
11176,2009-08-09 00:00:00,0.0007454219680156048,-0.11746176033754922,0.11895260427358045,133.25,35.55
11177,2009-08-10 00:00:00,0.013963471030340737,-0.10435358559185216,0.13228052765253362,133.25,35.55
11178,2009-08-11 00:00:00,0.0452863272710328,-0.07299434690569688,0.16356700144776246,133.25,35.55
11179,2009-08-12 00:00:00,0.14243920045370828,0.024100425308898804,0.2607779755985178,133.25,35.55
11180,2009-08-13 00:00:00,0.1413915478614339,0.022817821910909825,0.259965273811958,133.25,35.55
11181,2009-08-14 00:00:00,0.0045718491465182405,-0.11379820886395513,0.1229419071569916,133.25,35.55
11182,2009-08-15 00:00:00,0.018926513416978926,-0.09924901697174143,0.13710204380569924,133.25,35.55
11183,2009-08-16 00:00:00,0.0014986776127746855,-0.11663245379304885,0.1196298090185982,133.25,35.55
11184,2009-08-17 00:00:00,-0.017243143853797722,-0.13535717325616706,0.10087088554857156,133.25,35.55
11185,2009-08-18 00:00:00,0.020631170849892883,-0.09749990962364784,0.13876225132343362,133.25,35.55
11186,2009-08-19 00:00:00,0.02444794216596084,-0.09368372592480162,0.14257961025672328,133.25,35.55
11187,2009-08-20 00:00:00,0.1134553187741751,-0.004731250231849615,0.2316418877801998,133.25,35.55
11188,2009-08-21 00:00:00,0.12144093977140966,0.003187562815923223,0.23969431672689606,133.25,35.55
11189,2009-08-22 00:00:00,0.07191113718609493,-0.04630986963852994,0.19013214401071984,133.25,35.55
11190,2009-08-23 00:00:00,0.04416025910413985,-0.07399914842561339,0.16231966663389308,133.25,35.55
11191,2009-08-24 00:00:00,-0.008663685716028238,-0.12683194335290338,0.10950457192084692,133.25,35.55
11192,2009-08-25 00:00:00,0.00255042110427587,-0.11557915978571807,0.1206800019942698,133.25,35.55
11193,2009-08-26 00:00:00,0.042906125344367115,-0.07519462342126987,0.16100687411000408,133.25,35.55
11194,2009-08-27 00:00:00,0.13922702109882312,0.02103219814454982,0.2574218440530964,133.25,35.55
11195,2009-08-28 00:00:00,0.09774143330012636,-0.020489324734957882,0.21597219133521064,133.25,35.55
11196,2009-08-29 00:00:00,0.0299366094441546,-0.08843511427214676,0.14830833316045594,133.25,35.55
11197,2009-08-30 00:00:00,-0.03299915219470069,-0.15141134026612835,0.08541303587672698,133.25,35.55
11198,2009-08-31 00:00:00,0.026642340955192332,-0.0917156365201678,0.14500031843055244,133.25,35.55
11199,2009-09-01 00:00:00,0.012081068173247708,-0.1061763427303096,0.130338479076805,133.25,35.55
11200,2009-09-02 00:00:00,-0.005695449980547732,-0.12383368567865292,0.11244278571755746,133.25,35.55
11201,2009-09-03 00:00:00,0.002671856285159185,-0.11554584755688516,0.12088956012720355,133.25,35.55
11202,2009-09-04 00:00:00,0.029594012053085293,-0.08866004092306481,0.1478480650292354,133.25,35.55
11203,2009-09-05 00:00:00,0.033118253205890916,-0.0850800072736844,0.15131651368546625,133.25,35.55
11204,2009-09-06 00:00:00,0.02580365865817485,-0.09240219936571313,0.14400951668206285,133.25,35.55
11205,2009-09-07 00:00:00,0.016419472755230598,-0.10176637517434496,0.13460532068480616,133.25,35.55
11206,2009-09-08 00:00:00,0.05665732250902821,-0.061568633974494975,0.1748832789925514,133.25,35.55
11207,2009-09-09 00:00:00,-0.0030515630231009658,-0.1213315938405894,0.11522846779438747,133.25,35.55
11208,2009-09-10 00:00:00,0.05230026613117558,-0.06592815955158213,0.1705286918139333,133.25,35.55
11209,2009-09-11 00:00:00,0.01655133916102236,-0.10160896456769763,0.13471164288974236,133.25,35.55
11210,2009-09-12 00:00:00,0.11375386457187005,-0.0045305321627156355,0.2320382613064557,133.25,35.55
11211,2009-09-13 00:00:00,0.10162183684440282,-0.016950396285057692,0.2201940699738633,133.25,35.55
11212,2009-09-14 00:00:00,-0.0073594968186700875,-0.12563930417765612,0.11092031054031597,133.25,35.55
11213,2009-09-15 00:00:00,0.0776723777869294,-0.04048881321453468,0.19583356878839348,133.25,35.55
11214,2009-09-16 00:00:00,0.035129866437294724,-0.08310997221615689,0.15336970509074632,133.25,35.55
11215,2009-09-17 00:00:00,-0.028732602942188226,-0.1468916018282375,0.08942639594386104,133.25,35.55
11216,2009-09-18 00:00:00,0.02189542616407188,-0.09626609891204008,0.14005695124018386,133.25,35.55
11217,2009-09-19 00:00:00,-0.02816668572973108,-0.14657134965101062,0.09023797819154848,133.25,35.55
11218,2009-09-20 00:00:00,-0.02348491389974175,-0.1418602779219348,0.09489045012245127,133.25,35.55
11219,2009-09-21 00:00:00,0.054260738507258176,-0.06402258857307297,0.17254406558758933,133.25,35.55
11220,2009-09-22 00:00:00,0.036701896925310167,-0.08153497840413387,0.15493877225475422,133.25,35.55
11221,2009-09-23 00:00:00,-0.040633535304342695,-0.15876994068580566,0.07750287007712023,133.25,35.55
11222,2009-09-24 00:00:00,0.0024354765829261928,-0.11564651206652125,0.1205174652323736,133.25,35.55
11223,2009-09-25 00:00:00,-0.0017299456687041993,-0.11982582113416497,0.11636592979675657,133.25,35.55
11224,2009-09-26 00:00:00,0.003677320482965658,-0.11448254814256867,0.1218371891085,133.25,35.55
11225,2009-09-27 00:00:00,-0.029613452831681125,-0.14782552957443484,0.08859862391107258,133.25,35.55
11226,2009-09-28 00:00:00,0.13292038849495086,0.013638281006075515,0.25220249598382616,133.25,35.55
11227,2009-09-29 00:00:00,-0.03270448371820345,-0.1520747390689256,0.08666577163251872,133.25,35.55
11228,2009-09-30 00:00:00,-0.0010284036790523254,-0.11921710601709773,0.11716029865899305,133.25,35.55
11229,2009-10-01 00:00:00,0.023966448970323642,-0.09419473119758633,0.1421276291382336,133.25,35.55
11230,2009-10-02 00:00:00,0.15686055025821286,0.03847002325649275,0.2752510772599329,133.25,35.55
11231,2009-10-03 00:00:00,0.05121475670476349,-0.06739968147929651,0.16982919488882348,133.25,35.55
11232,2009-10-04 00:00:00,-0.014514259832313338,-0.13286705520319947,0.10383853553857278,133.25,35.55
11233,2009-10-05 00:00:00,-0.002596299227405525,-0.12085379584929057,0.11566119739447955,133.25,35.55
11234,2009-10-06 00:00:00,0.0015454333322657728,-0.11671503201294738,0.11980589867747893,133.25,35.55
11235,2009-10-07 00:00:00,-0.08062506665393125,-0.19917305738144764,0.03792292407358515,133.25,35.55
11236,2009-10-08 00:00:00,0.0143195239125187,-0.1186504143777363,0.1472894622027737,133.25,35.55
11237,2009-10-09 00:00:00,0.022758036180703628,-0.09855566441952704,0.14407173678093432,133.25,35.55
11238,2009-10-10 00:00:00,0.033075410707620184,-0.08515350740304632,0.1513043288182867,133.25,35.55
11239,2009-10-11 00:00:00,-0.012587720094108558,-0.13076554008147956,0.10559009989326244,133.25,35.55
11240,2009-10-12 00:00:00,0.015512043516633843,-0.102609574651632,0.13363366168489968,133.25,35.55
11241,2009-10-13 00:00:00,0.08359400935221284,-0.03454339192074589,0.2017314106251716,133.25,35.55
11242,2009-10-14 00:00:00,0.03573438335975087,-0.08241667690712395,0.15388544362662568,133.25,35.55
11243,2009-10-15 00:00:00,-0.008079227571170942,-0.12628199261588405,0.11012353747354216,133.25,35.55
11244,2009-10-16 00:00:00,0.037963058341788966,-0.08017658109995005,0.15610269778352798,133.25,35.55
11245,2009-10-17 00:00:00,0.207486430981639,0.08913698294302637,0.32583587902025163,133.25,35.55
11246,2009-10-18 00:00:00,0.17149357033521034,0.05258688318671106,0.2904002574837096,133.25,35.55
11247,2009-10-19 00:00:00,0.13301910044303816,0.014512554370731637,0.2515256465153447,133.25,35.55
11248,2009-10-20 00:00:00,0.12301354562702822,0.004178923281070709,0.2418481679729857,133.25,35.55
11249,2009-10-21 00:00:00,0.005716042151527871,-0.1127227196447809,0.12415480394783665,133.25,35.55
11250,2009-10-22 00:00:00,-0.013922335751583786,-0.132164079047976,0.10431940754480844,133.25,35.55
11251,2009-10-23 00:00:00,0.019670971201704347,-0.09850055563384782,0.1378424980372565,133.25,35.55
11252,2009-10-24 00:00:00,-0.02073464992358293,-0.13892244030820636,0.0974531404610405,133.25,35.55
11253,2009-10-25 00:00:00,-0.03131434480758026,-0.1495521311439902,0.08692344152882969,133.25,35.55
11254,2009-10-26 00:00:00,0.009064358521122669,-0.11028347342329052,0.12841219046553587,133.25,35.55
11255,2009-10-27 00:00:00,-0.00222682112210891,-0.12198590586909172,0.11753226362487387,133.25,35.55
11256,2009-10-28 00:00:00,-0.05472286325487735,-0.1730115611348302,0.0635658346250755,133.25,35.55
11257,2009-10-29 00:00:00,0.009917957809990486,-0.10821066286179754,0.1280465784817785,133.25,35.55
11258,2009-10-30 00:00:00,0.031365603941247544,-0.08677254235120352,0.1495037502336986,133.25,35.55
11259,2009-10-31 00:00:00,-0.039059647125098934,-0.15739711771416948,0.07927782346397161,133.25,35.55
11260,2009-11-01 00:00:00,0.12106982602945937,0.0021143605923831387,0.2400252914665356,133.25,35.55
11261,2009-11-02 00:00:00,0.05605895222023999,-0.06557523694182797,0.17769314138230796,133.25,35.55
11262,2009-11-03 00:00:00,0.13357036598565436,0.012127896659083162,0.2550128353122256,133.25,35.55
11263,2009-11-04 00:00:00,0.024688688871508248,-0.09374265826491926,0.14312003600793574,133.25,35.55
11264,2009-11-05 00:00:00,0.0985115382628759,-0.01981164729525348,0.21683472382100527,133.25,35.55
11265,2009-11-06 00:00:00,0.053715372114805,-0.06448258245701137,0.1719133266866214,133.25,35.55
11266,2009-11-07 00:00:00,0.05126841231496656,-0.06684635605124252,0.16938318068117567,133.25,35.55
11267,2009-11-08 00:00:00,0.06326596400721315,-0.05484850449396887,0.1813804325083952,133.25,35.55
11268,2009-11-09 00:00:00,0.0358317640299948,-0.08234133642875456,0.15400486448874418,133.25,35.55
11269,2009-11-10 00:00:00,-0.029522871573801325,-0.1480135924891115,0.08896784934150886,133.25,35.55
11270,2009-11-11 00:00:00,-0.0619905788524997,-0.18280127634399684,0.058820118638997436,133.25,35.55
11271,2009-11-12 00:00:00,-0.02816724005572652,-0.14937095604396194,0.0930364759325089,133.25,35.55
11272,2009-11-13 00:00:00,0.023130548003697796,-0.09680166355694124,0.14306275956433684,133.25,35.55
11273,2009-11-14 00:00:00,0.143649340757219,0.023570790801362485,0.2637278907130755,133.25,35.55
11274,2009-11-15 00:00:00,0.15663137387395634,0.03676561204562541,0.2764971357022873,133.25,35.55
11275,2009-11-16 00:00:00,0.01387228460907141,-0.10504517715577216,0.13278974637391494,133.25,35.55
11276,2009-11-17 00:00:00,-0.03472882721078634,-0.1536045561183822,0.08414690169680952,133.25,35.55
11277,2009-11-18 00:00:00,-0.01591334224243486,-0.1351038617327775,0.10327717724790778,133.25,35.55
11278,2009-11-19 00:00:00,0.017411271217948457,-0.10097598164884956,0.13579852408474646,133.25,35.55
11279,2009-11-20 00:00:00,-0.003249977546185652,-0.12152573423237198,0.11502577914000067,133.25,35.55
11280,2009-11-21 00:00:00,0.09649065228093284,-0.02186611354934949,0.2148474181112152,133.25,35.55
11281,2009-11-22 00:00:00,0.005557808462479878,-0.11272098231060625,0.12383659923556604,133.25,35.55
11282,2009-11-23 00:00:00,0.03609717854788215,-0.08220368455544264,0.15439804165120696,133.25,35.55
11283,2009-11-24 00:00:00,-0.012013508899200418,-0.13020930001379946,0.10618228221539863,133.25,35.55
11284,2009-11-25 00:00:00,0.06876428791016849,-0.04960650994072549,0.18713508576106247,133.25,35.55
11285,2009-11-26 00:00:00,-0.043738705175847416,-0.16194294617064722,0.0744655358189524,133.25,35.55
11286,2009-11-27 00:00:00,0.02316345158475316,-0.09506889961383357,0.14139580278333985,133.25,35.55
11287,2009-11-28 00:00:00,-0.03651167421609098,-0.1549355976678532,0.08191224923567125,133.25,35.55
11288,2009-11-29 00:00:00,0.03394005865418872,-0.08444645181177596,0.1523265691201534,133.25,35.55
11289,2009-11-30 00:00:00,0.01605208214215785,-0.10219827356249528,0.13430243784681098,133.25,35.55
11290,2009-12-01 00:00:00,0.01979852204686774,-0.09844529968900027,0.13804234378273578,133.25,35.55
11291,2009-12-02 00:00:00,-0.034706117913332626,-0.15292497622366985,0.08351274039700457,133.25,35.55
11292,2009-12-03 00:00:00,0.0632399395540964,-0.054997834693335766,0.18147771380152855,133.25,35.55
11293,2009-12-04 00:00:00,-0.0791694283783557,-0.19807135457088304,0.03973249781417167,133.25,35.55
11294,2009-12-05 00:00:00,0.2934094525585302,0.17422095545819918,0.4125979496588612,133.25,35.55
11295,2009-12-06 00:00:00,0.20806907844965025,0.08773243801821806,0.32840571888108244,133.25,35.55
11296,2009-12-07 00:00:00,-0.03186952504927027,-0.15039141465002334,0.08665236455148281,133.25,35.55
11297,2009-12-08 00:00:00,-0.025795332536811467,-0.14395725575417842,0.09236659068055547,133.25,35.55
11298,2009-12-09 00:00:00,0.038384575750331516,-0.07977789726378884,0.15654704876445188,133.25,35.55
11299,2009-12-10 00:00:00,-0.026296874351823814,-0.14448719489461806,0.09189344619097042,133.25,35.55
11300,2009-12-11 00:00:00,0.07914087744571675,-0.041016014245064514,0.199297769136498,133.25,35.55
11301,2009-12-12 00:00:00,0.1808680817079626,0.06006747264548898,0.30166869077043623,133.25,35.55
11302,2009-12-13 00:00:00,0.027147590384097437,-0.09128500466478008,0.14558018543297496,133.25,35.55
11303,2009-12-14 00:00:00,0.06975110687344335,-0.048633593063401065,0.18813580681028774,133.25,35.55
11304,2009-12-15 00:00:00,0.05204991265005923,-0.06676612166018919,0.17086594696030766,133.25,35.55
11305,2009-12-16 00:00:00,0.04190603269632438,-0.07647241953745403,0.16028448493010278,133.25,35.55
11306,2009-12-17 00:00:00,0.12089074286030747,0.002377583529576996,0.239403902191038,133.25,35.55
11307,2009-12-18 00:00:00,0.16829618609346084,0.04881258229779975,0.287779789889122,133.25,35.55
11308,2009-12-19 00:00:00,0.12173347007092868,0.002344126861919815,0.24112281327993754,133.25,35.55
11309,2009-12-20 00:00:00,0.20432870987084786,0.08518037909673427,0.3234770406449615,133.25,35.55
11310,2009-12-21 00:00:00,0.010074158812252362,-0.1091982930256504,0.12934661065015512,133.25,35.55
11311,2009-12-22 00:00:00,0.1762261284450497,0.05756444296796051,0.2948878139221389,133.25,35.55
11312,2009-12-23 00:00:00,0.09477069860172113,-0.023669148001637955,0.2132105452050802,133.25,35.55
11313,2009-12-24 00:00:00,-0.04441720424115062,-0.16283599742104798,0.07400158893874675,133.25,35.55
11314,2009-12-25 00:00:00,0.0383718002194513,-0.07983643896639875,0.15658003940530135,133.25,35.55
11315,2009-12-26 00:00:00,0.12596074619939227,0.007290826912119311,0.24463066548666526,133.25,35.55
11316,2009-12-27 00:00:00,-0.06664128235603636,-0.18519668918107374,0.05191412446900104,133.25,35.55
11317,2009-12-28 00:00:00,0.1557287047478303,0.03688604758157017,0.27457136191409043,133.25,35.55
11318,2009-12-29 00:00:00,0.0241989419174148,-0.09457545325937708,0.14297333709420668,133.25,35.55
11319,2009-12-30 00:00:00,0.16446794774152307,0.04596897705154601,0.2829669184315001,133.25,35.55
11320,2009-12-31 00:00:00,0.2392436947675965,0.11975053387821474,0.3587368556569782,133.25,35.55
11321,2010-01-01 00:00:00,0.2194845169205186,0.09998000925346127,0.3389890245875759,133.25,35.55
11322,2010-01-02 00:00:00,0.15410298609330056,0.034779523446265545,0.2734264487403356,133.25,35.55
11323,2010-01-03 00:00:00,0.07376829677765183,-0.04548067333824002,0.19301726689354365,133.25,35.55
11324,2010-01-04 00:00:00,0.048449255941744734,-0.07004536364798229,0.16694387553147175,133.25,35.55
11325,2010-01-05 00:00:00,0.20655165562745048,0.08471056629954726,0.3283927449553537,133.25,35.55
11326,2010-01-06 00:00:00,0.0975968857514712,-0.02196533262433969,0.21715910412728207,133.25,35.55
11327,2010-01-07 00:00:00,0.06250545652275234,-0.056326775910862575,0.1813376889563673,133.25,35.55
11328,2010-01-08 00:00:00,0.0942028633562374,-0.024747146397131038,0.21315287310960584,133.25,35.55
11329,2010-01-09 00:00:00,0.05150933731689848,-0.06693514226391079,0.16995381689770775,133.25,35.55
11330,2010-01-10 00:00:00,0.034954800465108724,-0.08332739175066384,0.15323699268088128,133.25,35.55
11331,2010-01-11 00:00:00,0.07685073318531893,-0.041442779587127374,0.19514424595776525,133.25,35.55
11332,2010-01-12 00:00:00,0.11516868466068625,-0.003194186780748051,0.2335315561021205,133.25,35.55
11333,2010-01-13 00:00:00,0.30307716138482826,0.17970679510075913,0.4264475276688974,133.25,35.55
11334,2010-01-14 00:00:00,0.06650869388959346,-0.0558290321970637,0.18884641997625065,133.25,35.55
11335,2010-01-15 00:00:00,0.07642713994099855,-0.042593115675598536,0.19544739555759566,133.25,35.55
11336,2010-01-16 00:00:00,-0.04664079654303548,-0.1653582080068754,0.07207661492080443,133.25,35.55
11337,2010-01-17 00:00:00,0.026903755077614448,-0.0913484601888533,0.1451559703440822,133.25,35.55
11338,2010-01-18 00:00:00,0.056959232213095574,-0.061211328255573766,0.1751297926817649,133.25,35.55
11339,2010-01-19 00:00:00,0.009281363609715257,-0.10897544749930417,0.1275381747187347,133.25,35.55
11340,2010-01-20 00:00:00,0.09640202308228864,-0.021959857855572737,0.21476390402015005,133.25,35.55
11341,2010-01-21 00:00:00,0.13289402778379794,0.01258676002446936,0.2532012955431265,133.25,35.55
11342,2010-01-22 00:00:00,0.05498937966564643,-0.06487114097176691,0.17484990030305975,133.25,35.55
11343,2010-01-23 00:00:00,0.11027380237415466,-0.008365248927154345,0.2289128536754637,133.25,35.55
11344,2010-01-24 00:00:00,0.05914309866559553,-0.0591365192949614,0.17742271662615244,133.25,35.55
11345,2010-01-25 00:00:00,0.15307720550319642,0.03469850289507952,0.2714559081113133,133.25,35.55
11346,2010-01-26 00:00:00,-0.031697467770287015,-0.1504953082005022,0.08710037265992818,133.25,35.55
11347,2010-01-27 00:00:00,0.07258060546310605,-0.045705858394740964,0.19086706932095304,133.25,35.55
11348,2010-01-28 00:00:00,0.11433814688781335,-0.0048668423091154525,0.2335431360847421,133.25,35.55
11349,2010-01-29 00:00:00,0.06564786906800517,-0.05358291708202535,0.1848786552180357,133.25,35.55
11350,2010-01-30 00:00:00,0.08909912655288894,-0.02948583107473092,0.2076840841805088,133.25,35.55
11351,2010-01-31 00:00:00,0.02480117073552199,-0.09344351085428508,0.14304585232532907,133.25,35.55
11352,2010-02-01 00:00:00,-0.0006787213408351102,-0.1191460079357041,0.11778856525403388,133.25,35.55
11353,2010-02-02 00:00:00,0.10940567363384696,-0.009707908488001751,0.22851925575569565,133.25,35.55
11354,2010-02-03 00:00:00,0.05631120579972958,-0.06283553094605039,0.17545794254550956,133.25,35.55
11355,2010-02-04 00:00:00,0.07994140069315095,-0.03850087291030381,0.1983836742966057,133.25,35.55
11356,2010-02-05 00:00:00,0.16016568144059878,0.04149018931478542,0.2788411735664121,133.25,35.55
11357,2010-02-06 00:00:00,0.11769110149380273,-0.0014018250985846914,0.2367840280861901,133.25,35.55
11358,2010-02-07 00:00:00,-0.029683564588379268,-0.14831565549990958,0.08894852632315102,133.25,35.55
11359,2010-02-08 00:00:00,0.06552683696146544,-0.052747385565797056,0.18380105948872796,133.25,35.55
11360,2010-02-09 00:00:00,0.09942290537646456,-0.019080803439194785,0.2179266141921239,133.25,35.55
11361,2010-02-10 00:00:00,-0.008843702000694384,-0.12737176640014447,0.1096843623987557,133.25,35.55
11362,2010-02-11 00:00:00,-0.07079042573734914,-0.18991965403659808,0.04833880256189979,133.25,35.55
11363,2010-02-12 00:00:00,0.01140429205109708,-0.1078529782280322,0.13066156233022636,133.25,35.55
11364,2010-02-13 00:00:00,0.04329963481744227,-0.07522970852638128,0.16182897816126582,133.25,35.55
11365,2010-02-14 00:00:00,0.02428948404297588,-0.09411550487594628,0.14269447296189805,133.25,35.55
11366,2010-02-15 00:00:00,-0.00398705185063182,-0.12245250050934699,0.11447839680808335,133.25,35.55
11367,2010-02-16 00:00:00,-0.014100523283861868,-0.13305544882021178,0.10485440225248804,133.25,35.55
11368,2010-02-17 00:00:00,0.06284599975193639,-0.055796878585081006,0.18148887808895375,133.25,35.55
11369,2010-02-18 00:00:00,0.1082420891334596,-0.010118572101180834,0.2266027503681,133.25,35.55
11370,2010-02-19 00:00:00,0.09895998217300543,-0.019387125881858785,0.2173070902278696,133.25,35.55
11371,2010-02-20 00:00:00,0.10648401358000656,-0.011841906312468729,0.22480993347248185,133.25,35.55
11372,2010-02-21 00:00:00,-0.031286039185903045,-0.14957642069615193,0.08700434232434584,133.25,35.55
11373,2010-02-22 00:00:00,0.09714440908201477,-0.021151183572300045,0.2154400017363296,133.25,35.55
11374,2010-02-23 00:00:00,0.0688290568336215,-0.049573730917680005,0.187231844584923,133.25,35.55
11375,2010-02-24 00:00:00,0.04356372070357446,-0.07461310687935921,0.16174054828650813,133.25,35.55
11376,2010-02-25 00:00:00,0.1634006355055299,0.04500693798270501,0.2817943330283548,133.25,35.55
11377,2010-02-26 00:00:00,0.13517533754548675,0.01488462913568911,0.25546604595528444,133.25,35.55
11378,2010-02-27 00:00:00,-0.05480231236269685,-0.17531931628004613,0.06571469155465243,133.25,35.55
11379,2010-02-28 00:00:00,0.04057663766455028,-0.07823595700605385,0.15938923233515442,133.25,35.55
11380,2010-03-01 00:00:00,-0.0027210593666970877,-0.1217937474167584,0.11635162868336422,133.25,35.55
11381,2010-03-02 00:00:00,0.042951063453504926,-0.07640477601289754,0.1623069029199074,133.25,35.55
11382,2010-03-03 00:00:00,0.008134080275315323,-0.11043829053828157,0.1267064510889122,133.25,35.55
11383,2010-03-04 00:00:00,-0.03850397445392939,-0.15713707637112626,0.08012912746326747,133.25,35.55
11384,2010-03-05 00:00:00,0.11002136638898706,-0.009234993939500112,0.22927772671747426,133.25,35.55
11385,2010-03-06 00:00:00,-0.02296394720192227,-0.14149993202357686,0.09557203761973232,133.25,35.55
11386,2010-03-07 00:00:00,-0.0566061629873426,-0.17528600652207013,0.062073680547384935,133.25,35.55
11387,2010-03-08 00:00:00,-0.027340952092620247,-0.1459586607661558,0.0912767565809153,133.25,35.55
11388,2010-03-09 00:00:00,-0.04709551262133209,-0.1660022414151118,0.07181121617244762,133.25,35.55
11389,2010-03-10 00:00:00,0.1819297357800119,0.05935025721473361,0.3045092143452902,133.25,35.55
11390,2010-03-11 00:00:00,0.12517757266341373,0.002616011187350553,0.2477391341394769,133.25,35.55
11391,2010-03-12 00:00:00,0.12676436193127116,0.008095464922186851,0.2454332589403555,133.25,35.55
11392,2010-03-13 00:00:00,0.03361883824510629,-0.0857207266606754,0.15295840315088796,133.25,35.55
11393,2010-03-14 00:00:00,-0.07804841542892225,-0.1965473876718914,0.040450556814046884,133.25,35.55
11394,2010-03-15 00:00:00,0.24145902598074934,0.12253877342767035,0.3603792785338283,133.25,35.55
11395,2010-03-16 00:00:00,0.12633673700996198,0.0057410853422257685,0.24693238867769815,133.25,35.55
11396,2010-03-17 00:00:00,-0.006590868466913585,-0.1254324356084505,0.11225069867462334,133.25,35.55
11397,2010-03-18 00:00:00,0.06609502068357875,-0.05234819523401788,0.18453823660117535,133.25,35.55
11398,2010-03-19 00:00:00,0.10113655146657063,-0.017775366577347324,0.2200484695104886,133.25,35.55
11399,2010-03-20 00:00:00,0.1975598399908332,0.0788813195953599,0.3162383603863065,133.25,35.55
11400,2010-03-21 00:00:00,0.3406353717644378,0.2191847115870428,0.4620860319418328,133.25,35.55
11401,2010-03-22 00:00:00,-0.07881354319175979,-0.1990931863933048,0.04146610000978517,133.25,35.55
11402,2010-03-23 00:00:00,0.06866702775062891,-0.049645790331746965,0.1869798458330048,133.25,35.55
11403,2010-03-24 00:00:00,-0.12465203091895345,-0.2431130302388644,-0.006191031599042482,133.25,35.55
11404,2010-03-25 00:00:00,0.07946724282855512,-0.03895710422736887,0.19789158988447916,133.25,35.55
11405,2010-03-26 00:00:00,0.01362147005521018,-0.10524876015556353,0.1324917002659839,133.25,35.55
11406,2010-03-27 00:00:00,0.0879237756251324,-0.03110880041137594,0.20695635166164075,133.25,35.55
11407,2010-03-28 00:00:00,-0.0008763949073043628,-0.11930081538924404,0.11754802557463535,133.25,35.55
11408,2010-03-29 00:00:00,0.006306445683707793,-0.11210356918631144,0.12471646055372705,133.25,35.55
11409,2010-03-30 00:00:00,-0.1075075227717513,-0.2261520994374001,0.011137053893897492,133.25,35.55
11410,2010-03-31 00:00:00,0.07002104222510601,-0.0483406280774186,0.18838271252763056,133.25,35.55
11411,2010-04-01 00:00:00,0.14372264618477734,0.025119531732785555,0.2623257606367692,133.25,35.55
11412,2010-04-02 00:00:00,0.15369774991870402,0.03306035671463689,0.2743351431227712,133.25,35.55
11413,2010-04-03 00:00:00,0.03681147277741662,-0.0823725799462078,0.15599552550104098,133.25,35.55
11414,2010-04-04 00:00:00,0.003044700605846707,-0.11552147040367615,0.12161087161536956,133.25,35.55
11415,2010-04-05 00:00:00,0.0809767686080163,-0.0372518401571781,0.1992053773732107,133.25,35.55
11416,2010-04-06 00:00:00,0.06475324191767817,-0.0534254980913863,0.18293198192674265,133.25,35.55
11417,2010-04-07 00:00:00,-0.042927722520072716,-0.1614962475985997,0.07564080255845428,133.25,35.55
11418,2010-04-08 00:00:00,-0.004258493406040884,-0.12272710667480947,0.11421011986272772,133.25,35.55
11419,2010-04-09 00:00:00,0.029928965591574788,-0.08837952329933899,0.14823745448248854,133.25,35.55
11420,2010-04-10 00:00:00,0.06877438915993388,-0.04964229430712504,0.1871910726269928,133.25,35.55
11421,2010-04-11 00:00:00,0.05017554719300617,-0.06834153376429236,0.1686926281503047,133.25,35.55
11422,2010-04-12 00:00:00,0.03863749540279085,-0.08058745427129851,0.1578624450768802,133.25,35.55
11423,2010-04-13 00:00:00,0.15390643777683152,0.03442174826435965,0.27339112728930337,133.25,35.55
11424,2010-04-14 00:00:00,0.028581820409756663,-0.09067707269617103,0.14784071351568434,133.25,35.55
11425,2010-04-15 00:00:00,-0.038640247753215264,-0.15739844140854,0.0801179459021095,133.25,35.55
11426,2010-04-16 00:00:00,-0.03106957707419788,-0.1494370125682669,0.08729785841987117,133.25,35.55
11427,2010-04-17 00:00:00,0.07212307389763073,-0.04657653900533365,0.1908226868005951,133.25,35.55
11428,2010-04-18 00:00:00,-0.04392918546465805,-0.162301877956529,0.07444350702721289,133.25,35.55
11429,2010-04-19 00:00:00,0.03892808352066118,-0.07929723863120877,0.15715340567253114,133.25,35.55
11430,2010-04-20 00:00:00,0.072620344647931,-0.0460099526298738,0.19125064192573585,133.25,35.55
11431,2010-04-21 00:00:00,-0.016865953459721254,-0.13555178878780816,0.10181988186836566,133.25,35.55
11432,2010-04-22 00:00:00,-0.041128298612120716,-0.16040134317202254,0.07814474594778115,133.25,35.55
11433,2010-04-23 00:00:00,0.06890750406707735,-0.050614361007168866,0.1884293691413236,133.25,35.55
11434,2010-04-24 00:00:00,-0.003470855550395967,-0.12170020160644085,0.11475849050564893,133.25,35.55
11435,2010-04-25 00:00:00,-0.0072011021992090815,-0.12537723140843615,0.110975027010018,133.25,35.55
11436,2010-04-26 00:00:00,0.021572841334880428,-0.09663663348886263,0.13978231615862347,133.25,35.55
11437,2010-04-27 00:00:00,0.24418205026406006,0.12476362928571365,0.3636004712424065,133.25,35.55
11438,2010-04-28 00:00:00,0.08295019199613557,-0.037860727959029734,0.20376111195130087,133.25,35.55
11439,2010-04-29 00:00:00,0.20885334371522024,0.08865390710700154,0.3290527803234389,133.25,35.55
11440,2010-04-30 00:00:00,0.09947070383431124,-0.02050765492993728,0.21944906259855976,133.25,35.55
11441,2010-05-01 00:00:00,0.08335897627638503,-0.035005678302269215,0.20172363085503925,133.25,35.55
11442,2010-05-02 00:00:00,0.05446097212886585,-0.06378492731458765,0.17270687157231934,133.25,35.55
11443,2010-05-03 00:00:00,0.08745133724027429,-0.030749622291693382,0.20565229677224195,133.25,35.55
11444,2010-05-04 00:00:00,0.08864663530332295,-0.02957638621691052,0.2068696568235564,133.25,35.55
11445,2010-05-05 00:00:00,0.05994468966134639,-0.0582001769672595,0.17808955628995227,133.25,35.55
11446,2010-05-06 00:00:00,0.2498953060188407,0.13123744859797282,0.36855316343970856,133.25,35.55
11447,2010-05-07 00:00:00,0.1702266372843632,0.05120844205383107,0.28924483251489536,133.25,35.55
11448,2010-05-08 00:00:00,0.011142252932170991,-0.10745555695003063,0.1297400628143726,133.25,35.55
11449,2010-05-09 00:00:00,0.0024847198712974142,-0.11571695405143725,0.12068639379403208,133.25,35.55
11450,2010-05-10 00:00:00,0.049949794327432066,-0.06833329509239684,0.16823288374726098,133.25,35.55
11451,2010-05-11 00:00:00,0.016172052884864084,-0.10252411697685446,0.1348682227465826,133.25,35.55
11452,2010-05-12 00:00:00,0.04478898554595565,-0.07364125585301759,0.16321922694492888,133.25,35.55
11453,2010-05-13 00:00:00,0.02393421614367614,-0.09427011182262272,0.14213854410997498,133.25,35.55
11454,2010-05-14 00:00:00,-0.017268803020924938,-0.13548071500367645,0.10094310896182658,133.25,35.55
11455,2010-05-15 00:00:00,0.002474360635509237,-0.11569442009951172,0.1206431413705302,133.25,35.55
11456,2010-05-16 00:00:00,0.05780003997666972,-0.060415347587385836,0.17601542754072527,133.25,35.55
11457,2010-05-17 00:00:00,0.05327345011352117,-0.06487391992660026,0.17142082015364254,133.25,35.55
11458,2010-05-18 00:00:00,0.10528501847023414,-0.012936483938847387,0.22350652087931566,133.25,35.55
11459,2010-05-19 00:00:00,0.14240395998890434,0.02383669657020269,0.26097122340760603,133.25,35.55
11460,2010-05-20 00:00:00,0.08088398130682051,-0.03780984771985868,0.1995778103334997,133.25,35.55
11461,2010-05-21 00:00:00,0.010405092288604948,-0.10781180838225116,0.12862199295946106,133.25,35.55
11462,2010-05-22 00:00:00,0.03797639396216607,-0.08018060646810839,0.1561333943924405,133.25,35.55
11463,2010-05-23 00:00:00,0.03202325475536397,-0.0873323436582323,0.1513788531689602,133.25,35.55
11464,2010-05-24 00:00:00,0.310647262828518,0.1892952609766881,0.4319992646803479,133.25,35.55
11465,2010-05-25 00:00:00,0.13571762374769325,0.01604621680702249,0.255389030688364,133.25,35.55
11466,2010-05-26 00:00:00,0.0941253671905966,-0.024849704548974103,0.21310043893016734,133.25,35.55
11467,2010-05-27 00:00:00,-0.03972064649798218,-0.1583311636656657,0.07888987066970132,133.25,35.55
11468,2010-05-28 00:00:00,0.042337744037797526,-0.0760009641085779,0.16067645218417295,133.25,35.55
11469,2010-05-29 00:00:00,0.017576365203577998,-0.10068398686821284,0.13583671727536886,133.25,35.55
11470,2010-05-30 00:00:00,0.014167645997227243,-0.1039775195771608,0.13231281157161529,133.25,35.55
11471,2010-05-31 00:00:00,-0.005613903782508738,-0.12375972442128153,0.11253191685626404,133.25,35.55
11472,2010-06-01 00:00:00,-0.0010863631784455636,-0.11929397102804107,0.11712124467114993,133.25,35.55
11473,2010-06-02 00:00:00,0.006864046110413653,-0.11136158977552388,0.12508968199635118,133.25,35.55
11474,2010-06-03 00:00:00,0.01624653455127343,-0.10189653359383732,0.13438960269638414,133.25,35.55
11475,2010-06-04 00:00:00,0.04424123717296352,-0.07385885877063507,0.16234133311656213,133.25,35.55
11476,2010-06-05 00:00:00,0.054137527871865376,-0.06394946829122439,0.17222452403495514,133.25,35.55
11477,2010-06-06 00:00:00,0.0074675989241560015,-0.11062737473779656,0.12556257258610856,133.25,35.55
11478,2010-06-07 00:00:00,0.0038079138619412094,-0.11432504154246945,0.12194086926635188,133.25,35.55
11479,2010-06-08 00:00:00,-0.014349522124999462,-0.13250517750169494,0.10380613325169603,133.25,35.55
11480,2010-06-09 00:00:00,0.015304137910184503,-0.10285822355287684,0.13346649937324584,133.25,35.55
11481,2010-06-10 00:00:00,0.013480284195274422,-0.10463257343058002,0.13159314182112886,133.25,35.55
11482,2010-06-11 00:00:00,0.03667599869180059,-0.08143290994267181,0.15478490732627298,133.25,35.55
11483,2010-06-12 00:00:00,0.038628226907287615,-0.0795273704946074,0.1567838243091826,133.25,35.55
11484,2010-06-13 00:00:00,-0.010774104482134918,-0.1293242785807183,0.10777606961644844,133.25,35.55
11485,2010-06-14 00:00:00,0.018623039292563624,-0.10001330099085648,0.13725937957598372,133.25,35.55
11486,2010-06-15 00:00:00,0.08263265148790748,-0.03556841105177598,0.20083371402759093,133.25,35.55
11487,2010-06-16 00:00:00,0.05234506299262511,-0.0659671035683657,0.1706572295536159,133.25,35.55
11488,2010-06-17 00:00:00,0.04230061465709427,-0.07593500361626933,0.16053623293045788,133.25,35.55
11489,2010-06-18 00:00:00,0.06860141896970601,-0.049608924764597495,0.1868117627040095,133.25,35.55
11490,2010-06-19 00:00:00,0.1088866656089624,-0.01013341596020452,0.2279067471781293,133.25,35.55
11491,2010-06-20 00:00:00,0.05048808374455359,-0.06814224142401393,0.1691184089131211,133.25,35.55
11492,2010-06-21 00:00:00,0.092082630679861,-0.026119116134624087,0.2102843774943461,133.25,35.55
11493,2010-06-22 00:00:00,0.0396195156193508,-0.07856740825416672,0.15780643949286832,133.25,35.55
11494,2010-06-23 00:00:00,0.07189913105477047,-0.04648030405069206,0.19027856616023306,133.25,35.55
11495,2010-06-24 00:00:00,0.0033098069388155273,-0.11511938828810077,0.12173900216573184,133.25,35.55
11496,2010-06-25 00:00:00,0.03436317514643435,-0.0838234119383684,0.1525497622312371,133.25,35.55
11497,2010-06-26 00:00:00,0.07310515529787814,-0.04569218906462296,0.19190249966037928,133.25,35.55
11498,2010-06-27 00:00:00,0.09239234891653088,-0.026593741918050477,0.21137843975111226,133.25,35.55
11499,2010-06-28 00:00:00,0.10733378460497872,-0.010940766439606522,0.22560833564956395,133.25,35.55
11500,2010-06-29 00:00:00,0.055152441350749336,-0.06310610021490136,0.17341098291640006,133.25,35.55
11501,2010-06-30 00:00:00,0.04516916270867045,-0.07295263088235604,0.16329095629969695,133.25,35.55
11502,2010-07-01 00:00:00,0.05951984105104807,-0.058592226596355476,0.17763190869845166,133.25,35.55
11503,2010-07-02 00:00:00,0.07231395752072549,-0.04580734004972721,0.1904352550911782,133.25,35.55
11504,2010-07-03 00:00:00,0.11163276950472137,-0.006636510339675036,0.2299020493491178,133.25,35.55
11505,2010-07-04 00:00:00,0.1122298170522234,-0.006432226656022597,0.2308918607604694,133.25,35.55
11506,2010-07-05 00:00:00,0.07055489807815374,-0.047783102611076315,0.1888928987673838,133.25,35.55
11507,2010-07-06 00:00:00,0.08567839706974953,-0.032475326202603134,0.20383212034210216,133.25,35.55
11508,2010-07-07 00:00:00,0.05450965519969893,-0.06367101540109825,0.1726903258004961,133.25,35.55
11509,2010-07-08 00:00:00,0.008798987645290898,-0.1094210711667899,0.1270190464573717,133.25,35.55
11510,2010-07-09 00:00:00,0.04042632818851133,-0.07776925955954374,0.15862191593656638,133.25,35.55
11511,2010-07-10 00:00:00,0.034938394409249514,-0.08327933940250698,0.153156128221006,133.25,35.55
11512,2010-07-11 00:00:00,0.12952508287044925,0.009128338671018366,0.2499218270698801,133.25,35.55
11513,2010-07-12 00:00:00,0.10785014296299593,-0.014783167854222859,0.2304834537802147,133.25,35.55
11514,2010-07-13 00:00:00,-0.014406531126465562,-0.13327786252755922,0.10446480027462808,133.25,35.55
11515,2010-07-14 00:00:00,0.08334390579584276,-0.03513221768761507,0.2018200292793006,133.25,35.55
11516,2010-07-15 00:00:00,0.00455440287930968,-0.11383404338820935,0.12294284914682872,133.25,35.55
11517,2010-07-16 00:00:00,0.02227480061667566,-0.09591811352576447,0.14046771475911582,133.25,35.55
11518,2010-07-17 00:00:00,0.06685698461280487,-0.05136171627465978,0.18507568550026954,133.25,35.55
11519,2010-07-18 00:00:00,0.08388640078941684,-0.03436494399626017,0.20213774557509384,133.25,35.55
11520,2010-07-19 00:00:00,0.09405451491757694,-0.024208984387672463,0.21231801422282634,133.25,35.55
11521,2010-07-20 00:00:00,0.06312886728732586,-0.05500734004082994,0.18126507461548166,133.25,35.55
11522,2010-07-21 00:00:00,0.06662882372965538,-0.05156487265388511,0.1848225201131959,133.25,35.55
11523,2010-07-22 00:00:00,0.07222531383971623,-0.04596808585866384,0.1904187135380963,133.25,35.55
11524,2010-07-23 00:00:00,0.0887080164077452,-0.029439644888550807,0.2068556777040412,133.25,35.55
11525,2010-07-24 00:00:00,0.05340499470815509,-0.06470776167593098,0.17151775109224116,133.25,35.55
11526,2010-07-25 00:00:00,0.037287949173319984,-0.08079308997150088,0.15536898831814086,133.25,35.55
11527,2010-07-26 00:00:00,0.039226360824005435,-0.07887156985645544,0.1573242915044663,133.25,35.55
11528,2010-07-27 00:00:00,0.09424645650637696,-0.023908887436824386,0.21240180044957835,133.25,35.55
11529,2010-07-28 00:00:00,0.1242330573764866,0.006031972577347639,0.2424341421756256,133.25,35.55
11530,2010-07-29 00:00:00,0.17492809594046554,0.056157643278887816,0.2936985486020433,133.25,35.55
11531,2010-07-30 00:00:00,0.08796939854402874,-0.030821794081903494,0.20676059116996096,133.25,35.55
11532,2010-07-31 00:00:00,0.07907440436507597,-0.039073402797456455,0.1972222115276084,133.25,35.55
11533,2010-08-01 00:00:00,0.09621487645105896,-0.021932663438294583,0.21436241634041253,133.25,35.55
11534,2010-08-02 00:00:00,0.07098768785000371,-0.04719681178203541,0.18917218748204284,133.25,35.55
11535,2010-08-03 00:00:00,0.0204647325849604,-0.09771600263982798,0.1386454678097488,133.25,35.55
11536,2010-08-04 00:00:00,0.02002808314179184,-0.09811665044027199,0.13817281672385567,133.25,35.55
11537,2010-08-05 00:00:00,0.01781409457527742,-0.10036367994328473,0.13599186909383953,133.25,35.55
11538,2010-08-06 00:00:00,0.05197674655597173,-0.06625199013893622,0.1702054832508797,133.25,35.55
11539,2010-08-07 00:00:00,0.04847340442996924,-0.06970136724437268,0.16664817610431115,133.25,35.55
11540,2010-08-08 00:00:00,0.042112549428481055,-0.07597991050003622,0.16020500935699833,133.25,35.55
11541,2010-08-09 00:00:00,0.039748471156373325,-0.0783531727239882,0.15785011503673485,133.25,35.55
11542,2010-08-10 00:00:00,0.07177708231656088,-0.04646290269195083,0.1900170673250726,133.25,35.55
11543,2010-08-11 00:00:00,0.18508907112358447,0.06585053173537582,0.30432761051179313,133.25,35.55
11544,2010-08-12 00:00:00,0.22374304463628664,0.10258118186235426,0.344904907410219,133.25,35.55
11545,2010-08-13 00:00:00,0.03306465455903066,-0.08626794699657027,0.15239725611463156,133.25,35.55
11546,2010-08-14 00:00:00,0.08590426686701802,-0.032391378170081336,0.20419991190411735,133.25,35.55
11547,2010-08-15 00:00:00,0.13660185675091738,0.018122001460258164,0.2550817120415766,133.25,35.55
11548,2010-08-16 00:00:00,0.10005512099081484,-0.01830795141791064,0.2184181933995403,133.25,35.55
11549,2010-08-17 00:00:00,0.060897119518800814,-0.05725672209777194,0.17905096113537355,133.25,35.55
11550,2010-08-18 00:00:00,0.008094065608534158,-0.11001708319169892,0.12620521440876725,133.25,35.55
11551,2010-08-19 00:00:00,-0.03412196308392089,-0.15223794511284638,0.08399401894500462,133.25,35.55
11552,2010-08-20 00:00:00,0.007579200173136473,-0.11054875428086657,0.12570715462713952,133.25,35.55
11553,2010-08-21 00:00:00,0.040760942938808366,-0.07733557790797926,0.15885746378559598,133.25,35.55
11554,2010-08-22 00:00:00,0.06089414448973146,-0.05718631984034826,0.1789746088198112,133.25,35.55
11555,2010-08-23 00:00:00,0.06388821053011817,-0.05418477772538423,0.18196119878562056,133.25,35.55
11556,2010-08-24 00:00:00,0.06566443661587032,-0.052441470004121984,0.1837703432358626,133.25,35.55
11557,2010-08-25 00:00:00,0.02240666028542836,-0.09571209257062553,0.14052541314148226,133.25,35.55
11558,2010-08-26 00:00:00,0.012632795738042898,-0.1055384584020164,0.13080404987810218,133.25,35.55
11559,2010-08-27 00:00:00,0.008908240756702861,-0.10924442468455887,0.12706090619796462,133.25,35.55
11560,2010-08-28 00:00:00,-5.017864490999488e-05,-0.11827299811639967,0.11817264082657968,133.25,35.55
11561,2010-08-29 00:00:00,0.058679195658431486,-0.05957994154702795,0.17693833286389093,133.25,35.55
11562,2010-08-30 00:00:00,0.09255116319643598,-0.025636890316020868,0.21073921670889287,133.25,35.55
11563,2010-08-31 00:00:00,0.06519335693672433,-0.05292473375842692,0.1833114476318756,133.25,35.55
11564,2010-09-01 00:00:00,0.0130296325244653,-0.10509638902095768,0.1311556540698883,133.25,35.55
11565,2010-09-02 00:00:00,0.0673773475182502,-0.05112012040946372,0.18587481544596413,133.25,35.55
11566,2010-09-03 00:00:00,0.07969297829707361,-0.039089371507808564,0.19847532810195576,133.25,35.55
11567,2010-09-04 00:00:00,0.00588175419077714,-0.11239120970669098,0.12415471808824527,133.25,35.55
11568,2010-09-05 00:00:00,0.05099791568258565,-0.06715576406768095,0.16915159543285227,133.25,35.55
11569,2010-09-06 00:00:00,0.05662495840385017,-0.061573483618064064,0.1748234004257644,133.25,35.55
11570,2010-09-07 00:00:00,0.11940381587300747,0.0008190540546518937,0.23798857769136306,133.25,35.55
11571,2010-09-08 00:00:00,0.023991980974508824,-0.09550874884426896,0.1434927107932866,133.25,35.55
11572,2010-09-09 00:00:00,0.05503900227744378,-0.06386496304137303,0.1739429675962606,133.25,35.55
11573,2010-09-10 00:00:00,0.06659396014444723,-0.05150941140596717,0.18469733169486166,133.25,35.55
11574,2010-09-11 00:00:00,0.08824235201991837,-0.029926661693887788,0.2064113657337245,133.25,35.55
11575,2010-09-12 00:00:00,0.12284373442484114,0.004386089427242973,0.2413013794224393,133.25,35.55
11576,2010-09-13 00:00:00,0.09657993837521377,-0.02216415607761911,0.21532403282804666,133.25,35.55
11577,2010-09-14 00:00:00,0.01384897546703335,-0.10443602876013136,0.13213397969419807,133.25,35.55
11578,2010-09-15 00:00:00,0.022400331356098903,-0.09574830671877503,0.14054896943097284,133.25,35.55
11579,2010-09-16 00:00:00,0.05819428552138443,-0.059945391994309635,0.1763339630370785,133.25,35.55
11580,2010-09-17 00:00:00,0.040453660811034416,-0.07776286541869279,0.15867018704076166,133.25,35.55
11581,2010-09-18 00:00:00,0.02379327388364404,-0.09436130864079564,0.14194785640808372,133.25,35.55
11582,2010-09-19 00:00:00,0.06808614933136987,-0.05001965610350472,0.18619195476624445,133.25,35.55
11583,2010-09-20 00:00:00,0.032081618992099235,-0.08603215587952127,0.15019539386371974,133.25,35.55
11584,2010-09-21 00:00:00,0.07548309205254454,-0.042659285125954086,0.1936254692310432,133.25,35.55
11585,2010-09-22 00:00:00,0.05436825672607936,-0.0643038461048161,0.1730403595569748,133.25,35.55
11586,2010-09-23 00:00:00,0.059558393131401585,-0.05946692073348892,0.1785837069962921,133.25,35.55
11587,2010-09-24 00:00:00,-0.04488826687103212,-0.16374683781792976,0.07397030407586551,133.25,35.55
11588,2010-09-25 00:00:00,0.043146482178095316,-0.07575810785880742,0.16205107221499807,133.25,35.55
11589,2010-09-26 00:00:00,0.014127811240732613,-0.10444021832839348,0.1326958408098587,133.25,35.55
11590,2010-09-27 00:00:00,0.046896883780056235,-0.07130490910359365,0.16509867666370615,133.25,35.55
11591,2010-09-28 00:00:00,0.04704480848093029,-0.07133684399184488,0.16542646095370545,133.25,35.55
11592,2010-09-29 00:00:00,-0.041016606822132436,-0.15940838838843216,0.07737517474416727,133.25,35.55
11593,2010-09-30 00:00:00,0.010660578982743295,-0.1075093703826972,0.1288305283481838,133.25,35.55
11594,2010-10-01 00:00:00,-0.00972166837247702,-0.12789585306281467,0.10845251631786064,133.25,35.55
11595,2010-10-02 00:00:00,-0.04633830632408832,-0.16451672923337862,0.071840116585202,133.25,35.55
11596,2010-10-03 00:00:00,0.18639897566456015,0.06761082265591055,0.3051871286732098,133.25,35.55
11597,2010-10-04 00:00:00,0.1062154316210112,-0.012729696106557123,0.22516055934857954,133.25,35.55
11598,2010-10-05 00:00:00,0.08016619813507217,-0.038132802664616834,0.1984651989347612,133.25,35.55
11599,2010-10-06 00:00:00,-0.03382641273405153,-0.15201113337741132,0.08435830790930822,133.25,35.55
11600,2010-10-07 00:00:00,-0.03157565403582525,-0.14968920816224746,0.08653790009059695,133.25,35.55
11601,2010-10-08 00:00:00,-0.002823240343199623,-0.12094180191596725,0.11529532122956798,133.25,35.55
11602,2010-10-09 00:00:00,0.08112812061074454,-0.03734504997669878,0.19960129119818787,133.25,35.55
11603,2010-10-10 00:00:00,0.07445051113815893,-0.04407984924116316,0.19298087151748103,133.25,35.55
11604,2010-10-11 00:00:00,0.01117096207152584,-0.10703901262248114,0.1293809367655328,133.25,35.55
11605,2010-10-12 00:00:00,0.02963646667018612,-0.08851211494451812,0.14778504828489036,133.25,35.55
11606,2010-10-13 00:00:00,0.0038636012608610436,-0.11433564664261554,0.12206284916433766,133.25,35.55
11607,2010-10-14 00:00:00,0.031579071780912994,-0.0866951743397112,0.14985331790153722,133.25,35.55
11608,2010-10-15 00:00:00,0.08778242944030511,-0.03052910982411787,0.20609396870472807,133.25,35.55
11609,2010-10-16 00:00:00,0.037269355838329764,-0.08106289340085418,0.1556016050775137,133.25,35.55
11610,2010-10-17 00:00:00,-0.003423340048925071,-0.12171550243366155,0.11486882233581143,133.25,35.55
11611,2010-10-18 00:00:00,-0.058500954506348075,-0.17679071947874622,0.059788810466050085,133.25,35.55
11612,2010-10-19 00:00:00,-0.0431901173613031,-0.1615608798020867,0.0751806450794805,133.25,35.55
11613,2010-10-20 00:00:00,0.03670066830870782,-0.08184721354236746,0.15524855015978312,133.25,35.55
11614,2010-10-21 00:00:00,-0.02056244033248809,-0.13898119777964735,0.09785631711467116,133.25,35.55
11615,2010-10-22 00:00:00,0.009348073176806271,-0.10897640926754182,0.12767255562115434,133.25,35.55
11616,2010-10-23 00:00:00,-0.03688616184686719,-0.1550809965689462,0.08130867287521182,133.25,35.55
11617,2010-10-24 00:00:00,0.06506932937573444,-0.05317804878356056,0.18331670753502946,133.25,35.55
11618,2010-10-25 00:00:00,0.09208174251750648,-0.026369711688044837,0.21053319672305776,133.25,35.55
11619,2010-10-26 00:00:00,-0.05274359351710648,-0.172384752971191,0.06689756593697804,133.25,35.55
11620,2010-10-27 00:00:00,-0.0070728350663491766,-0.12670916881441907,0.11256349868172072,133.25,35.55
11621,2010-10-28 00:00:00,0.06990466832069271,-0.04893010228747277,0.1887394389288582,133.25,35.55
11622,2010-10-29 00:00:00,-0.06181609636762194,-0.1805766582836576,0.05694446554841371,133.25,35.55
11623,2010-10-30 00:00:00,-0.07342678550854627,-0.1928277266548444,0.0459741556377518,133.25,35.55
11624,2010-10-31 00:00:00,-0.043675974845005336,-0.16294471937321225,0.07559276968320157,133.25,35.55
11625,2010-11-01 00:00:00,0.1549572597905321,0.03554748212547565,0.2743670374555885,133.25,35.55
11626,2010-11-02 00:00:00,0.15946634644683896,0.03937262450648163,0.2795600683871963,133.25,35.55
11627,2010-11-03 00:00:00,0.013608050947665632,-0.10508689516509798,0.13230299706042925,133.25,35.55
11628,2010-11-04 00:00:00,0.011550484093928936,-0.10664850599503532,0.1297494741828932,133.25,35.55
11629,2010-11-05 00:00:00,0.04169078161106013,-0.07647425768384661,0.15985582090596687,133.25,35.55
11630,2010-11-06 00:00:00,0.012328342985211313,-0.10582695955843634,0.13048364552885894,133.25,35.55
11631,2010-11-07 00:00:00,0.03852406926836762,-0.07959953725536123,0.15664767579209646,133.25,35.55
11632,2010-11-08 00:00:00,0.1322741496162845,0.013899900818791472,0.2506483984137775,133.25,35.55
11633,2010-11-09 00:00:00,0.24192549196820326,0.12227032686297425,0.3615806570734322,133.25,35.55
11634,2010-11-10 00:00:00,0.11517610114897042,-0.004693024725373932,0.2350452270233148,133.25,35.55
11635,2010-11-11 00:00:00,0.025873718634640032,-0.0926714129852476,0.14441885025452764,133.25,35.55
11636,2010-11-12 00:00:00,0.06710011985990315,-0.05257094618874643,0.18677118590855274,133.25,35.55
11637,2010-11-13 00:00:00,-0.026006884250048518,-0.14508159159407574,0.0930678230939787,133.25,35.55
11638,2010-11-14 00:00:00,0.018116609671666027,-0.10014452134925712,0.13637774069258918,133.25,35.55
11639,2010-11-15 00:00:00,-0.01160384736066062,-0.13007904474193324,0.106871350020612,133.25,35.55
11640,2010-11-16 00:00:00,0.05624520977551983,-0.06230605883727019,0.17479647838830986,133.25,35.55
11641,2010-11-17 00:00:00,0.03589042437934138,-0.08230825662587826,0.15408910538456105,133.25,35.55
11642,2010-11-18 00:00:00,-0.013588926508371506,-0.13181043335892914,0.10463258034218614,133.25,35.55
11643,2010-11-19 00:00:00,0.045980504608169666,-0.07214681183722699,0.16410782105356633,133.25,35.55
11644,2010-11-20 00:00:00,0.03668952603622632,-0.08142618271141737,0.15480523478387,133.25,35.55
11645,2010-11-21 00:00:00,0.008667685366083842,-0.10945757952818094,0.12679295026034862,133.25,35.55
11646,2010-11-22 00:00:00,0.094683022366911,-0.023537653423145618,0.21290369815696766,133.25,35.55
11647,2010-11-23 00:00:00,-0.0832764915519865,-0.20251596087144413,0.03596297776747112,133.25,35.55
11648,2010-11-24 00:00:00,-0.0012060701329380252,-0.1198536954229663,0.11744155515709025,133.25,35.55
11649,2010-11-25 00:00:00,0.07414615416426824,-0.044013922593835415,0.1923062309223719,133.25,35.55
11650,2010-11-26 00:00:00,0.038457572174229945,-0.07977167678323266,0.15668682113169255,133.25,35.55
11651,2010-11-27 00:00:00,0.0393603595789801,-0.07892653389412177,0.15764725305208194,133.25,35.55
11652,2010-11-28 00:00:00,0.07850545003360752,-0.04061829496941263,0.19762919503662768,133.25,35.55
11653,2010-11-29 00:00:00,0.13486228365136954,0.01607959829757591,0.2536449690051632,133.25,35.55
11654,2010-11-30 00:00:00,0.0616418251089559,-0.05701587205709616,0.18029952227500795,133.25,35.55
11655,2010-12-01 00:00:00,0.07494325415944962,-0.043410400844413805,0.19329690916331305,133.25,35.55
11656,2010-12-02 00:00:00,-0.0004993939818930068,-0.11869544819203172,0.1176966602282457,133.25,35.55
11657,2010-12-03 00:00:00,0.28152360930331666,0.16108888052555487,0.4019583380810785,133.25,35.55
11658,2010-12-04 00:00:00,0.0902698045761512,-0.031488262540135134,0.21202787169243756,133.25,35.55
11659,2010-12-05 00:00:00,0.05466644219305573,-0.06385218616416412,0.1731850705502756,133.25,35.55
11660,2010-12-06 00:00:00,0.09154549110499673,-0.02663622669797995,0.20972720890797336,133.25,35.55
11661,2010-12-07 00:00:00,-0.05502454692272025,-0.1742272440845463,0.06417815023910578,133.25,35.55
11662,2010-12-08 00:00:00,0.15894274307789272,0.039622029811290135,0.2782634563444953,133.25,35.55
11663,2010-12-09 00:00:00,0.22459855335149048,0.1052479626909336,0.3439491440120473,133.25,35.55
11664,2010-12-10 00:00:00,-0.013521252850146987,-0.13327045111004032,0.10622794540974637,133.25,35.55
11665,2010-12-11 00:00:00,0.150425695513659,0.030946416796512083,0.26990497423080595,133.25,35.55
11666,2010-12-12 00:00:00,-0.0042779546194862406,-0.12377471692679355,0.11521880768782107,133.25,35.55
11667,2010-12-13 00:00:00,0.010598617382854222,-0.10772957478568727,0.1289268095513957,133.25,35.55
11668,2010-12-14 00:00:00,0.07882201662512525,-0.04031430523746926,0.19795833848771974,133.25,35.55
11669,2010-12-15 00:00:00,0.12150114778687575,0.0015733288520758948,0.24142896672167566,133.25,35.55
11670,2010-12-16 00:00:00,0.13870074296074253,0.019357936320976696,0.25804354960050835,133.25,35.55
11671,2010-12-17 00:00:00,0.1007499425317082,-0.017679259254370028,0.2191791443177864,133.25,35.55
11672,2010-12-18 00:00:00,0.13601055291960512,0.017102343455437624,0.25491876238377265,133.25,35.55
11673,2010-12-19 00:00:00,0.023983550723316618,-0.09469843099026863,0.14266553243690186,133.25,35.55
11674,2010-12-20 00:00:00,0.1308403684139731,0.012338379143662231,0.24934235768428395,133.25,35.55
11675,2010-12-21 00:00:00,0.0049450104562650254,-0.11358949687283705,0.1234795177853671,133.25,35.55
11676,2010-12-22 00:00:00,0.09352623124496101,-0.025110460163812357,0.21216292265373435,133.25,35.55
11677,2010-12-23 00:00:00,0.12084680540890799,0.0015647218160454726,0.2401288890017705,133.25,35.55
11678,2010-12-24 00:00:00,0.11518923744223575,-0.00444444058280824,0.23482291546727976,133.25,35.55
11679,2010-12-25 00:00:00,0.3310703772630649,0.2109294200361655,0.4512113344899642,133.25,35.55
11680,2010-12-26 00:00:00,0.2573456079068751,0.1377502680866672,0.376940947727083,133.25,35.55
11681,2010-12-27 00:00:00,0.18282558482087213,0.06322098822460619,0.3024301814171381,133.25,35.55
11682,2010-12-28 00:00:00,0.14308747399271285,0.02394828385895767,0.262226664126468,133.25,35.55
11683,2010-12-29 00:00:00,0.037240253558035855,-0.08421690988720194,0.15869741700327367,133.25,35.55
11684,2010-12-30 00:00:00,0.1663864388084424,0.04716656414064405,0.2856063134762408,133.25,35.55
11685,2010-12-31 00:00:00,0.08172680280554663,-0.04008494388952917,0.2035385495006224,133.25,35.55
11686,2011-01-01 00:00:00,0.2505814646706371,0.12665761059775005,0.3745053187435241,133.25,35.55
11687,2011-01-02 00:00:00,-0.02861244711380245,-0.15023352489141634,0.09300863066381143,133.25,35.55
11688,2011-01-03 00:00:00,0.024821288146344614,-0.0936573395021867,0.14329991579487594,133.25,35.55
11689,2011-01-04 00:00:00,0.0694765967295127,-0.049257593263287616,0.188210786722313,133.25,35.55
11690,2011-01-05 00:00:00,0.1216062414453417,0.0031277832530292177,0.24008469963765414,133.25,35.55
11691,2011-01-06 00:00:00,0.12124137871823072,0.001924801159140552,0.24055795627732085,133.25,35.55
11692,2011-01-07 00:00:00,0.028213590052546075,-0.090642259160652,0.14706943926574415,133.25,35.55
11693,2011-01-08 00:00:00,0.0704920124928155,-0.047758139491172184,0.1887421644768032,133.25,35.55
11694,2011-01-09 00:00:00,0.2017062565770613,0.08280958082635582,0.3206029323277668,133.25,35.55
11695,2011-01-10 00:00:00,-0.06851445139571054,-0.18844647541473572,0.051417572623314665,133.25,35.55
11696,2011-01-11 00:00:00,0.07551782506112421,-0.04296077631521192,0.19399642643746035,133.25,35.55
11697,2011-01-12 00:00:00,0.1463625966270815,0.027872709312736763,0.26485248394142624,133.25,35.55
11698,2011-01-13 00:00:00,-0.020538580174475168,-0.13887915868778827,0.09780199833883793,133.25,35.55
11699,2011-01-14 00:00:00,0.05286207879575026,-0.06540657740380858,0.17113073499530912,133.25,35.55
11700,2011-01-15 00:00:00,0.13739331073424652,0.018791858248923377,0.25599476321956965,133.25,35.55
11701,2011-01-16 00:00:00,0.10321088491432172,-0.01745928637418387,0.22388105620282733,133.25,35.55
11702,2011-01-17 00:00:00,0.08085715015401168,-0.03834312629659957,0.2000574266046229,133.25,35.55
11703,2011-01-18 00:00:00,0.08754871404398888,-0.0309841187566179,0.20608154684459568,133.25,35.55
11704,2011-01-19 00:00:00,0.128767794475624,0.01022817425723152,0.2473074146940165,133.25,35.55
11705,2011-01-20 00:00:00,0.10319609831549673,-0.015426041589076513,0.22181823822006996,133.25,35.55
11706,2011-01-21 00:00:00,0.026633226064301352,-0.0916746621216174,0.1449411142502201,133.25,35.55
11707,2011-01-22 00:00:00,0.059676770175965725,-0.0586242999161964,0.17797784026812785,133.25,35.55
11708,2011-01-23 00:00:00,0.012065348474889357,-0.10620874541274412,0.13033944236252282,133.25,35.55
11709,2011-01-24 00:00:00,0.08303654608859587,-0.03557644349788151,0.20164953567507327,133.25,35.55
11710,2011-01-25 00:00:00,0.015741074490248856,-0.10312086560828612,0.13460301458878385,133.25,35.55
11711,2011-01-26 00:00:00,0.08743814842565932,-0.031253204403473275,0.206129501254792,133.25,35.55
11712,2011-01-27 00:00:00,0.048783701665997055,-0.07038653483786211,0.1679539381698562,133.25,35.55
11713,2011-01-28 00:00:00,0.055664122458485774,-0.06269416019082574,0.1740224051077973,133.25,35.55
11714,2011-01-29 00:00:00,0.10395209242003893,-0.014418521429190603,0.22232270626926848,133.25,35.55
11715,2011-01-30 00:00:00,0.0966662488956126,-0.022306269999972442,0.2156387677911976,133.25,35.55
11716,2011-01-31 00:00:00,0.039855570581276166,-0.07865320311579678,0.1583643442783491,133.25,35.55
11717,2011-02-01 00:00:00,0.09176637370328486,-0.02662680642506016,0.21015955383162988,133.25,35.55
11718,2011-02-02 00:00:00,0.011591015662012413,-0.10670064720599083,0.12988267853001564,133.25,35.55
11719,2011-02-03 00:00:00,0.04920640597183512,-0.06899601772196995,0.1674088296656402,133.25,35.55
11720,2011-02-04 00:00:00,0.04273444256996749,-0.07548212468905734,0.1609510098289923,133.25,35.55
11721,2011-02-05 00:00:00,0.02156051748407908,-0.0966581909391892,0.13977922590734734,133.25,35.55
11722,2011-02-06 00:00:00,0.045410039577598704,-0.07283120312664737,0.16365128228184478,133.25,35.55
11723,2011-02-07 00:00:00,0.09907914487834256,-0.019298574218229864,0.217456863974915,133.25,35.55
11724,2011-02-08 00:00:00,0.062441231795930974,-0.05588870027611388,0.1807711638679758,133.25,35.55
11725,2011-02-09 00:00:00,0.14077632745985022,0.022040201898596484,0.25951245302110393,133.25,35.55
11726,2011-02-10 00:00:00,-0.010287052685692384,-0.12909257837456795,0.10851847300318318,133.25,35.55
11727,2011-02-11 00:00:00,0.01422982212146198,-0.10445463379995623,0.1329142780428802,133.25,35.55
11728,2011-02-12 00:00:00,-0.005453444700590976,-0.1275937054898456,0.11668681608866364,133.25,35.55
11729,2011-02-13 00:00:00,0.0338581933415752,-0.08872975161703303,0.15644613830018342,133.25,35.55
11730,2011-02-14 00:00:00,0.027679960777060704,-0.09081870040936696,0.14617862196348838,133.25,35.55
11731,2011-02-15 00:00:00,-0.06509933963038597,-0.1849312937726874,0.05473261451191548,133.25,35.55
11732,2011-02-16 00:00:00,0.029438376645101436,-0.08972770368810927,0.14860445697831215,133.25,35.55
11733,2011-02-17 00:00:00,0.09331337164905576,-0.02507330334256992,0.21170004664068146,133.25,35.55
11734,2011-02-18 00:00:00,-0.05297682354124732,-0.17228951378665874,0.06633586670416412,133.25,35.55
11735,2011-02-19 00:00:00,0.00033108548008164984,-0.11842559076239813,0.1190877617225614,133.25,35.55
11736,2011-02-20 00:00:00,-0.0060503750142393885,-0.12435667442281273,0.11225592439433396,133.25,35.55
11737,2011-02-21 00:00:00,-0.07740226175330536,-0.19571578487481145,0.040911261368200696,133.25,35.55
11738,2011-02-22 00:00:00,-0.03722973140659275,-0.15554049269206005,0.08108102987887454,133.25,35.55
11739,2011-02-23 00:00:00,0.02966686537654359,-0.08860215688091648,0.14793588763400367,133.25,35.55
11740,2011-02-24 00:00:00,0.06021565372812099,-0.058017304152575236,0.1784486116088172,133.25,35.55
11741,2011-02-25 00:00:00,0.045560412741868415,-0.07272583359338979,0.16384665907712664,133.25,35.55
11742,2011-02-26 00:00:00,-0.14362092348639874,-0.2621103093546828,-0.025131537618114663,133.25,35.55
11743,2011-02-27 00:00:00,0.07254158593001718,-0.04586528937956797,0.1909484612396023,133.25,35.55
11744,2011-02-28 00:00:00,0.010147370527249884,-0.10899504993104114,0.12928979098554091,133.25,35.55
11745,2011-03-01 00:00:00,0.0875209955206841,-0.03141452779703671,0.2064565188384049,133.25,35.55
11746,2011-03-02 00:00:00,0.03879147680140582,-0.07964082780297986,0.15722378140579152,133.25,35.55
11747,2011-03-03 00:00:00,0.04674657250965451,-0.07198202502147462,0.16547517004078366,133.25,35.55
11748,2011-03-04 00:00:00,-0.002948894602466417,-0.12140811497443706,0.11551032576950422,133.25,35.55
11749,2011-03-05 00:00:00,-0.0025300612371428194,-0.1208426304537912,0.11578250797950555,133.25,35.55
11750,2011-03-06 00:00:00,0.11058481504503556,-0.007648538897993191,0.2288181689880643,133.25,35.55
11751,2011-03-07 00:00:00,0.05893945184784405,-0.05947512020795907,0.17735402390364718,133.25,35.55
11752,2011-03-08 00:00:00,0.002429027978387996,-0.11596080218384636,0.12081885814062232,133.25,35.55
11753,2011-03-09 00:00:00,0.12883781316318754,0.010119312472691114,0.247556313853684,133.25,35.55
11754,2011-03-10 00:00:00,0.0019619685300907696,-0.11698400830696196,0.12090794536714347,133.25,35.55
11755,2011-03-11 00:00:00,0.13202445094633647,0.013530982355862713,0.25051791953681024,133.25,35.55
11756,2011-03-12 00:00:00,0.07937042918564755,-0.039139253824844365,0.19788011219613946,133.25,35.55
11757,2011-03-13 00:00:00,0.05563569920137389,-0.06257819231556025,0.17384959071830802,133.25,35.55
11758,2011-03-14 00:00:00,0.053081671796993184,-0.0651407395228796,0.17130408311686596,133.25,35.55
11759,2011-03-15 00:00:00,3.8097133133435663e-05,-0.11832688049104215,0.11840307475730905,133.25,35.55
11760,2011-03-16 00:00:00,0.14735896127520173,0.027641524781301663,0.2670763977691018,133.25,35.55
11761,2011-03-17 00:00:00,0.056501271065318034,-0.06302595535978614,0.1760284974904222,133.25,35.55
11762,2011-03-18 00:00:00,-0.005672664118143971,-0.12442725742560325,0.11308192918931533,133.25,35.55
11763,2011-03-19 00:00:00,0.10989554516288808,-0.008523612503799209,0.22831470282957536,133.25,35.55
11764,2011-03-20 00:00:00,0.10003696337879366,-0.018306292977581972,0.2183802197351693,133.25,35.55
11765,2011-03-21 00:00:00,0.04847714627784838,-0.07020409962987184,0.1671583921855686,133.25,35.55
11766,2011-03-22 00:00:00,0.04588156898167636,-0.07269006363438074,0.16445320159773347,133.25,35.55
11767,2011-03-23 00:00:00,0.006509987465527868,-0.11217554296168028,0.12519551789273606,133.25,35.55
11768,2011-03-24 00:00:00,0.058147234219786965,-0.060221137757614236,0.17651560619718815,133.25,35.55
11769,2011-03-25 00:00:00,0.113662172226498,-0.005304175486716356,0.23262851993971234,133.25,35.55
11770,2011-03-26 00:00:00,0.02050874408423712,-0.0995822923826702,0.14059978055114442,133.25,35.55
11771,2011-03-27 00:00:00,0.02343347371859649,-0.09515366105888162,0.1420206084960746,133.25,35.55
11772,2011-03-28 00:00:00,-0.0024562325223272193,-0.1206427862740206,0.1157303212293662,133.25,35.55
11773,2011-03-29 00:00:00,0.05447348862933163,-0.06373580036894046,0.1726827776276037,133.25,35.55
11774,2011-03-30 00:00:00,0.0685580979845197,-0.04963375702483173,0.18674995299387115,133.25,35.55
11775,2011-03-31 00:00:00,0.0755938235900619,-0.04262686737656672,0.19381451455669046,133.25,35.55
11776,2011-04-01 00:00:00,0.02655261809898404,-0.0916712533680648,0.14477648956603287,133.25,35.55
11777,2011-04-02 00:00:00,0.051214069002335695,-0.06717409701033518,0.16960223501500654,133.25,35.55
11778,2011-04-03 00:00:00,0.002208632369989881,-0.11641405044779884,0.1208313151877786,133.25,35.55
11779,2011-04-04 00:00:00,-0.058096980366370336,-0.1763838399304459,0.06018987919770522,133.25,35.55
11780,2011-04-05 00:00:00,-0.0455683705907657,-0.16381634021543404,0.07267959903390267,133.25,35.55
11781,2011-04-06 00:00:00,0.03279828165078587,-0.08540368874632696,0.1510002520478987,133.25,35.55
11782,2011-04-07 00:00:00,0.1012608924016756,-0.01695206637673853,0.21947385118008966,133.25,35.55
11783,2011-04-08 00:00:00,0.16707404047539026,0.048390321868198624,0.2857577590825819,133.25,35.55
11784,2011-04-09 00:00:00,0.03616287719730367,-0.08282162256646453,0.15514737696107184,133.25,35.55
11785,2011-04-10 00:00:00,0.021505964007579374,-0.0968969746363303,0.13990890265148906,133.25,35.55
11786,2011-04-11 00:00:00,0.05631122811841378,-0.062004289357817585,0.17462674559464514,133.25,35.55
11787,2011-04-12 00:00:00,0.04296536010296805,-0.07559556148685237,0.1615262816927885,133.25,35.55
11788,2011-04-13 00:00:00,0.07337544646434824,-0.04493575087500341,0.19168664380369987,133.25,35.55
11789,2011-04-14 00:00:00,0.08022447094363641,-0.037993227701009935,0.1984421695882828,133.25,35.55
11790,2011-04-15 00:00:00,0.13230123020497558,0.01406694488004162,0.25053551552990955,133.25,35.55
11791,2011-04-16 00:00:00,0.01871862928934457,-0.10023375917847767,0.13767101775716686,133.25,35.55
11792,2011-04-17 00:00:00,0.0015808264773510274,-0.11715028202636125,0.12031193498106328,133.25,35.55
11793,2011-04-18 00:00:00,0.07788358270864673,-0.04054194646831456,0.19630911188560798,133.25,35.55
11794,2011-04-19 00:00:00,0.07022689215694207,-0.049384315558721525,0.1898380998726057,133.25,35.55
11795,2011-04-20 00:00:00,-0.026905328778404285,-0.14657751831609175,0.0927668607592832,133.25,35.55
11796,2011-04-21 00:00:00,0.030989200296604257,-0.08747846903563987,0.14945686962884838,133.25,35.55
11797,2011-04-22 00:00:00,0.0920958185307559,-0.026135355157463302,0.2103269922189751,133.25,35.55
11798,2011-04-23 00:00:00,0.07465032313914875,-0.04470983419353605,0.1940104804718336,133.25,35.55
11799,2011-04-24 00:00:00,0.1117558593488816,-0.007204643737508246,0.23071636243527144,133.25,35.55
11800,2011-04-25 00:00:00,0.13235253206022154,0.013770190422392069,0.25093487369805106,133.25,35.55
11801,2011-04-26 00:00:00,0.13649249652358306,0.017798855212854972,0.2551861378343112,133.25,35.55
11802,2011-04-27 00:00:00,0.20854927835931,0.08947149091271063,0.3276270658059093,133.25,35.55
11803,2011-04-28 00:00:00,0.03563488711391652,-0.08383695619208369,0.15510673041991674,133.25,35.55
11804,2011-04-29 00:00:00,0.05316744824515236,-0.0653526146196616,0.17168751110996633,133.25,35.55
11805,2011-04-30 00:00:00,0.2428238291743999,0.1241014811996074,0.3615461771491924,133.25,35.55
11806,2011-05-01 00:00:00,0.26934523631568746,0.1489684437325608,0.3897220288988141,133.25,35.55
11807,2011-05-02 00:00:00,0.1264517060871529,0.006805147371572229,0.2460982648027336,133.25,35.55
11808,2011-05-03 00:00:00,0.02280747793426931,-0.09538762575346753,0.14100258162200613,133.25,35.55
11809,2011-05-04 00:00:00,0.03374346906656004,-0.08446713021295882,0.1519540683460789,133.25,35.55
11810,2011-05-05 00:00:00,-0.04368055008217857,-0.16187050242942858,0.07450940226507143,133.25,35.55
11811,2011-05-06 00:00:00,0.039401521418944194,-0.07878030246981123,0.15758334530769966,133.25,35.55
11812,2011-05-07 00:00:00,0.10726769523800736,-0.01121853606007435,0.22575392653608906,133.25,35.55
11813,2011-05-08 00:00:00,0.14770333234581318,0.029158201910771217,0.2662484627808551,133.25,35.55
11814,2011-05-09 00:00:00,0.04566121090854502,-0.07256157671152119,0.1638839985286112,133.25,35.55
11815,2011-05-10 00:00:00,0.16647476413724754,0.04741405390151275,0.2855354743729823,133.25,35.55
11816,2011-05-11 00:00:00,0.02920182912372313,-0.0898356241913002,0.14823928243874648,133.25,35.55
11817,2011-05-12 00:00:00,0.029583141453658906,-0.08902276601879243,0.14818904892611026,133.25,35.55
11818,2011-05-13 00:00:00,0.15763164378442168,0.03887086211249774,0.2763924254563456,133.25,35.55
11819,2011-05-14 00:00:00,0.11377051225418296,-0.00465466074463769,0.23219568525300366,133.25,35.55
11820,2011-05-15 00:00:00,0.031959625812991985,-0.0864116826266142,0.15033093425259814,133.25,35.55
11821,2011-05-16 00:00:00,0.042841166809234624,-0.07557189206270976,0.161254225681179,133.25,35.55
11822,2011-05-17 00:00:00,0.0494109998785413,-0.06885589623752811,0.1676778959946107,133.25,35.55
11823,2011-05-18 00:00:00,0.043257167661687,-0.07490269729775148,0.16141703262112547,133.25,35.55
11824,2011-05-19 00:00:00,0.08206089316667486,-0.03615147782486382,0.2002732641582136,133.25,35.55
11825,2011-05-20 00:00:00,0.09615076176192153,-0.02206962925282688,0.21437115277666996,133.25,35.55
11826,2011-05-21 00:00:00,0.10217595512886612,-0.016018183577291775,0.22037009383502404,133.25,35.55
11827,2011-05-22 00:00:00,-0.02077166258243481,-0.1392464354913145,0.09770311032644484,133.25,35.55
11828,2011-05-23 00:00:00,0.0021532249509296428,-0.1163408677617228,0.12064731766358212,133.25,35.55
11829,2011-05-24 00:00:00,-0.017742487603244823,-0.1365506638449938,0.10106568863850417,133.25,35.55
11830,2011-05-25 00:00:00,-0.0036182012094789946,-0.12220275881214185,0.11496635639318385,133.25,35.55
11831,2011-05-26 00:00:00,-0.019585085847799038,-0.13787566391372658,0.09870549221812852,133.25,35.55
11832,2011-05-27 00:00:00,0.033335510278857665,-0.08535771455667014,0.15202873511438547,133.25,35.55
11833,2011-05-28 00:00:00,0.030489096315719836,-0.0880483699869977,0.14902656261843736,133.25,35.55
11834,2011-05-29 00:00:00,0.031598952458096394,-0.08682347894262743,0.15002138385882022,133.25,35.55
11835,2011-05-30 00:00:00,0.07038523941292166,-0.051967869570313234,0.19273834839615656,133.25,35.55
11836,2011-05-31 00:00:00,-0.07485968755796599,-0.1954352667386412,0.0457158916227092,133.25,35.55
11837,2011-06-01 00:00:00,0.04172225870343008,-0.07646197507455571,0.1599064924814159,133.25,35.55
11838,2011-06-02 00:00:00,0.032070807620008884,-0.08616056951556245,0.1503021847555802,133.25,35.55
11839,2011-06-03 00:00:00,0.02465844841813755,-0.09349687004440453,0.14281376688067962,133.25,35.55
11840,2011-06-04 00:00:00,0.0930215936452878,-0.0251174502141973,0.21116063750477293,133.25,35.55
11841,2011-06-05 00:00:00,0.10261041278719066,-0.015570970392204897,0.2207917959665862,133.25,35.55
11842,2011-06-06 00:00:00,0.05389522264831336,-0.06428908217133811,0.17207952746796484,133.25,35.55
11843,2011-06-07 00:00:00,0.06985473197097869,-0.048326258908040716,0.1880357228499981,133.25,35.55
11844,2011-06-08 00:00:00,0.033302854258576875,-0.08495006625375981,0.15155577477091356,133.25,35.55
11845,2011-06-09 00:00:00,0.08700181422749033,-0.031165079915555574,0.2051687083705362,133.25,35.55
11846,2011-06-10 00:00:00,0.10225397108822767,-0.015876630120341406,0.2203845722967968,133.25,35.55
11847,2011-06-11 00:00:00,0.07287174648671088,-0.047554675254523116,0.19329816822794488,133.25,35.55
11848,2011-06-12 00:00:00,-0.058102311086588615,-0.17821119205987954,0.06200656988670233,133.25,35.55
11849,2011-06-13 00:00:00,0.05500646686689314,-0.0632505997875914,0.1732635335213777,133.25,35.55
11850,2011-06-14 00:00:00,0.011419391566734698,-0.10684710827057384,0.12968589140404324,133.25,35.55
11851,2011-06-15 00:00:00,0.01882289632920379,-0.0993415863638923,0.13698737902229988,133.25,35.55
11852,2011-06-16 00:00:00,0.004779434300125172,-0.11338843897193016,0.1229473075721805,133.25,35.55
11853,2011-06-17 00:00:00,0.04038192181223377,-0.07788267391576045,0.158646517540228,133.25,35.55
11854,2011-06-18 00:00:00,0.0524057947558567,-0.06576346837049198,0.1705750578822054,133.25,35.55
11855,2011-06-19 00:00:00,0.03994598964653033,-0.07820583577991409,0.15809781507297474,133.25,35.55
11856,2011-06-20 00:00:00,0.0590963685229584,-0.05911556705614045,0.17730830410205722,133.25,35.55
11857,2011-06-21 00:00:00,0.09289272147291808,-0.025446946182650795,0.21123238912848696,133.25,35.55
11858,2011-06-22 00:00:00,0.100161351967824,-0.018061721113330667,0.2183844250489787,133.25,35.55
11859,2011-06-23 00:00:00,0.13505981266650438,0.01668417244052726,0.2534354528924815,133.25,35.55
11860,2011-06-24 00:00:00,0.11292003803153873,-0.006258285846919147,0.23209836190999655,133.25,35.55
11861,2011-06-25 00:00:00,-0.01959133464699491,-0.13850552167711502,0.0993228523831252,133.25,35.55
11862,2011-06-26 00:00:00,-0.020433129342500637,-0.1392449702312955,0.09837871154629424,133.25,35.55
11863,2011-06-27 00:00:00,0.18811230639877533,0.06806422567453813,0.3081603871230126,133.25,35.55
11864,2011-06-28 00:00:00,0.08481171246250023,-0.034245811149175666,0.20386923607417606,133.25,35.55
11865,2011-06-29 00:00:00,0.03753932886696057,-0.08065830786874444,0.1557369656026656,133.25,35.55
11866,2011-06-30 00:00:00,0.06477309411605325,-0.05336290109147947,0.182909089323586,133.25,35.55
11867,2011-07-01 00:00:00,0.13471058106652528,0.016243631970839167,0.2531775301622114,133.25,35.55
11868,2011-07-02 00:00:00,0.08471926492325202,-0.03377377056022267,0.20321230040672672,133.25,35.55
11869,2011-07-03 00:00:00,0.10631472662885524,-0.011820202459143156,0.2244496557168536,133.25,35.55
11870,2011-07-04 00:00:00,0.15753610116590586,0.038392920271740384,0.2766792820600713,133.25,35.55
11871,2011-07-05 00:00:00,0.011268796784679118,-0.1076553012307506,0.13019289480010884,133.25,35.55
11872,2011-07-06 00:00:00,0.05656682332997168,-0.061649735634100984,0.17478338229404433,133.25,35.55
11873,2011-07-07 00:00:00,0.1541471212422304,0.0355908044634054,0.2727034380210554,133.25,35.55
11874,2011-07-08 00:00:00,0.0992213915575492,-0.01941653985343865,0.21785932296853705,133.25,35.55
11875,2011-07-09 00:00:00,0.0691845111748989,-0.04908750428410605,0.18745652663390386,133.25,35.55
11876,2011-07-10 00:00:00,0.043693455246349294,-0.07447715003775066,0.16186406053044924,133.25,35.55
11877,2011-07-11 00:00:00,0.03512240917270331,-0.0830163002356448,0.1532611185810514,133.25,35.55
11878,2011-07-12 00:00:00,0.034850896211387566,-0.08325705825367116,0.1529588506764463,133.25,35.55
11879,2011-07-13 00:00:00,0.034614489803073856,-0.0834925711456943,0.15272155075184202,133.25,35.55
11880,2011-07-14 00:00:00,0.06252315410792515,-0.055631484834626536,0.18067779305047685,133.25,35.55
11881,2011-07-15 00:00:00,0.07403758104240654,-0.044138479256246914,0.19221364134105998,133.25,35.55
11882,2011-07-16 00:00:00,0.0742970446152939,-0.04386539848827281,0.19245948771886065,133.25,35.55
11883,2011-07-17 00:00:00,0.04724703563343237,-0.0708857194891942,0.16537979075605894,133.25,35.55
11884,2011-07-18 00:00:00,0.019195411275479447,-0.09949083034162412,0.137881652892583,133.25,35.55
11885,2011-07-19 00:00:00,0.027308530561865788,-0.10530270254485603,0.15991976366858762,133.25,35.55
11886,2011-07-20 00:00:00,0.09415448300314548,-0.0464326292032473,0.23474159520953825,133.25,35.55
11887,2011-07-21 00:00:00,0.04317262100107788,-0.07788561851243347,0.16423086051458924,133.25,35.55
11888,2011-07-22 00:00:00,0.03740120248352157,-0.08121765327023084,0.15602005823727394,133.25,35.55
11889,2011-07-23 00:00:00,0.04530257236750068,-0.07287520950994247,0.16348035424494384,133.25,35.55
11890,2011-07-24 00:00:00,0.028448539443967562,-0.08967095768039074,0.14656803656832584,133.25,35.55
11891,2011-07-25 00:00:00,0.03402765144090907,-0.08415141863154617,0.15220672151336434,133.25,35.55
11892,2011-07-26 00:00:00,-0.0022601514698926428,-0.12043402990579108,0.11591372696600577,133.25,35.55
11893,2011-07-27 00:00:00,0.08239683078797386,-0.03585345597322949,0.2006471175491772,133.25,35.55
11894,2011-07-28 00:00:00,0.08369838652106286,-0.03456687442162568,0.2019636474637514,133.25,35.55
11895,2011-07-29 00:00:00,0.08390822537680911,-0.034277897936068884,0.20209434868968712,133.25,35.55
11896,2011-07-30 00:00:00,0.0892432205380582,-0.02889869824940822,0.2073851393255246,133.25,35.55
11897,2011-07-31 00:00:00,0.03192212233531196,-0.08620067392114457,0.15004491859176852,133.25,35.55
11898,2011-08-01 00:00:00,0.02907294068773719,-0.08904176718532385,0.14718764856079822,133.25,35.55
11899,2011-08-02 00:00:00,0.018695142353469432,-0.09941738171545368,0.13680766642239253,133.25,35.55
11900,2011-08-03 00:00:00,0.006746737195845051,-0.1113767306983769,0.124870205090067,133.25,35.55
11901,2011-08-04 00:00:00,0.02893391138247354,-0.08918977123239957,0.14705759399734664,133.25,35.55
11902,2011-08-05 00:00:00,0.03386567481794036,-0.0842946654271935,0.15202601506307425,133.25,35.55
11903,2011-08-06 00:00:00,0.03948217760835897,-0.07878243604660869,0.15774679126332666,133.25,35.55
11904,2011-08-07 00:00:00,-0.0027615103160267373,-0.12107130345444052,0.11554828282238705,133.25,35.55
11905,2011-08-08 00:00:00,0.0870373738631535,-0.031460338956274266,0.20553508668258125,133.25,35.55
11906,2011-08-09 00:00:00,0.09755328670731406,-0.02096177206770181,0.21606834548232992,133.25,35.55
11907,2011-08-10 00:00:00,0.09808280678189613,-0.020072372215548112,0.2162379857793404,133.25,35.55
11908,2011-08-11 00:00:00,0.12685760480264816,0.008704975678052632,0.2450102339272437,133.25,35.55
11909,2011-08-12 00:00:00,0.08096220958545812,-0.037181040739332094,0.1991054599102484,133.25,35.55
11910,2011-08-13 00:00:00,0.048839923708224035,-0.06927707001333147,0.16695691742977956,133.25,35.55
11911,2011-08-14 00:00:00,0.0975193492692346,-0.02066572412733837,0.2157044226658076,133.25,35.55
11912,2011-08-15 00:00:00,0.095578219323195,-0.02264320733363577,0.21379964598002574,133.25,35.55
11913,2011-08-16 00:00:00,0.08721050155478627,-0.030945314428524287,0.20536631753809687,133.25,35.55
11914,2011-08-17 00:00:00,0.10044147586843856,-0.017801733682728568,0.21868468541960573,133.25,35.55
11915,2011-08-18 00:00:00,0.07936254093983684,-0.039005395598208426,0.1977304774778821,133.25,35.55
11916,2011-08-19 00:00:00,-0.012418077262553529,-0.13096912858299894,0.1061329740578919,133.25,35.55
11917,2011-08-20 00:00:00,0.037772518740787873,-0.08058587797551847,0.1561309154570942,133.25,35.55
11918,2011-08-21 00:00:00,0.059027870825147,-0.0592268763075814,0.17728261795787542,133.25,35.55
11919,2011-08-22 00:00:00,0.011580307109756816,-0.10669030997483817,0.1298509241943518,133.25,35.55
11920,2011-08-23 00:00:00,0.05686041972567268,-0.06136576040804405,0.1750865998593894,133.25,35.55
11921,2011-08-24 00:00:00,0.0095748516368945,-0.10868421499221413,0.12783391826600313,133.25,35.55
11922,2011-08-25 00:00:00,0.008530955128741725,-0.109652795061305,0.12671470531878848,133.25,35.55
11923,2011-08-26 00:00:00,-0.010163633622077235,-0.12834892135662646,0.10802165411247196,133.25,35.55
11924,2011-08-27 00:00:00,0.0018662895658763184,-0.1162671939611955,0.11999977309294813,133.25,35.55
11925,2011-08-28 00:00:00,0.010831679200939224,-0.1073083195346086,0.12897167793648706,133.25,35.55
11926,2011-08-29 00:00:00,0.02321046019174125,-0.09490880383916024,0.14132972422264273,133.25,35.55
11927,2011-08-30 00:00:00,0.03146164823196998,-0.08665209380117052,0.1495753902651105,133.25,35.55
11928,2011-08-31 00:00:00,0.025604863744100405,-0.09260170419662753,0.14381143168482832,133.25,35.55
11929,2011-09-01 00:00:00,0.032082749806745456,-0.08626171363776612,0.15042721325125702,133.25,35.55
11930,2011-09-02 00:00:00,0.0042738554500173906,-0.11580480118527064,0.12435251208530546,133.25,35.55
11931,2011-09-03 00:00:00,-0.0787949458889675,-0.2129474587168889,0.05535756693895387,133.25,35.55
11932,2011-09-04 00:00:00,0.11046332313156422,-0.024779097021359175,0.24570574328448766,133.25,35.55
11933,2011-09-05 00:00:00,0.18154989224524992,0.059412975959530816,0.30368680853096897,133.25,35.55
11934,2011-09-06 00:00:00,0.09001192247877034,-0.028407509053738164,0.2084313540112788,133.25,35.55
11935,2011-09-07 00:00:00,0.08014592331045374,-0.03808931085128799,0.19838115747219548,133.25,35.55
11936,2011-09-08 00:00:00,0.047180136339618366,-0.07099143958809563,0.16535171226733236,133.25,35.55
11937,2011-09-09 00:00:00,0.03718787119256197,-0.08098000447687427,0.1553557468619982,133.25,35.55
11938,2011-09-10 00:00:00,0.004103759324984675,-0.11419072391645545,0.1223982425664248,133.25,35.55
11939,2011-09-11 00:00:00,-0.0032218238337850193,-0.12170887512845112,0.11526522746088108,133.25,35.55
11940,2011-09-12 00:00:00,0.033525779718816595,-0.08479408740665265,0.15184564684428584,133.25,35.55
11941,2011-09-13 00:00:00,0.029785398327466763,-0.08834412978031791,0.14791492643525145,133.25,35.55
11942,2011-09-14 00:00:00,0.020828114737740308,-0.097263424063217,0.13891965353869762,133.25,35.55
11943,2011-09-15 00:00:00,0.01681953857842628,-0.10128512097515552,0.13492419813200807,133.25,35.55
11944,2011-09-16 00:00:00,0.05912079278490023,-0.059010029300977575,0.17725161487077803,133.25,35.55
11945,2011-09-17 00:00:00,0.041311714139208415,-0.07701701359437148,0.1596404418727883,133.25,35.55
11946,2011-09-18 00:00:00,0.01318610006960206,-0.10572546287753744,0.13209766301674156,133.25,35.55
11947,2011-09-19 00:00:00,-0.1198398410509954,-0.2392236126514953,-0.0004560694504955332,133.25,35.55
11948,2011-09-20 00:00:00,0.06670436460243848,-0.052700080980348736,0.18610881018522568,133.25,35.55
11949,2011-09-21 00:00:00,0.10645188362206401,-0.01479746376442487,0.2277012310085529,133.25,35.55
11950,2011-09-22 00:00:00,0.07166225095825654,-0.050500466036169166,0.19382496795268225,133.25,35.55
11951,2011-09-23 00:00:00,0.09865936767229168,-0.019972689128729168,0.2172914244733125,133.25,35.55
11952,2011-09-24 00:00:00,-0.04607088353217936,-0.1642152925110589,0.07207352544670018,133.25,35.55
11953,2011-09-25 00:00:00,-0.01583092472199681,-0.13395160903159312,0.1022897595875995,133.25,35.55
11954,2011-09-26 00:00:00,0.0006839579736330378,-0.1174883465119141,0.11885626245918016,133.25,35.55
11955,2011-09-27 00:00:00,-0.0013377466441358151,-0.11956784819770085,0.11689235490942923,133.25,35.55
11956,2011-09-28 00:00:00,-0.00972245278700672,-0.12791956336682728,0.10847465779281383,133.25,35.55
11957,2011-09-29 00:00:00,0.06725506539044708,-0.050930329192414206,0.1854404599733084,133.25,35.55
11958,2011-09-30 00:00:00,0.12521577170193254,0.006794528851051486,0.2436370145528136,133.25,35.55
11959,2011-10-01 00:00:00,-0.07358392930375028,-0.19219759058582675,0.0450297319783262,133.25,35.55
11960,2011-10-02 00:00:00,0.029035487491350143,-0.08931246624540311,0.1473834412281034,133.25,35.55
11961,2011-10-03 00:00:00,-0.020025420591876064,-0.13836708788143548,0.09831624669768337,133.25,35.55
11962,2011-10-04 00:00:00,-0.011328489708311936,-0.12953004669359164,0.10687306727696776,133.25,35.55
11963,2011-10-05 00:00:00,0.035054313548482506,-0.08307849049815727,0.1531871175951223,133.25,35.55
11964,2011-10-06 00:00:00,0.10001912346322467,-0.01841491837812588,0.2184531653045753,133.25,35.55
11965,2011-10-07 00:00:00,0.01283445736816097,-0.105716389288661,0.13138530402498294,133.25,35.55
11966,2011-10-08 00:00:00,-0.006219994600335798,-0.1244923923975207,0.1120524031968491,133.25,35.55
11967,2011-10-09 00:00:00,0.0008622537211351032,-0.11726456964639626,0.11898907708866645,133.25,35.55
11968,2011-10-10 00:00:00,0.06876077630228059,-0.049382189340345835,0.18690374194490697,133.25,35.55
11969,2011-10-11 00:00:00,0.014792719906042091,-0.10337818909342664,0.1329636289055108,133.25,35.55
11970,2011-10-12 00:00:00,0.04240655789904886,-0.07577947022481309,0.16059258602291082,133.25,35.55
11971,2011-10-13 00:00:00,0.03637728247089103,-0.08176701253374886,0.1545215774755309,133.25,35.55
11972,2011-10-14 00:00:00,0.041071559441743836,-0.07710455726847429,0.15924767615196195,133.25,35.55
11973,2011-10-15 00:00:00,0.17293928875132755,0.052651493025852106,0.29322708447680296,133.25,35.55
11974,2011-10-16 00:00:00,0.09290461586904328,-0.02590822387248373,0.2117174556105703,133.25,35.55
11975,2011-10-17 00:00:00,0.06554447350697247,-0.05297134973209998,0.1840602967460449,133.25,35.55
11976,2011-10-18 00:00:00,-0.041243250252431966,-0.1596158271517009,0.07712932664683694,133.25,35.55
11977,2011-10-19 00:00:00,-0.05606809588711946,-0.17432822909387571,0.06219203731963676,133.25,35.55
11978,2011-10-20 00:00:00,-0.0365409692019166,-0.15482098315568954,0.08173904475185635,133.25,35.55
11979,2011-10-21 00:00:00,-0.012068305081716713,-0.1303307463654858,0.10619413620205237,133.25,35.55
11980,2011-10-22 00:00:00,0.09145203527258328,-0.027479557781559052,0.2103836283267256,133.25,35.55
11981,2011-10-23 00:00:00,0.02735535264420425,-0.09200904683033506,0.14671975211874355,133.25,35.55
11982,2011-10-24 00:00:00,0.08664966519894035,-0.03186219350219362,0.2051615239000743,133.25,35.55
11983,2011-10-25 00:00:00,0.06361366624233608,-0.0549805450407088,0.18220787752538087,133.25,35.55
11984,2011-10-26 00:00:00,-0.021368312704947632,-0.14002448888683422,0.09728786347693898,133.25,35.55
11985,2011-10-27 00:00:00,-0.08293467074687698,-0.2011428137839908,0.035273472290236814,133.25,35.55
11986,2011-10-28 00:00:00,0.006739948237295363,-0.11145525312505858,0.1249351495996493,133.25,35.55
11987,2011-10-29 00:00:00,0.002019394061048372,-0.11614231520412265,0.12018110332621935,133.25,35.55
11988,2011-10-30 00:00:00,0.0014921293057814158,-0.11680305991573126,0.11978731852729405,133.25,35.55
11989,2011-10-31 00:00:00,-0.026506081063190363,-0.14517876632487856,0.0921666041984978,133.25,35.55
11990,2011-11-01 00:00:00,-0.020446043717008297,-0.13887101511924055,0.09797892768522394,133.25,35.55
11991,2011-11-02 00:00:00,0.01895989123121414,-0.09928186370918386,0.13720164617161215,133.25,35.55
11992,2011-11-03 00:00:00,-0.0015660018382006036,-0.1197827251097975,0.11665072143339628,133.25,35.55
11993,2011-11-04 00:00:00,-0.04846187749937876,-0.16658161705229454,0.06965786205353705,133.25,35.55
11994,2011-11-05 00:00:00,0.06111431899219427,-0.05721330466729475,0.17944194265168328,133.25,35.55
11995,2011-11-06 00:00:00,0.040157186624772336,-0.07837038298507737,0.15868475623462205,133.25,35.55
11996,2011-11-07 00:00:00,0.020878155464451386,-0.09754800033114132,0.13930431126004408,133.25,35.55
11997,2011-11-08 00:00:00,0.02813631948653518,-0.09021767960902016,0.14649031858209052,133.25,35.55
11998,2011-11-09 00:00:00,-0.006925363110516343,-0.12514171503873384,0.11129098881770114,133.25,35.55
11999,2011-11-10 00:00:00,-0.011758793569215366,-0.12993891035339666,0.10642132321496592,133.25,35.55
12000,2011-11-11 00:00:00,0.04249932131797655,-0.07567754240350255,0.16067618503945566,133.25,35.55
12001,2011-11-12 00:00:00,0.008071234214667856,-0.11015230137430433,0.12629476980364004,133.25,35.55
12002,2011-11-13 00:00:00,0.04862992634571699,-0.06957463001410244,0.1668344827055364,133.25,35.55
12003,2011-11-14 00:00:00,0.042194722836446125,-0.07605351217367368,0.16044295784656593,133.25,35.55
12004,2011-11-15 00:00:00,-0.0009982951198542755,-0.11937281354898102,0.11737622330927247,133.25,35.55
12005,2011-11-16 00:00:00,-0.07336411645863349,-0.19175457176863844,0.045026338851371465,133.25,35.55
12006,2011-11-17 00:00:00,-0.0593035855018479,-0.1781388919985705,0.059531720994874686,133.25,35.55
12007,2011-11-18 00:00:00,0.12706949146186527,0.008662761900928573,0.245476221022802,133.25,35.55
12008,2011-11-19 00:00:00,0.2243695256226059,0.1048940875084296,0.3438449637367822,133.25,35.55
12009,2011-11-20 00:00:00,0.023643493713093745,-0.09602655467322817,0.14331354209941566,133.25,35.55
12010,2011-11-21 00:00:00,0.02893955273910895,-0.08973169990398266,0.14761080538220056,133.25,35.55
12011,2011-11-22 00:00:00,0.01360926850223046,-0.1047561366603048,0.13197467366476573,133.25,35.55
12012,2011-11-23 00:00:00,0.14638937525355664,0.02801430611654032,0.264764444390573,133.25,35.55
12013,2011-11-24 00:00:00,0.1162427256954583,-0.004311330874877575,0.2367967822657941,133.25,35.55
12014,2011-11-25 00:00:00,0.0093804736213825,-0.10981780111398827,0.1285787483567533,133.25,35.55
12015,2011-11-26 00:00:00,0.0006885745485364637,-0.11756061608581768,0.1189377651828906,133.25,35.55
12016,2011-11-27 00:00:00,0.06204656469534733,-0.05610254490560372,0.18019567429629835,133.25,35.55
12017,2011-11-28 00:00:00,0.046595081312248834,-0.07160891221207838,0.16479907483657602,133.25,35.55
12018,2011-11-29 00:00:00,0.001235556900012667,-0.11698483413025118,0.1194559479302765,133.25,35.55
12019,2011-11-30 00:00:00,-0.059941727914944475,-0.17849722709727375,0.05861377126738481,133.25,35.55
12020,2011-12-01 00:00:00,-0.005596505706092768,-0.1247156903925697,0.11352267898038415,133.25,35.55
12021,2011-12-02 00:00:00,0.01745166789746573,-0.10119233356922147,0.13609566936415296,133.25,35.55
12022,2011-12-03 00:00:00,0.04364116486415775,-0.08038180221751498,0.16766413194583046,133.25,35.55
12023,2011-12-04 00:00:00,0.13524264088103793,0.011267479919504164,0.2592178018425717,133.25,35.55
12024,2011-12-05 00:00:00,0.005016175771162087,-0.11332972949736893,0.1233620810396931,133.25,35.55
12025,2011-12-06 00:00:00,-0.011862801279634015,-0.13017374446260732,0.1064481419033393,133.25,35.55
12026,2011-12-07 00:00:00,0.0752601329509707,-0.043125628422730086,0.1936458943246715,133.25,35.55
12027,2011-12-08 00:00:00,0.07729741074653387,-0.04133033458521451,0.19592515607828226,133.25,35.55
12028,2011-12-09 00:00:00,-0.03332114881916028,-0.1543935346786578,0.08775123704033724,133.25,35.55
12029,2011-12-10 00:00:00,0.0919234790970834,-0.02884576508737712,0.21269272328154396,133.25,35.55
12030,2011-12-11 00:00:00,0.11677959828486835,-0.001990070706039057,0.2355492672757757,133.25,35.55
12031,2011-12-12 00:00:00,0.08437422841845263,-0.03417954236350024,0.2029279992004055,133.25,35.55
12032,2011-12-13 00:00:00,-0.03484598466974117,-0.1532267362949662,0.08353476695548387,133.25,35.55
12033,2011-12-14 00:00:00,0.05168927729607544,-0.06654296848437079,0.16992152307652164,133.25,35.55
12034,2011-12-15 00:00:00,0.1306425382058983,0.012239594030719766,0.2490454823810768,133.25,35.55
12035,2011-12-16 00:00:00,0.0686362891274927,-0.05028085696405271,0.1875534352190381,133.25,35.55
12036,2011-12-17 00:00:00,-0.02496536032208275,-0.14399300216299465,0.09406228151882916,133.25,35.55
12037,2011-12-18 00:00:00,0.1106123565112263,-0.008023340439461499,0.2292480534619141,133.25,35.55
12038,2011-12-19 00:00:00,0.07382155812783134,-0.044875118441153015,0.1925182346968157,133.25,35.55
12039,2011-12-20 00:00:00,0.030572133933093687,-0.08771546418714789,0.14885973205333525,133.25,35.55
12040,2011-12-21 00:00:00,0.08050084786384835,-0.03775402331607152,0.1987557190437682,133.25,35.55
12041,2011-12-22 00:00:00,0.11723802492579932,-0.0014581203397137784,0.2359341701913124,133.25,35.55
12042,2011-12-23 00:00:00,-0.003858496106219633,-0.12354228269598752,0.11582529048354825,133.25,35.55
12043,2011-12-24 00:00:00,0.07549285429648214,-0.04295847551551263,0.1939441841084769,133.25,35.55
12044,2011-12-25 00:00:00,0.080565496487535,-0.03855089923929726,0.19968189221436727,133.25,35.55
12045,2011-12-26 00:00:00,0.035951421383440534,-0.08321733950319604,0.1551201822700771,133.25,35.55
12046,2011-12-27 00:00:00,0.016929973062328157,-0.10160308130063604,0.13546302742529234,133.25,35.55
12047,2011-12-28 00:00:00,0.018634836756596145,-0.09955610303984612,0.13682577655303846,133.25,35.55
12048,2011-12-29 00:00:00,0.1149958036260442,-0.0033724121432259363,0.2333640193953143,133.25,35.55
12049,2011-12-30 00:00:00,-0.02355442169286671,-0.14230932323835546,0.09520047985262203,133.25,35.55
12050,2011-12-31 00:00:00,0.0398420872098832,-0.07857270077018494,0.15825687518995135,133.25,35.55
12051,2012-01-01 00:00:00,0.06066400578659531,-0.05771747359849441,0.17904548517168506,133.25,35.55
12052,2012-01-02 00:00:00,-0.019795575349929092,-0.13896585875365258,0.0993747080537944,133.25,35.55
12053,2012-01-03 00:00:00,0.1478812126408025,0.028794072926320025,0.266968352355285,133.25,35.55
12054,2012-01-04 00:00:00,0.1467287441968813,0.02756391098824776,0.2658935774055149,133.25,35.55
12055,2012-01-05 00:00:00,0.0857154103054197,-0.033863060960373566,0.20529388157121292,133.25,35.55
12056,2012-01-06 00:00:00,0.05232288076189229,-0.06606293486881529,0.17070869639259986,133.25,35.55
12057,2012-01-07 00:00:00,-0.043235284415956254,-0.16177982532439586,0.07530925649248334,133.25,35.55
12058,2012-01-08 00:00:00,0.022112116855766962,-0.09623422924346134,0.14045846295499528,133.25,35.55
12059,2012-01-09 00:00:00,0.09418435877713263,-0.02427692437218028,0.21264564192644556,133.25,35.55
12060,2012-01-10 00:00:00,0.03629791210659802,-0.08216889245497946,0.1547647166681755,133.25,35.55
12061,2012-01-11 00:00:00,0.0507166368657177,-0.06798086232505224,0.16941413605648764,133.25,35.55
12062,2012-01-12 00:00:00,0.029557196481528394,-0.08923260086261044,0.14834699382566724,133.25,35.55
12063,2012-01-13 00:00:00,0.16497393605586255,0.04640767666417528,0.2835401954475498,133.25,35.55
12064,2012-01-14 00:00:00,0.025502691574958658,-0.09317562181673128,0.1441810049666486,133.25,35.55
12065,2012-01-15 00:00:00,0.06968313164030376,-0.04872629596124686,0.1880925592418544,133.25,35.55
12066,2012-01-16 00:00:00,-0.06126578937171091,-0.1796933094066401,0.05716173066321827,133.25,35.55
12067,2012-01-17 00:00:00,0.021670391162911216,-0.09679995503336897,0.1401407373591914,133.25,35.55
12068,2012-01-18 00:00:00,0.014674819748396819,-0.10364253018889742,0.13299216968569105,133.25,35.55
12069,2012-01-19 00:00:00,-0.059758914478418974,-0.17819317772043194,0.058675348763594024,133.25,35.55
12070,2012-01-20 00:00:00,-0.027941005683549083,-0.1469057194970795,0.09102370812998134,133.25,35.55
12071,2012-01-21 00:00:00,0.003564626370578583,-0.11511306528344012,0.1222423180245973,133.25,35.55
12072,2012-01-22 00:00:00,0.060741740497998666,-0.057635134255923676,0.17911861525192102,133.25,35.55
12073,2012-01-23 00:00:00,-0.0024984030296877967,-0.12155597761067202,0.1165591715512964,133.25,35.55
12074,2012-01-24 00:00:00,0.18098609750146066,0.06162919529027532,0.300342999712646,133.25,35.55
12075,2012-01-25 00:00:00,0.2174765906653444,0.09853891367407516,0.3364142676566137,133.25,35.55
12076,2012-01-26 00:00:00,0.02885438390215425,-0.08991251392188898,0.14762128172619748,133.25,35.55
12077,2012-01-27 00:00:00,0.10619396844923333,-0.012543321888656115,0.22493125878712275,133.25,35.55
12078,2012-01-28 00:00:00,0.07637571976222474,-0.04225986513990354,0.19501130466435299,133.25,35.55
12079,2012-01-29 00:00:00,-0.02049011389200973,-0.13909393095190542,0.09811370316788594,133.25,35.55
12080,2012-01-30 00:00:00,0.042919504674745985,-0.0756306315555294,0.1614696409050214,133.25,35.55
12081,2012-01-31 00:00:00,0.08760912377579287,-0.030882211054672405,0.2061004586062581,133.25,35.55
12082,2012-02-01 00:00:00,0.2076059435767177,0.08760362227869012,0.3276082648747453,133.25,35.55
12083,2012-02-02 00:00:00,-0.046191633927597765,-0.1670224666846376,0.07463919882944207,133.25,35.55
12084,2012-02-03 00:00:00,0.10110731384978723,-0.018039373817431637,0.22025400151700608,133.25,35.55
12085,2012-02-04 00:00:00,0.17852470945450638,0.059840259360246326,0.2972091595487664,133.25,35.55
12086,2012-02-05 00:00:00,0.05146198711289672,-0.06723539948989928,0.17015937371569273,133.25,35.55
12087,2012-02-06 00:00:00,0.04143884767784398,-0.07679879983448515,0.15967649519017313,133.25,35.55
12088,2012-02-07 00:00:00,0.15257170541597911,0.03384223992658629,0.2713011709053719,133.25,35.55
12089,2012-02-08 00:00:00,-0.07050132151344601,-0.18961629069699126,0.048613647670099285,133.25,35.55
12090,2012-02-09 00:00:00,0.1058405618468007,-0.012805014043574231,0.22448613773717566,133.25,35.55
12091,2012-02-10 00:00:00,0.07422664105984272,-0.04417402459380351,0.19262730671348896,133.25,35.55
12092,2012-02-11 00:00:00,0.0059527310134198175,-0.1125278125803092,0.12443327460714886,133.25,35.55
12093,2012-02-12 00:00:00,0.01678044305218765,-0.10170351129134683,0.13526439739572216,133.25,35.55
12094,2012-02-13 00:00:00,0.023633511313513992,-0.09469596619185916,0.14196298881888714,133.25,35.55
12095,2012-02-14 00:00:00,0.024889194710077903,-0.0933529887770296,0.1431313781971854,133.25,35.55
12096,2012-02-15 00:00:00,0.04778555297382207,-0.07077125691989089,0.16634236286753504,133.25,35.55
12097,2012-02-16 00:00:00,0.0884181633649818,-0.03037384323366345,0.20721016996362707,133.25,35.55
12098,2012-02-17 00:00:00,0.04365978820200807,-0.07514304874535037,0.1624626251493665,133.25,35.55
12099,2012-02-18 00:00:00,-0.013893559229103371,-0.1326440342660514,0.10485691580784463,133.25,35.55
12100,2012-02-19 00:00:00,0.03174191545086817,-0.08658202439665669,0.15006585529839306,133.25,35.55
12101,2012-02-20 00:00:00,0.02158603537391546,-0.09656691363950977,0.13973898438734067,133.25,35.55
12102,2012-02-21 00:00:00,0.04790563328077328,-0.07032717887927382,0.1661384454408204,133.25,35.55
12103,2012-02-22 00:00:00,-0.040305984380975116,-0.15858971523263846,0.0779777464706882,133.25,35.55
12104,2012-02-23 00:00:00,0.14038586878116055,0.021846681941448277,0.2589250556208728,133.25,35.55
12105,2012-02-24 00:00:00,-0.08712780693607644,-0.20613798899411134,0.03188237512195849,133.25,35.55
12106,2012-02-25 00:00:00,0.1080298079401429,-0.010344691212619649,0.22640430709290546,133.25,35.55
12107,2012-02-26 00:00:00,-0.03703813002700938,-0.15574484690508722,0.08166858685106848,133.25,35.55
12108,2012-02-27 00:00:00,0.0173272311014097,-0.10119022099602706,0.13584468319884646,133.25,35.55
12109,2012-02-28 00:00:00,-0.027060190630798314,-0.14534668506834905,0.09122630380675242,133.25,35.55
12110,2012-02-29 00:00:00,-0.016138467417054644,-0.13457884045984064,0.10230190562573134,133.25,35.55
12111,2012-03-01 00:00:00,0.008942354491805145,-0.1094108710710571,0.12729558005466735,133.25,35.55
12112,2012-03-02 00:00:00,0.04140466930007716,-0.07696208107015551,0.15977141967030986,133.25,35.55
12113,2012-03-03 00:00:00,-0.04644129518651202,-0.16507082915878502,0.07218823878576094,133.25,35.55
12114,2012-03-04 00:00:00,-0.11569256414193345,-0.23416576813430265,0.0027806398504357233,133.25,35.55
12115,2012-03-05 00:00:00,0.06985692021295664,-0.04889744366169961,0.1886112840876129,133.25,35.55
12116,2012-03-06 00:00:00,0.0933988089593712,-0.02562822538989587,0.21242584330863826,133.25,35.55
12117,2012-03-07 00:00:00,0.03563560454203785,-0.08320561442158739,0.15447682350566308,133.25,35.55
12118,2012-03-08 00:00:00,-0.03319500265459309,-0.15142303183620076,0.08503302652701457,133.25,35.55
12119,2012-03-09 00:00:00,-0.010236476233199536,-0.12848324928055105,0.10801029681415196,133.25,35.55
12120,2012-03-10 00:00:00,-0.006314929548965731,-0.1248962883341184,0.11226642923618692,133.25,35.55
12121,2012-03-11 00:00:00,0.13187525361247945,0.013044518494366551,0.2507059887305923,133.25,35.55
12122,2012-03-12 00:00:00,0.20337656931465653,0.08289788089947629,0.32385525772983675,133.25,35.55
12123,2012-03-13 00:00:00,0.07787274671555452,-0.04166213685269038,0.19740763028379946,133.25,35.55
12124,2012-03-14 00:00:00,0.054666821251316375,-0.06347636255343264,0.1728100050560654,133.25,35.55
12125,2012-03-15 00:00:00,0.01015535418347165,-0.10835909183837156,0.12866980020531488,133.25,35.55
12126,2012-03-16 00:00:00,0.008499139295618595,-0.1098241326306456,0.1268224112218828,133.25,35.55
12127,2012-03-17 00:00:00,0.18208911055012889,0.06348091762485797,0.3006973034753997,133.25,35.55
12128,2012-03-18 00:00:00,0.08012350490100202,-0.038496987570036514,0.19874399737204054,133.25,35.55
12129,2012-03-19 00:00:00,-0.034759783247409984,-0.15324190852677178,0.08372234203195182,133.25,35.55
12130,2012-03-20 00:00:00,0.07632116135119961,-0.04214729821249817,0.19478962091489735,133.25,35.55
12131,2012-03-21 00:00:00,-0.005278622783724242,-0.12370379064494222,0.11314654507749375,133.25,35.55
12132,2012-03-22 00:00:00,0.09762085351037884,-0.020769385238446875,0.21601109225920453,133.25,35.55
12133,2012-03-23 00:00:00,0.018967072744279362,-0.09972113638007696,0.13765528186863568,133.25,35.55
12134,2012-03-24 00:00:00,0.13012808251183755,0.008974938312599991,0.2512812267110751,133.25,35.55
12135,2012-03-25 00:00:00,0.2570752063646712,0.13603301054205733,0.37811740218728507,133.25,35.55
12136,2012-03-26 00:00:00,0.009579828376893768,-0.10974754800559826,0.1289072047593858,133.25,35.55
12137,2012-03-27 00:00:00,0.049820876778058604,-0.06846886084762084,0.16811061440373806,133.25,35.55
12138,2012-03-28 00:00:00,0.1020106265352825,-0.01632549545176927,0.22034674852233427,133.25,35.55
12139,2012-03-29 00:00:00,-0.008743733615320687,-0.12728254945677647,0.10979508222613507,133.25,35.55
12140,2012-03-30 00:00:00,0.1791809372594065,0.06076249481756914,0.2975993797012439,133.25,35.55
12141,2012-03-31 00:00:00,0.17382773343322716,0.05422438081207635,0.29343108605437795,133.25,35.55
12142,2012-04-01 00:00:00,0.02369152771987635,-0.09611548934823314,0.14349854478798585,133.25,35.55
12143,2012-04-02 00:00:00,-0.011806731006208928,-0.1303798144960518,0.10676635248363396,133.25,35.55
12144,2012-04-03 00:00:00,0.5689089764543024,0.4458087470893644,0.6920092058192404,133.25,35.55
12145,2012-04-04 00:00:00,0.11830011052785155,-0.013948199563730557,0.2505484206194337,133.25,35.55
12146,2012-04-05 00:00:00,0.056885323350741826,-0.06458460063957705,0.17835524734106073,133.25,35.55
12147,2012-04-06 00:00:00,0.034273546517524636,-0.0851956455470769,0.15374273858212614,133.25,35.55
12148,2012-04-07 00:00:00,-0.020167186265757957,-0.13951511714274198,0.09918074461122606,133.25,35.55
12149,2012-04-08 00:00:00,0.07870422857493553,-0.039755517121905636,0.1971639742717767,133.25,35.55
12150,2012-04-09 00:00:00,0.09621314570998027,-0.02218656953444593,0.2146128609544065,133.25,35.55
12151,2012-04-10 00:00:00,-0.005925549472902858,-0.12426582415780728,0.11241472521200156,133.25,35.55
12152,2012-04-11 00:00:00,0.18482507136077636,0.06609955747548278,0.3035505852460699,133.25,35.55
12153,2012-04-12 00:00:00,0.0411229387065466,-0.07824073383777208,0.16048661125086527,133.25,35.55
12154,2012-04-13 00:00:00,-0.0224755514592527,-0.14101027786882206,0.09605917495031664,133.25,35.55
12155,2012-04-14 00:00:00,0.03318459024492832,-0.0851701947008068,0.15153937519066346,133.25,35.55
12156,2012-04-15 00:00:00,0.00422372131971235,-0.11402954791964935,0.12247699055907407,133.25,35.55
12157,2012-04-16 00:00:00,0.06127872632835148,-0.056899867884306586,0.17945732054100955,133.25,35.55
12158,2012-04-17 00:00:00,-0.019641564747106502,-0.13793352816952353,0.09865039867531053,133.25,35.55
12159,2012-04-18 00:00:00,0.0041675925849727615,-0.11405516193687434,0.1223903471068199,133.25,35.55
12160,2012-04-19 00:00:00,-0.02007557850914479,-0.1382948787875128,0.09814372176922324,133.25,35.55
12161,2012-04-20 00:00:00,-0.017880833052229587,-0.1361153282889955,0.10035366218453634,133.25,35.55
12162,2012-04-21 00:00:00,-0.038602020300992065,-0.15683226318418025,0.07962822258219612,133.25,35.55
12163,2012-04-22 00:00:00,0.3784665680789089,0.25681699192453233,0.5001161442332854,133.25,35.55
12164,2012-04-23 00:00:00,0.07827710789795826,-0.04392116368078225,0.2004753794766988,133.25,35.55
12165,2012-04-24 00:00:00,0.06062393086423502,-0.057657952978647925,0.17890581470711794,133.25,35.55
12166,2012-04-25 00:00:00,0.0370006623288379,-0.08121040046661429,0.15521172512429007,133.25,35.55
12167,2012-04-26 00:00:00,0.14851999057187806,0.028953382489453006,0.2680865986543031,133.25,35.55
12168,2012-04-27 00:00:00,0.056730313574295275,-0.06253113391697604,0.17599176106556658,133.25,35.55
12169,2012-04-28 00:00:00,0.02322855469758427,-0.09505469640923674,0.14151180580440528,133.25,35.55
12170,2012-04-29 00:00:00,0.047248235892405885,-0.07092822994926593,0.16542470173407772,133.25,35.55
12171,2012-04-30 00:00:00,0.010158048736236713,-0.10857690767251284,0.12889300514498628,133.25,35.55
12172,2012-05-01 00:00:00,0.012747746537524994,-0.10593406915265667,0.1314295622277067,133.25,35.55
12173,2012-05-02 00:00:00,0.027196126723591604,-0.09127359561765806,0.14566584906484126,133.25,35.55
12174,2012-05-03 00:00:00,0.06696533883311477,-0.05209568849457151,0.1860263661608011,133.25,35.55
12175,2012-05-04 00:00:00,0.07716584233120627,-0.04224247127819508,0.1965741559406076,133.25,35.55
12176,2012-05-05 00:00:00,0.17398614282066882,0.05480052405233575,0.2931717615890019,133.25,35.55
12177,2012-05-06 00:00:00,0.10779017765025396,-0.01082374138236497,0.2264040966828729,133.25,35.55
12178,2012-05-07 00:00:00,0.049754226693980816,-0.06883005852628687,0.1683385119142485,133.25,35.55
12179,2012-05-08 00:00:00,0.07779856118601869,-0.04049217333012177,0.1960892957021592,133.25,35.55
12180,2012-05-09 00:00:00,0.02633566524000977,-0.09187758138427836,0.14454891186429789,133.25,35.55
12181,2012-05-10 00:00:00,-0.024911911076891155,-0.14308892922305905,0.09326510706927674,133.25,35.55
12182,2012-05-11 00:00:00,-0.0067938834484743285,-0.12526709664564822,0.11167932974869957,133.25,35.55
12183,2012-05-12 00:00:00,0.024571261631683102,-0.0938292509482835,0.1429717742116497,133.25,35.55
12184,2012-05-13 00:00:00,0.04743105798227063,-0.07083211634762865,0.1656942323121699,133.25,35.55
12185,2012-05-14 00:00:00,0.07383434773084234,-0.044346387359838285,0.19201508282152294,133.25,35.55
12186,2012-05-15 00:00:00,0.11784453891439607,-0.0006102741701433934,0.2362993519989356,133.25,35.55
12187,2012-05-16 00:00:00,0.08667007571784449,-0.031713987008925554,0.20505413844461454,133.25,35.55
12188,2012-05-17 00:00:00,0.09927082992861952,-0.01896444902210495,0.217506108879344,133.25,35.55
12189,2012-05-18 00:00:00,0.029665834505782012,-0.08874489908418925,0.14807656809575329,133.25,35.55
12190,2012-05-19 00:00:00,0.01749855010937045,-0.10073149678040587,0.13572859699914674,133.25,35.55
12191,2012-05-20 00:00:00,0.02470121464205029,-0.09344096300750383,0.14284339229160445,133.25,35.55
12192,2012-05-21 00:00:00,-0.02191915988069421,-0.14018027496719218,0.09634195520580376,133.25,35.55
12193,2012-05-22 00:00:00,0.006327791413443938,-0.11203620420123717,0.12469178702812506,133.25,35.55
12194,2012-05-23 00:00:00,0.05220582450317888,-0.06605822851314208,0.17046987751949985,133.25,35.55
12195,2012-05-24 00:00:00,0.05225548141334615,-0.06584777799430391,0.17035874082099622,133.25,35.55
12196,2012-05-25 00:00:00,0.063168381306082,-0.054942550906995534,0.18127931351915955,133.25,35.55
12197,2012-05-26 00:00:00,0.02780988525816007,-0.0903446210089872,0.14596439152530732,133.25,35.55
12198,2012-05-27 00:00:00,0.04144643339802727,-0.07670554132095489,0.15959840811700945,133.25,35.55
12199,2012-05-28 00:00:00,0.04133735272864122,-0.07689918942311466,0.1595738948803971,133.25,35.55
12200,2012-05-29 00:00:00,-0.011242044318821084,-0.1295097593056054,0.10702567066796324,133.25,35.55
12201,2012-05-30 00:00:00,-0.014250954992384778,-0.1324423222610283,0.10394041227625876,133.25,35.55
12202,2012-05-31 00:00:00,0.009843272315764092,-0.10829941121629748,0.12798595584782568,133.25,35.55
12203,2012-06-01 00:00:00,0.03074249595579288,-0.08738677989649772,0.14887177180808348,133.25,35.55
12204,2012-06-02 00:00:00,-0.008399272775117018,-0.12650751362988685,0.1097089680796528,133.25,35.55
12205,2012-06-03 00:00:00,0.02488019116908745,-0.09325324601537466,0.14301362835354955,133.25,35.55
12206,2012-06-04 00:00:00,0.02359041643767804,-0.0945441427715028,0.14172497564685888,133.25,35.55
12207,2012-06-05 00:00:00,0.06011122804324918,-0.058057152782703327,0.1782796088692017,133.25,35.55
12208,2012-06-06 00:00:00,0.09163043756901554,-0.02690133133281722,0.2101622064708483,133.25,35.55
12209,2012-06-07 00:00:00,0.056733291024108075,-0.06162795476016205,0.1750945368083782,133.25,35.55
12210,2012-06-08 00:00:00,0.06981817275751813,-0.0483828356147146,0.18801918112975088,133.25,35.55
12211,2012-06-09 00:00:00,0.0669969702546194,-0.05149931714831532,0.18549325765755406,133.25,35.55
12212,2012-06-10 00:00:00,0.0660938748208808,-0.052279419538790166,0.18446716918055175,133.25,35.55
12213,2012-06-11 00:00:00,0.034818621585545745,-0.08333082599977246,0.15296806917086395,133.25,35.55
12214,2012-06-12 00:00:00,0.031813434578269385,-0.08638166873486093,0.15000853789139973,133.25,35.55
12215,2012-06-13 00:00:00,-0.0011643737527765664,-0.1195880959430363,0.11725934843748315,133.25,35.55
12216,2012-06-14 00:00:00,-0.026976328344243992,-0.14525901226622187,0.0913063555777339,133.25,35.55
12217,2012-06-15 00:00:00,-0.01805549660110569,-0.1362795130298013,0.1001685198275899,133.25,35.55
12218,2012-06-16 00:00:00,0.10162909785009648,-0.017018849393834676,0.2202770450940276,133.25,35.55
12219,2012-06-17 00:00:00,0.10237799991358493,-0.016459350369189926,0.2212153501963597,133.25,35.55
12220,2012-06-18 00:00:00,0.03369974720024276,-0.08447132621800069,0.1518708206184862,133.25,35.55
12221,2012-06-19 00:00:00,0.09355817801709454,-0.02487964727627884,0.21199600331046792,133.25,35.55
12222,2012-06-20 00:00:00,0.0987704085818432,-0.02145815365887384,0.2189989708225602,133.25,35.55
12223,2012-06-21 00:00:00,-0.01678769233649855,-0.13551044403102472,0.1019350593580276,133.25,35.55
12224,2012-06-22 00:00:00,0.03480706914913507,-0.08376817226531719,0.1533823105635873,133.25,35.55
12225,2012-06-23 00:00:00,-0.011691203003068742,-0.13011048578751613,0.10672807978137866,133.25,35.55
12226,2012-06-24 00:00:00,0.05334320830631811,-0.06487665639813936,0.1715630730107756,133.25,35.55
12227,2012-06-25 00:00:00,-0.021891360948117132,-0.1402466147521816,0.09646389285594736,133.25,35.55
12228,2012-06-26 00:00:00,-0.02963427274469513,-0.14792408365783805,0.08865553816844778,133.25,35.55
12229,2012-06-27 00:00:00,-0.0035013805852020137,-0.12177268218203073,0.1147699210116267,133.25,35.55
12230,2012-06-28 00:00:00,0.0061743448084931605,-0.1121797641162284,0.12452845373321472,133.25,35.55
12231,2012-06-29 00:00:00,0.030549075918767536,-0.0876790347548671,0.14877718659240216,133.25,35.55
12232,2012-06-30 00:00:00,0.15025932162919645,0.03183778714764116,0.26868085611075176,133.25,35.55
12233,2012-07-01 00:00:00,0.08616538998098669,-0.03280694129157996,0.2051377212535533,133.25,35.55
12234,2012-07-02 00:00:00,0.1125751314750204,-0.006015371578328432,0.2311656345283692,133.25,35.55
12235,2012-07-03 00:00:00,0.09873202462692633,-0.019455146198639302,0.21691919545249194,133.25,35.55
12236,2012-07-04 00:00:00,0.08817416300600099,-0.030076599971686737,0.20642492598368875,133.25,35.55
12237,2012-07-05 00:00:00,0.0653264931950524,-0.05290260177162333,0.18355558816172807,133.25,35.55
12238,2012-07-06 00:00:00,0.11277250787741902,-0.005587846441316921,0.2311328621961549,133.25,35.55
12239,2012-07-07 00:00:00,0.10713378352633862,-0.011855271909349749,0.22612283896202698,133.25,35.55
12240,2012-07-08 00:00:00,0.04831670536903514,-0.07030074094126293,0.1669341516793332,133.25,35.55
12241,2012-07-09 00:00:00,0.0432194899306619,-0.07490419925862947,0.16134317911995327,133.25,35.55
12242,2012-07-10 00:00:00,0.056246935598055804,-0.06185462984665593,0.17434850104276753,133.25,35.55
12243,2012-07-11 00:00:00,0.14495179003173556,0.02656010081355624,0.2633434792499149,133.25,35.55
12244,2012-07-12 00:00:00,0.16607090721765772,0.04685906079074241,0.285282753644573,133.25,35.55
12245,2012-07-13 00:00:00,0.04605327255304085,-0.07280997184912423,0.1649165169552059,133.25,35.55
12246,2012-07-14 00:00:00,0.05214789019002952,-0.06614000632449446,0.1704357867045535,133.25,35.55
12247,2012-07-15 00:00:00,0.0678682273512564,-0.0505459050258627,0.1862823597283755,133.25,35.55
12248,2012-07-16 00:00:00,0.042623913259072034,-0.07589790040558926,0.16114572692373336,133.25,35.55
12249,2012-07-17 00:00:00,-0.005902722643904877,-0.12421563564241055,0.1124101903546008,133.25,35.55
12250,2012-07-18 00:00:00,-0.003868922034123597,-0.12215939490816323,0.114421550839916,133.25,35.55
12251,2012-07-19 00:00:00,0.060987652097094315,-0.05744586778892355,0.17942117198311214,133.25,35.55
12252,2012-07-20 00:00:00,0.06980642152946298,-0.048596245804522376,0.1882090888634483,133.25,35.55
12253,2012-07-21 00:00:00,0.053339290691746435,-0.06481650065299158,0.17149508203648448,133.25,35.55
12254,2012-07-22 00:00:00,-0.0037227177213350476,-0.12186820739379865,0.11442277195112854,133.25,35.55
12255,2012-07-23 00:00:00,0.05661983835850544,-0.06151298455138636,0.17475266126839722,133.25,35.55
12256,2012-07-24 00:00:00,0.043430095846978635,-0.07468118970969548,0.16154138140365276,133.25,35.55
12257,2012-07-25 00:00:00,0.048569681104628136,-0.06952066647274646,0.16666002868200275,133.25,35.55
12258,2012-07-26 00:00:00,0.06767740869792592,-0.050406363492753306,0.1857611808886052,133.25,35.55
12259,2012-07-27 00:00:00,0.06504818679845475,-0.053030333444524916,0.1831267070414344,133.25,35.55
12260,2012-07-28 00:00:00,0.06526561540436679,-0.05281802195090917,0.1833492527596428,133.25,35.55
12261,2012-07-29 00:00:00,0.06964749811535402,-0.04843999360753713,0.1877349898382452,133.25,35.55
12262,2012-07-30 00:00:00,0.06687084948534687,-0.051228655456572514,0.18497035442726628,133.25,35.55
12263,2012-07-31 00:00:00,0.04411849721324673,-0.07400654713876911,0.16224354156526258,133.25,35.55
12264,2012-08-01 00:00:00,0.03561000526270139,-0.08273452912690281,0.1539545396523056,133.25,35.55
12265,2012-08-02 00:00:00,-0.009720693831413428,-0.12821067579926376,0.1087692881364369,133.25,35.55
12266,2012-08-03 00:00:00,-0.01031951692654685,-0.12855332691697868,0.10791429306388498,133.25,35.55
12267,2012-08-04 00:00:00,-0.003601069786507101,-0.12177943466216105,0.11457729508914685,133.25,35.55
12268,2012-08-05 00:00:00,0.027494680190757632,-0.09069974962169107,0.14568911000320633,133.25,35.55
12269,2012-08-06 00:00:00,0.039233193125602056,-0.07898109629853546,0.15744748254973956,133.25,35.55
12270,2012-08-07 00:00:00,0.011371537222006308,-0.10682423766417128,0.1295673121081839,133.25,35.55
12271,2012-08-08 00:00:00,0.022070083132105383,-0.09608661099474147,0.14022677725895225,133.25,35.55
12272,2012-08-09 00:00:00,0.053483422508108974,-0.06467233039223189,0.17163917540844986,133.25,35.55
12273,2012-08-10 00:00:00,0.05738572312016619,-0.0607458858498652,0.17551733209019754,133.25,35.55
12274,2012-08-11 00:00:00,0.049470958010387964,-0.0686714928604105,0.16761340888118642,133.25,35.55
12275,2012-08-12 00:00:00,0.06618004702343132,-0.051943534727672436,0.1843036287745351,133.25,35.55
12276,2012-08-13 00:00:00,0.1283318304228438,0.010029478508537026,0.24663418233715054,133.25,35.55
12277,2012-08-14 00:00:00,-0.016020277947753174,-0.13482384604871714,0.10278329015321083,133.25,35.55
12278,2012-08-15 00:00:00,0.12032627725475185,0.001873023089667858,0.2387795314198358,133.25,35.55
12279,2012-08-16 00:00:00,0.05976374307361591,-0.058691073086215635,0.17821855923344748,133.25,35.55
12280,2012-08-17 00:00:00,-0.0055838358591487215,-0.1237806868902668,0.11261301517196935,133.25,35.55
12281,2012-08-18 00:00:00,0.03300261078192525,-0.08506859399754615,0.15107381556139668,133.25,35.55
12282,2012-08-19 00:00:00,0.07131140303277869,-0.04678422013041321,0.1894070261959706,133.25,35.55
12283,2012-08-20 00:00:00,0.07765750594472345,-0.04053818686302784,0.1958531987524748,133.25,35.55
12284,2012-08-21 00:00:00,0.05775130827513185,-0.06044541670210856,0.17594803325237224,133.25,35.55
12285,2012-08-22 00:00:00,0.09374429107362137,-0.024453097728635617,0.2119416798758783,133.25,35.55
12286,2012-08-23 00:00:00,0.028526578261879543,-0.08979204192053566,0.14684519844429475,133.25,35.55
12287,2012-08-24 00:00:00,-0.017064154483307267,-0.13527409084987085,0.1011457818832563,133.25,35.55
12288,2012-08-25 00:00:00,-0.01324953720222493,-0.13137214215743342,0.10487306775298356,133.25,35.55
12289,2012-08-26 00:00:00,0.02056813315281541,-0.09755712294873672,0.13869338925436756,133.25,35.55
12290,2012-08-27 00:00:00,-0.0076062719666708705,-0.12606864307603147,0.11085609914268972,133.25,35.55
12291,2012-08-28 00:00:00,0.05345988310742557,-0.06613137195905865,0.17305113817390974,133.25,35.55
12292,2012-08-29 00:00:00,0.20519439702605136,0.08441844736001923,0.3259703466920835,133.25,35.55
12293,2012-08-30 00:00:00,0.092426383180341,-0.026351064216927067,0.21120383057760905,133.25,35.55
12294,2012-08-31 00:00:00,0.03150471169970778,-0.08701749704974505,0.1500269204491606,133.25,35.55
12295,2012-09-01 00:00:00,0.014141579995271348,-0.10434244203011664,0.13262560202065934,133.25,35.55
12296,2012-09-02 00:00:00,-0.0033444951424130014,-0.12148784734187305,0.11479885705704705,133.25,35.55
12297,2012-09-03 00:00:00,0.03027686305862813,-0.0878817560048326,0.14843548212208885,133.25,35.55
12298,2012-09-04 00:00:00,0.055780895903859366,-0.062403659116012075,0.1739654509237308,133.25,35.55
12299,2012-09-05 00:00:00,0.014163688183747868,-0.1039349160458681,0.13226229241336385,133.25,35.55
12300,2012-09-06 00:00:00,0.03509139479406912,-0.08299444806001513,0.15317723764815336,133.25,35.55
12301,2012-09-07 00:00:00,-0.009948618256907635,-0.1280589197759233,0.10816168326210802,133.25,35.55
12302,2012-09-08 00:00:00,0.03880607344819638,-0.07948356619765368,0.15709571309404646,133.25,35.55
12303,2012-09-09 00:00:00,0.051678588442336165,-0.06659238907860163,0.16994956596327393,133.25,35.55
12304,2012-09-10 00:00:00,0.057214063274640174,-0.06100134214930431,0.17542946869858467,133.25,35.55
12305,2012-09-11 00:00:00,-0.04474595593312167,-0.16310382910214982,0.0736119172359065,133.25,35.55
12306,2012-09-12 00:00:00,0.04430768347012468,-0.0739169765262869,0.16253234346653625,133.25,35.55
12307,2012-09-13 00:00:00,0.055748289089674746,-0.06238093565221889,0.17387751383156838,133.25,35.55
12308,2012-09-14 00:00:00,0.040546566682518916,-0.07759986539995532,0.15869299876499315,133.25,35.55
12309,2012-09-15 00:00:00,-0.02004673666173795,-0.1384141396307323,0.09832066630725636,133.25,35.55
12310,2012-09-16 00:00:00,-0.05051441974858956,-0.16889929952970814,0.06787046003252906,133.25,35.55
12311,2012-09-17 00:00:00,0.20670908636865595,0.08492962428220271,0.3284885484551091,133.25,35.55
12312,2012-09-18 00:00:00,0.11859040586702052,-0.005341545787684421,0.24252235752172546,133.25,35.55
12313,2012-09-19 00:00:00,0.07985326057216083,-0.03912776894722463,0.1988342900915463,133.25,35.55
12314,2012-09-20 00:00:00,0.040393279888504,-0.07782610063118026,0.15861266040818825,133.25,35.55
12315,2012-09-21 00:00:00,0.0018269599203761344,-0.1162889521398364,0.11994287198058867,133.25,35.55
12316,2012-09-22 00:00:00,0.029895949941431237,-0.0882111137762468,0.14800301365910928,133.25,35.55
12317,2012-09-23 00:00:00,0.038956702528967366,-0.07937164241713672,0.15728504747507147,133.25,35.55
12318,2012-09-24 00:00:00,-0.0006766253181588189,-0.11915850663824785,0.1178052560019302,133.25,35.55
12319,2012-09-25 00:00:00,-0.0023566080294491754,-0.1206979196609222,0.11598470360202386,133.25,35.55
12320,2012-09-26 00:00:00,-0.02512930471373404,-0.14327292763251015,0.09301431820504208,133.25,35.55
12321,2012-09-27 00:00:00,-0.012519645316372896,-0.13075786611564738,0.1057185754829016,133.25,35.55
12322,2012-09-28 00:00:00,0.057755392056307815,-0.060492279361766,0.17600306347438166,133.25,35.55
12323,2012-09-29 00:00:00,0.09349949439632613,-0.024658143464000217,0.21165713225665247,133.25,35.55
12324,2012-09-30 00:00:00,0.03685533401269786,-0.08163510190950203,0.15534576993489774,133.25,35.55
12325,2012-10-01 00:00:00,-0.01956079444439686,-0.13865046532543807,0.09952887643664436,133.25,35.55
12326,2012-10-02 00:00:00,-0.000919770813285356,-0.11908303417578847,0.11724349254921775,133.25,35.55
12327,2012-10-03 00:00:00,0.004786561906698447,-0.11333215928624216,0.12290528309963905,133.25,35.55
12328,2012-10-04 00:00:00,0.041754190744473764,-0.0765586255385171,0.16006700702746465,133.25,35.55
12329,2012-10-05 00:00:00,0.02448614390584373,-0.09380195521246706,0.14277424302415453,133.25,35.55
12330,2012-10-06 00:00:00,-0.017509231275187744,-0.13567413789300012,0.10065567534262464,133.25,35.55
12331,2012-10-07 00:00:00,-0.03578441360537435,-0.15400008307674254,0.08243125586599385,133.25,35.55
12332,2012-10-08 00:00:00,-0.0022513346518999305,-0.12047626654079632,0.11597359723699645,133.25,35.55
12333,2012-10-09 00:00:00,0.0027973022708177586,-0.11532481813224058,0.12091942267387608,133.25,35.55
12334,2012-10-10 00:00:00,0.05314589082092963,-0.0649923834071438,0.17128416504900307,133.25,35.55
12335,2012-10-11 00:00:00,0.07220799865636593,-0.046094050061235715,0.1905100473739676,133.25,35.55
12336,2012-10-12 00:00:00,-0.043573197496324656,-0.16185492846625668,0.07470853347360737,133.25,35.55
12337,2012-10-13 00:00:00,0.010290627784566048,-0.10790673237413644,0.12848798794326854,133.25,35.55
12338,2012-10-14 00:00:00,0.021859680532727514,-0.09631255518024533,0.14003191624570036,133.25,35.55
12339,2012-10-15 00:00:00,0.018455972953897646,-0.09983965673696768,0.13675160264476294,133.25,35.55
12340,2012-10-16 00:00:00,-0.0592577868167805,-0.1775375647450442,0.059021991111483214,133.25,35.55
12341,2012-10-17 00:00:00,0.12020186065055966,0.0017626207129780578,0.2386411005881412,133.25,35.55
12342,2012-10-18 00:00:00,0.02385067574533825,-0.09495774325438117,0.14265909474505767,133.25,35.55
12343,2012-10-19 00:00:00,0.036722799686585934,-0.08240016111921658,0.15584576049238846,133.25,35.55
12344,2012-10-20 00:00:00,-0.03835564420483737,-0.15667515286363176,0.07996386445395699,133.25,35.55
12345,2012-10-21 00:00:00,0.054756070708289716,-0.0634977993364125,0.17300994075299192,133.25,35.55
12346,2012-10-22 00:00:00,0.0989595948649932,-0.019491184510907426,0.21741037424089385,133.25,35.55
12347,2012-10-23 00:00:00,0.1411657316517025,0.02134845738733471,0.2609830059160703,133.25,35.55
12348,2012-10-24 00:00:00,-0.08894088861965255,-0.2080577416019717,0.030175964362666605,133.25,35.55
12349,2012-10-25 00:00:00,0.01825594665795948,-0.09988792033295224,0.1363998136488712,133.25,35.55
12350,2012-10-26 00:00:00,0.005901602082312465,-0.1121873643741319,0.12399056853875685,133.25,35.55
12351,2012-10-27 00:00:00,-0.02050463821365807,-0.13870416873711755,0.0976948923098014,133.25,35.55
12352,2012-10-28 00:00:00,0.13338661489075507,0.013252823465929821,0.2535204063155803,133.25,35.55
12353,2012-10-29 00:00:00,0.05096805364103425,-0.06903508256831722,0.17097118985038573,133.25,35.55
12354,2012-10-30 00:00:00,0.0915414382343641,-0.027647137029319733,0.21073001349804796,133.25,35.55
12355,2012-10-31 00:00:00,0.01610473482906844,-0.10333203214064407,0.13554150179878094,133.25,35.55
12356,2012-11-01 00:00:00,0.16607859320849028,0.046737784356764775,0.28541940206021577,133.25,35.55
12357,2012-11-02 00:00:00,-0.062137979361083985,-0.18223037096620914,0.05795441224404117,133.25,35.55
12358,2012-11-03 00:00:00,-0.0005047041096774356,-0.11883621306246606,0.11782680484311114,133.25,35.55
12359,2012-11-04 00:00:00,-0.01897967201548664,-0.13720155443504914,0.09924221040407588,133.25,35.55
12360,2012-11-05 00:00:00,0.12901419554496826,0.010393581989830106,0.2476348091001064,133.25,35.55
12361,2012-11-06 00:00:00,0.09528933081216803,-0.0237415814737153,0.2143202430980514,133.25,35.55
12362,2012-11-07 00:00:00,0.1105840745338268,-0.007971099837834561,0.2291392489054881,133.25,35.55
12363,2012-11-08 00:00:00,0.07996310945137768,-0.03880531368054563,0.19873153258330095,133.25,35.55
12364,2012-11-09 00:00:00,0.006120027053514523,-0.11234957077894488,0.12458962488597396,133.25,35.55
12365,2012-11-10 00:00:00,-0.05417210085309281,-0.1725289789654949,0.06418477725930928,133.25,35.55
12366,2012-11-11 00:00:00,0.14906192937380072,0.030142770068532325,0.2679810886790691,133.25,35.55
12367,2012-11-12 00:00:00,0.13407316823407428,0.013010118649177295,0.2551362178189713,133.25,35.55
12368,2012-11-13 00:00:00,0.21453911048830246,0.09535302115457933,0.33372519982202553,133.25,35.55
12369,2012-11-14 00:00:00,0.18404720149649995,0.06485653252031834,0.3032378704726816,133.25,35.55
12370,2012-11-15 00:00:00,-0.022479666285612626,-0.1416594338441402,0.09670010127291497,133.25,35.55
12371,2012-11-16 00:00:00,0.028700931041452733,-0.0899306150342685,0.14733247711717395,133.25,35.55
12372,2012-11-17 00:00:00,0.19480079646484236,0.07562576772528377,0.3139758252044009,133.25,35.55
12373,2012-11-18 00:00:00,-0.028793359476164463,-0.1481336459413731,0.09054692698904418,133.25,35.55
12374,2012-11-19 00:00:00,0.09563245131304794,-0.022751758407470967,0.21401666103356687,133.25,35.55
12375,2012-11-20 00:00:00,0.11762779872928444,-0.0008293176125585832,0.2360849150711275,133.25,35.55
12376,2012-11-21 00:00:00,-0.029955196117112438,-0.14825035095747746,0.08833995872325259,133.25,35.55
12377,2012-11-22 00:00:00,0.057456151568910575,-0.06080591726378736,0.1757182204016085,133.25,35.55
12378,2012-11-23 00:00:00,0.04112349038063665,-0.07741954405273606,0.15966652481400934,133.25,35.55
12379,2012-11-24 00:00:00,0.038106870673623394,-0.08073865174276232,0.15695239309000913,133.25,35.55
12380,2012-11-25 00:00:00,0.030203698693615468,-0.08827622406713229,0.14868362145436326,133.25,35.55
12381,2012-11-26 00:00:00,0.2204467141959769,0.10134849562882024,0.3395449327631335,133.25,35.55
12382,2012-11-27 00:00:00,-0.003960662902405397,-0.12362715744241815,0.1157058316376074,133.25,35.55
12383,2012-11-28 00:00:00,0.12331318852008248,0.0048397948298529725,0.241786582210312,133.25,35.55
12384,2012-11-29 00:00:00,0.08019085361816664,-0.0386374639064048,0.19901917114273807,133.25,35.55
12385,2012-11-30 00:00:00,0.004068691371870104,-0.11439841339467025,0.12253579613841045,133.25,35.55
12386,2012-12-01 00:00:00,0.04518375583886458,-0.07337768867428628,0.16374520035201545,133.25,35.55
12387,2012-12-02 00:00:00,0.034433030024098886,-0.08412688787243326,0.15299294792063106,133.25,35.55
12388,2012-12-03 00:00:00,0.042733821713869816,-0.07554953844746462,0.16101718187520425,133.25,35.55
12389,2012-12-04 00:00:00,0.17618749127528854,0.057008312258898526,0.2953666702916786,133.25,35.55
12390,2012-12-05 00:00:00,0.11834109307010825,-0.0007924072568985112,0.23747459339711505,133.25,35.55
12391,2012-12-06 00:00:00,0.3049799650729945,0.17698563470505227,0.4329742954409368,133.25,35.55
12392,2012-12-07 00:00:00,-0.04625846965289193,-0.1725378070266383,0.08002086772085443,133.25,35.55
12393,2012-12-08 00:00:00,0.22589529594216826,0.0984332571110797,0.3533573347732568,133.25,35.55
12394,2012-12-09 00:00:00,0.24400774978259746,0.11742159983167537,0.37059389973351947,133.25,35.55
12395,2012-12-10 00:00:00,0.049534617696235225,-0.07022636177675969,0.16929559716923015,133.25,35.55
12396,2012-12-11 00:00:00,0.07915010554399038,-0.039643197329180015,0.19794340841716074,133.25,35.55
12397,2012-12-12 00:00:00,0.019761544587561214,-0.09868772190328527,0.1382108110784077,133.25,35.55
12398,2012-12-13 00:00:00,-0.023975333393740958,-0.1422656248027165,0.0943149580152346,133.25,35.55
12399,2012-12-14 00:00:00,0.02127609305238754,-0.09693564118487732,0.1394878272896524,133.25,35.55
12400,2012-12-15 00:00:00,0.01932203642466487,-0.1001917808197566,0.13883585366908632,133.25,35.55
12401,2012-12-16 00:00:00,-0.03919293218077215,-0.15832458954526402,0.07993872518371971,133.25,35.55
12402,2012-12-17 00:00:00,0.007136269767740565,-0.1111975163624888,0.12547005589796995,133.25,35.55
12403,2012-12-18 00:00:00,0.07120171737207674,-0.047504501857847665,0.18990793660200114,133.25,35.55
12404,2012-12-19 00:00:00,0.0574203375469626,-0.061507095780682086,0.1763477708746073,133.25,35.55
12405,2012-12-20 00:00:00,0.05477897629894103,-0.06357491911619459,0.17313287171407662,133.25,35.55
12406,2012-12-21 00:00:00,-0.003797495486957271,-0.12215625191929065,0.11456126094537612,133.25,35.55
12407,2012-12-22 00:00:00,0.13949196693909335,0.020614182693131974,0.25836975118505473,133.25,35.55
12408,2012-12-23 00:00:00,0.03850252229820515,-0.08076126535348911,0.15776630994989946,133.25,35.55
12409,2012-12-24 00:00:00,0.0508563087112058,-0.0689540588934342,0.17066667631584578,133.25,35.55
12410,2012-12-25 00:00:00,0.20619590786551656,0.08736364510403491,0.3250281706269982,133.25,35.55
12411,2012-12-26 00:00:00,-0.02280432546402665,-0.1416800871933992,0.0960714362653459,133.25,35.55
12412,2012-12-27 00:00:00,0.029307470696071012,-0.08903787354470358,0.1476528149368456,133.25,35.55
12413,2012-12-28 00:00:00,0.0063358435206195655,-0.1120847306915067,0.12475641773274584,133.25,35.55
12414,2012-12-29 00:00:00,-0.016037523154646613,-0.13615431794370578,0.10407927163441257,133.25,35.55
12415,2012-12-30 00:00:00,0.17707215446057215,0.058096756610420235,0.2960475523107241,133.25,35.55
12416,2012-12-31 00:00:00,0.055758301734363684,-0.0635051255047611,0.1750217289734885,133.25,35.55
12417,2013-01-01 00:00:00,0.026312601170818156,-0.09283496255553207,0.1454601648971684,133.25,35.55
12418,2013-01-02 00:00:00,0.2275057065484638,0.10714338199261247,0.34786803110431513,133.25,35.55
12419,2013-01-03 00:00:00,0.033531803294154665,-0.08641453273706731,0.15347813932537666,133.25,35.55
12420,2013-01-04 00:00:00,0.008514841278591083,-0.10998086914477033,0.12701055170195247,133.25,35.55
12421,2013-01-05 00:00:00,0.059803221861882125,-0.058431650618345675,0.17803809434210993,133.25,35.55
12422,2013-01-06 00:00:00,0.04992987993029695,-0.06838751122187453,0.16824727108246842,133.25,35.55
12423,2013-01-07 00:00:00,0.02955115033484887,-0.08868898371414845,0.1477912843838462,133.25,35.55
12424,2013-01-08 00:00:00,0.03614761451561857,-0.0821351228496877,0.15443035188092485,133.25,35.55
12425,2013-01-09 00:00:00,0.0893887117863735,-0.029036850253565213,0.20781427382631226,133.25,35.55
12426,2013-01-10 00:00:00,0.004228949967741487,-0.11431603486572413,0.1227739348012071,133.25,35.55
12427,2013-01-11 00:00:00,-0.032145186069036824,-0.15048038324994362,0.08619001111186995,133.25,35.55
12428,2013-01-12 00:00:00,0.06403215027807509,-0.05425259026509484,0.18231689082124505,133.25,35.55
12429,2013-01-13 00:00:00,0.06925797506137732,-0.04916824126916816,0.1876841913919228,133.25,35.55
12430,2013-01-14 00:00:00,-0.002232513857244503,-0.12198780137208345,0.11752277365759445,133.25,35.55
12431,2013-01-15 00:00:00,-0.16095175773424222,-0.2817379503916677,-0.0401655650768168,133.25,35.55
12432,2013-01-16 00:00:00,0.10055534508926743,-0.018042398432547138,0.219153088611082,133.25,35.55
12433,2013-01-17 00:00:00,0.01755636209874766,-0.10100845086725484,0.13612117506475016,133.25,35.55
12434,2013-01-18 00:00:00,0.036750079020146535,-0.08215042814221953,0.1556505861825126,133.25,35.55
12435,2013-01-19 00:00:00,0.0998697801038621,-0.018912879105501046,0.21865243931322528,133.25,35.55
12436,2013-01-20 00:00:00,-0.032346515138882564,-0.15059681160155514,0.08590378132379002,133.25,35.55
12437,2013-01-21 00:00:00,-0.022986091859420882,-0.14117009741607914,0.0951979136972374,133.25,35.55
12438,2013-01-22 00:00:00,0.0692594141089135,-0.04937093145460378,0.1878897596724308,133.25,35.55
12439,2013-01-23 00:00:00,-0.022249253216140512,-0.14070036568884814,0.09620185925656713,133.25,35.55
12440,2013-01-24 00:00:00,0.1395376991722154,0.02120514679206593,0.2578702515523649,133.25,35.55
12441,2013-01-25 00:00:00,0.2264040270448366,0.10737860009247266,0.3454294539972006,133.25,35.55
12442,2013-01-26 00:00:00,0.24377894952807005,0.1243104238003672,0.3632474752557728,133.25,35.55
12443,2013-01-27 00:00:00,0.02815724011311178,-0.09108052868996136,0.14739500891618493,133.25,35.55
12444,2013-01-28 00:00:00,0.037924518025857085,-0.08081978231521547,0.15666881836692967,133.25,35.55
12445,2013-01-29 00:00:00,0.003749120193736674,-0.11464179113655433,0.12214003152402768,133.25,35.55
12446,2013-01-30 00:00:00,-0.009629958205266095,-0.1278542940106548,0.10859437760012257,133.25,35.55
12447,2013-01-31 00:00:00,-0.02229325193701721,-0.14051496982509498,0.09592846595106057,133.25,35.55
12448,2013-02-01 00:00:00,0.07893048665849292,-0.03937056552151351,0.19723153883849934,133.25,35.55
12449,2013-02-02 00:00:00,0.12928922486795552,0.00899386372147902,0.249584586014432,133.25,35.55
12450,2013-02-03 00:00:00,-0.1100568542062104,-0.2287919433099606,0.008678234897539813,133.25,35.55
12451,2013-02-04 00:00:00,0.11450400189053984,-0.003846139686368197,0.23285414346744795,133.25,35.55
12452,2013-02-05 00:00:00,-0.07158309559661225,-0.19048975370514412,0.047323562511919666,133.25,35.55
12453,2013-02-06 00:00:00,0.07916036243437496,-0.039520573199907635,0.1978412980686576,133.25,35.55
12454,2013-02-07 00:00:00,0.16668552229385358,0.047161267115434544,0.2862097774722726,133.25,35.55
12455,2013-02-08 00:00:00,-0.04719774977486583,-0.1668505805615652,0.07245508101183358,133.25,35.55
12456,2013-02-09 00:00:00,0.02898585500198958,-0.08974063685332814,0.1477123468573073,133.25,35.55
12457,2013-02-10 00:00:00,0.07860869020337853,-0.039726438700080184,0.19694381910683725,133.25,35.55
12458,2013-02-11 00:00:00,0.04489013858617965,-0.07378238773764909,0.16356266491000834,133.25,35.55
12459,2013-02-12 00:00:00,-0.005748539297416706,-0.12414474369330007,0.11264766509846665,133.25,35.55
12460,2013-02-13 00:00:00,0.10165461940800556,-0.01802853485904883,0.2213377736750599,133.25,35.55
12461,2013-02-14 00:00:00,-0.01217956248959974,-0.13130704168511628,0.1069479167059168,133.25,35.55
12462,2013-02-15 00:00:00,0.058695358778813225,-0.05958606310010248,0.17697678065772893,133.25,35.55
12463,2013-02-16 00:00:00,-0.06160975819351811,-0.18031755059979215,0.057098034212755965,133.25,35.55
12464,2013-02-17 00:00:00,0.0012868355904129339,-0.11699643081691086,0.11957010199773672,133.25,35.55
12465,2013-02-18 00:00:00,0.1713191780645642,0.05247984390910285,0.29015851222002553,133.25,35.55
12466,2013-02-19 00:00:00,-0.051326952480894715,-0.17048800897862948,0.06783410401684006,133.25,35.55
12467,2013-02-20 00:00:00,0.018819416998949887,-0.09956675807005773,0.1372055920679575,133.25,35.55
12468,2013-02-21 00:00:00,0.013951144260874626,-0.104495453572838,0.13239774209458724,133.25,35.55
12469,2013-02-22 00:00:00,0.06300178074742553,-0.05534152615755456,0.1813450876524056,133.25,35.55
12470,2013-02-23 00:00:00,0.042695561737413616,-0.07594560141670309,0.1613367248915303,133.25,35.55
12471,2013-02-24 00:00:00,-0.033591764489063695,-0.15396171871006892,0.08677818973194154,133.25,35.55
12472,2013-02-25 00:00:00,0.021685301681325462,-0.09784000802707267,0.14121061138972366,133.25,35.55
12473,2013-02-26 00:00:00,-0.0051929102955923035,-0.1234602849684005,0.11307446437721587,133.25,35.55
12474,2013-02-27 00:00:00,0.09909166134248924,-0.01922935661338657,0.21741267929836505,133.25,35.55
12475,2013-02-28 00:00:00,-0.02325710786215762,-0.14149763038746155,0.09498341466314633,133.25,35.55
12476,2013-03-01 00:00:00,0.21826253919702995,0.09939572694025904,0.3371293514538008,133.25,35.55
12477,2013-03-02 00:00:00,0.011827208495759259,-0.10825749497255632,0.1319119119640748,133.25,35.55
12478,2013-03-03 00:00:00,-0.038493829229398514,-0.15702274217824996,0.08003508371945292,133.25,35.55
12479,2013-03-04 00:00:00,0.04371945770461372,-0.07456407468753627,0.16200299009676372,133.25,35.55
12480,2013-03-05 00:00:00,0.027212054130354248,-0.09119761034995366,0.14562171861066214,133.25,35.55
12481,2013-03-06 00:00:00,0.0867930324297759,-0.03148719827810671,0.2050732631376585,133.25,35.55
12482,2013-03-07 00:00:00,0.13139625827946744,0.012990935143441198,0.2498015814154937,133.25,35.55
12483,2013-03-08 00:00:00,0.21250877383201894,0.0939539365976172,0.3310636110664207,133.25,35.55
12484,2013-03-09 00:00:00,-0.006062457567682339,-0.1249349957248198,0.11281008058945513,133.25,35.55
12485,2013-03-10 00:00:00,0.17180350160003416,0.05161530168358083,0.29199170151648746,133.25,35.55
12486,2013-03-11 00:00:00,-0.06681066708111646,-0.18703657265840815,0.053415238496175264,133.25,35.55
12487,2013-03-12 00:00:00,0.07346602951626342,-0.044912247938223904,0.19184430697075075,133.25,35.55
12488,2013-03-13 00:00:00,0.2141825024320232,0.09507067277976336,0.33329433208428305,133.25,35.55
12489,2013-03-14 00:00:00,-0.14221606324844266,-0.2627123029628292,-0.021719823534056104,133.25,35.55
12490,2013-03-15 00:00:00,0.024117929692536386,-0.09443716662434123,0.142673026009414,133.25,35.55
12491,2013-03-16 00:00:00,0.11513672377599768,-0.003143216220021186,0.23341666377201656,133.25,35.55
12492,2013-03-17 00:00:00,0.03734388317158243,-0.08104194224802623,0.15572970859119106,133.25,35.55
12493,2013-03-18 00:00:00,0.39144076764107416,0.2707404694354344,0.5121410658467139,133.25,35.55
12494,2013-03-19 00:00:00,0.08988424158544624,-0.032029738120667936,0.2117982212915604,133.25,35.55
12495,2013-03-20 00:00:00,0.023992934518541918,-0.09444945696665068,0.14243532600373454,133.25,35.55
12496,2013-03-21 00:00:00,-0.08029606050898065,-0.19956163366933627,0.038969512651374966,133.25,35.55
12497,2013-03-22 00:00:00,0.07936233292128078,-0.03896926997667025,0.19769393581923175,133.25,35.55
12498,2013-03-23 00:00:00,-0.009195744410478974,-0.12753916334973595,0.109147674528778,133.25,35.55
12499,2013-03-24 00:00:00,0.10005042250771592,-0.018259708794979845,0.2183605538104117,133.25,35.55
12500,2013-03-25 00:00:00,0.058471540891480676,-0.05987997148953993,0.17682305327250125,133.25,35.55
12501,2013-03-26 00:00:00,-0.03611904932143537,-0.15443577289289706,0.0821976742500263,133.25,35.55
12502,2013-03-27 00:00:00,0.04263111299234483,-0.07553940968183248,0.16080163566652214,133.25,35.55
12503,2013-03-28 00:00:00,0.05273196677083005,-0.06560513549356918,0.17106906903522925,133.25,35.55
12504,2013-03-29 00:00:00,0.010950669850796308,-0.10733395332384994,0.12923529302544254,133.25,35.55
12505,2013-03-30 00:00:00,-0.05044277836310075,-0.16865138493359302,0.06776582820739149,133.25,35.55
12506,2013-03-31 00:00:00,0.02847045079071105,-0.08980509696541861,0.14674599854684073,133.25,35.55
12507,2013-04-01 00:00:00,-0.024205400148336748,-0.14258667795247465,0.09417587765580117,133.25,35.55
12508,2013-04-02 00:00:00,0.06508535073898727,-0.05317177039936132,0.18334247187733588,133.25,35.55
12509,2013-04-03 00:00:00,0.0965430381998465,-0.022481400077153643,0.21556747647684665,133.25,35.55
12510,2013-04-04 00:00:00,-0.009517551352285908,-0.12827409367979806,0.1092389909752262,133.25,35.55
12511,2013-04-05 00:00:00,-0.028570138166257964,-0.14681528441972902,0.08967500808721307,133.25,35.55
12512,2013-04-06 00:00:00,0.12527642928811306,0.006513205626678134,0.244039652949548,133.25,35.55
12513,2013-04-07 00:00:00,0.0287522688693818,-0.09522194905924666,0.15272648679801026,133.25,35.55
12514,2013-04-08 00:00:00,0.05039312351552682,-0.07258608193610275,0.17337232896715635,133.25,35.55
12515,2013-04-09 00:00:00,0.06882138530407317,-0.04964924133095723,0.18729201193910355,133.25,35.55
12516,2013-04-10 00:00:00,0.05780271707260848,-0.06129456607264374,0.17690000021786068,133.25,35.55
12517,2013-04-11 00:00:00,0.11120133674150312,-0.007878287603752449,0.2302809610867587,133.25,35.55
12518,2013-04-12 00:00:00,0.124568920824965,0.0056731578917106895,0.2434646837582193,133.25,35.55
12519,2013-04-13 00:00:00,0.09538672843823827,-0.023047011549714492,0.21382046842619107,133.25,35.55
12520,2013-04-14 00:00:00,0.17880037082546832,0.060152093440650665,0.297448648210286,133.25,35.55
12521,2013-04-15 00:00:00,0.0852796915900812,-0.03376852267408942,0.2043279058542518,133.25,35.55
12522,2013-04-16 00:00:00,0.13691142739204032,0.018273717681787274,0.2555491371022934,133.25,35.55
12523,2013-04-17 00:00:00,0.0814922826799428,-0.037161044289975916,0.2001456096498615,133.25,35.55
12524,2013-04-18 00:00:00,-0.002948911652237811,-0.12133628352799412,0.1154384602235185,133.25,35.55
12525,2013-04-19 00:00:00,-0.027496037632256776,-0.14604216418522015,0.09105008892070658,133.25,35.55
12526,2013-04-20 00:00:00,-0.04587757767717286,-0.1642339500323483,0.07247879467800257,133.25,35.55
12527,2013-04-21 00:00:00,0.057100051857644336,-0.061483042023415424,0.17568314573870408,133.25,35.55
12528,2013-04-22 00:00:00,-0.043624810797809485,-0.1621413961423563,0.07489177454673733,133.25,35.55
12529,2013-04-23 00:00:00,0.025115708617699677,-0.09309628032177987,0.14332769755717922,133.25,35.55
12530,2013-04-24 00:00:00,0.23265562079524124,0.11357075564684012,0.3517404859436424,133.25,35.55
12531,2013-04-25 00:00:00,0.1368641445839716,0.01754837969856682,0.2561799094693764,133.25,35.55
12532,2013-04-26 00:00:00,0.09281802934330416,-0.025601236055789182,0.21123729474239747,133.25,35.55
12533,2013-04-27 00:00:00,0.08153882430759707,-0.03715950433464095,0.20023715294983507,133.25,35.55
12534,2013-04-28 00:00:00,-0.020879717990238682,-0.1391971040927007,0.09743766811222332,133.25,35.55
12535,2013-04-29 00:00:00,0.09893679310112707,-0.019289175084598997,0.2171627612868532,133.25,35.55
12536,2013-04-30 00:00:00,0.11586916992573627,-0.002816355256676964,0.2345546951081495,133.25,35.55
12537,2013-05-01 00:00:00,-0.03214556038773518,-0.15085501414185756,0.08656389336638719,133.25,35.55
12538,2013-05-02 00:00:00,0.06439372012500733,-0.054027191984199516,0.18281463223421415,133.25,35.55
12539,2013-05-03 00:00:00,0.0022195114397473193,-0.11598524602796395,0.12042426890745858,133.25,35.55
12540,2013-05-04 00:00:00,0.047556773903816366,-0.07063465096630603,0.16574819877393876,133.25,35.55
12541,2013-05-05 00:00:00,0.03717981007494532,-0.08095899242775374,0.1553186125776444,133.25,35.55
12542,2013-05-06 00:00:00,0.1033823945447914,-0.014868902494231425,0.2216336915838142,133.25,35.55
12543,2013-05-07 00:00:00,-0.07437284658733326,-0.1928345926935764,0.0440888995189099,133.25,35.55
12544,2013-05-08 00:00:00,0.0043502130359603305,-0.11407241776748575,0.12277284383940645,133.25,35.55
12545,2013-05-09 00:00:00,0.07175905425973883,-0.04647700193843979,0.18999511045791745,133.25,35.55
12546,2013-05-10 00:00:00,0.1624588339248531,0.04401824667969495,0.2808994211700113,133.25,35.55
12547,2013-05-11 00:00:00,0.10881135460219347,-0.009665592158500505,0.2272883013628875,133.25,35.55
12548,2013-05-12 00:00:00,0.030747521072545917,-0.08748256583566137,0.1489776079807532,133.25,35.55
12549,2013-05-13 00:00:00,0.03466615759263701,-0.08358873196075021,0.15292104714602422,133.25,35.55
12550,2013-05-14 00:00:00,0.007364680379119365,-0.11083501373526096,0.12556437449349964,133.25,35.55
12551,2013-05-15 00:00:00,0.07251277708091887,-0.04565982744502765,0.19068538160686535,133.25,35.55
12552,2013-05-16 00:00:00,-0.033120277310293406,-0.15142632581391915,0.08518577119333234,133.25,35.55
12553,2013-05-17 00:00:00,-0.03632395904580631,-0.15458121234376515,0.08193329425215255,133.25,35.55
12554,2013-05-18 00:00:00,0.07556045987356683,-0.042688718679781586,0.19380963842691526,133.25,35.55
12555,2013-05-19 00:00:00,0.11056555473908727,-0.007761982177579965,0.2288930916557545,133.25,35.55
12556,2013-05-20 00:00:00,0.06276716939746388,-0.05571365386030919,0.18124799265523686,133.25,35.55
12557,2013-05-21 00:00:00,0.018766999483998376,-0.09943465656996182,0.13696865553795856,133.25,35.55
12558,2013-05-22 00:00:00,0.05102630636019584,-0.06712765187550992,0.1691802645959016,133.25,35.55
12559,2013-05-23 00:00:00,-0.008727678978931914,-0.12688449642966698,0.10942913847180316,133.25,35.55
12560,2013-05-24 00:00:00,0.01493421521824216,-0.10323041999817244,0.13309885043465675,133.25,35.55
12561,2013-05-25 00:00:00,0.0256382034021322,-0.09255681587774207,0.1438332226820065,133.25,35.55
12562,2013-05-26 00:00:00,0.003586214640587891,-0.11463063957877505,0.12180306885995082,133.25,35.55
12563,2013-05-27 00:00:00,0.01037122563615859,-0.10785456203891744,0.1285970133112346,133.25,35.55
12564,2013-05-28 00:00:00,0.16908615782813533,0.050364031389898666,0.28780828426637195,133.25,35.55
12565,2013-05-29 00:00:00,0.15183012372032784,0.032232828650746316,0.2714274187899094,133.25,35.55
12566,2013-05-30 00:00:00,0.06572127706145646,-0.05321977647071044,0.18466233059362336,133.25,35.55
12567,2013-05-31 00:00:00,0.01735015647766705,-0.1008891606446461,0.1355894735999802,133.25,35.55
12568,2013-06-01 00:00:00,0.03962669840859638,-0.07857714597155548,0.15783054278874825,133.25,35.55
12569,2013-06-02 00:00:00,0.0424744175232482,-0.07584439391731729,0.1607932289638137,133.25,35.55
12570,2013-06-03 00:00:00,-0.011885134561662493,-0.13016276268281698,0.106392493559492,133.25,35.55
12571,2013-06-04 00:00:00,-0.012061523475277666,-0.13021670585520398,0.10609365890464864,133.25,35.55
12572,2013-06-05 00:00:00,0.007434789815766623,-0.11071550487253796,0.1255850845040712,133.25,35.55
12573,2013-06-06 00:00:00,0.0015568548171041446,-0.11657629991920708,0.11969000955341536,133.25,35.55
12574,2013-06-07 00:00:00,0.017325915519179752,-0.10082400599345456,0.13547583703181404,133.25,35.55
12575,2013-06-08 00:00:00,0.02996528228947917,-0.08818378523925853,0.14811434981821686,133.25,35.55
12576,2013-06-09 00:00:00,0.03260462665978326,-0.08557685655017516,0.1507861098697417,133.25,35.55
12577,2013-06-10 00:00:00,-0.005516933681042079,-0.12380365787408985,0.11276979051200565,133.25,35.55
12578,2013-06-11 00:00:00,-0.0034546266215824753,-0.12164983609690355,0.1147405828537386,133.25,35.55
12579,2013-06-12 00:00:00,0.024988068083767773,-0.0932913022395496,0.14326743840708514,133.25,35.55
12580,2013-06-13 00:00:00,0.02303548117040428,-0.09523015367643203,0.1413011160172406,133.25,35.55
12581,2013-06-14 00:00:00,0.0036284257595142508,-0.11446588974896504,0.12172274126799353,133.25,35.55
12582,2013-06-15 00:00:00,0.05035644023249331,-0.06774538492552115,0.1684582653905078,133.25,35.55
12583,2013-06-16 00:00:00,0.06256865387375206,-0.05554654762598545,0.1806838553734896,133.25,35.55
12584,2013-06-17 00:00:00,0.09933959282210728,-0.018796931935058426,0.21747611757927302,133.25,35.55
12585,2013-06-18 00:00:00,0.1513215216746382,0.03311144329407667,0.2695316000551997,133.25,35.55
12586,2013-06-19 00:00:00,0.1487486503216223,0.029624233472539105,0.2678730671707055,133.25,35.55
12587,2013-06-20 00:00:00,-0.0266957173758016,-0.14577952628773236,0.09238809153612916,133.25,35.55
12588,2013-06-21 00:00:00,0.00554817392313746,-0.11277603718334607,0.12387238502962099,133.25,35.55
12589,2013-06-22 00:00:00,0.05386680323048912,-0.06454078245009763,0.17227438891107585,133.25,35.55
12590,2013-06-23 00:00:00,0.05025521658697177,-0.06786268879530917,0.1683731219692527,133.25,35.55
12591,2013-06-24 00:00:00,0.050757050272601086,-0.06733016141318555,0.16884426195838775,133.25,35.55
12592,2013-06-25 00:00:00,0.02070123204608967,-0.09738904601530517,0.1387915101074845,133.25,35.55
12593,2013-06-26 00:00:00,0.0833277750023098,-0.03506261671520944,0.20171816671982906,133.25,35.55
12594,2013-06-27 00:00:00,0.04812119585797218,-0.07050488969687208,0.16674728141281644,133.25,35.55
12595,2013-06-28 00:00:00,0.00816273159128292,-0.10998563426074426,0.1263110974433101,133.25,35.55
12596,2013-06-29 00:00:00,0.0014965451530513133,-0.11662541645907824,0.11961850676518085,133.25,35.55
12597,2013-06-30 00:00:00,0.00531614287949304,-0.1128185894689794,0.1234508752279655,133.25,35.55
12598,2013-07-01 00:00:00,0.0426771186421093,-0.07546174955722999,0.1608159868414486,133.25,35.55
12599,2013-07-02 00:00:00,0.1302178686550785,0.011982134822741323,0.2484536024874157,133.25,35.55
12600,2013-07-03 00:00:00,0.21041619516836824,0.09085434117817602,0.32997804915856044,133.25,35.55
12601,2013-07-04 00:00:00,0.17326384019983104,0.05401529277467583,0.2925123876249863,133.25,35.55
12602,2013-07-05 00:00:00,0.17880300930126952,0.059946274869533085,0.297659743733006,133.25,35.55
12603,2013-07-06 00:00:00,0.08485692171205808,-0.03436112266232123,0.20407496608643735,133.25,35.55
12604,2013-07-07 00:00:00,0.010740533882323874,-0.1076469014716794,0.12912796923632716,133.25,35.55
12605,2013-07-08 00:00:00,0.08528896923330814,-0.032941166198238565,0.20351910466485484,133.25,35.55
12606,2013-07-09 00:00:00,0.14529195208847773,0.027037358075174708,0.26354654610178074,133.25,35.55
12607,2013-07-10 00:00:00,0.11190962552524578,-0.006282677700647527,0.2301019287511391,133.25,35.55
12608,2013-07-11 00:00:00,0.08662699183410884,-0.03161202645242025,0.20486601012063796,133.25,35.55
12609,2013-07-12 00:00:00,0.08513889807133546,-0.033187567303851334,0.20346536344652225,133.25,35.55
12610,2013-07-13 00:00:00,0.07697921768410503,-0.04129617729799338,0.19525461266620345,133.25,35.55
12611,2013-07-14 00:00:00,0.056103666764295686,-0.06209209665986745,0.17429943018845884,133.25,35.55
12612,2013-07-15 00:00:00,0.0973093784108616,-0.020990654859785074,0.21560941168150827,133.25,35.55
12613,2013-07-16 00:00:00,0.04562806331840335,-0.07260354505170105,0.16385967168850776,133.25,35.55
12614,2013-07-17 00:00:00,0.11492066320528027,-0.0033480211715179314,0.2331893475820785,133.25,35.55
12615,2013-07-18 00:00:00,0.17137928860456378,0.052988882262088914,0.28976969494703864,133.25,35.55
12616,2013-07-19 00:00:00,0.0074202151562563065,-0.11085101713523976,0.1256914474477524,133.25,35.55
12617,2013-07-20 00:00:00,0.053002788684002135,-0.06513637784046432,0.17114195520846862,133.25,35.55
12618,2013-07-21 00:00:00,0.1064739960265686,-0.011693145472461142,0.22464113752559836,133.25,35.55
12619,2013-07-22 00:00:00,0.07958576373556597,-0.03854950181795239,0.19772102928908436,133.25,35.55
12620,2013-07-23 00:00:00,0.09320450651490683,-0.024950770879399425,0.2113597839092131,133.25,35.55
12621,2013-07-24 00:00:00,0.14666965005468194,0.0284027627817659,0.26493653732759803,133.25,35.55
12622,2013-07-25 00:00:00,0.1582515486512132,0.03988999076215805,0.2766131065402684,133.25,35.55
12623,2013-07-26 00:00:00,0.10627528019079736,-0.01194108178941973,0.2244916421710144,133.25,35.55
12624,2013-07-27 00:00:00,0.08673567849690075,-0.031428917307462056,0.2049002743012636,133.25,35.55
12625,2013-07-28 00:00:00,0.057698986496880135,-0.06040724423565293,0.17580521722941322,133.25,35.55
12626,2013-07-29 00:00:00,0.1397377232496489,0.02146462191269792,0.25801082458659985,133.25,35.55
12627,2013-07-30 00:00:00,0.1177240705912543,-0.0006966102095277843,0.2361447513920364,133.25,35.55
12628,2013-07-31 00:00:00,0.07774889316825495,-0.04051054232885303,0.1960083286653629,133.25,35.55
12629,2013-08-01 00:00:00,0.07900703525286634,-0.03923655332367036,0.19725062382940306,133.25,35.55
12630,2013-08-02 00:00:00,0.000863523709387054,-0.11732942559888444,0.11905647301765855,133.25,35.55
12631,2013-08-03 00:00:00,0.03840942575169078,-0.07972348717262454,0.1565423386760061,133.25,35.55
12632,2013-08-04 00:00:00,0.09206362199404584,-0.026087382891009286,0.21021462687910092,133.25,35.55
12633,2013-08-05 00:00:00,0.09842602596410926,-0.019708030149657482,0.21656008207787605,133.25,35.55
12634,2013-08-06 00:00:00,0.0445669944730271,-0.07359378628313049,0.1627277752291847,133.25,35.55
12635,2013-08-07 00:00:00,0.07111537592962631,-0.047009708747731485,0.18924046060698413,133.25,35.55
12636,2013-08-08 00:00:00,0.08966550289421782,-0.02847080610057101,0.20780181188900665,133.25,35.55
12637,2013-08-09 00:00:00,0.10762014327260724,-0.010537990824464466,0.2257782773696789,133.25,35.55
12638,2013-08-10 00:00:00,0.08007310142670086,-0.0380654807072035,0.19821168356060526,133.25,35.55
12639,2013-08-11 00:00:00,0.05711701967284831,-0.060984039855415485,0.1752180792011121,133.25,35.55
12640,2013-08-12 00:00:00,0.04452828261680216,-0.07354780689289389,0.1626043721264982,133.25,35.55
12641,2013-08-13 00:00:00,0.04304457353757553,-0.07505104200667354,0.1611401890818246,133.25,35.55
12642,2013-08-14 00:00:00,0.0612925664350671,-0.05684447695895024,0.17942960982908446,133.25,35.55
12643,2013-08-15 00:00:00,0.07843011702608317,-0.039690763247023364,0.1965509972991897,133.25,35.55
12644,2013-08-16 00:00:00,0.08544216067940011,-0.03266077802700401,0.20354509938580426,133.25,35.55
12645,2013-08-17 00:00:00,0.08760087944021094,-0.030530383427091957,0.20573214230751385,133.25,35.55
12646,2013-08-18 00:00:00,0.0959094352748872,-0.022264822797368675,0.2140836933471431,133.25,35.55
12647,2013-08-19 00:00:00,0.07776672584939986,-0.0403914077863142,0.19592485948511396,133.25,35.55
12648,2013-08-20 00:00:00,0.057923807529116925,-0.060232688469210975,0.1760803035274448,133.25,35.55
12649,2013-08-21 00:00:00,0.009272761233296177,-0.10891657673845256,0.1274620992050449,133.25,35.55
12650,2013-08-22 00:00:00,0.03154421262891067,-0.08661648720158635,0.14970491245940767,133.25,35.55
12651,2013-08-23 00:00:00,0.08211779844068487,-0.03605187501242624,0.20028747189379595,133.25,35.55
12652,2013-08-24 00:00:00,0.1108810480010578,-0.007415389851557415,0.22917748585367295,133.25,35.55
12653,2013-08-25 00:00:00,0.0600944717011765,-0.05814156669288233,0.17833051009523532,133.25,35.55
12654,2013-08-26 00:00:00,0.011120458622637256,-0.10720822255722838,0.1294491398025029,133.25,35.55
12655,2013-08-27 00:00:00,0.054278014803133434,-0.06389695658035965,0.17245298618662652,133.25,35.55
12656,2013-08-28 00:00:00,0.02265731384450673,-0.0954938368404962,0.14080846452950968,133.25,35.55
12657,2013-08-29 00:00:00,0.1675005690096174,0.049247321622662335,0.2857538163965725,133.25,35.55
12658,2013-08-30 00:00:00,0.14882168679566468,0.030107756628708807,0.26753561696262057,133.25,35.55
12659,2013-08-31 00:00:00,0.06690158468223265,-0.05267786408029064,0.18648103344475592,133.25,35.55
12660,2013-09-01 00:00:00,-0.05624572901959686,-0.17580967798447705,0.06331821994528335,133.25,35.55
12661,2013-09-02 00:00:00,0.03661106951677039,-0.0817303610676791,0.15495250010121986,133.25,35.55
12662,2013-09-03 00:00:00,0.03202743525753818,-0.08625251001578921,0.15030738053086554,133.25,35.55
12663,2013-09-04 00:00:00,0.03736119003271895,-0.0815358032779552,0.15625818334339311,133.25,35.55
12664,2013-09-05 00:00:00,-0.0225938481948071,-0.14176454884319445,0.09657685245358023,133.25,35.55
12665,2013-09-06 00:00:00,-0.02405788291500071,-0.1421979907753359,0.0940822249453345,133.25,35.55
12666,2013-09-07 00:00:00,0.009882254931820558,-0.10821966298240836,0.1279841728460495,133.25,35.55
12667,2013-09-08 00:00:00,0.043570441040665854,-0.07463094889678049,0.1617718309781122,133.25,35.55
12668,2013-09-09 00:00:00,0.003321821847577625,-0.1148716402385748,0.12151528393373005,133.25,35.55
12669,2013-09-10 00:00:00,0.03694942689792826,-0.08111831930386418,0.1550171730997207,133.25,35.55
12670,2013-09-11 00:00:00,0.026485979771999815,-0.09160648237088186,0.1445784419148815,133.25,35.55
12671,2013-09-12 00:00:00,0.03793241371301803,-0.0801970673296009,0.15606189475563698,133.25,35.55
12672,2013-09-13 00:00:00,0.023676365817863653,-0.0944400622105789,0.14179279384630622,133.25,35.55
12673,2013-09-14 00:00:00,0.05393479974223205,-0.06421827732127902,0.1720878768057431,133.25,35.55
12674,2013-09-15 00:00:00,0.04784275880531587,-0.07045881664647835,0.1661443342571101,133.25,35.55
12675,2013-09-16 00:00:00,-0.0226842173863428,-0.14922979163817576,0.10386135686549014,133.25,35.55
12676,2013-09-17 00:00:00,0.0209380577950988,-0.09990783090862958,0.1417839464988272,133.25,35.55
12677,2013-09-18 00:00:00,-0.028279335980106787,-0.14642807782063993,0.08986940586042635,133.25,35.55
12678,2013-09-19 00:00:00,-0.038630250772009635,-0.15677891551055034,0.07951841396653107,133.25,35.55
12679,2013-09-20 00:00:00,0.058662751768437535,-0.059513396362853466,0.17683889989972856,133.25,35.55
12680,2013-09-21 00:00:00,0.05091959732240954,-0.06719848951079152,0.1690376841556106,133.25,35.55
12681,2013-09-22 00:00:00,-0.05068012054642836,-0.16887181341584626,0.06751157232298953,133.25,35.55
12682,2013-09-23 00:00:00,-0.014141973298869834,-0.13236980996163755,0.10408586336389787,133.25,35.55
12683,2013-09-24 00:00:00,0.05391565157487227,-0.06432988106936978,0.1721611842191143,133.25,35.55
12684,2013-09-25 00:00:00,0.062096495777151074,-0.056274108522791084,0.18046710007709327,133.25,35.55
12685,2013-09-26 00:00:00,-0.051902581714821115,-0.1704630779626914,0.06665791453304916,133.25,35.55
12686,2013-09-27 00:00:00,-0.07257261469262441,-0.19097390228930244,0.04582867290405361,133.25,35.55
12687,2013-09-28 00:00:00,0.017648119194999555,-0.10050519395636544,0.13580143234636455,133.25,35.55
12688,2013-09-29 00:00:00,0.02643481108240969,-0.09184559167207604,0.14471521383689545,133.25,35.55
12689,2013-09-30 00:00:00,0.01801676896392934,-0.10024288172099413,0.1362764196488528,133.25,35.55
12690,2013-10-01 00:00:00,0.005922153387560815,-0.1123438144589719,0.12418812123409352,133.25,35.55
12691,2013-10-02 00:00:00,0.049615673529395526,-0.06859605112129225,0.1678273981800833,133.25,35.55
12692,2013-10-03 00:00:00,0.0015451530261919085,-0.11679395394920272,0.11988426000158653,133.25,35.55
12693,2013-10-04 00:00:00,0.032790334251119484,-0.08557734229878057,0.15115801080101954,133.25,35.55
12694,2013-10-05 00:00:00,-0.043944060414469764,-0.1623022761633618,0.07441415533442228,133.25,35.55
12695,2013-10-06 00:00:00,-0.05640083476682153,-0.1747768917235917,0.061975222189948664,133.25,35.55
12696,2013-10-07 00:00:00,-0.0025877447867638584,-0.12083462970631345,0.11565914013278572,133.25,35.55
12697,2013-10-08 00:00:00,0.03197764235262773,-0.08633413676439564,0.1502894214696511,133.25,35.55
12698,2013-10-09 00:00:00,-0.012556455274451985,-0.13802609572245225,0.11291318517354827,133.25,35.55
12699,2013-10-10 00:00:00,0.14920016715577294,0.024827485233901974,0.2735728490776439,133.25,35.55
12700,2013-10-11 00:00:00,0.16342698786686138,0.045008740774446665,0.2818452349592761,133.25,35.55
12701,2013-10-12 00:00:00,0.04924661455365298,-0.06945739799300922,0.16795062710031522,133.25,35.55
12702,2013-10-13 00:00:00,-0.015812276876049018,-0.1341792449984198,0.10255469124632176,133.25,35.55
12703,2013-10-14 00:00:00,-0.029202932543130906,-0.1474222459367115,0.08901638085044969,133.25,35.55
12704,2013-10-15 00:00:00,0.02384850820797089,-0.09479947683338527,0.14249649324932706,133.25,35.55
12705,2013-10-16 00:00:00,0.03268446514540144,-0.10147915555256176,0.16684808584336466,133.25,35.55
12706,2013-10-17 00:00:00,-0.03312881769866852,-0.16117812918186672,0.09492049378452967,133.25,35.55
12707,2013-10-18 00:00:00,-0.05685125703478794,-0.17504842886781952,0.06134591479824365,133.25,35.55
12708,2013-10-19 00:00:00,-0.01368616980644645,-0.13198354273249388,0.10461120311960098,133.25,35.55
12709,2013-10-20 00:00:00,0.025121383873486183,-0.09332524424919922,0.1435680119961716,133.25,35.55
12710,2013-10-21 00:00:00,-0.0018347453677491632,-0.12045626856227198,0.11678677782677367,133.25,35.55
12711,2013-10-22 00:00:00,-0.07544999285740983,-0.19408409144493066,0.04318410573011101,133.25,35.55
12712,2013-10-23 00:00:00,-0.001292638160145007,-0.11969863932492752,0.1171133630046375,133.25,35.55
12713,2013-10-24 00:00:00,0.03095038400593492,-0.08842444218988775,0.1503252102017576,133.25,35.55
12714,2013-10-25 00:00:00,0.021553999429789472,-0.09723870672768553,0.14034670558726448,133.25,35.55
12715,2013-10-26 00:00:00,0.016790956032745025,-0.10306108336201028,0.1366429954275003,133.25,35.55
12716,2013-10-27 00:00:00,-0.0667377355547453,-0.1858426838673286,0.052367212757838,133.25,35.55
12717,2013-10-28 00:00:00,-0.005064198933448685,-0.12329250197603445,0.11316410410913708,133.25,35.55
12718,2013-10-29 00:00:00,0.029130086806554968,-0.08900065630949562,0.1472608299226056,133.25,35.55
12719,2013-10-30 00:00:00,0.05517741451154009,-0.06300219658082537,0.17335702560390556,133.25,35.55
12720,2013-10-31 00:00:00,-0.03167766884763308,-0.149879597232018,0.08652425953675183,133.25,35.55
12721,2013-11-01 00:00:00,-0.02403832352331291,-0.14215563549657528,0.09407898844994947,133.25,35.55
12722,2013-11-02 00:00:00,0.018948968080364437,-0.09918083051279823,0.13707876667352709,133.25,35.55
12723,2013-11-03 00:00:00,0.07226952246342501,-0.045937614774518236,0.19047665970136826,133.25,35.55
12724,2013-11-04 00:00:00,0.023531320314360667,-0.09473714166957732,0.14179978229829865,133.25,35.55
12725,2013-11-05 00:00:00,-0.07586828220519487,-0.19418025054891716,0.042443686138527406,133.25,35.55
12726,2013-11-06 00:00:00,0.05849736105288825,-0.05971631864831159,0.17671104075408808,133.25,35.55
12727,2013-11-07 00:00:00,0.14918992516685953,0.030763238944502714,0.26761661138921633,133.25,35.55
12728,2013-11-08 00:00:00,0.07271857303306592,-0.0461138348936558,0.1915509809597876,133.25,35.55
12729,2013-11-09 00:00:00,-0.02159635797061813,-0.13999595827570774,0.09680324233447148,133.25,35.55
12730,2013-11-10 00:00:00,0.21969018540192972,0.0993304464177297,0.3400499243861298,133.25,35.55
12731,2013-11-11 00:00:00,0.10506898000172883,-0.016506406852051306,0.2266443668555089,133.25,35.55
12732,2013-11-12 00:00:00,0.1280337450526818,0.008728971336575478,0.2473385187687881,133.25,35.55
12733,2013-11-13 00:00:00,0.04145683518144323,-0.07699844721440248,0.15991211757728896,133.25,35.55
12734,2013-11-14 00:00:00,0.03385947400532625,-0.08433990323910373,0.15205885124975624,133.25,35.55
12735,2013-11-15 00:00:00,0.06613782552880114,-0.05221407218324338,0.18448972324084567,133.25,35.55
12736,2013-11-16 00:00:00,-0.010546960004632256,-0.1288783062780387,0.10778438626877418,133.25,35.55
12737,2013-11-17 00:00:00,0.1227079240624082,0.004452426542460586,0.24096342158235584,133.25,35.55
12738,2013-11-18 00:00:00,0.1460595073450411,0.027143588963437368,0.26497542572664484,133.25,35.55
12739,2013-11-19 00:00:00,0.148818471003629,0.029049299460104136,0.26858764254715384,133.25,35.55
12740,2013-11-20 00:00:00,0.10605465180670642,-0.013306731138864727,0.2254160347522776,133.25,35.55
12741,2013-11-21 00:00:00,0.0528888218227242,-0.06573189284401268,0.17150953648946107,133.25,35.55
12742,2013-11-22 00:00:00,0.05390296091395687,-0.06433067808510376,0.1721365999130175,133.25,35.55
12743,2013-11-23 00:00:00,0.00405286734361659,-0.11413231972597622,0.1222380544132094,133.25,35.55
12744,2013-11-24 00:00:00,0.03852301956858935,-0.07966280953535539,0.1567088486725341,133.25,35.55
12745,2013-11-25 00:00:00,0.4538136921263965,0.330430017170614,0.5771973670821788,133.25,35.55
12746,2013-11-26 00:00:00,0.2714837436297754,0.14694792469367232,0.3960195625658785,133.25,35.55
12747,2013-11-27 00:00:00,0.08405463957587897,-0.03522422465650313,0.2033335038082611,133.25,35.55
12748,2013-11-28 00:00:00,0.1658246487279614,0.044710363000429146,0.2869389344554937,133.25,35.55
12749,2013-11-29 00:00:00,0.14630469736179494,0.027104718767205962,0.26550467595638394,133.25,35.55
12750,2013-11-30 00:00:00,0.05677166322184678,-0.061817206384526535,0.1753605328282201,133.25,35.55
12751,2013-12-01 00:00:00,0.044401094803258566,-0.07384882044272521,0.16265101004924232,133.25,35.55
12752,2013-12-02 00:00:00,0.07741985663502715,-0.04077353602488694,0.19561324929494125,133.25,35.55
12753,2013-12-03 00:00:00,0.023057457654589414,-0.0951260658755758,0.14124098118475464,133.25,35.55
12754,2013-12-04 00:00:00,0.03630479855863932,-0.08191938554872251,0.15452898266600112,133.25,35.55
12755,2013-12-05 00:00:00,0.05658183734421233,-0.06161882087494985,0.17478249556337447,133.25,35.55
12756,2013-12-06 00:00:00,0.11544508651154015,-0.0028400242648702195,0.2337301972879505,133.25,35.55
12757,2013-12-07 00:00:00,-0.005568361515805777,-0.12398149743918167,0.11284477440757013,133.25,35.55
12758,2013-12-08 00:00:00,-0.02492112316108132,-0.14317577603032638,0.09333352970816372,133.25,35.55
12759,2013-12-09 00:00:00,0.08445422717403203,-0.033770021541903485,0.2026784758899675,133.25,35.55
12760,2013-12-10 00:00:00,0.12880100183045073,0.003002283415727336,0.2545997202451741,133.25,35.55
12761,2013-12-11 00:00:00,0.17483834322144262,0.05046969658811451,0.29920698985477073,133.25,35.55
12762,2013-12-12 00:00:00,0.08824200038845104,-0.0319396978120845,0.20842369858898654,133.25,35.55
12763,2013-12-13 00:00:00,0.12437104729788688,0.004445359101689403,0.2442967354940843,133.25,35.55
12764,2013-12-14 00:00:00,0.13032293053097144,0.010507071970198815,0.25013878909174403,133.25,35.55
12765,2013-12-15 00:00:00,0.1090389657163124,-0.009601740898706608,0.2276796723313314,133.25,35.55
12766,2013-12-16 00:00:00,-0.00045317425874458206,-0.1191109377710372,0.11820458925354806,133.25,35.55
12767,2013-12-17 00:00:00,0.03126227888075835,-0.08709611689110322,0.14962067465261994,133.25,35.55
12768,2013-12-18 00:00:00,-0.012567338681865785,-0.1308925545893302,0.1057578772255986,133.25,35.55
12769,2013-12-19 00:00:00,0.0935103219800027,-0.025411126605481074,0.21243177056548648,133.25,35.55
12770,2013-12-20 00:00:00,0.03116926592462612,-0.09046002598052373,0.15279855782977594,133.25,35.55
12771,2013-12-21 00:00:00,-0.05353960014912125,-0.1767006368054356,0.0696214365071931,133.25,35.55
12772,2013-12-22 00:00:00,0.10429636957568572,-0.01512034187362629,0.22371308102499773,133.25,35.55
12773,2013-12-23 00:00:00,0.028362087882557258,-0.09006928880057112,0.14679346456568565,133.25,35.55
12774,2013-12-24 00:00:00,0.003883892761217065,-0.11448196660462345,0.12224975212705755,133.25,35.55
12775,2013-12-25 00:00:00,-0.008285978225197721,-0.12672054492381438,0.11014858847341892,133.25,35.55
12776,2013-12-26 00:00:00,0.06859777187345921,-0.04963820039674823,0.18683374414366666,133.25,35.55
12777,2013-12-27 00:00:00,0.08200984391347625,-0.03692982287822938,0.20094951070518188,133.25,35.55
12778,2013-12-28 00:00:00,0.12819100163617209,0.008142765149564565,0.2482392381227796,133.25,35.55
12779,2013-12-29 00:00:00,0.14067530267217734,0.02107271842881796,0.2602778869155368,133.25,35.55
12780,2013-12-30 00:00:00,0.17821055527153332,0.05961911756038767,0.2968019929826789,133.25,35.55
12781,2013-12-31 00:00:00,0.1400360760639283,0.021232943944046845,0.2588392081838097,133.25,35.55
12782,2014-01-01 00:00:00,0.19502621653639104,0.07609683316031746,0.3139555999124646,133.25,35.55
12783,2014-01-02 00:00:00,0.0598432887892356,-0.059532689295968236,0.17921926687443945,133.25,35.55
12784,2014-01-03 00:00:00,0.055068231407206715,-0.0634412494453928,0.17357771225980625,133.25,35.55
12785,2014-01-04 00:00:00,0.05049588017283703,-0.06803509678301567,0.16902685712868976,133.25,35.55
12786,2014-01-05 00:00:00,0.02200739612899373,-0.09661674571652216,0.1406315379745096,133.25,35.55
12787,2014-01-06 00:00:00,-0.04957399084604683,-0.16817719266644204,0.06902921097434837,133.25,35.55
12788,2014-01-07 00:00:00,0.04087038535353968,-0.07754727326745524,0.1592880439745346,133.25,35.55
12789,2014-01-08 00:00:00,0.09655102684010301,-0.02168956857304072,0.21479162225324672,133.25,35.55
12790,2014-01-09 00:00:00,-0.005344903961472788,-0.12430823600471425,0.11361842808176867,133.25,35.55
12791,2014-01-10 00:00:00,0.04936241139184814,-0.06964065324269594,0.16836547602639226,133.25,35.55
12792,2014-01-11 00:00:00,0.047619723787051316,-0.07070133142595525,0.16594077900005788,133.25,35.55
12793,2014-01-12 00:00:00,0.09866727817147528,-0.019599625682834645,0.2169341820257852,133.25,35.55
12794,2014-01-13 00:00:00,-0.056616047459819574,-0.17543827192118452,0.06220617700154536,133.25,35.55
12795,2014-01-14 00:00:00,0.014454142034156915,-0.1039352508847269,0.13284353495304074,133.25,35.55
12796,2014-01-15 00:00:00,0.03590003983026545,-0.08257514922519754,0.15437522888572844,133.25,35.55
12797,2014-01-16 00:00:00,0.04262504550414303,-0.07588733305322197,0.16113742406150805,133.25,35.55
12798,2014-01-17 00:00:00,0.02549011970554839,-0.09285202768037404,0.14383226709147084,133.25,35.55
12799,2014-01-18 00:00:00,0.07116088640855889,-0.0472852004624692,0.18960697327958695,133.25,35.55
12800,2014-01-19 00:00:00,-0.018390862955406047,-0.13765471038159913,0.10087298447078702,133.25,35.55
12801,2014-01-20 00:00:00,0.07909281343515714,-0.03948223478028323,0.19766786165059752,133.25,35.55
12802,2014-01-21 00:00:00,0.08959257048602545,-0.02927097426618532,0.2084561152382362,133.25,35.55
12803,2014-01-22 00:00:00,0.012127205225584269,-0.10687637514633784,0.1311307855975064,133.25,35.55
12804,2014-01-23 00:00:00,-0.005648930199942441,-0.12412237991727007,0.1128245195173852,133.25,35.55
12805,2014-01-24 00:00:00,0.06664384882875765,-0.05157987258379503,0.18486757024131034,133.25,35.55
12806,2014-01-25 00:00:00,0.112010056206822,-0.006330458173705506,0.23035057058734956,133.25,35.55
12807,2014-01-26 00:00:00,-0.024205880734082738,-0.14321283975140794,0.09480107828324247,133.25,35.55
12808,2014-01-27 00:00:00,0.02922067071310712,-0.08979387991650901,0.14823522134272327,133.25,35.55
12809,2014-01-28 00:00:00,0.1083821836099933,-0.010063448377806912,0.22682781559779355,133.25,35.55
12810,2014-01-29 00:00:00,-0.05439452075297686,-0.17309934833415055,0.06431030682819683,133.25,35.55
12811,2014-01-30 00:00:00,0.1219450068228968,0.003503134387611309,0.2403868792581823,133.25,35.55
12812,2014-01-31 00:00:00,0.007395090860791119,-0.11164652975783072,0.12643671147941296,133.25,35.55
12813,2014-02-01 00:00:00,0.02369162870637564,-0.09468157106063507,0.14206482847338636,133.25,35.55
12814,2014-02-02 00:00:00,0.13016677236730384,0.011823555362417595,0.2485099893721901,133.25,35.55
12815,2014-02-03 00:00:00,0.08217386107196126,-0.03623999012349007,0.20058771226741254,133.25,35.55
12816,2014-02-04 00:00:00,0.004918460871927635,-0.11455451394397995,0.1243914356878352,133.25,35.55
12817,2014-02-05 00:00:00,0.07782714517410555,-0.04163412171458554,0.19728841206279665,133.25,35.55
12818,2014-02-06 00:00:00,0.009852373756548016,-0.10845050664296817,0.1281552541560642,133.25,35.55
12819,2014-02-07 00:00:00,-0.06629828339723418,-0.18499674545721564,0.052400178662747286,133.25,35.55
12820,2014-02-08 00:00:00,0.024287918468401438,-0.0953545091809745,0.1439303461177774,133.25,35.55
12821,2014-02-09 00:00:00,0.029732270913455733,-0.08970473861248715,0.14916928043939862,133.25,35.55
12822,2014-02-10 00:00:00,-0.0864080643701472,-0.206088986953896,0.03327285821360157,133.25,35.55
12823,2014-02-11 00:00:00,0.05594412969365942,-0.0636525466371309,0.1755408060244497,133.25,35.55
12824,2014-02-12 00:00:00,-0.04719122364616758,-0.16571018329016496,0.07132773599782981,133.25,35.55
12825,2014-02-13 00:00:00,-0.02678376485346481,-0.14520530753930114,0.09163777783237152,133.25,35.55
12826,2014-02-14 00:00:00,-0.0737502665780272,-0.1931563275174664,0.04565579436141198,133.25,35.55
12827,2014-02-15 00:00:00,0.04674677713246517,-0.07471196069481499,0.16820551495974534,133.25,35.55
12828,2014-02-16 00:00:00,0.11547340879136325,-0.005261336878469497,0.236208154461196,133.25,35.55
12829,2014-02-17 00:00:00,0.041632775862474505,-0.07703237146049885,0.16029792318544786,133.25,35.55
12830,2014-02-18 00:00:00,-0.05002123529907822,-0.16900274491164996,0.06896027431349354,133.25,35.55
12831,2014-02-19 00:00:00,-0.036390710024081334,-0.1553736364235735,0.08259221637541082,133.25,35.55
12832,2014-02-20 00:00:00,0.005006577202938678,-0.11337362821451608,0.12338678262039345,133.25,35.55
12833,2014-02-21 00:00:00,0.005977491489871201,-0.11233896347846772,0.12429394645821012,133.25,35.55
12834,2014-02-22 00:00:00,-0.017586785290929816,-0.1358577203531348,0.1006841497712752,133.25,35.55
12835,2014-02-23 00:00:00,-0.02494211622564384,-0.14314505761690574,0.09326082516561808,133.25,35.55
12836,2014-02-24 00:00:00,0.0041701567055445615,-0.11402781156700467,0.1223681249780938,133.25,35.55
12837,2014-02-25 00:00:00,0.055295263264287804,-0.06290937060942581,0.17349989713800146,133.25,35.55
12838,2014-02-26 00:00:00,-0.043995013705004776,-0.16218007329842873,0.07419004588841918,133.25,35.55
12839,2014-02-27 00:00:00,0.08086710014719765,-0.037791971450824934,0.19952617174522025,133.25,35.55
12840,2014-02-28 00:00:00,0.019850035025053364,-0.0988072422405691,0.1385073122906758,133.25,35.55
12841,2014-03-01 00:00:00,0.02135527519854748,-0.09699986035930573,0.13971041075640067,133.25,35.55
12842,2014-03-02 00:00:00,0.03607795891843333,-0.08217712360896445,0.15433304144583113,133.25,35.55
12843,2014-03-03 00:00:00,-0.08422784748202403,-0.20294319660901414,0.0344875016449661,133.25,35.55
12844,2014-03-04 00:00:00,-0.03306789277543934,-0.15147556724212072,0.08533978169124204,133.25,35.55
12845,2014-03-05 00:00:00,0.1146805953685902,-0.0038647388444445615,0.23322592958162494,133.25,35.55
12846,2014-03-06 00:00:00,-0.07159616907346289,-0.1910793695504732,0.04788703140354738,133.25,35.55
12847,2014-03-07 00:00:00,0.0711471452092883,-0.047768598003044296,0.1900628884216209,133.25,35.55
12848,2014-03-08 00:00:00,0.03775495642216714,-0.08079309646537994,0.15630300930971422,133.25,35.55
12849,2014-03-09 00:00:00,0.07886989679626273,-0.03947930580312835,0.1972190993956538,133.25,35.55
12850,2014-03-10 00:00:00,0.0292944962658441,-0.09017782580959834,0.14876681834128652,133.25,35.55
12851,2014-03-11 00:00:00,0.04054941857529085,-0.07800283277114411,0.1591016699217258,133.25,35.55
12852,2014-03-12 00:00:00,0.09854291059177107,-0.01982860123052055,0.21691442241406272,133.25,35.55
12853,2014-03-13 00:00:00,0.1922459696549898,0.07137266643638936,0.31311927287359026,133.25,35.55
12854,2014-03-14 00:00:00,0.07333027106931997,-0.04814536562492047,0.19480590776356044,133.25,35.55
12855,2014-03-15 00:00:00,0.0131016640688962,-0.10533067196264606,0.13153400010043845,133.25,35.55
12856,2014-03-16 00:00:00,0.09867640130692823,-0.019730219900835618,0.21708302251469205,133.25,35.55
12857,2014-03-17 00:00:00,0.0009818834932674193,-0.117428216331883,0.11939198331841785,133.25,35.55
12858,2014-03-18 00:00:00,0.1888741464309778,0.07029622181745272,0.3074520710445029,133.25,35.55
12859,2014-03-19 00:00:00,-0.05858365383049595,-0.1776245561740038,0.06045724851301192,133.25,35.55
12860,2014-03-20 00:00:00,0.07722579929707736,-0.041096634600102086,0.1955482331942568,133.25,35.55
12861,2014-03-21 00:00:00,-0.02771805535518024,-0.14738635660327876,0.0919502458929183,133.25,35.55
12862,2014-03-22 00:00:00,0.07011560732423314,-0.04871740085453975,0.188948615503006,133.25,35.55
12863,2014-03-23 00:00:00,0.021317738982527014,-0.09689694134172486,0.1395324193067789,133.25,35.55
12864,2014-03-24 00:00:00,0.027953299771742317,-0.09023214218551108,0.14613874172899569,133.25,35.55
12865,2014-03-25 00:00:00,0.12550030160925746,0.00722244700273257,0.2437781562157823,133.25,35.55
12866,2014-03-26 00:00:00,0.1208579837751914,0.0025326852193422594,0.2391832823310405,133.25,35.55
12867,2014-03-27 00:00:00,0.055247168858268456,-0.06318571779186401,0.17368005550840093,133.25,35.55
12868,2014-03-28 00:00:00,0.005915670307465218,-0.1124419721670962,0.12427331278202665,133.25,35.55
12869,2014-03-29 00:00:00,0.10298975722050126,-0.015278957227211771,0.22125847166821427,133.25,35.55
12870,2014-03-30 00:00:00,0.19134588441021927,0.07141237093333701,0.3112793978871016,133.25,35.55
12871,2014-03-31 00:00:00,-0.05119167988520297,-0.17133393115036666,0.0689505713799607,133.25,35.55
12872,2014-04-01 00:00:00,-0.011679659645575966,-0.1299141182620884,0.10655479897093646,133.25,35.55
12873,2014-04-02 00:00:00,0.010687346426779518,-0.10750445087129863,0.12887914372485768,133.25,35.55
12874,2014-04-03 00:00:00,0.05297697479739349,-0.06522262195487237,0.17117657154965935,133.25,35.55
12875,2014-04-04 00:00:00,0.008174001269467851,-0.11130163738238154,0.12764963992131725,133.25,35.55
12876,2014-04-05 00:00:00,0.09961105299678512,-0.020244946675015696,0.219467052668586,133.25,35.55
12877,2014-04-06 00:00:00,0.03987547667164509,-0.07900047551832351,0.1587514288616137,133.25,35.55
12878,2014-04-07 00:00:00,0.09353701923589333,-0.025144894236600133,0.2122189327083868,133.25,35.55
12879,2014-04-08 00:00:00,0.07598628564914763,-0.04229956227503756,0.1942721335733328,133.25,35.55
12880,2014-04-09 00:00:00,0.012390550478303277,-0.10579139126865204,0.1305724922252586,133.25,35.55
12881,2014-04-10 00:00:00,0.07879319101297641,-0.039541832057769,0.19712821408372186,133.25,35.55
12882,2014-04-11 00:00:00,-0.0363321678887677,-0.1548366207774293,0.0821722849998939,133.25,35.55
12883,2014-04-12 00:00:00,-0.0025744061638274178,-0.12081869715773745,0.11566988483008266,133.25,35.55
12884,2014-04-13 00:00:00,0.02704896907860308,-0.09117954765942017,0.14527748581662633,133.25,35.55
12885,2014-04-14 00:00:00,-0.013253348100275605,-0.13179531270255065,0.1052886165019994,133.25,35.55
12886,2014-04-15 00:00:00,0.06379526829719998,-0.05450017720240366,0.1820907137968036,133.25,35.55
12887,2014-04-16 00:00:00,0.0743634412086986,-0.043945128340633764,0.19267201075803095,133.25,35.55
12888,2014-04-17 00:00:00,0.0647346685858505,-0.0534477619223952,0.1829170990940962,133.25,35.55
12889,2014-04-18 00:00:00,-0.0019992081930310657,-0.120259088630209,0.11626067224414688,133.25,35.55
12890,2014-04-19 00:00:00,-0.06449141235403358,-0.18277200041437056,0.053789175706303434,133.25,35.55
12891,2014-04-20 00:00:00,-0.025702546717234258,-0.14399648424640554,0.09259139081193704,133.25,35.55
12892,2014-04-21 00:00:00,0.06893211897338493,-0.049332939799151716,0.1871971777459216,133.25,35.55
12893,2014-04-22 00:00:00,0.035452873666289964,-0.08274944931371915,0.15365519664629906,133.25,35.55
12894,2014-04-23 00:00:00,0.0008946813741716047,-0.11720354585124515,0.11899290859958835,133.25,35.55
12895,2014-04-24 00:00:00,-0.021402500426226198,-0.13955654453325533,0.09675154368080294,133.25,35.55
12896,2014-04-25 00:00:00,0.016957318135727487,-0.1012528876771587,0.13516752394861367,133.25,35.55
12897,2014-04-26 00:00:00,0.039695877715328884,-0.07847140789870488,0.15786316332936262,133.25,35.55
12898,2014-04-27 00:00:00,0.05067049516928949,-0.06755451559425579,0.16889550593283478,133.25,35.55
12899,2014-04-28 00:00:00,0.04979569808849592,-0.06856284897232742,0.16815424514931926,133.25,35.55
12900,2014-04-29 00:00:00,0.01759918984439279,-0.1015007059378271,0.1366990856266127,133.25,35.55
12901,2014-04-30 00:00:00,0.08912185213428495,-0.03021825602415447,0.20846196029272435,133.25,35.55
12902,2014-05-01 00:00:00,0.048817150653836114,-0.06946888375242236,0.16710318506009458,133.25,35.55
12903,2014-05-02 00:00:00,0.049068752141751854,-0.0690834498690307,0.1672209541525344,133.25,35.55
12904,2014-05-03 00:00:00,0.10999579790121994,-0.008509860787368567,0.22850145658980844,133.25,35.55
12905,2014-05-04 00:00:00,0.039845446383402865,-0.07882338550823219,0.1585142782750379,133.25,35.55
12906,2014-05-05 00:00:00,0.10863612327478916,-0.009837318161207255,0.2271095647107856,133.25,35.55
12907,2014-05-06 00:00:00,0.057945704072456965,-0.0604927979535943,0.17638420609850822,133.25,35.55
12908,2014-05-07 00:00:00,0.03997793903070798,-0.0782238367253219,0.15817971478673787,133.25,35.55
12909,2014-05-08 00:00:00,0.14324594360082804,0.024930007809294275,0.2615618793923618,133.25,35.55
12910,2014-05-09 00:00:00,0.07760689677034982,-0.0409904907826434,0.19620428432334308,133.25,35.55
12911,2014-05-10 00:00:00,-0.062112495564100235,-0.18052104980817096,0.056296058679970486,133.25,35.55
12912,2014-05-11 00:00:00,-0.02437169812596764,-0.1425786749113651,0.09383527865942984,133.25,35.55
12913,2014-05-12 00:00:00,0.34575464921595256,0.2265758491769632,0.464933449254942,133.25,35.55
12914,2014-05-13 00:00:00,0.12404226765451094,0.004015421255667506,0.2440691140533544,133.25,35.55
12915,2014-05-14 00:00:00,0.07460253038734249,-0.043818461238514725,0.19302352201319967,133.25,35.55
12916,2014-05-15 00:00:00,0.11595200538789108,-0.0025974727475275433,0.2345014835233097,133.25,35.55
12917,2014-05-16 00:00:00,0.12912258168250207,0.010628583632823069,0.2476165797321811,133.25,35.55
12918,2014-05-17 00:00:00,-0.02820040638161901,-0.14648919610817462,0.0900883833449366,133.25,35.55
12919,2014-05-18 00:00:00,0.0072118741117134936,-0.11097208256920273,0.1253958307926297,133.25,35.55
12920,2014-05-19 00:00:00,0.030975925383906724,-0.0871738603437865,0.14912571111159995,133.25,35.55
12921,2014-05-20 00:00:00,0.05866496431242608,-0.0595224268663089,0.17685235549116105,133.25,35.55
12922,2014-05-21 00:00:00,0.07356176937344806,-0.04610251976683029,0.19322605851372646,133.25,35.55
12923,2014-05-22 00:00:00,0.035936608389600284,-0.08328013108707928,0.15515334786627982,133.25,35.55
12924,2014-05-23 00:00:00,-0.056996966884051925,-0.17517881008579753,0.061184876317693676,133.25,35.55
12925,2014-05-24 00:00:00,0.0610759283910315,-0.057070700650228276,0.17922255743229126,133.25,35.55
12926,2014-05-25 00:00:00,0.10046287076678463,-0.017740316215897986,0.2186660577494673,133.25,35.55
12927,2014-05-26 00:00:00,0.2683216617557366,0.14953592383028852,0.3871073996811846,133.25,35.55
12928,2014-05-27 00:00:00,0.09666069577196416,-0.022442533496267486,0.2157639250401958,133.25,35.55
12929,2014-05-28 00:00:00,0.09643931041771407,-0.0218576109779014,0.21473623181332954,133.25,35.55
12930,2014-05-29 00:00:00,0.06422236168125375,-0.053989837905571735,0.18243456126807925,133.25,35.55
12931,2014-05-30 00:00:00,0.05392184888070255,-0.06421681975677755,0.17206051751818266,133.25,35.55
12932,2014-05-31 00:00:00,0.0356999991978207,-0.08244991723325319,0.1538499156288946,133.25,35.55
12933,2014-06-01 00:00:00,0.04791497748396943,-0.07018285987354678,0.1660128148414856,133.25,35.55
12934,2014-06-02 00:00:00,0.057950179329943965,-0.06020137709044721,0.17610173575033514,133.25,35.55
12935,2014-06-03 00:00:00,0.022108940879570136,-0.09612631276601843,0.14034419452515873,133.25,35.55
12936,2014-06-04 00:00:00,0.00026184442400977413,-0.1180592580334797,0.11858294688149924,133.25,35.55
12937,2014-06-05 00:00:00,0.0170497692170307,-0.10168666805230857,0.13578620648636994,133.25,35.55
12938,2014-06-06 00:00:00,0.06474629240793417,-0.05404793902457841,0.18354052384044675,133.25,35.55
12939,2014-06-07 00:00:00,0.04547979911019736,-0.07275772012937108,0.1637173183497658,133.25,35.55
12940,2014-06-08 00:00:00,0.0527976280228009,-0.0653785429221967,0.17097379896779852,133.25,35.55
12941,2014-06-09 00:00:00,0.01834600543490146,-0.09980813137345068,0.13650014224325355,133.25,35.55
12942,2014-06-10 00:00:00,0.011896880703898051,-0.10627143620535176,0.1300651976131479,133.25,35.55
12943,2014-06-11 00:00:00,0.04202864444212477,-0.07621177332670283,0.16026906221095238,133.25,35.55
12944,2014-06-12 00:00:00,0.0703152580863356,-0.048023231154872066,0.18865374732754325,133.25,35.55
12945,2014-06-13 00:00:00,0.12196820873490302,0.003593775759382231,0.2403426417104238,133.25,35.55
12946,2014-06-14 00:00:00,0.080080609336493,-0.038310812963652886,0.1984720316366389,133.25,35.55
12947,2014-06-15 00:00:00,0.09049452015794374,-0.027670067079171884,0.20865910739505936,133.25,35.55
12948,2014-06-16 00:00:00,0.09025229164304642,-0.0278561383151578,0.20836072160125066,133.25,35.55
12949,2014-06-17 00:00:00,0.05259639399939013,-0.06554863083565454,0.1707414188344348,133.25,35.55
12950,2014-06-18 00:00:00,0.010955482302906362,-0.10742069741946422,0.12933166202527693,133.25,35.55
12951,2014-06-19 00:00:00,0.055009731480411606,-0.06327187309621704,0.17329133605704025,133.25,35.55
12952,2014-06-20 00:00:00,0.043798623577023736,-0.0743646841388298,0.16196193129287725,133.25,35.55
12953,2014-06-21 00:00:00,-0.01472819855753867,-0.13290549761757892,0.10344910050250157,133.25,35.55
12954,2014-06-22 00:00:00,0.012074926437894186,-0.10617236698056323,0.13032221985635162,133.25,35.55
12955,2014-06-23 00:00:00,0.04667095114808418,-0.07152487346076701,0.16486677575693534,133.25,35.55
12956,2014-06-24 00:00:00,0.06086377698071627,-0.0572481457285089,0.17897569968994148,133.25,35.55
12957,2014-06-25 00:00:00,0.036919673164610235,-0.08117606625155566,0.15501541258077614,133.25,35.55
12958,2014-06-26 00:00:00,0.049199704371085236,-0.06890890813558201,0.1673083168777525,133.25,35.55
12959,2014-06-27 00:00:00,0.04399784565429817,-0.07416192994366028,0.1621576212522566,133.25,35.55
12960,2014-06-28 00:00:00,0.06869568002536446,-0.04948798088368632,0.1868793409344152,133.25,35.55
12961,2014-06-29 00:00:00,0.08937399858336584,-0.028851482978345982,0.20759948014507767,133.25,35.55
12962,2014-06-30 00:00:00,0.024007244244575246,-0.09411089023161577,0.14212537872076628,133.25,35.55
12963,2014-07-01 00:00:00,0.02361772203442708,-0.09447367917126888,0.14170912324012302,133.25,35.55
12964,2014-07-02 00:00:00,0.030006326132242942,-0.08808096474135975,0.14809361700584564,133.25,35.55
12965,2014-07-03 00:00:00,0.07271096889728547,-0.045540378336168905,0.19096231613073988,133.25,35.55
12966,2014-07-04 00:00:00,0.07326687255589627,-0.04536706151059465,0.19190080662238726,133.25,35.55
12967,2014-07-05 00:00:00,0.039829498979401794,-0.0788110574608093,0.1584700554196129,133.25,35.55
12968,2014-07-06 00:00:00,0.057777012855930614,-0.0605487058693917,0.17610273158125292,133.25,35.55
12969,2014-07-07 00:00:00,0.08674028857104626,-0.03144858508196344,0.204929162224056,133.25,35.55
12970,2014-07-08 00:00:00,0.03495239446139318,-0.08327425738945053,0.1531790463122369,133.25,35.55
12971,2014-07-09 00:00:00,0.056378129778723876,-0.061968743480685526,0.17472500303813324,133.25,35.55
12972,2014-07-10 00:00:00,0.2536064188237185,0.13145843735497248,0.3757544002924645,133.25,35.55
12973,2014-07-11 00:00:00,0.10180311963178358,-0.02039094944720816,0.2239971887107753,133.25,35.55
12974,2014-07-12 00:00:00,0.04861480653969368,-0.06992690256245403,0.16715651564184136,133.25,35.55
12975,2014-07-13 00:00:00,0.0968670568121518,-0.02140274524389911,0.21513685886820272,133.25,35.55
12976,2014-07-14 00:00:00,0.09027606026314867,-0.02806207521730424,0.20861419574360165,133.25,35.55
12977,2014-07-15 00:00:00,0.018553558959419302,-0.09961184547859148,0.13671896339743012,133.25,35.55
12978,2014-07-16 00:00:00,0.09767821603759984,-0.02053585112879687,0.21589228320399656,133.25,35.55
12979,2014-07-17 00:00:00,0.07768387946524455,-0.04059821168436449,0.1959659706148536,133.25,35.55
12980,2014-07-18 00:00:00,0.0611439255347663,-0.05698360425315448,0.17927145532268707,133.25,35.55
12981,2014-07-19 00:00:00,0.03894715728187713,-0.07917122707576504,0.1570655416395193,133.25,35.55
12982,2014-07-20 00:00:00,0.04144717030042129,-0.07666751023699411,0.1595618508378367,133.25,35.55
12983,2014-07-21 00:00:00,0.03957496329077848,-0.07851450880654004,0.157664435388097,133.25,35.55
12984,2014-07-22 00:00:00,0.09895126204626042,-0.019179733196943997,0.21708225728946484,133.25,35.55
12985,2014-07-23 00:00:00,0.11144102648023577,-0.006675128649446263,0.22955718160991775,133.25,35.55
12986,2014-07-24 00:00:00,0.1325904761909339,0.01441554982748236,0.2507654025543854,133.25,35.55
12987,2014-07-25 00:00:00,0.047636877220642734,-0.07052764671543199,0.16580140115671746,133.25,35.55
12988,2014-07-26 00:00:00,0.1563853337581393,0.037904931376696885,0.2748657361395817,133.25,35.55
12989,2014-07-27 00:00:00,0.11903590836653075,0.00039449113299121213,0.2376773256000703,133.25,35.55
12990,2014-07-28 00:00:00,0.01886732778928737,-0.09940619716732464,0.13714085274589938,133.25,35.55
12991,2014-07-29 00:00:00,0.020316143736778536,-0.09779581052988444,0.13842809800344152,133.25,35.55
12992,2014-07-30 00:00:00,0.02881460483214861,-0.08927354689989273,0.14690275656418994,133.25,35.55
12993,2014-07-31 00:00:00,0.039435764725579456,-0.07869641000300642,0.15756793945416533,133.25,35.55
12994,2014-08-01 00:00:00,0.03397519654396685,-0.08429715231956199,0.15224754540749572,133.25,35.55
12995,2014-08-02 00:00:00,0.030159839110612718,-0.08844882832948985,0.14876850655071527,133.25,35.55
12996,2014-08-03 00:00:00,0.08917504184672177,-0.029467246728289518,0.20781733042173306,133.25,35.55
12997,2014-08-04 00:00:00,0.1978263135021535,0.07915875131240137,0.3164938756919056,133.25,35.55
12998,2014-08-05 00:00:00,0.12056456361956208,0.0021277884720987267,0.2390013387670254,133.25,35.55
12999,2014-08-06 00:00:00,0.09224222547337674,-0.02610333687984816,0.21058778782660165,133.25,35.55
13000,2014-08-07 00:00:00,0.05308351162980414,-0.06513795875187098,0.17130498201147926,133.25,35.55
13001,2014-08-08 00:00:00,-0.0364414278024426,-0.15471422139818966,0.08183136579330448,133.25,35.55
13002,2014-08-09 00:00:00,0.023016991856372026,-0.09624255147811704,0.14227653519086106,133.25,35.55
13003,2014-08-10 00:00:00,0.09614325768447153,-0.03458176623026365,0.22686828159920674,133.25,35.55
13004,2014-08-11 00:00:00,0.3032341363455969,0.1747712820295086,0.4316969906616852,133.25,35.55
13005,2014-08-12 00:00:00,0.020238018244979682,-0.09823099992370572,0.13870703641366505,133.25,35.55
13006,2014-08-13 00:00:00,0.039084379636257084,-0.07905218203574275,0.15722094130825692,133.25,35.55
13007,2014-08-14 00:00:00,0.026016673460252084,-0.09216493339141088,0.14419828031191506,133.25,35.55
13008,2014-08-15 00:00:00,0.08899624282812843,-0.029519410691395367,0.2075118963476522,133.25,35.55
13009,2014-08-16 00:00:00,0.026074511819309837,-0.09249144308128317,0.14464046671990285,133.25,35.55
13010,2014-08-17 00:00:00,0.02054553339029149,-0.09787062344399612,0.13896169022457908,133.25,35.55
13011,2014-08-18 00:00:00,0.04518614387715052,-0.07310321004009372,0.16347549779439474,133.25,35.55
13012,2014-08-19 00:00:00,0.07679297013661585,-0.04162833469741915,0.1952142749706509,133.25,35.55
13013,2014-08-20 00:00:00,0.057248832844466135,-0.0609814145716271,0.1754790802605594,133.25,35.55
13014,2014-08-21 00:00:00,0.062414606560252925,-0.05579539428847605,0.18062460740898192,133.25,35.55
13015,2014-08-22 00:00:00,0.05771884423768101,-0.06066475510782208,0.17610244358318408,133.25,35.55
13016,2014-08-23 00:00:00,0.08908613550759864,-0.029114705551934825,0.2072869765671321,133.25,35.55
13017,2014-08-24 00:00:00,0.06399500009552532,-0.054126363930729136,0.1821163641217798,133.25,35.55
13018,2014-08-25 00:00:00,0.035390380241096336,-0.08273725734433338,0.15351801782652605,133.25,35.55
13019,2014-08-26 00:00:00,0.05260810105114115,-0.0662126237354912,0.1714288258377735,133.25,35.55
13020,2014-08-27 00:00:00,0.031068616631291908,-0.0876066582768491,0.1497438915394329,133.25,35.55
13021,2014-08-28 00:00:00,-0.005538097815695964,-0.12370243298129255,0.11262623734990065,133.25,35.55
13022,2014-08-29 00:00:00,0.005979349249508034,-0.11212194659115636,0.1240806450901724,133.25,35.55
13023,2014-08-30 00:00:00,0.0156346737758162,-0.10243963752538816,0.13370898507702056,133.25,35.55
13024,2014-08-31 00:00:00,0.027503118004394308,-0.09059281905419,0.1455990550629786,133.25,35.55
13025,2014-09-01 00:00:00,0.007562150694393144,-0.11057410488938874,0.12569840627817502,133.25,35.55
13026,2014-09-02 00:00:00,0.012116262656076682,-0.10600309197738686,0.13023561728954022,133.25,35.55
13027,2014-09-03 00:00:00,0.10203657847157896,-0.01623005616416201,0.22030321310731996,133.25,35.55
13028,2014-09-04 00:00:00,0.08556898445340558,-0.03301787723208409,0.20415584613889529,133.25,35.55
13029,2014-09-05 00:00:00,0.052288811598868314,-0.06606875393541557,0.17064637713315214,133.25,35.55
13030,2014-09-06 00:00:00,0.0366585291060291,-0.08146829246134395,0.15478535067340216,133.25,35.55
13031,2014-09-07 00:00:00,0.04655568207028859,-0.07161543357532342,0.16472679771590062,133.25,35.55
13032,2014-09-08 00:00:00,0.027210579174653325,-0.0909314110753014,0.14535256942460806,133.25,35.55
13033,2014-09-09 00:00:00,0.052160671026482884,-0.06604387751986207,0.17036521957282785,133.25,35.55
13034,2014-09-10 00:00:00,0.03250774048691445,-0.08564263345600777,0.15065811442983665,133.25,35.55
13035,2014-09-11 00:00:00,-0.006502573509040453,-0.12469398280120612,0.1116888357831252,133.25,35.55
13036,2014-09-12 00:00:00,0.019990114895134404,-0.09821609512937578,0.1381963249196446,133.25,35.55
13037,2014-09-13 00:00:00,0.014473178509447238,-0.10374218826210332,0.13268854528099774,133.25,35.55
13038,2014-09-14 00:00:00,0.009941568176841678,-0.10825023859467124,0.12813337494835458,133.25,35.55
13039,2014-09-15 00:00:00,0.040588066473070165,-0.07752802854476433,0.15870416149090466,133.25,35.55
13040,2014-09-16 00:00:00,0.03938806169734058,-0.07872900893648704,0.1575051323311682,133.25,35.55
13041,2014-09-17 00:00:00,-0.02334362014547705,-0.1414504629447148,0.09476322265376072,133.25,35.55
13042,2014-09-18 00:00:00,0.014695046705558566,-0.10345787284157126,0.13284796625268838,133.25,35.55
13043,2014-09-19 00:00:00,0.02613397799934689,-0.09206630186089462,0.14433425785958842,133.25,35.55
13044,2014-09-20 00:00:00,0.04147779053066114,-0.07674259005459311,0.15969817111591536,133.25,35.55
13045,2014-09-21 00:00:00,-0.032378717296600266,-0.15055115609609554,0.08579372150289498,133.25,35.55
13046,2014-09-22 00:00:00,-0.004554739089054089,-0.122736591770513,0.11362711359240482,133.25,35.55
13047,2014-09-23 00:00:00,-0.02650229939745565,-0.14466511541442598,0.09166051661951467,133.25,35.55
13048,2014-09-24 00:00:00,0.08974379339019423,-0.02867273898183884,0.2081603257622273,133.25,35.55
13049,2014-09-25 00:00:00,0.0956586603276596,-0.023650944216004527,0.2149682648713237,133.25,35.55
13050,2014-09-26 00:00:00,-0.0036702267976443104,-0.12250315816897768,0.11516270457368905,133.25,35.55
13051,2014-09-27 00:00:00,-0.001774473700787038,-0.12017476705077165,0.11662581964919758,133.25,35.55
13052,2014-09-28 00:00:00,0.0379011575958686,-0.08044881640025864,0.15625113159199586,133.25,35.55
13053,2014-09-29 00:00:00,0.01897807306986323,-0.09923275811613423,0.13718890425586072,133.25,35.55
13054,2014-09-30 00:00:00,0.02591070038170957,-0.09253376905618883,0.144355169819608,133.25,35.55
13055,2014-10-01 00:00:00,-0.019620288969143636,-0.13816193217305187,0.0989213542347646,133.25,35.55
13056,2014-10-02 00:00:00,0.0666218038781175,-0.05162312163404939,0.1848667293902844,133.25,35.55
13057,2014-10-03 00:00:00,0.10660207154254958,-0.01176759312517886,0.224971736210278,133.25,35.55
13058,2014-10-04 00:00:00,-0.1025895768103224,-0.22109454429963432,0.01591539067898949,133.25,35.55
13059,2014-10-05 00:00:00,-0.052468980572209466,-0.17124401288235566,0.06630605173793669,133.25,35.55
13060,2014-10-06 00:00:00,0.003787596082645339,-0.11750417035573132,0.12507936252102198,133.25,35.55
13061,2014-10-07 00:00:00,-0.043283531213514206,-0.1638415331211146,0.07727447069408618,133.25,35.55
13062,2014-10-08 00:00:00,-0.03510131928838005,-0.1533514819389359,0.08314884336217579,133.25,35.55
13063,2014-10-09 00:00:00,-0.0186844081504528,-0.1368462722678232,0.0994774559669176,133.25,35.55
13064,2014-10-10 00:00:00,0.013103933815237088,-0.1052385330867798,0.13144640071725394,133.25,35.55
13065,2014-10-11 00:00:00,-0.08040836894496578,-0.19889814782795215,0.0380814099380206,133.25,35.55
13066,2014-10-12 00:00:00,-0.01810434928058137,-0.13738185352239904,0.1011731549612363,133.25,35.55
13067,2014-10-13 00:00:00,0.009594936178260086,-0.11269031013937983,0.1318801824959,133.25,35.55
13068,2014-10-14 00:00:00,-0.016047462102511317,-0.14322348074746274,0.11112855654244012,133.25,35.55
13069,2014-10-15 00:00:00,-0.020929269086499502,-0.1410740811075429,0.0992155429345439,133.25,35.55
13070,2014-10-16 00:00:00,0.057319694608711426,-0.06085026191054384,0.17548965112796666,133.25,35.55
13071,2014-10-17 00:00:00,0.039352839258072,-0.07893889427763065,0.15764457279377464,133.25,35.55
13072,2014-10-18 00:00:00,-0.005867749380133323,-0.12406047974923268,0.11232498098896604,133.25,35.55
13073,2014-10-19 00:00:00,-0.004810349482492995,-0.12299748526251295,0.11337678629752697,133.25,35.55
13074,2014-10-20 00:00:00,0.05171315050412097,-0.0665054249918847,0.16993172600012665,133.25,35.55
13075,2014-10-21 00:00:00,0.07372399936140059,-0.04473442240035433,0.1921824211231555,133.25,35.55
13076,2014-10-22 00:00:00,-0.06366198804805649,-0.1829077216771621,0.055583745581049115,133.25,35.55
13077,2014-10-23 00:00:00,0.014391860445942229,-0.10484211730924743,0.13362583820113189,133.25,35.55
13078,2014-10-24 00:00:00,-0.006240054913091986,-0.12468173779783065,0.11220162797164666,133.25,35.55
13079,2014-10-25 00:00:00,0.029788622539899518,-0.08833872016686824,0.14791596524666728,133.25,35.55
13080,2014-10-26 00:00:00,0.05269202783729432,-0.06543268884587781,0.17081674452046647,133.25,35.55
13081,2014-10-27 00:00:00,0.06575202245439303,-0.05272124300297809,0.18422528791176412,133.25,35.55
13082,2014-10-28 00:00:00,0.027393638388255214,-0.09136740786642103,0.14615468464293144,133.25,35.55
13083,2014-10-29 00:00:00,-0.053958601141831625,-0.17233078433757432,0.06441358205391108,133.25,35.55
13084,2014-10-30 00:00:00,-0.0008978243090739002,-0.1190769883712098,0.117281339753062,133.25,35.55
13085,2014-10-31 00:00:00,0.027100763143754515,-0.09104080200031088,0.14524232828781988,133.25,35.55
13086,2014-11-01 00:00:00,0.07768358420252368,-0.04111304803545965,0.19648021644050698,133.25,35.55
13087,2014-11-02 00:00:00,0.13072355229097105,0.011885766225843072,0.249561338356099,133.25,35.55
13088,2014-11-03 00:00:00,0.06961747683805268,-0.05006728578114245,0.1893022394572478,133.25,35.55
13089,2014-11-04 00:00:00,-0.04181193563617035,-0.16020261842196618,0.07657874714962545,133.25,35.55
13090,2014-11-05 00:00:00,-0.02470253690286491,-0.14300219740890147,0.09359712360317164,133.25,35.55
13091,2014-11-06 00:00:00,0.026389342593351045,-0.09190446662186216,0.14468315180856425,133.25,35.55
13092,2014-11-07 00:00:00,-0.09730963829753143,-0.21586815068916454,0.021248874094101672,133.25,35.55
13093,2014-11-08 00:00:00,-0.019221654532411543,-0.13761701747894178,0.09917370841411872,133.25,35.55
13094,2014-11-09 00:00:00,0.054808392980255485,-0.06353542323282085,0.17315220919333182,133.25,35.55
13095,2014-11-10 00:00:00,-0.027437461416072617,-0.14583402015989078,0.09095909732774553,133.25,35.55
13096,2014-11-11 00:00:00,0.003400348405814629,-0.11475003792905145,0.12155073474068068,133.25,35.55
13097,2014-11-12 00:00:00,0.14529258474363174,0.026896573559615014,0.2636885959276485,133.25,35.55
13098,2014-11-13 00:00:00,0.2845537747991347,0.16467988754097446,0.4044276620572949,133.25,35.55
13099,2014-11-14 00:00:00,0.09132403314899212,-0.02804006925731907,0.2106881355553033,133.25,35.55
13100,2014-11-15 00:00:00,0.06625649006031686,-0.05244540940196617,0.1849583895225999,133.25,35.55
13101,2014-11-16 00:00:00,0.02816511358616904,-0.09016856683007324,0.1464987940024113,133.25,35.55
13102,2014-11-17 00:00:00,0.07169458565148662,-0.046491979960927236,0.18988115126390048,133.25,35.55
13103,2014-11-18 00:00:00,-0.0005611275387062338,-0.11898576837853855,0.11786351330112607,133.25,35.55
13104,2014-11-19 00:00:00,-0.020850632806917097,-0.1391123489255316,0.0974110833116974,133.25,35.55
13105,2014-11-20 00:00:00,0.013623469662950659,-0.10455166987910476,0.13179860920500608,133.25,35.55
13106,2014-11-21 00:00:00,0.033112475589909755,-0.08507729391880997,0.15130224509862947,133.25,35.55
13107,2014-11-22 00:00:00,0.019495978424815243,-0.09864835869313628,0.13764031554276676,133.25,35.55
13108,2014-11-23 00:00:00,-0.01595290004723321,-0.13417391971860926,0.1022681196241428,133.25,35.55
13109,2014-11-24 00:00:00,0.059789110298579674,-0.05848288788218865,0.17806110847934795,133.25,35.55
13110,2014-11-25 00:00:00,0.00836711232965047,-0.11040644474764166,0.1271406694069426,133.25,35.55
13111,2014-11-26 00:00:00,0.04247916397948265,-0.07630996418096772,0.16126829213993304,133.25,35.55
13112,2014-11-27 00:00:00,-0.0005632592770694957,-0.11888510489799844,0.11775858634385945,133.25,35.55
13113,2014-11-28 00:00:00,0.035385531271603904,-0.08281252941791221,0.15358359196112004,133.25,35.55
13114,2014-11-29 00:00:00,0.061152191338724335,-0.05766076402154771,0.17996514669899638,133.25,35.55
13115,2014-11-30 00:00:00,-0.05247599179709735,-0.17106773487742374,0.06611575128322905,133.25,35.55
13116,2014-12-01 00:00:00,0.20501811660181768,0.08525808649272794,0.32477814671090743,133.25,35.55
13117,2014-12-02 00:00:00,0.25701902988043096,0.13533425694298098,0.3787038028178809,133.25,35.55
13118,2014-12-03 00:00:00,0.21145278268741186,0.0908658460398114,0.33203971933501225,133.25,35.55
13119,2014-12-04 00:00:00,0.09408799786742833,-0.025759200064031804,0.21393519579888848,133.25,35.55
13120,2014-12-05 00:00:00,0.1889837911032156,0.06983483247465731,0.3081327497317739,133.25,35.55
13121,2014-12-06 00:00:00,0.07922091478753575,-0.039457264327648116,0.1978990939027196,133.25,35.55
13122,2014-12-07 00:00:00,0.043007823250718766,-0.07590145687603067,0.1619171033774682,133.25,35.55
13123,2014-12-08 00:00:00,0.05649628841121769,-0.061829871053657524,0.1748224478760929,133.25,35.55
13124,2014-12-09 00:00:00,-0.012925253730110338,-0.13138574096403782,0.10553523350381712,133.25,35.55
13125,2014-12-10 00:00:00,0.004766196835586961,-0.11371811192820976,0.12325050559938368,133.25,35.55
13126,2014-12-11 00:00:00,0.13161944091026334,0.012689892621038978,0.25054898919948776,133.25,35.55
13127,2014-12-12 00:00:00,0.007557428161397414,-0.11121249108424383,0.12632734740703866,133.25,35.55
13128,2014-12-13 00:00:00,0.18108799790379607,0.06140533094883334,0.3007706648587589,133.25,35.55
13129,2014-12-14 00:00:00,0.07226445116172184,-0.04710080190167944,0.1916297042251231,133.25,35.55
13130,2014-12-15 00:00:00,0.0096405198460717,-0.10924598457452242,0.12852702426666582,133.25,35.55
13131,2014-12-16 00:00:00,0.2603881680957659,0.14044527287017533,0.3803310633213565,133.25,35.55
13132,2014-12-17 00:00:00,0.3128676152061185,0.18988726389502505,0.435847966517212,133.25,35.55
13133,2014-12-18 00:00:00,0.07455996460053811,-0.047824636379393326,0.19694456558046955,133.25,35.55
13134,2014-12-19 00:00:00,-0.018294549949707625,-0.13695006668400395,0.10036096678458872,133.25,35.55
13135,2014-12-20 00:00:00,0.1512584764307321,0.03195497323188297,0.27056197962958123,133.25,35.55
13136,2014-12-21 00:00:00,0.09317934165793196,-0.026625178923982973,0.2129838622398469,133.25,35.55
13137,2014-12-22 00:00:00,0.16840287872600376,0.04870242168559755,0.28810333576640995,133.25,35.55
13138,2014-12-23 00:00:00,0.04937494797905512,-0.07042659503058685,0.16917649098869708,133.25,35.55
13139,2014-12-24 00:00:00,0.08778335688497578,-0.030539715806869868,0.20610642957682146,133.25,35.55
13140,2014-12-25 00:00:00,0.019055235972855904,-0.10006292024187348,0.1381733921875853,133.25,35.55
13141,2014-12-26 00:00:00,0.05036442662769501,-0.06834081784653892,0.16906967110192894,133.25,35.55
13142,2014-12-27 00:00:00,-0.05728539230715522,-0.17561404768854824,0.06104326307423779,133.25,35.55
13143,2014-12-28 00:00:00,0.05340540512824996,-0.06484009163555886,0.17165090189205878,133.25,35.55
13144,2014-12-29 00:00:00,0.10861694253040173,-0.009621781194227144,0.22685566625503065,133.25,35.55
13145,2014-12-30 00:00:00,0.1736032446603636,0.055101613038484334,0.29210487628224285,133.25,35.55
13146,2014-12-31 00:00:00,0.13957667315651776,0.020499870496951556,0.25865347581608394,133.25,35.55
13147,2015-01-01 00:00:00,0.02136070678069709,-0.09894844101130194,0.14166985457269612,133.25,35.55
13148,2015-01-02 00:00:00,0.1023245154349444,-0.017362380996362073,0.22201141186625084,133.25,35.55
13149,2015-01-03 00:00:00,0.02300691016057638,-0.0964859748837039,0.14249979520485667,133.25,35.55
13150,2015-01-04 00:00:00,0.1367692673797451,0.018369590444622292,0.2551689443148679,133.25,35.55
13151,2015-01-05 00:00:00,-0.038306543326631234,-0.15673455169465533,0.08012146504139285,133.25,35.55
13152,2015-01-06 00:00:00,0.21603707005832726,0.09583293120253178,0.3362412089141227,133.25,35.55
13153,2015-01-07 00:00:00,0.05143123764673462,-0.06892685551189841,0.17178933080536762,133.25,35.55
13154,2015-01-08 00:00:00,0.0072899646303519324,-0.11118843498686236,0.12576836424756624,133.25,35.55
13155,2015-01-09 00:00:00,0.038085683676763765,-0.08028387717605097,0.15645524452957849,133.25,35.55
13156,2015-01-10 00:00:00,0.07135617048865275,-0.046980659505778115,0.18969300048308366,133.25,35.55
13157,2015-01-11 00:00:00,0.1349073279973214,0.016251503346943374,0.25356315264769946,133.25,35.55
13158,2015-01-12 00:00:00,-0.026018999056433963,-0.14556209590635832,0.0935240977934904,133.25,35.55
13159,2015-01-13 00:00:00,0.012066695442850705,-0.10638724065263436,0.13052063153833576,133.25,35.55
13160,2015-01-14 00:00:00,0.015733453476070733,-0.10248044559148572,0.1339473525436272,133.25,35.55
13161,2015-01-15 00:00:00,0.08447499225321982,-0.03469950919784304,0.20364949370428267,133.25,35.55
13162,2015-01-16 00:00:00,-0.03191324436930332,-0.15134573944646634,0.08751925070785972,133.25,35.55
13163,2015-01-17 00:00:00,0.08226459671457588,-0.03748966778014175,0.20201886120929352,133.25,35.55
13164,2015-01-18 00:00:00,0.037218845287688304,-0.0823578186634682,0.1567955092388448,133.25,35.55
13165,2015-01-19 00:00:00,0.19720543177137528,0.07772790355551575,0.3166829599872348,133.25,35.55
13166,2015-01-20 00:00:00,-0.034506150358977354,-0.15393443400931106,0.08492213329135638,133.25,35.55
13167,2015-01-21 00:00:00,0.005809344628429795,-0.11240032348933864,0.12401901274619825,133.25,35.55
13168,2015-01-22 00:00:00,0.07274837734124617,-0.04605440736988972,0.19155116205238207,133.25,35.55
13169,2015-01-23 00:00:00,-0.05925367788249052,-0.17910766069446998,0.06060030492948895,133.25,35.55
13170,2015-01-24 00:00:00,0.004240800917204718,-0.11445634998810232,0.12293795182251176,133.25,35.55
13171,2015-01-25 00:00:00,0.0002633427331193809,-0.1179997717340534,0.11852645720029215,133.25,35.55
13172,2015-01-26 00:00:00,0.10340603505692622,-0.015067172754098674,0.22187924286795116,133.25,35.55
13173,2015-01-27 00:00:00,0.07228236259115653,-0.04670291265157885,0.1912676378338919,133.25,35.55
13174,2015-01-28 00:00:00,0.006467368140753389,-0.11254212786248308,0.12547686414398984,133.25,35.55
13175,2015-01-29 00:00:00,-0.02300695986815139,-0.14165826389959288,0.0956443441632901,133.25,35.55
13176,2015-01-30 00:00:00,0.0608721292654246,-0.057455128795845314,0.1791993873266945,133.25,35.55
13177,2015-01-31 00:00:00,-0.027182668935060272,-0.14642541664471356,0.092060078774593,133.25,35.55
13178,2015-02-01 00:00:00,0.03722238284276455,-0.08162195833611299,0.15606672402164212,133.25,35.55
13179,2015-02-02 00:00:00,0.013550738355160965,-0.10489425271063113,0.13199572942095306,133.25,35.55
13180,2015-02-03 00:00:00,0.01790965657812245,-0.1003595715912251,0.13617888474747,133.25,35.55
13181,2015-02-04 00:00:00,0.035639447632591234,-0.0826035972115229,0.15388249247670538,133.25,35.55
13182,2015-02-05 00:00:00,0.020919284387276558,-0.09829314215514418,0.14013171092969728,133.25,35.55
13183,2015-02-06 00:00:00,0.00695707500718941,-0.11278220713289698,0.1266963571472758,133.25,35.55
13184,2015-02-07 00:00:00,0.006306395276595911,-0.11198260508522,0.12459539563841185,133.25,35.55
13185,2015-02-08 00:00:00,0.16793226500002578,0.04889406257946269,0.28697046742058885,133.25,35.55
13186,2015-02-09 00:00:00,0.014282954069871968,-0.1055019667551356,0.13406787489487956,133.25,35.55
13187,2015-02-10 00:00:00,0.13643624105844726,0.01709271216398915,0.2557797699529053,133.25,35.55
13188,2015-02-11 00:00:00,0.1683975219853684,0.04964461422077877,0.28715042974995797,133.25,35.55
13189,2015-02-12 00:00:00,0.11649792624471188,-0.0020886910525541318,0.2350845435419779,133.25,35.55
13190,2015-02-13 00:00:00,0.11104015368099876,-0.007845454907893193,0.2299257622698907,133.25,35.55
13191,2015-02-14 00:00:00,0.09794601183728688,-0.020899469907732667,0.21679149358230645,133.25,35.55
13192,2015-02-15 00:00:00,0.0948971471160212,-0.023886951314661925,0.21368124554670434,133.25,35.55
13193,2015-02-16 00:00:00,-0.018876232669997724,-0.13733592390352192,0.09958345856352646,133.25,35.55
13194,2015-02-17 00:00:00,0.08212354339812447,-0.03637536590477879,0.20062245270102771,133.25,35.55
13195,2015-02-18 00:00:00,0.03751950724015015,-0.08138636704290153,0.15642538152320182,133.25,35.55
13196,2015-02-19 00:00:00,0.018982309096953903,-0.10003308763947072,0.13799770583337856,133.25,35.55
13197,2015-02-20 00:00:00,0.03348219934411335,-0.08511551844716575,0.15207991713539246,133.25,35.55
13198,2015-02-21 00:00:00,0.02691348850306011,-0.09132000751173117,0.14514698451785135,133.25,35.55
13199,2015-02-22 00:00:00,0.1816262821424904,0.0629637197149364,0.30028884457004434,133.25,35.55
13200,2015-02-23 00:00:00,0.08570200751107462,-0.03349437495126431,0.2048983899734136,133.25,35.55
13201,2015-02-24 00:00:00,0.03925048959971678,-0.07902941270703176,0.1575303919064653,133.25,35.55
13202,2015-02-25 00:00:00,-0.029928640391415982,-0.14809719115029818,0.0882399103674662,133.25,35.55
13203,2015-02-26 00:00:00,0.06246841473048762,-0.05577517309728503,0.18071200255826028,133.25,35.55
13204,2015-02-27 00:00:00,0.09132021260180943,-0.027562234095775292,0.2102026592993942,133.25,35.55
13205,2015-02-28 00:00:00,-0.10744249310996996,-0.2263078780525521,0.011422891832612234,133.25,35.55
13206,2015-03-01 00:00:00,0.13341476838520935,0.014775996251958232,0.2520535405184605,133.25,35.55
13207,2015-03-02 00:00:00,0.0512665280272683,-0.06810256185453067,0.17063561790906728,133.25,35.55
13208,2015-03-03 00:00:00,0.0449559194790396,-0.07328979750035063,0.16320163645842986,133.25,35.55
13209,2015-03-04 00:00:00,0.1655192438392643,0.04598469087207306,0.28505379680645554,133.25,35.55
13210,2015-03-05 00:00:00,0.03322298977931936,-0.08714756607689322,0.15359354563553196,133.25,35.55
13211,2015-03-06 00:00:00,-0.02201384761455797,-0.14038511261862652,0.09635741738951056,133.25,35.55
13212,2015-03-07 00:00:00,0.012379006979869552,-0.105775298756543,0.1305333127162821,133.25,35.55
13213,2015-03-08 00:00:00,-0.009146053445351944,-0.12745117403050554,0.1091590671398017,133.25,35.55
13214,2015-03-09 00:00:00,0.06839287538089238,-0.04999075113350615,0.1867765018952909,133.25,35.55
13215,2015-03-10 00:00:00,0.09836317287664366,-0.021593762927410432,0.21832010868069773,133.25,35.55
13216,2015-03-11 00:00:00,0.2743915734011236,0.1531819384180912,0.395601208384156,133.25,35.55
13217,2015-03-12 00:00:00,0.16788325630084588,0.04707669083097697,0.2886898217707148,133.25,35.55
13218,2015-03-13 00:00:00,0.10905571238006004,-0.009904951371298723,0.2280163761314188,133.25,35.55
13219,2015-03-14 00:00:00,0.054565645230950297,-0.0641149917597198,0.1732462822216204,133.25,35.55
13220,2015-03-15 00:00:00,0.02228851697135286,-0.09603550596395484,0.14061253990666053,133.25,35.55
13221,2015-03-16 00:00:00,-0.0003176288079352156,-0.11857408351170562,0.11793882589583518,133.25,35.55
13222,2015-03-17 00:00:00,0.025580001007183918,-0.09262562840542236,0.1437856304197902,133.25,35.55
13223,2015-03-18 00:00:00,0.010458701443124356,-0.10783880949340376,0.12875621237965248,133.25,35.55
13224,2015-03-19 00:00:00,0.07394757552541051,-0.045099297933223925,0.19299444898404491,133.25,35.55
13225,2015-03-20 00:00:00,-0.018562137456370968,-0.13724059017086124,0.10011631525811927,133.25,35.55
13226,2015-03-21 00:00:00,0.01908493930337792,-0.0990417693141854,0.13721164792094126,133.25,35.55
13227,2015-03-22 00:00:00,0.07430598694516682,-0.043926601071305305,0.19253857496163893,133.25,35.55
13228,2015-03-23 00:00:00,-0.0029928699395052947,-0.12185850225374426,0.11587276237473368,133.25,35.55
13229,2015-03-24 00:00:00,0.03771056665114045,-0.08098685162484139,0.15640798492712227,133.25,35.55
13230,2015-03-25 00:00:00,0.004023870367165894,-0.1143349413840407,0.12238268211837247,133.25,35.55
13231,2015-03-26 00:00:00,-0.004948485759398102,-0.12326471600120548,0.11336774448240927,133.25,35.55
13232,2015-03-27 00:00:00,0.061392130316357124,-0.05686913432712036,0.17965339495983462,133.25,35.55
13233,2015-03-28 00:00:00,0.09479765066226208,-0.02341726337214159,0.2130125646966657,133.25,35.55
13234,2015-03-29 00:00:00,0.08312437475029039,-0.035057346141340935,0.2013060956419217,133.25,35.55
13235,2015-03-30 00:00:00,-0.017063407088993045,-0.13527793137000335,0.10115111719201723,133.25,35.55
13236,2015-03-31 00:00:00,0.06604082020197936,-0.05215771180674928,0.184239352210708,133.25,35.55
13237,2015-04-01 00:00:00,0.09308617894250462,-0.025527413850954472,0.2116997717359637,133.25,35.55
13238,2015-04-02 00:00:00,-0.023019697760179245,-0.14178602915280356,0.09574663363244508,133.25,35.55
13239,2015-04-03 00:00:00,0.4036510549544482,0.2825899568699649,0.5247121530389315,133.25,35.55
13240,2015-04-04 00:00:00,-0.001027902807197556,-0.12263841362284456,0.12058260800844944,133.25,35.55
13241,2015-04-05 00:00:00,0.09303353100725806,-0.025507786193775403,0.21157484820829156,133.25,35.55
13242,2015-04-06 00:00:00,0.028851926862204832,-0.08960335706677586,0.1473072107911855,133.25,35.55
13243,2015-04-07 00:00:00,-0.08360866477193273,-0.20226682071362329,0.03504949116975785,133.25,35.55
13244,2015-04-08 00:00:00,-0.05071221083177355,-0.16934004339160327,0.06791562172805618,133.25,35.55
13245,2015-04-09 00:00:00,-0.027816413899270063,-0.14617229330710968,0.09053946550856952,133.25,35.55
13246,2015-04-10 00:00:00,0.01868640202077601,-0.09984924532739256,0.13722204936894458,133.25,35.55
13247,2015-04-11 00:00:00,-0.006405640864567304,-0.12550380784326,0.11269252611412542,133.25,35.55
13248,2015-04-12 00:00:00,-0.07837047471380636,-0.19661083133317106,0.03986988190555833,133.25,35.55
13249,2015-04-13 00:00:00,-0.04221041495911596,-0.16115763990829096,0.07673680999005904,133.25,35.55
13250,2015-04-14 00:00:00,0.11001476474824703,-0.009235087783182494,0.22926461727967656,133.25,35.55
13251,2015-04-15 00:00:00,0.09397924380717984,-0.025585400325064855,0.21354388793942453,133.25,35.55
13252,2015-04-16 00:00:00,0.12126819988049192,0.0018495144422597672,0.2406868853187241,133.25,35.55
13253,2015-04-17 00:00:00,0.04198949562227878,-0.07696416745600235,0.16094315870055992,133.25,35.55
13254,2015-04-18 00:00:00,-0.02115009586105478,-0.13977580223684047,0.0974756105147309,133.25,35.55
13255,2015-04-19 00:00:00,0.09810119825635276,-0.020223186291031314,0.2164255828037368,133.25,35.55
13256,2015-04-20 00:00:00,0.17684673782395816,0.05668455839321511,0.2970089172547012,133.25,35.55
13257,2015-04-21 00:00:00,-0.05200952991928899,-0.17229545197745388,0.0682763921388759,133.25,35.55
13258,2015-04-22 00:00:00,-0.009303733369953595,-0.1276414086512538,0.10903394191134663,133.25,35.55
13259,2015-04-23 00:00:00,0.03907297419953688,-0.07918903890187938,0.15733498730095313,133.25,35.55
13260,2015-04-24 00:00:00,0.041278060115541804,-0.0769188539582949,0.1594749741893785,133.25,35.55
13261,2015-04-25 00:00:00,0.01366115892704288,-0.1045421824746706,0.13186450032875635,133.25,35.55
13262,2015-04-26 00:00:00,0.05654565723254636,-0.061684804837643166,0.17477611930273587,133.25,35.55
13263,2015-04-27 00:00:00,0.09986254086071822,-0.018364136943267332,0.21808921866470374,133.25,35.55
13264,2015-04-28 00:00:00,0.06813649347477352,-0.05005601123279727,0.1863289981823443,133.25,35.55
13265,2015-04-29 00:00:00,0.022314740649635373,-0.09586960073759344,0.14049908203686418,133.25,35.55
13266,2015-04-30 00:00:00,-0.0027886844723556924,-0.12094094188676045,0.11536357294204905,133.25,35.55
13267,2015-05-01 00:00:00,0.009608700782709105,-0.10852597763011428,0.1277433791955325,133.25,35.55
13268,2015-05-02 00:00:00,0.03878358685147823,-0.07936927150668134,0.1569364452096378,133.25,35.55
13269,2015-05-03 00:00:00,0.08031118880096139,-0.037842579513867165,0.19846495711578996,133.25,35.55
13270,2015-05-04 00:00:00,0.13376409056334715,0.01521898725405535,0.2523091938726389,133.25,35.55
13271,2015-05-05 00:00:00,0.02961564923638272,-0.08901028970213241,0.14824158817489785,133.25,35.55
13272,2015-05-06 00:00:00,0.034138234340663584,-0.08412884731771189,0.1524053159990391,133.25,35.55
13273,2015-05-07 00:00:00,0.039504911077999416,-0.07868960190579984,0.15769942406179865,133.25,35.55
13274,2015-05-08 00:00:00,0.030245855772917732,-0.08796952600322776,0.1484612375490632,133.25,35.55
13275,2015-05-09 00:00:00,0.050637778786693684,-0.06761796550287738,0.16889352307626473,133.25,35.55
13276,2015-05-10 00:00:00,-0.04043600974445609,-0.15881907590095926,0.07794705641204705,133.25,35.55
13277,2015-05-11 00:00:00,-0.02949243462825966,-0.1477576971833094,0.08877282792679007,133.25,35.55
13278,2015-05-12 00:00:00,0.3760219900985494,0.2553383619368141,0.4967056182602847,133.25,35.55
13279,2015-05-13 00:00:00,0.2757252066994251,0.1546498279599609,0.3968005854388893,133.25,35.55
13280,2015-05-14 00:00:00,0.12199829577399728,0.0029822974614827358,0.24101429408651184,133.25,35.55
13281,2015-05-15 00:00:00,0.0633233067912566,-0.055214117171173235,0.1818607307536864,133.25,35.55
13282,2015-05-16 00:00:00,0.050984784575035635,-0.06744694896487377,0.16941651811494507,133.25,35.55
13283,2015-05-17 00:00:00,0.03465710184564727,-0.0837470903503756,0.15306129404167013,133.25,35.55
13284,2015-05-18 00:00:00,0.06356924874166013,-0.05463157076779343,0.18177006825111366,133.25,35.55
13285,2015-05-19 00:00:00,0.1199593441562282,0.0014622653243157868,0.23845642298814065,133.25,35.55
13286,2015-05-20 00:00:00,0.036528269712422734,-0.08188693582592946,0.15494347525077493,133.25,35.55
13287,2015-05-21 00:00:00,0.04038515665253615,-0.07817031604038098,0.15894062934545325,133.25,35.55
13288,2015-05-22 00:00:00,0.0365486238964608,-0.08184847859055784,0.15494572638347942,133.25,35.55
13289,2015-05-23 00:00:00,0.0835291746890019,-0.03466508457912239,0.20172343395712616,133.25,35.55
13290,2015-05-24 00:00:00,0.05440619574217185,-0.0637773894581905,0.17258978094253422,133.25,35.55
13291,2015-05-25 00:00:00,0.04938741185404032,-0.06877481058111548,0.16754963428919611,133.25,35.55
13292,2015-05-26 00:00:00,0.05485294754345009,-0.06328463020868022,0.1729905252955804,133.25,35.55
13293,2015-05-27 00:00:00,0.06556026510217443,-0.05261196969350067,0.1837324998978495,133.25,35.55
13294,2015-05-28 00:00:00,0.00623620089453017,-0.1119105112545484,0.12438291304360875,133.25,35.55
13295,2015-05-29 00:00:00,0.027617428921470316,-0.09056426948620294,0.14579912732914355,133.25,35.55
13296,2015-05-30 00:00:00,0.09711547921616814,-0.02111434445439131,0.2153453028867276,133.25,35.55
13297,2015-05-31 00:00:00,0.05141643562249914,-0.0669021384023474,0.16973500964734567,133.25,35.55
13298,2015-06-01 00:00:00,0.033285914270981966,-0.08496497632801747,0.15153680486998142,133.25,35.55
13299,2015-06-02 00:00:00,0.08420549220769577,-0.03393243756543493,0.20234342198082647,133.25,35.55
13300,2015-06-03 00:00:00,0.1135513240761199,-0.004912091821346526,0.2320147399735863,133.25,35.55
13301,2015-06-04 00:00:00,0.012857957599207735,-0.10605740354960068,0.13177331874801615,133.25,35.55
13302,2015-06-05 00:00:00,0.025607118824970947,-0.09290406752308078,0.14411830517302268,133.25,35.55
13303,2015-06-06 00:00:00,0.03691702724799055,-0.08175203204766833,0.15558608654364942,133.25,35.55
13304,2015-06-07 00:00:00,-0.023855160027113975,-0.14206953354078705,0.09435921348655907,133.25,35.55
13305,2015-06-08 00:00:00,0.09350009567450028,-0.024718212225581796,0.21171840357458235,133.25,35.55
13306,2015-06-09 00:00:00,0.09462091104696232,-0.023999836511272785,0.21324165860519745,133.25,35.55
13307,2015-06-10 00:00:00,0.005973565128731217,-0.11233061529476998,0.12427774555223242,133.25,35.55
13308,2015-06-11 00:00:00,0.05473178862069062,-0.06342789991847547,0.17289147715985673,133.25,35.55
13309,2015-06-12 00:00:00,0.11765223641021245,-0.0006568755008776878,0.23596134832130256,133.25,35.55
13310,2015-06-13 00:00:00,0.04794959127722894,-0.07037889784810694,0.16627808040256484,133.25,35.55
13311,2015-06-14 00:00:00,0.04400390800244955,-0.0742844146621282,0.1622922306670273,133.25,35.55
13312,2015-06-15 00:00:00,0.045435276034851084,-0.07271816016949173,0.16358871223919388,133.25,35.55
13313,2015-06-16 00:00:00,0.07283122047479107,-0.04533318776432617,0.1909956287139083,133.25,35.55
13314,2015-06-17 00:00:00,0.02107313616404658,-0.0970563596846771,0.13920263201277028,133.25,35.55
13315,2015-06-18 00:00:00,-0.18134465605895028,-0.3275715575732445,-0.03511775454465607,133.25,35.55
13316,2015-06-19 00:00:00,0.10149397976348376,-0.048541862362456216,0.2515298218894237,133.25,35.55
13317,2015-06-20 00:00:00,0.04131798198163947,-0.0770514735112331,0.15968743747451206,133.25,35.55
13318,2015-06-21 00:00:00,0.039903941662798405,-0.07826395788536994,0.15807184121096676,133.25,35.55
13319,2015-06-22 00:00:00,0.03253227632457978,-0.08560819708180215,0.1506727497309617,133.25,35.55
13320,2015-06-23 00:00:00,0.045990509396464714,-0.07213806038804474,0.16411907918097415,133.25,35.55
13321,2015-06-24 00:00:00,0.01306943437685463,-0.10508871509618896,0.13122758384989822,133.25,35.55
13322,2015-06-25 00:00:00,0.05371245152321065,-0.0644762206671494,0.1719011237135707,133.25,35.55
13323,2015-06-26 00:00:00,0.1825362675880036,0.06292775553716501,0.30214477963884223,133.25,35.55
13324,2015-06-27 00:00:00,0.15709079660264266,0.03596192488372167,0.27821966832156364,133.25,35.55
13325,2015-06-28 00:00:00,-0.016097794554701686,-0.13538025209071716,0.1031846629813138,133.25,35.55
13326,2015-06-29 00:00:00,0.05584398525827111,-0.0626124155136499,0.17430038603019213,133.25,35.55
13327,2015-06-30 00:00:00,0.10950854809761593,-0.00874544715450895,0.2277625433497408,133.25,35.55
13328,2015-07-01 00:00:00,0.13407399533426065,0.014317131455553885,0.25383085921296744,133.25,35.55
13329,2015-07-02 00:00:00,0.06874958952800697,-0.051041217590005766,0.1885403966460197,133.25,35.55
13330,2015-07-03 00:00:00,0.05407395664072713,-0.06417854237345752,0.17232645565491178,133.25,35.55
13331,2015-07-04 00:00:00,0.03659711705756005,-0.08162381803436594,0.15481805214948602,133.25,35.55
13332,2015-07-05 00:00:00,-0.008831665136474251,-0.12704675162280096,0.10938342134985243,133.25,35.55
13333,2015-07-06 00:00:00,0.009266982249734886,-0.10882087686882408,0.12735484136829384,133.25,35.55
13334,2015-07-07 00:00:00,0.023969757658815826,-0.09412358896845736,0.14206310428608898,133.25,35.55
13335,2015-07-08 00:00:00,0.013005700761653879,-0.10519191454764168,0.13120331607094946,133.25,35.55
13336,2015-07-09 00:00:00,0.001392940127115192,-0.11677205684959975,0.11955793710383013,133.25,35.55
13337,2015-07-10 00:00:00,-0.008933230975198395,-0.1270597335903429,0.10919327163994612,133.25,35.55
13338,2015-07-11 00:00:00,0.031559150162874576,-0.08658955444351155,0.14970785476926068,133.25,35.55
13339,2015-07-12 00:00:00,0.07102940678590275,-0.04726066901769599,0.1893194825895015,133.25,35.55
13340,2015-07-13 00:00:00,0.37980046136073176,0.25973041492958976,0.4998705077918738,133.25,35.55
13341,2015-07-14 00:00:00,0.19025428602069375,0.06982076616253381,0.3106878058788537,133.25,35.55
13342,2015-07-15 00:00:00,0.03883162346777215,-0.07958275370789374,0.15724600064343802,133.25,35.55
13343,2015-07-16 00:00:00,-0.04536823977402489,-0.16512680541890706,0.07439032587085723,133.25,35.55
13344,2015-07-17 00:00:00,-0.0007884556290637668,-0.1291465321659475,0.12756962090781995,133.25,35.55
13345,2015-07-18 00:00:00,0.2190118865542421,0.09356362916901426,0.34446014393947,133.25,35.55
13346,2015-07-19 00:00:00,-0.005407082559704135,-0.12393969788481787,0.1131255327654096,133.25,35.55
13347,2015-07-20 00:00:00,0.032728153314217294,-0.08570759654199195,0.15116390317042655,133.25,35.55
13348,2015-07-21 00:00:00,0.07100487958584248,-0.0474607691270042,0.1894705282986892,133.25,35.55
13349,2015-07-22 00:00:00,0.08180186763456955,-0.03679388971421499,0.2003976249833541,133.25,35.55
13350,2015-07-23 00:00:00,0.059694255315835276,-0.05893248973872624,0.17832100037039678,133.25,35.55
13351,2015-07-24 00:00:00,0.14397540198586972,0.02550830474538877,0.26244249922635066,133.25,35.55
13352,2015-07-25 00:00:00,0.0983735162134392,-0.02003166593733871,0.21677869836421712,133.25,35.55
13353,2015-07-26 00:00:00,0.09196726700686048,-0.02645126373889166,0.21038579775261265,133.25,35.55
13354,2015-07-27 00:00:00,0.09404117515931608,-0.024543057283016145,0.21262540760164836,133.25,35.55
13355,2015-07-28 00:00:00,0.07040204880215382,-0.04786439163836073,0.1886684892426684,133.25,35.55
13356,2015-07-29 00:00:00,0.09106813852850527,-0.027098563698029737,0.2092348407550403,133.25,35.55
13357,2015-07-30 00:00:00,0.0735517419735992,-0.04458061883371588,0.1916841027809143,133.25,35.55
13358,2015-07-31 00:00:00,0.06275516496117248,-0.05540851948806283,0.18091884941040776,133.25,35.55
13359,2015-08-01 00:00:00,0.05546394572358079,-0.06267529019461543,0.17360318164177696,133.25,35.55
13360,2015-08-02 00:00:00,0.04550045216873193,-0.07264300180936248,0.16364390614682633,133.25,35.55
13361,2015-08-03 00:00:00,0.07351839791734477,-0.044637515363065344,0.19167431119775488,133.25,35.55
13362,2015-08-04 00:00:00,0.09521204187359088,-0.02295019618656803,0.2133742799337498,133.25,35.55
13363,2015-08-05 00:00:00,0.08488781287117664,-0.033272910355212765,0.20304853609756604,133.25,35.55
13364,2015-08-06 00:00:00,0.03638454221726484,-0.08173825153858798,0.15450733597311767,133.25,35.55
13365,2015-08-07 00:00:00,-0.004866125723009943,-0.1229936088897182,0.11326135744369832,133.25,35.55
13366,2015-08-08 00:00:00,0.02116854096736632,-0.0969939933348829,0.13933107526961555,133.25,35.55
13367,2015-08-09 00:00:00,0.059017648842988935,-0.0591037496707412,0.17713904735671904,133.25,35.55
13368,2015-08-10 00:00:00,0.05020649442204781,-0.0679151567041961,0.16832814554829173,133.25,35.55
13369,2015-08-11 00:00:00,0.0715889389570642,-0.046524841639908235,0.1897027195540366,133.25,35.55
13370,2015-08-12 00:00:00,0.06456820703142085,-0.053641678052345536,0.18277809211518725,133.25,35.55
13371,2015-08-13 00:00:00,0.0808314005854339,-0.03757797475373762,0.1992407759246054,133.25,35.55
13372,2015-08-14 00:00:00,0.05325238956582048,-0.06507256730901878,0.17157734644065972,133.25,35.55
13373,2015-08-15 00:00:00,0.03202964435147747,-0.08610705661842906,0.150166345321384,133.25,35.55
13374,2015-08-16 00:00:00,0.018547264977879858,-0.09954335020379268,0.1366378801595524,133.25,35.55
13375,2015-08-17 00:00:00,0.035997904832970086,-0.08236125899632342,0.15435706866226362,133.25,35.55
13376,2015-08-18 00:00:00,0.04665530327957622,-0.07198510142121663,0.16529570798036908,133.25,35.55
13377,2015-08-19 00:00:00,-0.01827877695031432,-0.13649860028712826,0.09994104638649963,133.25,35.55
13378,2015-08-20 00:00:00,0.07207859235337281,-0.04619537168534142,0.19035255639208706,133.25,35.55
13379,2015-08-21 00:00:00,0.10824845236082184,-0.00998448502600405,0.2264813897476477,133.25,35.55
13380,2015-08-22 00:00:00,0.11687797894771727,-0.0014888876212771074,0.23524484551671165,133.25,35.55
13381,2015-08-23 00:00:00,0.022535608956259102,-0.09571516849831097,0.14078638641082916,133.25,35.55
13382,2015-08-24 00:00:00,0.0036387333609613852,-0.11457652279655695,0.12185398951847973,133.25,35.55
13383,2015-08-25 00:00:00,0.033929766670650605,-0.09126779144318413,0.15912732478448532,133.25,35.55
13384,2015-08-26 00:00:00,0.2299144871729745,0.0890799333475033,0.37074904099844574,133.25,35.55
13385,2015-08-27 00:00:00,0.006801994110712304,-0.11856942271423053,0.13217341093565513,133.25,35.55
13386,2015-08-28 00:00:00,0.05851171205463961,-0.0597627631009089,0.17678618721018813,133.25,35.55
13387,2015-08-29 00:00:00,0.05644027185241339,-0.06166836130628705,0.17454890501111384,133.25,35.55
13388,2015-08-30 00:00:00,0.062135007921550585,-0.05613379547166592,0.1804038113147671,133.25,35.55
13389,2015-08-31 00:00:00,-0.016783222712049867,-0.13504291182369774,0.10147646639959804,133.25,35.55
13390,2015-09-01 00:00:00,0.0574774287477642,-0.06082865889202925,0.17578351638755765,133.25,35.55
13391,2015-09-02 00:00:00,0.09694949256248124,-0.021820293879124472,0.2157192790040869,133.25,35.55
13392,2015-09-03 00:00:00,0.046618581335788715,-0.07178260014641415,0.16501976281799158,133.25,35.55
13393,2015-09-04 00:00:00,0.07599819353947243,-0.04220755085939988,0.19420393793834476,133.25,35.55
13394,2015-09-05 00:00:00,0.0006226857355512307,-0.117524520847362,0.11876989231846448,133.25,35.55
13395,2015-09-06 00:00:00,0.044051451283134986,-0.07450786334401456,0.16261076591028456,133.25,35.55
13396,2015-09-07 00:00:00,0.005273277492372074,-0.11358785216690505,0.1241344071516492,133.25,35.55
13397,2015-09-08 00:00:00,0.0025177684526878352,-0.11608077281193922,0.1211163097173149,133.25,35.55
13398,2015-09-09 00:00:00,-0.008414847651102828,-0.12823848632295393,0.11140879102074826,133.25,35.55
13399,2015-09-10 00:00:00,0.12628468353575087,0.0055908930689151926,0.2469784740025865,133.25,35.55
13400,2015-09-11 00:00:00,0.1064431251976544,-0.012510755750887741,0.22539700614619654,133.25,35.55
13401,2015-09-12 00:00:00,0.05313328916609704,-0.06531495718686325,0.17158153551905733,133.25,35.55
13402,2015-09-13 00:00:00,0.054456501856590206,-0.06378175643579585,0.17269476014897628,133.25,35.55
13403,2015-09-14 00:00:00,-0.06362239318283329,-0.18178512520492435,0.05454033883925778,133.25,35.55
13404,2015-09-15 00:00:00,-0.05352967613961998,-0.17167376415463154,0.06461441187539156,133.25,35.55
13405,2015-09-16 00:00:00,-0.007081745875072602,-0.12531336603980642,0.11114987428966122,133.25,35.55
13406,2015-09-17 00:00:00,0.005228436736857314,-0.11350696955935224,0.12396384303306687,133.25,35.55
13407,2015-09-18 00:00:00,-0.0011403819500249849,-0.11991828992936872,0.11763752602931875,133.25,35.55
13408,2015-09-19 00:00:00,0.05979960687606176,-0.058544710077339926,0.17814392382946342,133.25,35.55
13409,2015-09-20 00:00:00,0.018154571453174097,-0.1000353466420843,0.1363444895484325,133.25,35.55
13410,2015-09-21 00:00:00,0.008988129791416676,-0.10912917667404197,0.12710543625687531,133.25,35.55
13411,2015-09-22 00:00:00,-0.015495721909756822,-0.13360319681857635,0.1026117529990627,133.25,35.55
13412,2015-09-23 00:00:00,0.02778636470147875,-0.0903585689723682,0.1459312983753257,133.25,35.55
13413,2015-09-24 00:00:00,0.030843091887871443,-0.08762128993839703,0.1493074737141399,133.25,35.55
13414,2015-09-25 00:00:00,0.01530924003220708,-0.1034414551352944,0.13405993519970855,133.25,35.55
13415,2015-09-26 00:00:00,0.03293312126567932,-0.0853925616966864,0.15125880422804505,133.25,35.55
13416,2015-09-27 00:00:00,0.0033817745304805004,-0.11479069282565367,0.12155424188661465,133.25,35.55
13417,2015-09-28 00:00:00,0.014103001386972082,-0.10410155298485277,0.13230755575879696,133.25,35.55
13418,2015-09-29 00:00:00,-0.0462205120154472,-0.16449082745467808,0.07204980342378367,133.25,35.55
13419,2015-09-30 00:00:00,-0.08969618040290155,-0.20806031524293234,0.028667954437129245,133.25,35.55
13420,2015-10-01 00:00:00,0.2326598852991911,0.11360279700676792,0.35171697359161425,133.25,35.55
13421,2015-10-02 00:00:00,0.05025205488395598,-0.07548655764877438,0.17599066741668634,133.25,35.55
13422,2015-10-03 00:00:00,-0.02088700606621852,-0.14140622372248746,0.0996322115900504,133.25,35.55
13423,2015-10-04 00:00:00,0.005860945674140077,-0.1126354858254281,0.12435737717370825,133.25,35.55
13424,2015-10-05 00:00:00,-0.01897804229897875,-0.13721969957315786,0.09926361497520036,133.25,35.55
13425,2015-10-06 00:00:00,0.01907077389239584,-0.09911986466022184,0.13726141244501353,133.25,35.55
13426,2015-10-07 00:00:00,9.980962970619622e-06,-0.1182927869437968,0.11831274886973805,133.25,35.55
13427,2015-10-08 00:00:00,0.04413147740824089,-0.07432640140422805,0.16258935622070986,133.25,35.55
13428,2015-10-09 00:00:00,0.08286402253022959,-0.03548260849764158,0.20121065355810075,133.25,35.55
13429,2015-10-10 00:00:00,0.043491716120707784,-0.07485726765374877,0.16184069989516436,133.25,35.55
13430,2015-10-11 00:00:00,0.0975445083861165,-0.020939229070793944,0.21602824584302693,133.25,35.55
13431,2015-10-12 00:00:00,0.08110593320983267,-0.03764280157763551,0.19985466799730084,133.25,35.55
13432,2015-10-13 00:00:00,0.05249401394745566,-0.06574451305079927,0.1707325409457106,133.25,35.55
13433,2015-10-14 00:00:00,0.0006689555419236073,-0.11761399068586376,0.11895190176971095,133.25,35.55
13434,2015-10-15 00:00:00,-0.030329837132723587,-0.14850928298485316,0.08784960871940595,133.25,35.55
13435,2015-10-16 00:00:00,0.007377126265528142,-0.11077319063456764,0.12552744316562392,133.25,35.55
13436,2015-10-17 00:00:00,-0.009714300781813064,-0.12793141818985432,0.10850281662622817,133.25,35.55
13437,2015-10-18 00:00:00,0.020988628110422212,-0.0972345879012611,0.13921184412210555,133.25,35.55
13438,2015-10-19 00:00:00,-0.04109289374830325,-0.15943557953465576,0.07724979203804926,133.25,35.55
13439,2015-10-20 00:00:00,0.07414497334041804,-0.04415037752464796,0.19244032420548404,133.25,35.55
13440,2015-10-21 00:00:00,-0.031799477971388684,-0.1501060196324032,0.08650706368962582,133.25,35.55
13441,2015-10-22 00:00:00,-0.029420769827830408,-0.1479236232635142,0.08908208360785341,133.25,35.55
13442,2015-10-23 00:00:00,0.04330057390769793,-0.07493747056812983,0.16153861838352568,133.25,35.55
13443,2015-10-24 00:00:00,0.08716155653071839,-0.03098572490134137,0.20530883796277816,133.25,35.55
13444,2015-10-25 00:00:00,-0.10307676236422694,-0.2221965160021332,0.016042991273679322,133.25,35.55
13445,2015-10-26 00:00:00,-0.059580872640483375,-0.1780887589033001,0.058927013622333324,133.25,35.55
13446,2015-10-27 00:00:00,0.20991105710331565,0.09112984968503016,0.3286922645216012,133.25,35.55
13447,2015-10-28 00:00:00,0.10811143323755154,-0.0112101060554161,0.2274329725305192,133.25,35.55
13448,2015-10-29 00:00:00,-0.0045426777203555965,-0.12305202640645956,0.1139666709657484,133.25,35.55
13449,2015-10-30 00:00:00,0.07833266472677639,-0.040065999931709735,0.1967313293852625,133.25,35.55
13450,2015-10-31 00:00:00,-0.030344386984915036,-0.14862013726783505,0.08793136329800498,133.25,35.55
13451,2015-11-01 00:00:00,-0.027374988608445092,-0.1455227058181804,0.09077272860129024,133.25,35.55
13452,2015-11-02 00:00:00,0.016550348087732245,-0.1033689638741564,0.1364696600496209,133.25,35.55
13453,2015-11-03 00:00:00,-0.04207940360422453,-0.16207830015143765,0.07791949294298857,133.25,35.55
13454,2015-11-04 00:00:00,-0.051120875830352144,-0.16932266913537095,0.06708091747466666,133.25,35.55
13455,2015-11-05 00:00:00,0.03379723690408155,-0.08443330141192296,0.15202777522008604,133.25,35.55
13456,2015-11-06 00:00:00,0.007446191080966214,-0.11084110233798042,0.12573348449991284,133.25,35.55
13457,2015-11-07 00:00:00,-0.05779533264775934,-0.17635632019297354,0.06076565489745488,133.25,35.55
13458,2015-11-08 00:00:00,0.14413887297629502,0.01745412789644579,0.2708236180561442,133.25,35.55
13459,2015-11-09 00:00:00,-0.014822188170272673,-0.1426585831160194,0.11301420677547405,133.25,35.55
13460,2015-11-10 00:00:00,-0.017828824845873077,-0.13624026601195036,0.1005826163202042,133.25,35.55
13461,2015-11-11 00:00:00,-0.04407540456689468,-0.16243538021351284,0.07428457107972353,133.25,35.55
13462,2015-11-12 00:00:00,-0.09396136122873057,-0.21236880824341986,0.024446085785958718,133.25,35.55
13463,2015-11-13 00:00:00,-0.06396333805965314,-0.18253630929536213,0.05460963317605587,133.25,35.55
13464,2015-11-14 00:00:00,0.1312043706175469,0.009371117676852406,0.2530376235582414,133.25,35.55
13465,2015-11-15 00:00:00,-0.0016262170518821786,-0.12537945761946478,0.12212702351570046,133.25,35.55
13466,2015-11-16 00:00:00,0.0034532058565795646,-0.11485005953884607,0.1217564712520052,133.25,35.55
13467,2015-11-17 00:00:00,0.07424029952476127,-0.044042915603766594,0.19252351465328915,133.25,35.55
13468,2015-11-18 00:00:00,-0.12730057374292456,-0.2462612856283118,-0.008339861857537309,133.25,35.55
13469,2015-11-19 00:00:00,0.027670622102088573,-0.09145140790562696,0.1467926521098041,133.25,35.55
13470,2015-11-20 00:00:00,-0.006032105803368547,-0.12438847480594105,0.11232426319920397,133.25,35.55
13471,2015-11-21 00:00:00,-0.03311093868516592,-0.15146419198479716,0.08524231461446533,133.25,35.55
13472,2015-11-22 00:00:00,-0.017260007020111906,-0.13543647013459198,0.10091645609436817,133.25,35.55
13473,2015-11-23 00:00:00,-0.0430245083127132,-0.16215008388209926,0.07610106725667287,133.25,35.55
13474,2015-11-24 00:00:00,0.06634558258846378,-0.052980527789219335,0.18567169296614688,133.25,35.55
13475,2015-11-25 00:00:00,-0.0056447141582030855,-0.12458427474827953,0.11329484643187335,133.25,35.55
13476,2015-11-26 00:00:00,0.2591458385289147,0.13850102344028606,0.3797906536175434,133.25,35.55
13477,2015-11-27 00:00:00,0.22337449147597024,0.10077695589957086,0.3459720270523696,133.25,35.55
13478,2015-11-28 00:00:00,0.029492490589247505,-0.08937307412761959,0.14835805530611462,133.25,35.55
13479,2015-11-29 00:00:00,0.03251099119972075,-0.08579811025182679,0.15082009265126828,133.25,35.55
13480,2015-11-30 00:00:00,0.06963145319543622,-0.0486241669315646,0.18788707332243704,133.25,35.55
13481,2015-12-01 00:00:00,-0.04852460218667761,-0.16690335482260188,0.06985415044924664,133.25,35.55
13482,2015-12-02 00:00:00,0.12715632265035148,0.008819657474753897,0.2454929878259491,133.25,35.55
13483,2015-12-03 00:00:00,0.12470655161091455,0.004820316703622582,0.2445927865182065,133.25,35.55
13484,2015-12-04 00:00:00,0.288886252852805,0.1660016001699092,0.4117709055357008,133.25,35.55
13485,2015-12-05 00:00:00,0.09924705349169252,-0.02218319463704045,0.22067730162042548,133.25,35.55
13486,2015-12-06 00:00:00,-0.007444395312262063,-0.12627886208204425,0.11139007145752013,133.25,35.55
13487,2015-12-07 00:00:00,-0.025752186715246827,-0.14391872197127498,0.09241434854078133,133.25,35.55
13488,2015-12-08 00:00:00,-0.038765470674873966,-0.15704618069402074,0.07951523934427282,133.25,35.55
13489,2015-12-09 00:00:00,-0.018093763403942077,-0.136410390926129,0.10022286411824484,133.25,35.55
13490,2015-12-10 00:00:00,0.03674922994646571,-0.08153220607814116,0.15503066597107254,133.25,35.55
13491,2015-12-11 00:00:00,0.08665155595609485,-0.03786860379384571,0.2111717157060354,133.25,35.55
13492,2015-12-12 00:00:00,0.04201975053207194,-0.08294199757217055,0.16698149863631445,133.25,35.55
13493,2015-12-13 00:00:00,0.021334959917580908,-0.09703924724461613,0.13970916707977796,133.25,35.55
13494,2015-12-14 00:00:00,-0.00452719050825804,-0.12277626759185688,0.1137218865753408,133.25,35.55
13495,2015-12-15 00:00:00,0.09553438462869253,-0.022735034778118973,0.213803804035504,133.25,35.55
13496,2015-12-16 00:00:00,0.11478789717635708,-0.003814206935953135,0.2333900012886673,133.25,35.55
13497,2015-12-17 00:00:00,0.08259307521489333,-0.036236531091289714,0.2014226815210764,133.25,35.55
13498,2015-12-18 00:00:00,-0.03626964073473955,-0.15499271675468715,0.08245343528520804,133.25,35.55
13499,2015-12-19 00:00:00,-0.016132721428707576,-0.13456291680348312,0.10229747394606796,133.25,35.55
13500,2015-12-20 00:00:00,0.023424735927131183,-0.09480795435194764,0.14165742620621002,133.25,35.55
13501,2015-12-21 00:00:00,0.09351744612888058,-0.02482680733858371,0.21186169959634488,133.25,35.55
13502,2015-12-22 00:00:00,-0.031586223785423334,-0.14994279759457835,0.08677035002373168,133.25,35.55
13503,2015-12-23 00:00:00,0.01475565455881761,-0.10338346069664324,0.13289476981427845,133.25,35.55
13504,2015-12-24 00:00:00,0.05511526832240223,-0.06325905969859022,0.17348959634339467,133.25,35.55
13505,2015-12-25 00:00:00,0.04825150069548893,-0.07011895637690625,0.16662195776788413,133.25,35.55
13506,2015-12-26 00:00:00,0.1274060196626187,0.00860163025399302,0.2462104090712444,133.25,35.55
13507,2015-12-27 00:00:00,0.050032637282293,-0.06950487952447093,0.16957015408905693,133.25,35.55
13508,2015-12-28 00:00:00,0.05798180502815225,-0.060400260499955824,0.17636387055626035,133.25,35.55
13509,2015-12-29 00:00:00,0.005157963916440463,-0.11323919519137925,0.12355512302426015,133.25,35.55
13510,2015-12-30 00:00:00,-0.01606061668707172,-0.13426348823982848,0.10214225486568504,133.25,35.55
13511,2015-12-31 00:00:00,0.02551749367396628,-0.0927079588432388,0.14374294619117134,133.25,35.55
13512,2016-01-01 00:00:00,-0.029870053140432118,-0.14830639480868912,0.08856628852782489,133.25,35.55
13513,2016-01-02 00:00:00,0.1106013737592264,-0.007763488001768348,0.2289662355202212,133.25,35.55
13514,2016-01-03 00:00:00,0.09022751144154742,-0.028201773220004032,0.20865679610309887,133.25,35.55
13515,2016-01-04 00:00:00,0.06839830330014397,-0.05005252167685904,0.186849128277147,133.25,35.55
13516,2016-01-05 00:00:00,0.01699165747470711,-0.10149959551444933,0.13548291046386354,133.25,35.55
13517,2016-01-06 00:00:00,0.017192821324037613,-0.10105431456698724,0.13543995721506247,133.25,35.55
13518,2016-01-07 00:00:00,0.06365702990288508,-0.054613432754745686,0.18192749256051585,133.25,35.55
13519,2016-01-08 00:00:00,0.0995101912220124,-0.018766244671000937,0.21778662711502567,133.25,35.55
13520,2016-01-09 00:00:00,0.047406669406048166,-0.0708772871834818,0.16569062599557813,133.25,35.55
13521,2016-01-10 00:00:00,0.09339961115249854,-0.02494035857516194,0.21173958088015898,133.25,35.55
13522,2016-01-11 00:00:00,0.01451144470332175,-0.10408240916277477,0.13310529856941825,133.25,35.55
13523,2016-01-12 00:00:00,0.02541540679309472,-0.09303281475832503,0.14386362834451447,133.25,35.55
13524,2016-01-13 00:00:00,0.12225635693433608,0.0038419631264378228,0.2406707507422343,133.25,35.55
13525,2016-01-14 00:00:00,0.1509860683420834,0.03252805479461457,0.2694440818895522,133.25,35.55
13526,2016-01-15 00:00:00,0.059282817075289235,-0.05916181556348269,0.17772744971406115,133.25,35.55
13527,2016-01-16 00:00:00,0.014244635320635869,-0.10406186646431367,0.1325511371055854,133.25,35.55
13528,2016-01-17 00:00:00,-0.01078739829976088,-0.1290107248048504,0.10743592820532864,133.25,35.55
13529,2016-01-18 00:00:00,0.18081514302376794,0.06041788873946194,0.3012123973080739,133.25,35.55
13530,2016-01-19 00:00:00,0.2882593572504306,0.16473416592894252,0.4117845485719187,133.25,35.55
13531,2016-01-20 00:00:00,0.051483174943761666,-0.07164572024537551,0.17461207013289887,133.25,35.55
13532,2016-01-21 00:00:00,0.11204507292111328,-0.008420456696808187,0.2325106025390348,133.25,35.55
13533,2016-01-22 00:00:00,-0.0025636751500196925,-0.12110997629281818,0.1159826259927788,133.25,35.55
13534,2016-01-23 00:00:00,0.0828078104184882,-0.03596977080977578,0.20158539164675215,133.25,35.55
13535,2016-01-24 00:00:00,0.32883065609800943,0.2078223651660398,0.4498389470299791,133.25,35.55
13536,2016-01-25 00:00:00,0.025411372098840188,-0.09524394541398087,0.14606668961166125,133.25,35.55
13537,2016-01-26 00:00:00,0.07710702608825441,-0.041514036230757626,0.19572808840726647,133.25,35.55
13538,2016-01-27 00:00:00,0.10859772914988852,-0.010022135350564787,0.22721759365034186,133.25,35.55
13539,2016-01-28 00:00:00,0.0192190139928252,-0.099085358344522,0.1375233863301724,133.25,35.55
13540,2016-01-29 00:00:00,-0.008873805532956934,-0.12752261960462008,0.1097750085387062,133.25,35.55
13541,2016-01-30 00:00:00,-0.04342611492956788,-0.16284201116970046,0.07598978131056466,133.25,35.55
13542,2016-01-31 00:00:00,0.05430508239404444,-0.06445983384129092,0.17306999862937986,133.25,35.55
13543,2016-02-01 00:00:00,0.017567121707139484,-0.1009280270139157,0.1360622704281947,133.25,35.55
13544,2016-02-02 00:00:00,0.09246505953541427,-0.026114753456855242,0.2110448725276838,133.25,35.55
13545,2016-02-03 00:00:00,0.00489468106558507,-0.11344236362879813,0.12323172575996826,133.25,35.55
13546,2016-02-04 00:00:00,0.07708245590381302,-0.041115636212681585,0.1952805480203076,133.25,35.55
13547,2016-02-05 00:00:00,0.053139659468698634,-0.06505108726617373,0.17133040620357098,133.25,35.55
13548,2016-02-06 00:00:00,0.03635662764703604,-0.08186239770523647,0.15457565299930853,133.25,35.55
13549,2016-02-07 00:00:00,-0.03367989747028295,-0.15237443394792605,0.08501463900736014,133.25,35.55
13550,2016-02-08 00:00:00,0.06108981792456531,-0.057311300666141186,0.17949093651527182,133.25,35.55
13551,2016-02-09 00:00:00,0.21252884536475772,0.0931477129146864,0.3319099778148291,133.25,35.55
13552,2016-02-10 00:00:00,0.0064266089269700115,-0.11296599722090965,0.12581921507484967,133.25,35.55
13553,2016-02-11 00:00:00,-0.028724839693206886,-0.14703345895878187,0.0895837795723681,133.25,35.55
13554,2016-02-12 00:00:00,0.07441255662955545,-0.044023574288076975,0.19284868754718787,133.25,35.55
13555,2016-02-13 00:00:00,0.12258542777735118,0.003747505022374365,0.241423350532328,133.25,35.55
13556,2016-02-14 00:00:00,0.2410457384750633,0.12137699311965207,0.3607144838304746,133.25,35.55
13557,2016-02-15 00:00:00,-0.04474153634268513,-0.16487047076177352,0.07538739807640325,133.25,35.55
13558,2016-02-16 00:00:00,0.18398144632284708,0.06475351204219633,0.30320938060349784,133.25,35.55
13559,2016-02-17 00:00:00,0.09649296329720357,-0.022281412554988486,0.2152673391493956,133.25,35.55
13560,2016-02-18 00:00:00,0.07094305244575608,-0.047498244933199874,0.18938434982471206,133.25,35.55
13561,2016-02-19 00:00:00,0.07804753941243495,-0.040375366557263516,0.19647044538213346,133.25,35.55
13562,2016-02-20 00:00:00,0.03446914705511885,-0.08414453676483223,0.15308283087506994,133.25,35.55
13563,2016-02-21 00:00:00,0.030521993124517643,-0.08910413421179413,0.15014812046082945,133.25,35.55
13564,2016-02-22 00:00:00,-0.05372065481830756,-0.17219195205967125,0.06475064242305613,133.25,35.55
13565,2016-02-23 00:00:00,0.0497834699295772,-0.06842311748938902,0.16799005734854344,133.25,35.55
13566,2016-02-24 00:00:00,-0.06070960880126621,-0.17929629272090447,0.057877075118372076,133.25,35.55
13567,2016-02-25 00:00:00,0.0597776505147244,-0.05899515152831882,0.17855045255776766,133.25,35.55
13568,2016-02-26 00:00:00,0.11023267087176407,-0.008473147685611054,0.2289384894291392,133.25,35.55
13569,2016-02-27 00:00:00,0.12017256455197027,0.0015462071665134774,0.2387989219374271,133.25,35.55
13570,2016-02-28 00:00:00,0.03906002923056294,-0.08013186651680729,0.15825192497793314,133.25,35.55
13571,2016-02-29 00:00:00,0.12431624236824415,0.0035724140905579187,0.2450600706459304,133.25,35.55
13572,2016-03-01 00:00:00,0.005846119570525662,-0.11461072332041887,0.1263029624614702,133.25,35.55
13573,2016-03-02 00:00:00,0.05457721735653166,-0.06390422400528929,0.17305865871835266,133.25,35.55
13574,2016-03-03 00:00:00,0.06519532170941625,-0.05327595304675506,0.1836665964655876,133.25,35.55
13575,2016-03-04 00:00:00,-0.04912279691429848,-0.1675176700482336,0.06927207621963663,133.25,35.55
13576,2016-03-05 00:00:00,0.007795612980718361,-0.11046733234659764,0.12605855830803436,133.25,35.55
13577,2016-03-06 00:00:00,0.15686192784693034,0.037891253746116016,0.2758326019477447,133.25,35.55
13578,2016-03-07 00:00:00,0.012467208812623065,-0.1064913395488829,0.13142575717412902,133.25,35.55
13579,2016-03-08 00:00:00,0.09442586029029504,-0.023904528097813377,0.21275624867840348,133.25,35.55
13580,2016-03-09 00:00:00,-0.048529382400374056,-0.1670144707747865,0.06995570597403837,133.25,35.55
13581,2016-03-10 00:00:00,0.0051970122674315925,-0.11358385973136367,0.12397788426622686,133.25,35.55
13582,2016-03-11 00:00:00,-0.015610242533979073,-0.13392692708713633,0.1027064420191782,133.25,35.55
13583,2016-03-12 00:00:00,-0.009400173271618873,-0.12761179296514874,0.10881144642191104,133.25,35.55
13584,2016-03-13 00:00:00,0.013245645190508314,-0.1049899255052203,0.13148121588623693,133.25,35.55
13585,2016-03-14 00:00:00,0.030157597448024487,-0.08845388764102281,0.14876908253707175,133.25,35.55
13586,2016-03-15 00:00:00,-0.08406467646037646,-0.20322149844294865,0.035092145522195695,133.25,35.55
13587,2016-03-16 00:00:00,0.006809488571565922,-0.1115404432241672,0.12515942036729905,133.25,35.55
13588,2016-03-17 00:00:00,0.050507822683946116,-0.06766585221697763,0.16868149758486986,133.25,35.55
13589,2016-03-18 00:00:00,0.09317417213019574,-0.025063887373798457,0.21141223163418996,133.25,35.55
13590,2016-03-19 00:00:00,0.08765752375285875,-0.030984976911038083,0.2063000244167556,133.25,35.55
13591,2016-03-20 00:00:00,-0.07590364681241851,-0.19433833272081305,0.042531039095975984,133.25,35.55
13592,2016-03-21 00:00:00,-0.035352257000622736,-0.1536541695059535,0.08294965550470804,133.25,35.55
13593,2016-03-22 00:00:00,0.058687105981908426,-0.059574712406112784,0.17694892436992965,133.25,35.55
13594,2016-03-23 00:00:00,0.0479191662824835,-0.07046028289072018,0.1662986154556872,133.25,35.55
13595,2016-03-24 00:00:00,-0.028224806971327863,-0.14685142373808951,0.09040180979543376,133.25,35.55
13596,2016-03-25 00:00:00,-0.05150213478134296,-0.17002367726084028,0.06701940769815437,133.25,35.55
13597,2016-03-26 00:00:00,0.01840007998136718,-0.09980553299668668,0.13660569295942104,133.25,35.55
13598,2016-03-27 00:00:00,0.03975696094391798,-0.07842415350500485,0.15793807539284085,133.25,35.55
13599,2016-03-28 00:00:00,0.0506770908793128,-0.06754610292249452,0.16890028468112014,133.25,35.55
13600,2016-03-29 00:00:00,0.04402502930856271,-0.07421670268257773,0.16226676129970313,133.25,35.55
13601,2016-03-30 00:00:00,0.09692520804412637,-0.02150882435726924,0.215359240445522,133.25,35.55
13602,2016-03-31 00:00:00,0.04231148043648551,-0.07605048977658155,0.16067345064955255,133.25,35.55
13603,2016-04-01 00:00:00,0.03990547760074371,-0.07837848437453904,0.15818943957602646,133.25,35.55
13604,2016-04-02 00:00:00,-0.04458002409394528,-0.1632357021003482,0.07407565391245767,133.25,35.55
13605,2016-04-03 00:00:00,0.011306645084549457,-0.10716296892463834,0.12977625909373725,133.25,35.55
13606,2016-04-04 00:00:00,0.020112415927428292,-0.0987592886355243,0.1389841204903809,133.25,35.55
13607,2016-04-05 00:00:00,0.0952756270233151,-0.02319269625422532,0.21374395030085552,133.25,35.55
13608,2016-04-06 00:00:00,0.0130198937483424,-0.10522994331607717,0.131269730812762,133.25,35.55
13609,2016-04-07 00:00:00,0.25922825673342315,0.13805225272616278,0.3804042607406835,133.25,35.55
13610,2016-04-08 00:00:00,0.1233566454857776,0.0016332589802910411,0.24508003199126416,133.25,35.55
13611,2016-04-09 00:00:00,0.0298461950684223,-0.08844435171398443,0.14813674185082906,133.25,35.55
13612,2016-04-10 00:00:00,0.06326774881434527,-0.055058620814127684,0.18159411844281825,133.25,35.55
13613,2016-04-11 00:00:00,-0.07879274778352267,-0.19731974259742047,0.039734247030375175,133.25,35.55
13614,2016-04-12 00:00:00,-0.027829310037668226,-0.1464507234979154,0.09079210342257896,133.25,35.55
13615,2016-04-13 00:00:00,0.15657214135903347,0.03816499182459468,0.2749792908934723,133.25,35.55
13616,2016-04-14 00:00:00,0.10310886099924063,-0.015397016237139809,0.22161473823562106,133.25,35.55
13617,2016-04-15 00:00:00,-0.07071544466688975,-0.1890379888565904,0.047607099522810864,133.25,35.55
13618,2016-04-16 00:00:00,0.04799638782373991,-0.07025319768395921,0.16624597333143906,133.25,35.55
13619,2016-04-17 00:00:00,0.6146681139199808,0.4875543497861451,0.7417818780538165,133.25,35.55
13620,2016-04-18 00:00:00,0.2483331135169331,0.12085944286370935,0.3758067841701568,133.25,35.55
13621,2016-04-19 00:00:00,0.04118620089883551,-0.07737907239312519,0.15975147419079622,133.25,35.55
13622,2016-04-20 00:00:00,0.019920231178058787,-0.0985323683005346,0.13837283065665218,133.25,35.55
13623,2016-04-21 00:00:00,0.1527948974236256,0.034197693442616285,0.2713921014046349,133.25,35.55
13624,2016-04-22 00:00:00,0.10413970902260324,-0.014931642547643396,0.2232110605928499,133.25,35.55
13625,2016-04-23 00:00:00,0.008778580533468814,-0.10970400317110217,0.1272611642380398,133.25,35.55
13626,2016-04-24 00:00:00,0.014869447269715619,-0.10337426400576792,0.13311315854519915,133.25,35.55
13627,2016-04-25 00:00:00,-0.0248598387243234,-0.14296750970795205,0.09324783225930523,133.25,35.55
13628,2016-04-26 00:00:00,0.017046397556950255,-0.10110193770489173,0.13519473281879224,133.25,35.55
13629,2016-04-27 00:00:00,0.0011341715924540194,-0.1171576890154037,0.11942603220031175,133.25,35.55
13630,2016-04-28 00:00:00,0.055647047208827315,-0.06364791026771667,0.1749420046853713,133.25,35.55
13631,2016-04-29 00:00:00,0.06783990827425979,-0.051481256833026914,0.18716107338154647,133.25,35.55
13632,2016-04-30 00:00:00,0.03301796751129886,-0.08539986656886242,0.15143580159146014,133.25,35.55
13633,2016-05-01 00:00:00,0.12693052466370108,0.008519723533895324,0.24534132579350684,133.25,35.55
13634,2016-05-02 00:00:00,0.005142927115302174,-0.11323002512600007,0.12351587935660442,133.25,35.55
13635,2016-05-03 00:00:00,0.3843023369494184,0.2640967404390069,0.5045079334598298,133.25,35.55
13636,2016-05-04 00:00:00,0.3942144394278045,0.2690222804504357,0.5194065984051732,133.25,35.55
13637,2016-05-05 00:00:00,0.12324341664698375,0.002889532182824825,0.24359730111114264,133.25,35.55
13638,2016-05-06 00:00:00,0.09430778558215416,-0.024399559905368268,0.21301513106967654,133.25,35.55
13639,2016-05-07 00:00:00,0.08112771405537599,-0.03774727020940587,0.20000269832015788,133.25,35.55
13640,2016-05-08 00:00:00,-0.013978984039889408,-0.13250818124101085,0.10455021316123203,133.25,35.55
13641,2016-05-09 00:00:00,0.04095013076438613,-0.07730435919833623,0.1592046207271085,133.25,35.55
13642,2016-05-10 00:00:00,0.08349815961300558,-0.03481733252075185,0.20181365174676305,133.25,35.55
13643,2016-05-11 00:00:00,0.12493549502726962,0.005715690854175282,0.244155299200364,133.25,35.55
13644,2016-05-12 00:00:00,0.013145067102567026,-0.10606433337620894,0.13235446758134298,133.25,35.55
13645,2016-05-13 00:00:00,0.05807027898758315,-0.060352329706270434,0.17649288768143673,133.25,35.55
13646,2016-05-14 00:00:00,-0.07088679732125784,-0.18924543135567656,0.04747183671316087,133.25,35.55
13647,2016-05-15 00:00:00,0.07940088160500336,-0.038846473014743615,0.19764823622475036,133.25,35.55
13648,2016-05-16 00:00:00,0.2713431537899126,0.1514232449036409,0.39126306267618427,133.25,35.55
13649,2016-05-17 00:00:00,0.12271299244743901,0.002461010599744129,0.24296497429513386,133.25,35.55
13650,2016-05-18 00:00:00,-0.018490728897316774,-0.13677295712079246,0.09979149932615887,133.25,35.55
13651,2016-05-19 00:00:00,0.008850001265599861,-0.10945266794172036,0.1271526704729201,133.25,35.55
13652,2016-05-20 00:00:00,0.009165392499564004,-0.10917694509693147,0.12750773009605948,133.25,35.55
13653,2016-05-21 00:00:00,-0.018537466102705624,-0.1367544884551588,0.09967955624974756,133.25,35.55
13654,2016-05-22 00:00:00,-0.0038945540089759118,-0.12203407262187732,0.11424496460392553,133.25,35.55
13655,2016-05-23 00:00:00,0.01987340542089925,-0.09830355330948397,0.13805036415128247,133.25,35.55
13656,2016-05-24 00:00:00,0.13281857450652448,0.014597071955525898,0.2510400770575231,133.25,35.55
13657,2016-05-25 00:00:00,0.08227344277289082,-0.036142719854666494,0.2006896054004481,133.25,35.55
13658,2016-05-26 00:00:00,0.029635068463306206,-0.08870954054614746,0.1479796774727599,133.25,35.55
13659,2016-05-27 00:00:00,0.019757834125607672,-0.09845582073668137,0.1379714889878967,133.25,35.55
13660,2016-05-28 00:00:00,0.03132538457822517,-0.08682045667203242,0.14947122582848274,133.25,35.55
13661,2016-05-29 00:00:00,0.06625145458706032,-0.05187489323769525,0.1843778024118159,133.25,35.55
13662,2016-05-30 00:00:00,0.0676488907363456,-0.05061670619208528,0.18591448766477647,133.25,35.55
13663,2016-05-31 00:00:00,0.04531228043961555,-0.07291558311898211,0.1635401439982132,133.25,35.55
13664,2016-06-01 00:00:00,0.03804974630350788,-0.08031342597949423,0.15641291858650996,133.25,35.55
13665,2016-06-02 00:00:00,0.009374501516021571,-0.10917137424946008,0.12792037728150324,133.25,35.55
13666,2016-06-03 00:00:00,0.022848828699969848,-0.09544514695311417,0.14114280435305387,133.25,35.55
13667,2016-06-04 00:00:00,0.09032435296600433,-0.02787061781990016,0.2085193237519088,133.25,35.55
13668,2016-06-05 00:00:00,-0.008827487795403353,-0.12779864447822795,0.11014366888742128,133.25,35.55
13669,2016-06-06 00:00:00,-0.004376319805348087,-0.12281582769209876,0.1140631880814026,133.25,35.55
13670,2016-06-07 00:00:00,0.04122464457900602,-0.0769567575458428,0.15940604670385486,133.25,35.55
13671,2016-06-08 00:00:00,0.038550023898119984,-0.07963862859611759,0.15673867639235753,133.25,35.55
13672,2016-06-09 00:00:00,0.04564064572098488,-0.07251363131178036,0.16379492275375013,133.25,35.55
13673,2016-06-10 00:00:00,0.004318562245928307,-0.1137813203292718,0.1224184448211284,133.25,35.55
13674,2016-06-11 00:00:00,0.05210454996290117,-0.06602739130315416,0.17023649122895648,133.25,35.55
13675,2016-06-12 00:00:00,0.06714287944041142,-0.05099892985478464,0.1852846887356075,133.25,35.55
13676,2016-06-13 00:00:00,0.0908960500701379,-0.027900837083837324,0.20969293722411314,133.25,35.55
13677,2016-06-14 00:00:00,0.021541801517802432,-0.09685984830175816,0.13994345133736302,133.25,35.55
13678,2016-06-15 00:00:00,0.054773106525913856,-0.0633702720330029,0.1729164850848306,133.25,35.55
13679,2016-06-16 00:00:00,0.12030497285538633,0.0019813698237202415,0.2386285758870524,133.25,35.55
13680,2016-06-17 00:00:00,0.10564904234265274,-0.012847164556307229,0.22414524924161272,133.25,35.55
13681,2016-06-18 00:00:00,0.02368449983600936,-0.09449611011016447,0.14186510978218314,133.25,35.55
13682,2016-06-19 00:00:00,0.10046144926906624,-0.017734948418579338,0.2186578469567118,133.25,35.55
13683,2016-06-20 00:00:00,0.09078491351694597,-0.0275606879492767,0.2091305149831686,133.25,35.55
13684,2016-06-21 00:00:00,0.04818128688037947,-0.07027287589238645,0.1666354496531454,133.25,35.55
13685,2016-06-22 00:00:00,0.01334213306995857,-0.1049516805162026,0.13163594665611975,133.25,35.55
13686,2016-06-23 00:00:00,0.06964146904961226,-0.0489798089512993,0.18826274705052384,133.25,35.55
13687,2016-06-24 00:00:00,0.0939754626460406,-0.024552819730400962,0.21250374502248215,133.25,35.55
13688,2016-06-25 00:00:00,0.2093876355457874,0.0888003098734948,0.32997496121808,133.25,35.55
13689,2016-06-26 00:00:00,0.0331839950274483,-0.08568527742858388,0.15205326748348047,133.25,35.55
13690,2016-06-27 00:00:00,0.026883113654840942,-0.09132521011039056,0.14509143742007244,133.25,35.55
13691,2016-06-28 00:00:00,0.04327968113302317,-0.07500143855802566,0.16156080082407198,133.25,35.55
13692,2016-06-29 00:00:00,0.02183757207062248,-0.09635818600388288,0.14003333014512784,133.25,35.55
13693,2016-06-30 00:00:00,0.07098397668907601,-0.04720781527777272,0.18917576865592475,133.25,35.55
13694,2016-07-01 00:00:00,0.05874185325951424,-0.059406265007814124,0.17688997152684258,133.25,35.55
13695,2016-07-02 00:00:00,0.2331202974389189,0.11426656303182488,0.35197403184601284,133.25,35.55
13696,2016-07-03 00:00:00,0.1759517244584895,0.05677963629335452,0.2951238126236245,133.25,35.55
13697,2016-07-04 00:00:00,0.007025751077146127,-0.11144922011946512,0.12550072227375736,133.25,35.55
13698,2016-07-05 00:00:00,0.00020533470544869568,-0.11812446924727385,0.11853513865817125,133.25,35.55
13699,2016-07-06 00:00:00,0.07852576812154419,-0.03993446306400582,0.1969859993070942,133.25,35.55
13700,2016-07-07 00:00:00,0.03976130901181532,-0.07846705315567835,0.15798967117930898,133.25,35.55
13701,2016-07-08 00:00:00,0.03270581512955434,-0.08545268983905452,0.1508643200981632,133.25,35.55
13702,2016-07-09 00:00:00,0.10431275713981382,-0.014127699498120956,0.2227532137777486,133.25,35.55
13703,2016-07-10 00:00:00,0.0757551059270546,-0.042488268099805514,0.19399847995391475,133.25,35.55
13704,2016-07-11 00:00:00,0.053925380471955775,-0.06422412001444798,0.17207488095835954,133.25,35.55
13705,2016-07-12 00:00:00,0.08296020822530423,-0.03525829977028397,0.2011787162208924,133.25,35.55
13706,2016-07-13 00:00:00,0.13963854616026905,0.021247010919198284,0.2580300814013398,133.25,35.55
13707,2016-07-14 00:00:00,0.10324157737688157,-0.015270053796031247,0.2217532085497944,133.25,35.55
13708,2016-07-15 00:00:00,0.05322084995739165,-0.06543055504614445,0.17187225496092773,133.25,35.55
13709,2016-07-16 00:00:00,0.10883152405121274,-0.009932578134644224,0.2275956262370697,133.25,35.55
13710,2016-07-17 00:00:00,0.06891527997204587,-0.049365234875306536,0.1871957948193983,133.25,35.55
13711,2016-07-18 00:00:00,0.01633103825056624,-0.10178369268892004,0.13444576919005252,133.25,35.55
13712,2016-07-19 00:00:00,0.02273899185964804,-0.095352764151931,0.1408307478712271,133.25,35.55
13713,2016-07-20 00:00:00,-0.0022958765857934407,-0.12040453273434805,0.11581277956276115,133.25,35.55
13714,2016-07-21 00:00:00,0.017498039324314762,-0.10063577194547353,0.13563185059410304,133.25,35.55
13715,2016-07-22 00:00:00,0.02219544636478046,-0.0959554263731377,0.14034631910269862,133.25,35.55
13716,2016-07-23 00:00:00,0.031264747926411665,-0.08691712940175637,0.1494466252545797,133.25,35.55
13717,2016-07-24 00:00:00,0.049749466597952915,-0.06842126253598496,0.16792019573189074,133.25,35.55
13718,2016-07-25 00:00:00,0.04843498408498773,-0.06971729036447137,0.16658725853444686,133.25,35.55
13719,2016-07-26 00:00:00,0.06902854467866795,-0.04914472078843922,0.18720181014577514,133.25,35.55
13720,2016-07-27 00:00:00,0.07477243659248725,-0.04341420135894798,0.19295907454392247,133.25,35.55
13721,2016-07-28 00:00:00,0.08883528260604055,-0.02929306675249593,0.20696363196457704,133.25,35.55
13722,2016-07-29 00:00:00,0.05394765432650988,-0.0642123960372428,0.17210770469026254,133.25,35.55
13723,2016-07-30 00:00:00,0.0415706236462266,-0.07655556670854337,0.15969681400099656,133.25,35.55
13724,2016-07-31 00:00:00,0.03728116391180838,-0.08080190315460323,0.15536423097821994,133.25,35.55
13725,2016-08-01 00:00:00,0.036120164904149064,-0.0819713427080891,0.15421167251638726,133.25,35.55
13726,2016-08-02 00:00:00,0.035196717884603934,-0.08293208605706476,0.15332552182627265,133.25,35.55
13727,2016-08-03 00:00:00,0.03099026021669249,-0.08710840279926442,0.14908892323264938,133.25,35.55
13728,2016-08-04 00:00:00,0.023778498938114248,-0.09432425392756004,0.14188125180378852,133.25,35.55
13729,2016-08-05 00:00:00,0.025106769188335012,-0.09300799253053484,0.14322153090720485,133.25,35.55
13730,2016-08-06 00:00:00,0.03636484666473064,-0.08175080582872829,0.15448049915818954,133.25,35.55
13731,2016-08-07 00:00:00,0.050220219043060337,-0.06789778144016438,0.16833821952628505,133.25,35.55
13732,2016-08-08 00:00:00,0.047831366640917514,-0.070316423199586,0.16597915648142106,133.25,35.55
13733,2016-08-09 00:00:00,0.03027082039023707,-0.08803699074414265,0.14857863152461678,133.25,35.55
13734,2016-08-10 00:00:00,0.04604089865907933,-0.07218747152246265,0.16426926884062132,133.25,35.55
13735,2016-08-11 00:00:00,0.04448890821076163,-0.07364781721146865,0.1626256336329919,133.25,35.55
13736,2016-08-12 00:00:00,0.053104767983711935,-0.06503481433222519,0.17124435029964907,133.25,35.55
13737,2016-08-13 00:00:00,0.08437206128481095,-0.033771126884512975,0.20251524945413488,133.25,35.55
13738,2016-08-14 00:00:00,0.07144794113209288,-0.04669977083912728,0.18959565310331306,133.25,35.55
13739,2016-08-15 00:00:00,0.09389017067068016,-0.024245542118819338,0.21202588346017964,133.25,35.55
13740,2016-08-16 00:00:00,0.03932965780660233,-0.07882599956339886,0.15748531517660352,133.25,35.55
13741,2016-08-17 00:00:00,0.05156035174849275,-0.06664377159638474,0.16976447509337025,133.25,35.55
13742,2016-08-18 00:00:00,0.01810531673435908,-0.10009286803920196,0.13630350150792012,133.25,35.55
13743,2016-08-19 00:00:00,0.026329874909133643,-0.09182057769489572,0.144480327513163,133.25,35.55
13744,2016-08-20 00:00:00,0.019267630104099823,-0.0989387448463248,0.13747400505452445,133.25,35.55
13745,2016-08-21 00:00:00,0.023877954776580643,-0.09446927795765908,0.14222518751082036,133.25,35.55
13746,2016-08-22 00:00:00,0.037336578295797763,-0.08087142325649807,0.1555445798480936,133.25,35.55
13747,2016-08-23 00:00:00,0.036290455848367965,-0.08205455092689255,0.15463546262362848,133.25,35.55
13748,2016-08-24 00:00:00,0.00829400611331835,-0.10985830182563333,0.12644631405227005,133.25,35.55
13749,2016-08-25 00:00:00,0.049461286173792286,-0.0686858885149711,0.16760846086255568,133.25,35.55
13750,2016-08-26 00:00:00,0.08273223887738668,-0.035810342176615814,0.2012748199313892,133.25,35.55
13751,2016-08-27 00:00:00,-0.04479486801275937,-0.16356199361642546,0.0739722575909067,133.25,35.55
13752,2016-08-28 00:00:00,0.044059615456167,-0.07450577320301037,0.1626250041153444,133.25,35.55
13753,2016-08-29 00:00:00,-0.1845085489200841,-0.31104672800059463,-0.05797036983957352,133.25,35.55
13754,2016-08-30 00:00:00,0.22626670344827934,0.09538254656444607,0.35715086033211263,133.25,35.55
13755,2016-08-31 00:00:00,0.29844797998450123,0.17751479591019026,0.4193811640588122,133.25,35.55
13756,2016-09-01 00:00:00,0.050943217110576186,-0.06986635665259941,0.1717527908737518,133.25,35.55
13757,2016-09-02 00:00:00,0.04471853650736282,-0.07392418009013829,0.1633612531048639,133.25,35.55
13758,2016-09-03 00:00:00,0.0075723191641430985,-0.11078379395963192,0.1259284322879181,133.25,35.55
13759,2016-09-04 00:00:00,0.020356259082677804,-0.09799805573484817,0.13871057390020375,133.25,35.55
13760,2016-09-05 00:00:00,0.052871250283510654,-0.06542643134308708,0.17116893191010835,133.25,35.55
13761,2016-09-06 00:00:00,0.05118556625984775,-0.0670686749169764,0.16943980743667192,133.25,35.55
13762,2016-09-07 00:00:00,0.04993854416271927,-0.06829295442139617,0.16817004274683472,133.25,35.55
13763,2016-09-08 00:00:00,0.001645130839937975,-0.11934270513442215,0.1226329668142981,133.25,35.55
13764,2016-09-09 00:00:00,0.06254794326141894,-0.058737582325996324,0.1838334688488342,133.25,35.55
13765,2016-09-10 00:00:00,-0.029723214106241087,-0.14784553560901156,0.08839910739652937,133.25,35.55
13766,2016-09-11 00:00:00,-0.008371828829357386,-0.1264709843094552,0.10972732665074042,133.25,35.55
13767,2016-09-12 00:00:00,-0.009553375884511295,-0.1276940888653192,0.1085873370962966,133.25,35.55
13768,2016-09-13 00:00:00,0.040224829358437734,-0.07861773307684812,0.1590673917937236,133.25,35.55
13769,2016-09-14 00:00:00,-0.006716958354000751,-0.12498854753463565,0.11155463082663414,133.25,35.55
13770,2016-09-15 00:00:00,0.030511285418706995,-0.08765030837821469,0.14867287921562866,133.25,35.55
13771,2016-09-16 00:00:00,0.03107005992540242,-0.08704555765872006,0.14918567750952488,133.25,35.55
13772,2016-09-17 00:00:00,0.0624763479548556,-0.055669270529325986,0.1806219664390372,133.25,35.55
13773,2016-09-18 00:00:00,0.05089871660186679,-0.06775853918706681,0.1695559723908004,133.25,35.55
13774,2016-09-19 00:00:00,-0.0012143310058689329,-0.11968410607328753,0.11725544406154967,133.25,35.55
13775,2016-09-20 00:00:00,0.01070352205104714,-0.10971402102603987,0.13112106512813415,133.25,35.55
13776,2016-09-21 00:00:00,-0.04877161672048602,-0.16930816986152822,0.07176493642055617,133.25,35.55
13777,2016-09-22 00:00:00,0.035761468693240483,-0.08255294065749137,0.15407587804397233,133.25,35.55
13778,2016-09-23 00:00:00,0.026333034983500543,-0.09195611045297393,0.14462218041997502,133.25,35.55
13779,2016-09-24 00:00:00,0.012639333753192494,-0.10553174927279048,0.13081041677917546,133.25,35.55
13780,2016-09-25 00:00:00,0.021932790881997705,-0.096190207131342,0.1400557888953374,133.25,35.55
13781,2016-09-26 00:00:00,0.0018853354638873126,-0.11622881068012345,0.11999948160789807,133.25,35.55
13782,2016-09-27 00:00:00,0.02184793826212273,-0.09626052952296964,0.13995640604721513,133.25,35.55
13783,2016-09-28 00:00:00,0.07662473547912403,-0.041581212155909465,0.1948306831141575,133.25,35.55
13784,2016-09-29 00:00:00,-0.02670953879735754,-0.14529310988227584,0.09187403228756076,133.25,35.55
13785,2016-09-30 00:00:00,0.09557783071699044,-0.02293673661004061,0.21409239804402147,133.25,35.55
13786,2016-10-01 00:00:00,0.01473303569079739,-0.10352847912649787,0.13299455050809267,133.25,35.55
13787,2016-10-02 00:00:00,0.015513713018003113,-0.10267012660512463,0.13369755264113084,133.25,35.55
13788,2016-10-03 00:00:00,0.11022727038573348,-0.008086362168893038,0.22854090294035997,133.25,35.55
13789,2016-10-04 00:00:00,0.03229857619477156,-0.08612685866246443,0.15072401105200758,133.25,35.55
13790,2016-10-05 00:00:00,0.05276380060478091,-0.06632188673505174,0.17184948794461355,133.25,35.55
13791,2016-10-06 00:00:00,-0.0009092776888966758,-0.125997651202359,0.12417909582456566,133.25,35.55
13792,2016-10-07 00:00:00,-0.11886723848355507,-0.2373789795146232,-0.00035549745248691916,133.25,35.55
13793,2016-10-08 00:00:00,0.1821355248837731,0.0635251782714416,0.3007458714961046,133.25,35.55
13794,2016-10-09 00:00:00,0.11800931777444194,-0.0006153323969024517,0.2366339679457864,133.25,35.55
13795,2016-10-10 00:00:00,-0.06222978170295235,-0.1807356485851717,0.05627608517926701,133.25,35.55
13796,2016-10-11 00:00:00,-0.021833482892147087,-0.14009417307051453,0.09642720728622034,133.25,35.55
13797,2016-10-12 00:00:00,0.026853998283073992,-0.0914794790795729,0.14518747564572088,133.25,35.55
13798,2016-10-13 00:00:00,-0.022598763994981425,-0.14087511354054666,0.0956775855505838,133.25,35.55
13799,2016-10-14 00:00:00,-0.01934089607457089,-0.13752796162881412,0.09884616947967233,133.25,35.55
13800,2016-10-15 00:00:00,-0.04123345323927649,-0.15941985956003213,0.07695295308147912,133.25,35.55
13801,2016-10-16 00:00:00,0.017489716137142203,-0.1006850888582156,0.1356645211325,133.25,35.55
13802,2016-10-17 00:00:00,0.10397487117249764,-0.014765683321502118,0.22271542566649735,133.25,35.55
13803,2016-10-18 00:00:00,0.031329156279332214,-0.08735469192535869,0.1500130044840231,133.25,35.55
13804,2016-10-19 00:00:00,0.006824267487763859,-0.11133727866866702,0.12498581364419475,133.25,35.55
13805,2016-10-20 00:00:00,0.06689324994411412,-0.051461549534509814,0.18524804942273804,133.25,35.55
13806,2016-10-21 00:00:00,-0.1016476798362623,-0.2203665047796136,0.017071145107088945,133.25,35.55
13807,2016-10-22 00:00:00,0.08866008014181885,-0.02983980293809295,0.20715996322173064,133.25,35.55
13808,2016-10-23 00:00:00,-0.04727591059487194,-0.1657217196332455,0.07116989844350162,133.25,35.55
13809,2016-10-24 00:00:00,0.016090009577627948,-0.10243598014837048,0.1346159993036264,133.25,35.55
13810,2016-10-25 00:00:00,0.12374241006040344,0.004936266146351051,0.24254855397445585,133.25,35.55
13811,2016-10-26 00:00:00,0.05814311786322431,-0.06116983286741691,0.17745606859386553,133.25,35.55
13812,2016-10-27 00:00:00,-0.10336004002044356,-0.22182907081386694,0.015108990772979837,133.25,35.55
13813,2016-10-28 00:00:00,0.04655207150735632,-0.07206717296288526,0.1651713159775979,133.25,35.55
13814,2016-10-29 00:00:00,-0.013822272324918923,-0.13315963113279872,0.10551508648296087,133.25,35.55
13815,2016-10-30 00:00:00,0.03485406167980678,-0.08379154248055275,0.15349966584016633,133.25,35.55
13816,2016-10-31 00:00:00,0.034285063649171554,-0.08412614786394962,0.15269627516229273,133.25,35.55
13817,2016-11-01 00:00:00,0.07583482945756141,-0.04330949071697732,0.1949791496321001,133.25,35.55
13818,2016-11-02 00:00:00,0.026643531080572325,-0.09264631452480633,0.14593337668595097,133.25,35.55
13819,2016-11-03 00:00:00,0.12123599473060274,0.002179298086267032,0.2402926913749385,133.25,35.55
13820,2016-11-04 00:00:00,0.01805668795231339,-0.10056507252590084,0.1366784484305276,133.25,35.55
13821,2016-11-05 00:00:00,0.0976480220468191,-0.02056504170469614,0.21586108579833435,133.25,35.55
13822,2016-11-06 00:00:00,-0.07144593643096228,-0.1904992230530428,0.04760735019111827,133.25,35.55
13823,2016-11-07 00:00:00,0.0339932603833529,-0.08488515709986927,0.15287167786657507,133.25,35.55
13824,2016-11-08 00:00:00,0.1628800073146364,0.04412342947728395,0.2816365851519889,133.25,35.55
13825,2016-11-09 00:00:00,-0.09319897812466972,-0.21297404463208855,0.026576088382749108,133.25,35.55
13826,2016-11-10 00:00:00,0.010218801367173208,-0.10881864728075208,0.1292562500150985,133.25,35.55
13827,2016-11-11 00:00:00,0.09317919270698248,-0.025612985450598574,0.21197137086456352,133.25,35.55
13828,2016-11-12 00:00:00,0.03005890528199979,-0.0887514175144738,0.14886922807847336,133.25,35.55
13829,2016-11-13 00:00:00,0.008016042902875015,-0.11024490036033234,0.12627698616608238,133.25,35.55
13830,2016-11-14 00:00:00,0.034605943003672465,-0.08362368656659254,0.15283557257393748,133.25,35.55
13831,2016-11-15 00:00:00,0.10296633414784853,-0.015470314611852469,0.22140298290754956,133.25,35.55
13832,2016-11-16 00:00:00,-0.03912833092796187,-0.1575814856256033,0.07932482376967959,133.25,35.55
13833,2016-11-17 00:00:00,-0.004769319704543543,-0.12330344782994025,0.11376480842085315,133.25,35.55
13834,2016-11-18 00:00:00,0.05319418239712627,-0.06519676878094964,0.17158513357520214,133.25,35.55
13835,2016-11-19 00:00:00,0.10565833286174467,-0.013479179911635471,0.2247958456351248,133.25,35.55
13836,2016-11-20 00:00:00,0.09613272865003204,-0.02289158512754315,0.2151570424276072,133.25,35.55
13837,2016-11-21 00:00:00,-0.06306451301221966,-0.1815013044645712,0.055372278440131865,133.25,35.55
13838,2016-11-22 00:00:00,0.12156548414381856,0.0024654137070341674,0.24066555458060296,133.25,35.55
13839,2016-11-23 00:00:00,-0.050439501542389686,-0.16996561218222847,0.0690866090974491,133.25,35.55
13840,2016-11-24 00:00:00,0.12957366306506424,0.009254775665266862,0.2498925504648616,133.25,35.55
13841,2016-11-25 00:00:00,0.2004984783570888,0.08046303444761667,0.32053392226656097,133.25,35.55
13842,2016-11-26 00:00:00,-0.0017099376951805745,-0.12021609864110287,0.11679622325074175,133.25,35.55
13843,2016-11-27 00:00:00,0.030702077993783362,-0.08799257416974182,0.14939673015730856,133.25,35.55
13844,2016-11-28 00:00:00,-0.012926001330841071,-0.1315465468557616,0.10569454419407948,133.25,35.55
13845,2016-11-29 00:00:00,-0.02969678785316358,-0.1481521940243415,0.0887586183180143,133.25,35.55
13846,2016-11-30 00:00:00,-0.08353523681892552,-0.2019019250792331,0.034831451441382034,133.25,35.55
13847,2016-12-01 00:00:00,0.1326379805454929,0.014009297702151494,0.2512666633888343,133.25,35.55
13848,2016-12-02 00:00:00,-0.022526982913159604,-0.1413921495504108,0.0963381837240916,133.25,35.55
13849,2016-12-03 00:00:00,0.01534784230890606,-0.102974721344665,0.13367040596247715,133.25,35.55
13850,2016-12-04 00:00:00,0.05461655074039299,-0.06358174999274846,0.17281485147353445,133.25,35.55
13851,2016-12-05 00:00:00,0.07373051168004775,-0.0446370604775528,0.19209808383764831,133.25,35.55
13852,2016-12-06 00:00:00,0.02410960285940293,-0.09465017171420977,0.14286937743301562,133.25,35.55
13853,2016-12-07 00:00:00,0.07313105161679732,-0.04555761748953655,0.1918197207231312,133.25,35.55
13854,2016-12-08 00:00:00,0.036042504357826764,-0.08258784052628435,0.15467284924193786,133.25,35.55
13855,2016-12-09 00:00:00,0.13886871651475546,0.01954102847405716,0.2581964045554538,133.25,35.55
13856,2016-12-10 00:00:00,-0.0835488644301873,-0.2029186642935344,0.03582093543315977,133.25,35.55
13857,2016-12-11 00:00:00,0.03340515545009291,-0.08511851903217235,0.15192882993235818,133.25,35.55
13858,2016-12-12 00:00:00,0.062269251960418825,-0.05624101667201768,0.18077952059285532,133.25,35.55
13859,2016-12-13 00:00:00,0.11326820821404608,-0.005118656256813112,0.2316550726849053,133.25,35.55
13860,2016-12-14 00:00:00,-0.06876965983887012,-0.19054274739988847,0.053003427722148236,133.25,35.55
13861,2016-12-15 00:00:00,0.13505020960074246,0.015540132251189968,0.2545602869502949,133.25,35.55
13862,2016-12-16 00:00:00,0.020573095431429697,-0.0992525039536648,0.14039869481652414,133.25,35.55
13863,2016-12-17 00:00:00,0.1482331499264473,0.028585997736932694,0.2678803021159619,133.25,35.55
13864,2016-12-18 00:00:00,0.02593321635427883,-0.0925171734452334,0.14438360615379106,133.25,35.55
13865,2016-12-19 00:00:00,0.03622269019639676,-0.08199785014763769,0.1544432305404312,133.25,35.55
13866,2016-12-20 00:00:00,0.013167424639273836,-0.10512003684361099,0.13145488612215867,133.25,35.55
13867,2016-12-21 00:00:00,-0.048888394016772176,-0.1671903353391726,0.06941354730562826,133.25,35.55
13868,2016-12-22 00:00:00,0.4130046894389327,0.289500473879778,0.5365089049980875,133.25,35.55
13869,2016-12-23 00:00:00,0.2293042207932346,0.10434122792233844,0.3542672136641307,133.25,35.55
13870,2016-12-24 00:00:00,-0.06546042671749312,-0.18506988013682932,0.05414902670184312,133.25,35.55
13871,2016-12-25 00:00:00,-0.055856319340689055,-0.17429746341860838,0.06258482473723026,133.25,35.55
13872,2016-12-26 00:00:00,0.06095246006337277,-0.057290582999609735,0.1791955031263553,133.25,35.55
13873,2016-12-27 00:00:00,0.12993587783648894,0.009436757833172328,0.25043499783980555,133.25,35.55
13874,2016-12-28 00:00:00,-0.0011412208963838752,-0.12264365567363646,0.1203612138808687,133.25,35.55
13875,2016-12-29 00:00:00,0.10824493369542866,-0.010601205045509418,0.22709107243636675,133.25,35.55
13876,2016-12-30 00:00:00,-0.04445711170154063,-0.16298699106020276,0.0740727676571215,133.25,35.55
13877,2016-12-31 00:00:00,0.03801167324371745,-0.08032679143757265,0.15635013792500754,133.25,35.55
13878,2017-01-01 00:00:00,-0.018936423329999882,-0.13717986041220662,0.09930701375220684,133.25,35.55
13879,2017-01-02 00:00:00,0.09434670008477088,-0.023895364852539156,0.21258876502208093,133.25,35.55
13880,2017-01-03 00:00:00,0.08592804573077283,-0.032588282947605136,0.2044443744091508,133.25,35.55
13881,2017-01-04 00:00:00,0.13876083817513984,0.01993615233239673,0.2575855240178829,133.25,35.55
13882,2017-01-05 00:00:00,-0.07778225730506973,-0.1965664423167313,0.04100192770659185,133.25,35.55
13883,2017-01-06 00:00:00,-0.01817491120971884,-0.1368268109063082,0.1004769884868705,133.25,35.55
13884,2017-01-07 00:00:00,0.034019109439555044,-0.08428063078569648,0.15231884966480658,133.25,35.55
13885,2017-01-08 00:00:00,-0.029158941572100826,-0.1476779240347119,0.08936004089051022,133.25,35.55
13886,2017-01-09 00:00:00,0.1507941346199859,0.03147425268673068,0.2701140165532411,133.25,35.55
13887,2017-01-10 00:00:00,0.04727636299804431,-0.07180582603814359,0.16635855203423222,133.25,35.55
13888,2017-01-11 00:00:00,0.10091708393838472,-0.018258196386367248,0.2200923642631367,133.25,35.55
13889,2017-01-12 00:00:00,0.2623531268439881,0.14279947853139666,0.3819067751565797,133.25,35.55
13890,2017-01-13 00:00:00,0.1739801342619336,0.053374571324873034,0.2945856971989942,133.25,35.55
13891,2017-01-14 00:00:00,0.056653161104019814,-0.06672776786586974,0.18003409007390936,133.25,35.55
13892,2017-01-15 00:00:00,0.11815169560507174,-0.00436501309756436,0.24066840430770786,133.25,35.55
13893,2017-01-16 00:00:00,0.12744327748256262,0.007139331398673857,0.2477472235664514,133.25,35.55
13894,2017-01-17 00:00:00,0.030951029004425982,-0.0901603608885251,0.15206241889737704,133.25,35.55
13895,2017-01-18 00:00:00,0.05523100156880818,-0.0637869749090621,0.17424897804667847,133.25,35.55
13896,2017-01-19 00:00:00,0.03882068408097865,-0.07969614377927481,0.1573375119412321,133.25,35.55
13897,2017-01-20 00:00:00,0.1886375308500508,0.06823369427846675,0.3090413674216348,133.25,35.55
13898,2017-01-21 00:00:00,-0.10349455299132372,-0.2266441060073173,0.019655000024669814,133.25,35.55
13899,2017-01-22 00:00:00,0.1612374847812474,0.04144403649122508,0.2810309330712697,133.25,35.55
13900,2017-01-23 00:00:00,0.019381646191863944,-0.10165362392441328,0.14041691630814115,133.25,35.55
13901,2017-01-24 00:00:00,0.15682189281472664,0.03611087301193077,0.2775329126175225,133.25,35.55
13902,2017-01-25 00:00:00,0.0543059550174172,-0.06436690751690735,0.17297881755174174,133.25,35.55
13903,2017-01-26 00:00:00,0.009540854287921771,-0.10883783769092054,0.12791954626676408,133.25,35.55
13904,2017-01-27 00:00:00,0.16809465288798453,0.04826407328970575,0.2879252324862633,133.25,35.55
13905,2017-01-28 00:00:00,0.008445567010696348,-0.11190411101991796,0.12879524504131065,133.25,35.55
13906,2017-01-29 00:00:00,0.029036107810255337,-0.08915013580741503,0.1472223514279257,133.25,35.55
13907,2017-01-30 00:00:00,0.17555457429286078,0.056885336085939625,0.2942238124997819,133.25,35.55
13908,2017-01-31 00:00:00,-0.10979494519409368,-0.229370316615348,0.009780426227160605,133.25,35.55
13909,2017-02-01 00:00:00,0.10393490687907668,-0.014638381913052818,0.22250819567120614,133.25,35.55
13910,2017-02-02 00:00:00,0.025872722324114868,-0.09300554214505323,0.14475098679328294,133.25,35.55
13911,2017-02-03 00:00:00,0.027675257308978147,-0.09094347734420538,0.14629399196216167,133.25,35.55
13912,2017-02-04 00:00:00,0.02775553780608745,-0.09055046594030132,0.14606154155247625,133.25,35.55
13913,2017-02-05 00:00:00,0.09471638090134424,-0.02355708115942746,0.21298984296211596,133.25,35.55
13914,2017-02-06 00:00:00,0.07339294030861793,-0.04633460819147385,0.1931204888087097,133.25,35.55
13915,2017-02-07 00:00:00,0.015025006457922376,-0.10520618802431486,0.1352562009401596,133.25,35.55
13916,2017-02-08 00:00:00,0.07156397612101645,-0.0471088093890599,0.1902367616310928,133.25,35.55
13917,2017-02-09 00:00:00,0.11325729017677558,-0.005450310795974564,0.2319648911495257,133.25,35.55
13918,2017-02-10 00:00:00,0.01845737986440459,-0.10281733776598977,0.13973209749479895,133.25,35.55
13919,2017-02-11 00:00:00,0.1222514067123525,0.001406739213164393,0.2430960742115406,133.25,35.55
13920,2017-02-12 00:00:00,0.07639829356630773,-0.0433749785249198,0.19617156565753524,133.25,35.55
13921,2017-02-13 00:00:00,0.01696985891776108,-0.10144752290783507,0.13538724074335726,133.25,35.55
13922,2017-02-14 00:00:00,-0.0010454427952053813,-0.1194310381915424,0.11734015260113165,133.25,35.55
13923,2017-02-15 00:00:00,-0.006549235157343659,-0.12494734791425816,0.11184887759957082,133.25,35.55
13924,2017-02-16 00:00:00,0.09085605701220532,-0.027477521636728997,0.20918963566113966,133.25,35.55
13925,2017-02-17 00:00:00,0.1701301797137298,0.05057242808128598,0.2896879313461736,133.25,35.55
13926,2017-02-18 00:00:00,0.013364403936801605,-0.10645917397717274,0.13318798185077596,133.25,35.55
13927,2017-02-19 00:00:00,0.018983926309550883,-0.10012316411509993,0.13809101673420168,133.25,35.55
13928,2017-02-20 00:00:00,0.2498625862456661,0.13050363856201494,0.3692215339293173,133.25,35.55
13929,2017-02-21 00:00:00,-0.13468723791624249,-0.2550042033153818,-0.01437027251710317,133.25,35.55
13930,2017-02-22 00:00:00,0.058723614749120724,-0.05992421835209648,0.17737144785033793,133.25,35.55
13931,2017-02-23 00:00:00,0.20588676649858434,0.08571396438147087,0.3260595686156978,133.25,35.55
13932,2017-02-24 00:00:00,-0.10538447619710543,-0.22489527918568716,0.014126326791476282,133.25,35.55
13933,2017-02-25 00:00:00,0.009084661828910441,-0.10935353762249284,0.1275228612803137,133.25,35.55
13934,2017-02-26 00:00:00,0.06796561688182137,-0.05040349659969702,0.18633473036333972,133.25,35.55
13935,2017-02-27 00:00:00,-0.09825179172703599,-0.21678273252665345,0.02027914907258144,133.25,35.55
13936,2017-02-28 00:00:00,0.015122406924237853,-0.10323935194381267,0.13348416579228836,133.25,35.55
13937,2017-03-01 00:00:00,0.056814387684613714,-0.06144060697673655,0.17506938234596398,133.25,35.55
13938,2017-03-02 00:00:00,0.114474819235507,-0.004181141691220454,0.2331307801622345,133.25,35.55
13939,2017-03-03 00:00:00,-0.00018650133177966488,-0.1198990207062388,0.11952601804267947,133.25,35.55
13940,2017-03-04 00:00:00,0.06423300748123772,-0.054292823089852976,0.18275883805232845,133.25,35.55
13941,2017-03-05 00:00:00,0.01897650397510909,-0.0993056743471848,0.13725868229740298,133.25,35.55
13942,2017-03-06 00:00:00,0.13583388058618173,0.01740995245840231,0.25425780871396114,133.25,35.55
13943,2017-03-07 00:00:00,0.050215134517285986,-0.06893015034064613,0.16936041937521812,133.25,35.55
13944,2017-03-08 00:00:00,0.20300785958866674,0.08332327791508856,0.3226924412622449,133.25,35.55
13945,2017-03-09 00:00:00,0.1539610921380974,0.035142973796297994,0.2727792104798968,133.25,35.55
13946,2017-03-10 00:00:00,0.08339659904842672,-0.035805821436586505,0.20259901953343995,133.25,35.55
13947,2017-03-11 00:00:00,-5.94481326948726e-05,-0.11881487029044807,0.11869597402505833,133.25,35.55
13948,2017-03-12 00:00:00,0.0028485023273397275,-0.11536471917076603,0.12106172382544547,133.25,35.55
13949,2017-03-13 00:00:00,0.08905276693422633,-0.0292375926361335,0.2073431265045861,133.25,35.55
13950,2017-03-14 00:00:00,0.011140532947167207,-0.10750433997234246,0.12978540586667686,133.25,35.55
13951,2017-03-15 00:00:00,-0.01017670186392308,-0.12981471333189532,0.10946130960404916,133.25,35.55
13952,2017-03-16 00:00:00,0.10502255021653216,-0.014113797710712653,0.22415889814377696,133.25,35.55
13953,2017-03-17 00:00:00,0.01395816195626505,-0.10420737090926548,0.1321236948217956,133.25,35.55
13954,2017-03-18 00:00:00,0.0091842533784616,-0.10899228482932888,0.12736079158625208,133.25,35.55
13955,2017-03-19 00:00:00,0.05263269803823735,-0.06561023044694463,0.1708756265234193,133.25,35.55
13956,2017-03-20 00:00:00,-0.035247753398674905,-0.15349719212670326,0.08300168532935348,133.25,35.55
13957,2017-03-21 00:00:00,0.11423577178435812,-0.004673063179405815,0.23314460674812204,133.25,35.55
13958,2017-03-22 00:00:00,0.02935727200760561,-0.08975396139741687,0.14846850541262813,133.25,35.55
13959,2017-03-23 00:00:00,0.013471588120810923,-0.1048199949706238,0.13176317121224562,133.25,35.55
13960,2017-03-24 00:00:00,-0.05155197574867285,-0.16985564090634914,0.06675168940900345,133.25,35.55
13961,2017-03-25 00:00:00,-0.034980739228286206,-0.153261879379784,0.08330040092321159,133.25,35.55
13962,2017-03-26 00:00:00,0.029118697731738613,-0.08907393891468446,0.14731133437816168,133.25,35.55
13963,2017-03-27 00:00:00,0.05861908720121571,-0.05972351844056435,0.1769616928429958,133.25,35.55
13964,2017-03-28 00:00:00,0.022096916096623245,-0.09640207636679772,0.14059590856004422,133.25,35.55
13965,2017-03-29 00:00:00,0.02556677901788629,-0.09270188484063008,0.14383544287640265,133.25,35.55
13966,2017-03-30 00:00:00,0.09374714365442202,-0.02448942973156934,0.21198371704041336,133.25,35.55
13967,2017-03-31 00:00:00,-0.08066132223220869,-0.19904747224068967,0.03772482777627234,133.25,35.55
13968,2017-04-01 00:00:00,0.031566575162514814,-0.0869605808148056,0.1500937311398352,133.25,35.55
13969,2017-04-02 00:00:00,0.030430194138405232,-0.08799796885425548,0.14885835713106593,133.25,35.55
13970,2017-04-03 00:00:00,0.09045726247446588,-0.028119757009924667,0.2090342819588564,133.25,35.55
13971,2017-04-04 00:00:00,0.015275227636068813,-0.103171575439973,0.13372203071211064,133.25,35.55
13972,2017-04-05 00:00:00,0.049793341205140416,-0.0684208844756393,0.16800756688592014,133.25,35.55
13973,2017-04-06 00:00:00,0.26691133513253823,0.14768342666012255,0.3861392436049539,133.25,35.55
13974,2017-04-07 00:00:00,0.09921596400741296,-0.02079510588055765,0.2192270338953836,133.25,35.55
13975,2017-04-08 00:00:00,0.008334754552971306,-0.11015437798761003,0.12682388709355266,133.25,35.55
13976,2017-04-09 00:00:00,0.02160293986377948,-0.0967484492292056,0.13995432895676455,133.25,35.55
13977,2017-04-10 00:00:00,-0.09008700753174748,-0.20866512589158573,0.028491110828090777,133.25,35.55
13978,2017-04-11 00:00:00,0.1921200705728337,0.07165287981443985,0.31258726133122755,133.25,35.55
13979,2017-04-12 00:00:00,0.07441903817364398,-0.04619635143725805,0.19503442778454602,133.25,35.55
13980,2017-04-13 00:00:00,0.017819831121919538,-0.10079985837875402,0.1364395206225931,133.25,35.55
13981,2017-04-14 00:00:00,0.08709688922123147,-0.03130992889096408,0.20550370733342704,133.25,35.55
13982,2017-04-15 00:00:00,0.07348632288255702,-0.045071367323698285,0.1920440130888124,133.25,35.55
13983,2017-04-16 00:00:00,0.04396572155529229,-0.07427575557897542,0.16220719868956,133.25,35.55
13984,2017-04-17 00:00:00,0.09870141956464036,-0.01961639145460013,0.21701923058388084,133.25,35.55
13985,2017-04-18 00:00:00,0.34704256399388594,0.2254664382185699,0.4686186897692021,133.25,35.55
13986,2017-04-19 00:00:00,0.04747043535832171,-0.07248725264634469,0.16742812336298812,133.25,35.55
13987,2017-04-20 00:00:00,-0.025323965916131445,-0.14415729609792818,0.09350936426566528,133.25,35.55
13988,2017-04-21 00:00:00,0.08748219297068284,-0.030696690691853486,0.2056610766332192,133.25,35.55
13989,2017-04-22 00:00:00,-0.02453363692856182,-0.14268552619914002,0.09361825234201633,133.25,35.55
13990,2017-04-23 00:00:00,0.006953937060777217,-0.11127976498869856,0.12518763911025302,133.25,35.55
13991,2017-04-24 00:00:00,0.017353896912392426,-0.10099437234090676,0.13570216616569158,133.25,35.55
13992,2017-04-25 00:00:00,0.08807797322526288,-0.030257062243449307,0.20641300869397505,133.25,35.55
13993,2017-04-26 00:00:00,0.1088798744321613,-0.00952720807051527,0.22728695693483786,133.25,35.55
13994,2017-04-27 00:00:00,0.053165905947089434,-0.06516192194104949,0.17149373383522834,133.25,35.55
13995,2017-04-28 00:00:00,0.09814504735519923,-0.02009740372194017,0.21638749843233865,133.25,35.55
13996,2017-04-29 00:00:00,0.10419638857227778,-0.01426574426974324,0.2226585214142988,133.25,35.55
13997,2017-04-30 00:00:00,0.0927730075903775,-0.02587612284177794,0.21142213802253296,133.25,35.55
13998,2017-05-01 00:00:00,-0.0062616454723357995,-0.1251873741267381,0.1126640831820665,133.25,35.55
13999,2017-05-02 00:00:00,-0.06210581056637435,-0.180656488492672,0.05644486735992334,133.25,35.55
14000,2017-05-03 00:00:00,-0.003181666578278241,-0.12137592205986493,0.11501258890330845,133.25,35.55
14001,2017-05-04 00:00:00,0.033436673180895486,-0.08479122906080477,0.15166457542259576,133.25,35.55
14002,2017-05-05 00:00:00,0.0805777491446899,-0.03767835844892065,0.19883385673830045,133.25,35.55
14003,2017-05-06 00:00:00,0.1210797652073769,0.002596157973131688,0.2395633724416221,133.25,35.55
14004,2017-05-07 00:00:00,0.041268903246015454,-0.07751280374812454,0.16005061024015546,133.25,35.55
14005,2017-05-08 00:00:00,0.1290468263619507,0.010425788354291296,0.2476678643696101,133.25,35.55
14006,2017-05-09 00:00:00,-0.009432192836452392,-0.12770993050987564,0.10884554483697087,133.25,35.55
14007,2017-05-10 00:00:00,0.06564717681145305,-0.05348664297452668,0.1847809965974328,133.25,35.55
14008,2017-05-11 00:00:00,0.15735169481570827,0.038788775076013096,0.27591461455540345,133.25,35.55
14009,2017-05-12 00:00:00,0.06728092931167176,-0.05102925125050834,0.18559110987385186,133.25,35.55
14010,2017-05-13 00:00:00,0.10295205011260844,-0.01583911995213239,0.22174322017734927,133.25,35.55
14011,2017-05-14 00:00:00,0.10769244711517732,-0.010948724180299102,0.2263336184106537,133.25,35.55
14012,2017-05-15 00:00:00,0.07760655781282452,-0.040789965636142615,0.19600308126179167,133.25,35.55
14013,2017-05-16 00:00:00,0.0491183916403409,-0.06913085859301027,0.16736764187369207,133.25,35.55
14014,2017-05-17 00:00:00,0.02143360684963824,-0.0967514245184448,0.13961863821772127,133.25,35.55
14015,2017-05-18 00:00:00,0.02155922242033432,-0.09662337616753937,0.139741821008208,133.25,35.55
14016,2017-05-19 00:00:00,0.06152870970241137,-0.05665877013505945,0.17971618953988222,133.25,35.55
14017,2017-05-20 00:00:00,0.06452011220424925,-0.05364316306554296,0.18268338747404145,133.25,35.55
14018,2017-05-21 00:00:00,0.058451053827658826,-0.059694599475977876,0.17659670713129552,133.25,35.55
14019,2017-05-22 00:00:00,0.0592283219759772,-0.05893313121918209,0.1773897751711365,133.25,35.55
14020,2017-05-23 00:00:00,0.046990506756635096,-0.07119294186771137,0.16517395538098156,133.25,35.55
14021,2017-05-24 00:00:00,0.05106963821580729,-0.0670721248477134,0.16921140127932802,133.25,35.55
14022,2017-05-25 00:00:00,0.055913230299380855,-0.062229336838387314,0.17405579743714902,133.25,35.55
14023,2017-05-26 00:00:00,0.0646760835793952,-0.05378306976667853,0.1831352369254689,133.25,35.55
14024,2017-05-27 00:00:00,0.12130568837980367,0.002410933253271172,0.24020044350633615,133.25,35.55
14025,2017-05-28 00:00:00,0.006107373268383168,-0.11222096019209,0.12443570672885633,133.25,35.55
14026,2017-05-29 00:00:00,0.07321586992142473,-0.04501064077360424,0.1914423806164537,133.25,35.55
14027,2017-05-30 00:00:00,0.0831685480641646,-0.035018748451419376,0.2013558445797486,133.25,35.55
14028,2017-05-31 00:00:00,0.09908418079614742,-0.019074933901563212,0.21724329549385807,133.25,35.55
14029,2017-06-01 00:00:00,0.09700530183128814,-0.02120544163723044,0.2152160452998067,133.25,35.55
14030,2017-06-02 00:00:00,0.20778251035904574,0.08846855072132724,0.3270964699967643,133.25,35.55
14031,2017-06-03 00:00:00,0.035848445072391814,-0.08339084136800018,0.15508773151278374,133.25,35.55
14032,2017-06-04 00:00:00,0.019723503176575955,-0.09854042806875953,0.1379874344219114,133.25,35.55
14033,2017-06-05 00:00:00,-0.0008139977809439244,-0.11894338457219622,0.1173153890103084,133.25,35.55
14034,2017-06-06 00:00:00,-0.03138884400706899,-0.1495026616764571,0.08672497366231913,133.25,35.55
14035,2017-06-07 00:00:00,0.2404396765273571,0.12184181699500933,0.35903753605970484,133.25,35.55
14036,2017-06-08 00:00:00,0.053986307518453375,-0.06508696402764587,0.17305957906455266,133.25,35.55
14037,2017-06-09 00:00:00,0.0501089885871581,-0.06819973299840926,0.16841771017272544,133.25,35.55
14038,2017-06-10 00:00:00,0.09475941462084864,-0.023574115619420317,0.21309294486111766,133.25,35.55
14039,2017-06-11 00:00:00,0.015942160522136324,-0.10252440231246113,0.13440872335673376,133.25,35.55
14040,2017-06-12 00:00:00,-0.016410569382172217,-0.13474318189837847,0.10192204313403404,133.25,35.55
14041,2017-06-13 00:00:00,0.009273601439020285,-0.10887632277400856,0.12742352565204912,133.25,35.55
14042,2017-06-14 00:00:00,0.07660119951406424,-0.04152527595845673,0.1947276749865852,133.25,35.55
14043,2017-06-15 00:00:00,0.10956475638954832,-0.008591244496188574,0.2277207572752852,133.25,35.55
14044,2017-06-16 00:00:00,0.019671905653694487,-0.09855496151133523,0.13789877281872426,133.25,35.55
14045,2017-06-17 00:00:00,0.010275633889311951,-0.10793633189523197,0.12848759967385587,133.25,35.55
14046,2017-06-18 00:00:00,0.03872218213809603,-0.07943023140360074,0.15687459567979278,133.25,35.55
14047,2017-06-19 00:00:00,0.06315721378046962,-0.05502310593264398,0.18133753349358325,133.25,35.55
14048,2017-06-20 00:00:00,0.072619182115683,-0.04553735050911574,0.1907757147404817,133.25,35.55
14049,2017-06-21 00:00:00,0.16078248839113482,0.03938171916104359,0.28218325762122604,133.25,35.55
14050,2017-06-22 00:00:00,0.12164796781109773,0.0003998658560161877,0.2428960697661792,133.25,35.55
14051,2017-06-23 00:00:00,0.0502574914793873,-0.0679053716779445,0.1684203546367191,133.25,35.55
14052,2017-06-24 00:00:00,0.04494830542249696,-0.07316822357939058,0.1630648344243845,133.25,35.55
14053,2017-06-25 00:00:00,0.0955743071268582,-0.02261968653559661,0.21376830078931294,133.25,35.55
14054,2017-06-26 00:00:00,-0.00032831698222476365,-0.11856840677995675,0.11791177281550723,133.25,35.55
14055,2017-06-27 00:00:00,0.014846850972738447,-0.10327639021809527,0.1329700921635722,133.25,35.55
14056,2017-06-28 00:00:00,0.018545350390283585,-0.09957312967414866,0.13666383045471586,133.25,35.55
14057,2017-06-29 00:00:00,0.03219570387514944,-0.08589229898867788,0.15028370673897673,133.25,35.55
14058,2017-06-30 00:00:00,0.09966051881810957,-0.01846691682016301,0.21778795445638216,133.25,35.55
14059,2017-07-01 00:00:00,0.11241500471512196,-0.005801816364519985,0.2306318257947639,133.25,35.55
14060,2017-07-02 00:00:00,0.08351524931531834,-0.03469718209111455,0.20172768072175126,133.25,35.55
14061,2017-07-03 00:00:00,0.1566363336396137,0.03831348957751253,0.2749591777017149,133.25,35.55
14062,2017-07-04 00:00:00,0.14320763648646453,0.02440180822697452,0.2620134647459545,133.25,35.55
14063,2017-07-05 00:00:00,0.01261126661792903,-0.10628507102707684,0.13150760426293492,133.25,35.55
14064,2017-07-06 00:00:00,0.02733639369941609,-0.09082387097748958,0.14549665837632175,133.25,35.55
14065,2017-07-07 00:00:00,0.06389635662124937,-0.054220096012749235,0.18201280925524801,133.25,35.55
14066,2017-07-08 00:00:00,0.09246605603605536,-0.02575723849877776,0.2106893505708885,133.25,35.55
14067,2017-07-09 00:00:00,0.07720746763857733,-0.040923687296894606,0.19533862257404927,133.25,35.55
14068,2017-07-10 00:00:00,0.10773132148633846,-0.010470713102291999,0.2259333560749689,133.25,35.55
14069,2017-07-11 00:00:00,0.1422419198680624,0.02366057192348361,0.2608232678126412,133.25,35.55
14070,2017-07-12 00:00:00,0.10813187517943268,-0.010285622005072326,0.2265493723639377,133.25,35.55
14071,2017-07-13 00:00:00,0.07870319985249005,-0.039414695763087766,0.19682109546806786,133.25,35.55
14072,2017-07-14 00:00:00,0.06824598814300388,-0.049883639039513566,0.1863756153255213,133.25,35.55
14073,2017-07-15 00:00:00,0.060493102443809614,-0.0576418850820463,0.1786280899696655,133.25,35.55
14074,2017-07-16 00:00:00,0.07781475615083128,-0.04034944184201415,0.19597895414367672,133.25,35.55
14075,2017-07-17 00:00:00,0.1139830940160697,-0.004254462925461999,0.2322206509576014,133.25,35.55
14076,2017-07-18 00:00:00,0.08823692213257238,-0.030110409789715162,0.2065842540548599,133.25,35.55
14077,2017-07-19 00:00:00,0.052900281709996035,-0.06540676681224702,0.1712073302322391,133.25,35.55
14078,2017-07-20 00:00:00,0.041680327222983614,-0.07646372273001115,0.15982437717597836,133.25,35.55
14079,2017-07-21 00:00:00,0.07319066149549608,-0.04499223923879996,0.19137356222979213,133.25,35.55
14080,2017-07-22 00:00:00,0.0500432017824375,-0.06818374557647333,0.1682701491413483,133.25,35.55
14081,2017-07-23 00:00:00,0.07271205835914364,-0.0455685503306939,0.1909926670489812,133.25,35.55
14082,2017-07-24 00:00:00,0.08736181771832621,-0.030936559269186037,0.20566019470583846,133.25,35.55
14083,2017-07-25 00:00:00,0.05549181636620682,-0.06273390692654683,0.17371753965896045,133.25,35.55
14084,2017-07-26 00:00:00,-0.04014340943001307,-0.1584607827026724,0.07817396384264626,133.25,35.55
14085,2017-07-27 00:00:00,0.033933234181142934,-0.0842982646340278,0.15216473299631367,133.25,35.55
14086,2017-07-28 00:00:00,0.04869888513286871,-0.0694460007725421,0.16684377103827952,133.25,35.55
14087,2017-07-29 00:00:00,0.022019255389957488,-0.09611336417908016,0.14015187495899514,133.25,35.55
14088,2017-07-30 00:00:00,0.04896833482945686,-0.06918649373426339,0.16712316339317712,133.25,35.55
14089,2017-07-31 00:00:00,0.028546134104761433,-0.08958939007339936,0.1466816582829222,133.25,35.55
14090,2017-08-01 00:00:00,0.026945444416871068,-0.09120516674693366,0.1450960555806758,133.25,35.55
14091,2017-08-02 00:00:00,0.005946583993906381,-0.11223172174067872,0.12412488972849148,133.25,35.55
14092,2017-08-03 00:00:00,0.0043470786744510504,-0.1139124038326695,0.1226065611815716,133.25,35.55
14093,2017-08-04 00:00:00,0.030167038553838458,-0.08803954594346176,0.1483736230511387,133.25,35.55
14094,2017-08-05 00:00:00,0.03370064841381105,-0.08457935999053054,0.15198065681815265,133.25,35.55
14095,2017-08-06 00:00:00,0.03416030601945777,-0.08466488335029558,0.1529854953892111,133.25,35.55
14096,2017-08-07 00:00:00,0.0898547302872024,-0.0314741541049849,0.21118361467938968,133.25,35.55
14097,2017-08-08 00:00:00,0.06195058454995709,-0.061168791651693075,0.18506996075160725,133.25,35.55
14098,2017-08-09 00:00:00,0.0453985425420466,-0.07436612049983224,0.16516320558392544,133.25,35.55
14099,2017-08-10 00:00:00,0.04738265823478178,-0.07103292623567163,0.1657982427052352,133.25,35.55
14100,2017-08-11 00:00:00,0.03750495873629072,-0.0808948909013929,0.15590480837397433,133.25,35.55
14101,2017-08-12 00:00:00,0.0029925135125607877,-0.1152837795198532,0.12126880654497478,133.25,35.55
14102,2017-08-13 00:00:00,0.02936755390235862,-0.08882537271889962,0.14756048052361684,133.25,35.55
14103,2017-08-14 00:00:00,0.05080870794230994,-0.06735416475277453,0.16897158063739445,133.25,35.55
14104,2017-08-15 00:00:00,0.05576601393745498,-0.06268619500840322,0.17421822288331318,133.25,35.55
14105,2017-08-16 00:00:00,0.05793456660458773,-0.06062138514700033,0.1764905183561758,133.25,35.55
14106,2017-08-17 00:00:00,0.02979314556831968,-0.08851955651740362,0.148105847654043,133.25,35.55
14107,2017-08-18 00:00:00,0.028555526815341587,-0.08963675452518655,0.1467478081558697,133.25,35.55
14108,2017-08-19 00:00:00,0.020475235779922326,-0.09768972331032144,0.13864019487016607,133.25,35.55
14109,2017-08-20 00:00:00,0.020285960866543367,-0.09783208342575753,0.13840400515884427,133.25,35.55
14110,2017-08-21 00:00:00,0.06519329776441013,-0.0529409325386693,0.1833275280674896,133.25,35.55
14111,2017-08-22 00:00:00,0.06922049298799851,-0.04897798219599732,0.18741896817199435,133.25,35.55
14112,2017-08-23 00:00:00,0.07421284302688104,-0.043943779551530913,0.192369465605293,133.25,35.55
14113,2017-08-24 00:00:00,0.11323325889576015,-0.0049501650644852005,0.2314166828560055,133.25,35.55
14114,2017-08-25 00:00:00,0.12106081676367507,0.002461327579598493,0.2396603059477517,133.25,35.55
14115,2017-08-26 00:00:00,0.04380600095090017,-0.07477056870549648,0.1623825706072968,133.25,35.55
14116,2017-08-27 00:00:00,-0.032555969129968484,-0.1508024263647395,0.08569048810480254,133.25,35.55
14117,2017-08-28 00:00:00,0.06443348561022684,-0.05370769476750817,0.18257466598796185,133.25,35.55
14118,2017-08-29 00:00:00,0.11111914988387188,-0.007113379336968678,0.2293516791047125,133.25,35.55
14119,2017-08-30 00:00:00,0.011287303102370907,-0.10711935586527092,0.1296939620700127,133.25,35.55
14120,2017-08-31 00:00:00,0.036149018462988486,-0.08226914417203432,0.1545671810980113,133.25,35.55
14121,2017-09-01 00:00:00,-0.022826981114298598,-0.1413541200699836,0.09570015784138644,133.25,35.55
14122,2017-09-02 00:00:00,0.008934216988809723,-0.1094133848497127,0.12728181882733214,133.25,35.55
14123,2017-09-03 00:00:00,-0.010540337622942444,-0.12873791352929387,0.10765723828340898,133.25,35.55
14124,2017-09-04 00:00:00,0.0064728609380329365,-0.11168882791082746,0.12463454978689335,133.25,35.55
14125,2017-09-05 00:00:00,0.03750937228687126,-0.08063854169766588,0.1556572862714084,133.25,35.55
14126,2017-09-06 00:00:00,0.0708147449472822,-0.04747379637283641,0.1891032862674008,133.25,35.55
14127,2017-09-07 00:00:00,0.10922670189455644,-0.009218094649627112,0.22767149843874,133.25,35.55
14128,2017-09-08 00:00:00,0.02649132303221596,-0.0920000535987359,0.14498269966316782,133.25,35.55
14129,2017-09-09 00:00:00,0.0008881702264109012,-0.11728028329068918,0.11905662374351098,133.25,35.55
14130,2017-09-10 00:00:00,0.010889471171187477,-0.10723064751031793,0.12900958985269287,133.25,35.55
14131,2017-09-11 00:00:00,0.07839368625935676,-0.039929698276247136,0.19671707079496065,133.25,35.55
14132,2017-09-12 00:00:00,0.17292576074875704,0.047009437071007326,0.2988420844265067,133.25,35.55
14133,2017-09-13 00:00:00,-0.04831171550260498,-0.16697944966153436,0.07035601865632438,133.25,35.55
14134,2017-09-14 00:00:00,-0.04045017826068559,-0.15859510745783467,0.0776947509364635,133.25,35.55
14135,2017-09-15 00:00:00,-0.04736730686877474,-0.16569899732982818,0.07096438359227869,133.25,35.55
14136,2017-09-16 00:00:00,-0.009650343285512085,-0.1280724101340247,0.10877172356300056,133.25,35.55
14137,2017-09-17 00:00:00,0.0180594558545672,-0.10105779557420932,0.1371767072833437,133.25,35.55
14138,2017-09-18 00:00:00,0.0845404539916666,-0.03733009175182485,0.20641099973515806,133.25,35.55
14139,2017-09-19 00:00:00,0.10212948876559304,-0.01648939145760732,0.2207483689887934,133.25,35.55
14140,2017-09-20 00:00:00,0.1450974208923838,0.02669378868704675,0.2635010530977209,133.25,35.55
14141,2017-09-21 00:00:00,0.024891819461573803,-0.0941686689962626,0.14395230791941022,133.25,35.55
14142,2017-09-22 00:00:00,0.016449970514431096,-0.10169603074966987,0.13459597177853208,133.25,35.55
14143,2017-09-23 00:00:00,0.04743502563830107,-0.07080079432697164,0.1656708456035738,133.25,35.55
14144,2017-09-24 00:00:00,0.0042481109984505066,-0.11385556733179288,0.12235178932869388,133.25,35.55
14145,2017-09-25 00:00:00,0.0216339091490754,-0.09643921117285613,0.1397070294710069,133.25,35.55
14146,2017-09-26 00:00:00,0.008329241763551374,-0.10975526714279313,0.12641375066989588,133.25,35.55
14147,2017-09-27 00:00:00,0.08578339608727271,-0.032453815589817164,0.2040206077643626,133.25,35.55
14148,2017-09-28 00:00:00,-0.008051236412468903,-0.12709688797834304,0.11099441515340527,133.25,35.55
14149,2017-09-29 00:00:00,0.1371844475245609,0.01826654825775137,0.25610234679137045,133.25,35.55
14150,2017-09-30 00:00:00,0.005095795549468213,-0.11323411858211127,0.12342570968104767,133.25,35.55
14151,2017-10-01 00:00:00,0.02967867438246612,-0.08859903218664421,0.14795638095157645,133.25,35.55
14152,2017-10-02 00:00:00,0.10364473063748753,-0.014751691064337087,0.22204115233931213,133.25,35.55
14153,2017-10-03 00:00:00,0.02205961934585093,-0.09672019976656326,0.14083943845826513,133.25,35.55
14154,2017-10-04 00:00:00,0.03232360101296829,-0.08618025015556079,0.15082745218149735,133.25,35.55
14155,2017-10-05 00:00:00,-0.088103102353251,-0.2064338969824945,0.030227692275992507,133.25,35.55
14156,2017-10-06 00:00:00,0.003337734869307496,-0.11557174466353685,0.12224721440215185,133.25,35.55
14157,2017-10-07 00:00:00,0.04025651567824656,-0.07863692934908861,0.15914996070558174,133.25,35.55
14158,2017-10-08 00:00:00,-0.033750457149235885,-0.1518933149686719,0.08439240067020012,133.25,35.55
14159,2017-10-09 00:00:00,0.005506309606832606,-0.11259500170369174,0.12360762091735696,133.25,35.55
14160,2017-10-10 00:00:00,0.06550418436243617,-0.052693674035984316,0.18370204276085667,133.25,35.55
14161,2017-10-11 00:00:00,0.04121723654712939,-0.07711663121840732,0.15955110431266611,133.25,35.55
14162,2017-10-12 00:00:00,-0.0031691717908594328,-0.12153911305309878,0.11520076947137993,133.25,35.55
14163,2017-10-13 00:00:00,0.0531307926676102,-0.06557654893977696,0.17183813427499736,133.25,35.55
14164,2017-10-14 00:00:00,-0.01817289437666397,-0.13672554953704186,0.10037976078371387,133.25,35.55
14165,2017-10-15 00:00:00,-0.1134568175953634,-0.23199523758542626,0.005081602394699417,133.25,35.55
14166,2017-10-16 00:00:00,0.011868288431203591,-0.1067006882901122,0.1304372651525194,133.25,35.55
14167,2017-10-17 00:00:00,-0.013552162492777006,-0.13205552049584016,0.10495119551028614,133.25,35.55
14168,2017-10-18 00:00:00,-0.12005157529701052,-0.2385841352338644,-0.0015190153601566392,133.25,35.55
14169,2017-10-19 00:00:00,0.02803159012651612,-0.09088508087850294,0.14694826113153514,133.25,35.55
14170,2017-10-20 00:00:00,-0.010224197631486416,-0.12894106420080292,0.1084926689378301,133.25,35.55
14171,2017-10-21 00:00:00,-0.01962766302662572,-0.13791142527431186,0.0986560992210604,133.25,35.55
14172,2017-10-22 00:00:00,-0.14958889209191856,-0.2734852584895228,-0.02569252569431432,133.25,35.55
14173,2017-10-23 00:00:00,-0.10936520598526188,-0.2541731539111353,0.03544274194061153,133.25,35.55
14174,2017-10-24 00:00:00,-0.3152477047261576,-0.4508711572615922,-0.17962425219072306,133.25,35.55
14175,2017-10-25 00:00:00,0.02724466284419122,-0.09106781610766912,0.14555714179605156,133.25,35.55
14176,2017-10-26 00:00:00,-0.04604536132511747,-0.16438166225274442,0.07229093960250949,133.25,35.55
14177,2017-10-27 00:00:00,0.008733025067053028,-0.10940574267671113,0.1268717928108172,133.25,35.55
14178,2017-10-28 00:00:00,-0.03498632478913389,-0.15329871879354134,0.08332606921527358,133.25,35.55
14179,2017-10-29 00:00:00,0.07169915463281745,-0.04775876986076809,0.19115707912640303,133.25,35.55
14180,2017-10-30 00:00:00,-0.14516763450893286,-0.26710896801685546,-0.02322630100101017,133.25,35.55
14181,2017-10-31 00:00:00,0.009849462991890684,-0.10878826193791212,0.1284871879216935,133.25,35.55
14182,2017-11-01 00:00:00,0.04076389130275733,-0.07742686385003276,0.1589546464555474,133.25,35.55
14183,2017-11-02 00:00:00,0.06141222313268022,-0.05676161688380558,0.17958606314916606,133.25,35.55
14184,2017-11-03 00:00:00,0.039885467622477466,-0.07820769923817222,0.15797863448312718,133.25,35.55
14185,2017-11-04 00:00:00,-0.058060019634658774,-0.17679805846782026,0.06067801919850273,133.25,35.55
14186,2017-11-05 00:00:00,0.04002929456742523,-0.0785491914370764,0.15860778057192684,133.25,35.55
14187,2017-11-06 00:00:00,0.015270144547676943,-0.10295111982408278,0.13349140891943667,133.25,35.55
14188,2017-11-07 00:00:00,0.045534078776938505,-0.07269377986602732,0.16376193741990436,133.25,35.55
14189,2017-11-08 00:00:00,0.09327140221868402,-0.02492624264189626,0.21146904707926428,133.25,35.55
14190,2017-11-09 00:00:00,-0.06597556166152713,-0.18441959400146707,0.0524684706784128,133.25,35.55
14191,2017-11-10 00:00:00,0.10065997276439674,-0.017672241781378526,0.21899218731017198,133.25,35.55
14192,2017-11-11 00:00:00,0.03639058843634918,-0.08367621151245583,0.1564573883851542,133.25,35.55
14193,2017-11-12 00:00:00,-0.017356669362748316,-0.1358984691041525,0.10118513037865584,133.25,35.55
14194,2017-11-13 00:00:00,0.03651427027632398,-0.0816975876959922,0.15472612824864015,133.25,35.55
14195,2017-11-14 00:00:00,0.10274465471252103,-0.015545492695573062,0.22103480212061516,133.25,35.55
14196,2017-11-15 00:00:00,0.08092413439774776,-0.03742456203628114,0.19927283083177666,133.25,35.55
14197,2017-11-16 00:00:00,0.05112709257683206,-0.06749622191659146,0.16975040707025554,133.25,35.55
14198,2017-11-17 00:00:00,0.04612576026979432,-0.07233982849393991,0.16459134903352854,133.25,35.55
14199,2017-11-18 00:00:00,0.03864385941482487,-0.0814010880249236,0.15868880685457334,133.25,35.55
14200,2017-11-19 00:00:00,0.08904560321110641,-0.032035732539263465,0.21012693896147627,133.25,35.55
14201,2017-11-20 00:00:00,0.1011041317230667,-0.017856698656230227,0.22006496210236365,133.25,35.55
14202,2017-11-21 00:00:00,0.0244210534064692,-0.09448446372945116,0.14332657054238954,133.25,35.55
14203,2017-11-22 00:00:00,0.04596836428558153,-0.072439112409569,0.16437584098073205,133.25,35.55
14204,2017-11-23 00:00:00,0.09947712167988912,-0.019707195555245832,0.2186614389150241,133.25,35.55
14205,2017-11-24 00:00:00,0.07317007731305482,-0.04636587561618368,0.19270603024229327,133.25,35.55
14206,2017-11-25 00:00:00,0.10604670489912643,-0.013463360898314888,0.22555677069656774,133.25,35.55
14207,2017-11-26 00:00:00,0.10321963150835556,-0.015977771264119034,0.22241703428083015,133.25,35.55
14208,2017-11-27 00:00:00,-0.10716958968249747,-0.2261481970943693,0.011809017729374371,133.25,35.55
14209,2017-11-28 00:00:00,0.07423383307502089,-0.044015280723190775,0.19248294687323256,133.25,35.55
14210,2017-11-29 00:00:00,0.10535998311390636,-0.012950042328837593,0.2236700085566503,133.25,35.55
14211,2017-11-30 00:00:00,-0.007821723572281426,-0.12628986428050218,0.11064641713593934,133.25,35.55
14212,2017-12-01 00:00:00,0.03165298950732777,-0.08695450422048275,0.1502604832351383,133.25,35.55
14213,2017-12-02 00:00:00,-0.012939575756292572,-0.13144721688001054,0.10556806536742537,133.25,35.55
14214,2017-12-03 00:00:00,0.036301904838933,-0.08193514800986951,0.15453895768773548,133.25,35.55
14215,2017-12-04 00:00:00,0.08376767500243179,-0.034611501090364705,0.20214685109522829,133.25,35.55
14216,2017-12-05 00:00:00,0.0746211421564971,-0.04440056537646807,0.19364284968946227,133.25,35.55
14217,2017-12-06 00:00:00,-1.3401015866660107e-05,-0.11937057532359673,0.1193437732918634,133.25,35.55
14218,2017-12-07 00:00:00,0.1089439903653914,-0.00980844572934339,0.2276964264601262,133.25,35.55
14219,2017-12-08 00:00:00,0.0870706952285511,-0.032059782657709354,0.2062011731148116,133.25,35.55
14220,2017-12-09 00:00:00,0.07126087133333231,-0.04840665314118103,0.19092839580784565,133.25,35.55
14221,2017-12-10 00:00:00,0.12227108444039593,0.0038655757325460477,0.2406765931482458,133.25,35.55
14222,2017-12-11 00:00:00,0.17316027944022816,0.05298915097933292,0.2933314079011234,133.25,35.55
14223,2017-12-12 00:00:00,0.14419308367905245,0.02333667489225981,0.2650494924658451,133.25,35.55
14224,2017-12-13 00:00:00,0.0718813204986005,-0.04741455295006794,0.19117719394726893,133.25,35.55
14225,2017-12-14 00:00:00,0.017025811457232167,-0.10215227085443428,0.13620389376889866,133.25,35.55
14226,2017-12-15 00:00:00,0.09029286596274684,-0.028183667931097476,0.20876939985659115,133.25,35.55
14227,2017-12-16 00:00:00,0.1347657884123457,0.016334684029789187,0.2531968927949022,133.25,35.55
14228,2017-12-17 00:00:00,-0.003005971941051122,-0.12352566941525182,0.11751372553314958,133.25,35.55
14229,2017-12-18 00:00:00,0.06126964072798315,-0.0575653685839109,0.1801046500398772,133.25,35.55
14230,2017-12-19 00:00:00,0.1745665489130913,0.05531806194259127,0.29381503588359137,133.25,35.55
14231,2017-12-20 00:00:00,0.004647788454320674,-0.11390073993875048,0.12319631684739182,133.25,35.55
14232,2017-12-21 00:00:00,-0.0062998182159278325,-0.12457920815351607,0.1119795717216604,133.25,35.55
14233,2017-12-22 00:00:00,0.0605625402444121,-0.05767802809601806,0.17880310858484227,133.25,35.55
14234,2017-12-23 00:00:00,0.05344209540128267,-0.06477780221901719,0.17166199302158253,133.25,35.55
14235,2017-12-24 00:00:00,0.08107432522471239,-0.03715233547426152,0.19930098592368628,133.25,35.55
14236,2017-12-25 00:00:00,0.09397845176040044,-0.028954826635274294,0.2169117301560752,133.25,35.55
14237,2017-12-26 00:00:00,0.12527518778450752,0.0050946807250160505,0.24545569484399896,133.25,35.55
14238,2017-12-27 00:00:00,0.07473397839841764,-0.045141883760067975,0.19460984055690325,133.25,35.55
14239,2017-12-28 00:00:00,0.13666134780174752,0.016835005711328954,0.2564876898921661,133.25,35.55
14240,2017-12-29 00:00:00,0.14505007559938352,0.025859028273149648,0.2642411229256174,133.25,35.55
14241,2017-12-30 00:00:00,-0.039746246524269946,-0.15832793070262252,0.07883543765408264,133.25,35.55
14242,2017-12-31 00:00:00,0.1328782737772135,0.014218326329220874,0.2515382212252061,133.25,35.55
14243,2018-01-01 00:00:00,0.12310400579661025,0.0040550218511786066,0.24215298974204186,133.25,35.55
14244,2018-01-02 00:00:00,0.012714158817751738,-0.10584290593405536,0.13127122356955884,133.25,35.55
14245,2018-01-03 00:00:00,0.07386488654605194,-0.04617887650647527,0.1939086495985792,133.25,35.55
14246,2018-01-04 00:00:00,0.056966695748534774,-0.061660934387692816,0.17559432588476234,133.25,35.55
14247,2018-01-05 00:00:00,0.08312638372092138,-0.035233746773422184,0.20148651421526487,133.25,35.55
14248,2018-01-06 00:00:00,0.059890935269098285,-0.05845946036305087,0.17824133090124744,133.25,35.55
14249,2018-01-07 00:00:00,-0.041087672478706885,-0.15953851653656068,0.0773631715791469,133.25,35.55
14250,2018-01-08 00:00:00,0.10200499011248357,-0.016518092565993556,0.2205280727909607,133.25,35.55
14251,2018-01-09 00:00:00,0.25367875765086395,0.13157337972785282,0.3757841355738751,133.25,35.55
14252,2018-01-10 00:00:00,0.0950798774676118,-0.027707754491237118,0.21786750942646071,133.25,35.55
14253,2018-01-11 00:00:00,0.14671549737831135,0.026395654231189364,0.2670353405254333,133.25,35.55
14254,2018-01-12 00:00:00,0.004149766436763243,-0.11497343716796585,0.12327297004149232,133.25,35.55
14255,2018-01-13 00:00:00,0.043409825003076566,-0.075134945607188,0.16195459561334113,133.25,35.55
14256,2018-01-14 00:00:00,-0.04862865444254445,-0.16785208195930615,0.07059477307421724,133.25,35.55
14257,2018-01-15 00:00:00,0.0865129544428378,-0.03186398989505379,0.20488989878072936,133.25,35.55
14258,2018-01-16 00:00:00,0.0886484163106842,-0.029950299101816638,0.20724713172318504,133.25,35.55
14259,2018-01-17 00:00:00,0.1114378362751294,-0.007387008563733893,0.2302626811139927,133.25,35.55
14260,2018-01-18 00:00:00,0.051711346721319766,-0.0673091993169794,0.17073189275961895,133.25,35.55
14261,2018-01-19 00:00:00,-0.014124051364891041,-0.13243102882114538,0.10418292609136327,133.25,35.55
14262,2018-01-20 00:00:00,0.06518303829464292,-0.05310868939303924,0.1834747659823251,133.25,35.55
14263,2018-01-21 00:00:00,0.06951366325264269,-0.048861326426903176,0.18788865293218854,133.25,35.55
14264,2018-01-22 00:00:00,0.02938662884881347,-0.08920020448195662,0.14797346217958354,133.25,35.55
14265,2018-01-23 00:00:00,0.2951873395876792,0.17428531147119505,0.4160893677041633,133.25,35.55
14266,2018-01-24 00:00:00,0.07984210993109495,-0.042168760262516834,0.2018529801247067,133.25,35.55
14267,2018-01-25 00:00:00,0.05096135530727583,-0.06861321882670475,0.1705359294412564,133.25,35.55
14268,2018-01-26 00:00:00,0.14482752010014288,0.025728027173066503,0.2639270130272193,133.25,35.55
14269,2018-01-27 00:00:00,0.0822341854949927,-0.03679623682289451,0.20126460781287991,133.25,35.55
14270,2018-01-28 00:00:00,0.14231557458133387,0.023794773255555082,0.2608363759071127,133.25,35.55
14271,2018-01-29 00:00:00,0.10110275517810363,-0.01773667816314134,0.21994218851934866,133.25,35.55
14272,2018-01-30 00:00:00,0.06814552026246651,-0.05105343226769196,0.18734447279262495,133.25,35.55
14273,2018-01-31 00:00:00,0.08625583296691934,-0.03222899033156007,0.20474065626539875,133.25,35.55
14274,2018-02-01 00:00:00,-0.021941303104613136,-0.14038350019478582,0.09650089398555954,133.25,35.55
14275,2018-02-02 00:00:00,-0.00669405635391359,-0.12527387151307726,0.11188575880525004,133.25,35.55
14276,2018-02-03 00:00:00,0.09652694821808623,-0.022259553325178358,0.2153134497613508,133.25,35.55
14277,2018-02-04 00:00:00,0.1179740224676182,-0.0016766959604330445,0.23762474089566946,133.25,35.55
14278,2018-02-05 00:00:00,0.04936096288692152,-0.07022575449128506,0.16894768026512808,133.25,35.55
14279,2018-02-06 00:00:00,0.15063579053226311,0.03158474632093207,0.2696868347435942,133.25,35.55
14280,2018-02-07 00:00:00,0.10511532158555163,-0.013817377260299413,0.2240480204314027,133.25,35.55
14281,2018-02-08 00:00:00,0.03036537785739873,-0.08793456797550864,0.1486653236903061,133.25,35.55
14282,2018-02-09 00:00:00,0.009739831158201607,-0.10849953921664636,0.1279792015330496,133.25,35.55
14283,2018-02-10 00:00:00,0.06514937798362057,-0.05317769259503674,0.1834764485622779,133.25,35.55
14284,2018-02-11 00:00:00,0.0941519480545598,-0.025094199926020952,0.21339809603514054,133.25,35.55
14285,2018-02-12 00:00:00,0.21981668050565947,0.10015602703174473,0.33947733397957425,133.25,35.55
14286,2018-02-13 00:00:00,0.08882794330440866,-0.03058590178441677,0.2082417883932341,133.25,35.55
14287,2018-02-14 00:00:00,0.1856165168528899,0.06679718308146525,0.3044358506243145,133.25,35.55
14288,2018-02-15 00:00:00,0.033555593314357486,-0.08535935238248138,0.15247053901119634,133.25,35.55
14289,2018-02-16 00:00:00,0.05079862984446205,-0.06755499833279999,0.1691522580217241,133.25,35.55
14290,2018-02-17 00:00:00,0.07443167163194933,-0.04410305935053459,0.19296640261443326,133.25,35.55
14291,2018-02-18 00:00:00,-0.021981881294218037,-0.14061424391825114,0.09665048132981507,133.25,35.55
14292,2018-02-19 00:00:00,0.017409476409353548,-0.10079910775119197,0.13561806056989906,133.25,35.55
14293,2018-02-20 00:00:00,0.020507795154547898,-0.09771405121150037,0.1387296415205962,133.25,35.55
14294,2018-02-21 00:00:00,0.014151188383264297,-0.10421001137590286,0.13251238814243144,133.25,35.55
14295,2018-02-22 00:00:00,0.012789668203127323,-0.10555955085750604,0.13113888726376072,133.25,35.55
14296,2018-02-23 00:00:00,0.08526054946196486,-0.03316417221678987,0.2036852711407196,133.25,35.55
14297,2018-02-24 00:00:00,0.12394817828917318,0.004543814404325289,0.2433525421740211,133.25,35.55
14298,2018-02-25 00:00:00,-0.06768319760118292,-0.18661649840496108,0.05125010320259522,133.25,35.55
14299,2018-02-26 00:00:00,0.05117522643753185,-0.06718647233425926,0.16953692520932295,133.25,35.55
14300,2018-02-27 00:00:00,0.0076606241317161705,-0.11060165944019124,0.12592290770362358,133.25,35.55
14301,2018-02-28 00:00:00,0.0118585679453286,-0.10666623877056863,0.13038337466122582,133.25,35.55
14302,2018-03-01 00:00:00,0.21305215503491626,0.08682840782659568,0.33927590224323684,133.25,35.55
14303,2018-03-02 00:00:00,-0.05138568571096422,-0.1767564084292629,0.07398503700733447,133.25,35.55
14304,2018-03-03 00:00:00,0.05969947549802716,-0.05886746957414715,0.17826642057020148,133.25,35.55
14305,2018-03-04 00:00:00,0.023621649248556864,-0.09462688775060743,0.14187018624772113,133.25,35.55
14306,2018-03-05 00:00:00,0.06180352791933157,-0.0579916088442371,0.18159866468290026,133.25,35.55
14307,2018-03-06 00:00:00,-0.037078988150390346,-0.15781915549141856,0.08366117919063785,133.25,35.55
14308,2018-03-07 00:00:00,-0.18875529590552995,-0.3076967345949375,-0.06981385721612239,133.25,35.55
14309,2018-03-08 00:00:00,0.1078767780529106,-0.011731058072032991,0.2274846141778542,133.25,35.55
14310,2018-03-09 00:00:00,-0.06305914103068484,-0.18417693854234085,0.058058656480971166,133.25,35.55
14311,2018-03-10 00:00:00,0.02110426484807909,-0.0983161636020816,0.1405246932982398,133.25,35.55
14312,2018-03-11 00:00:00,0.0360321575099256,-0.08236466929360693,0.1544289843134581,133.25,35.55
14313,2018-03-12 00:00:00,-0.0020932939214771823,-0.12046438581425425,0.11627779797129988,133.25,35.55
14314,2018-03-13 00:00:00,0.08182520646218297,-0.03636697672823709,0.20001738965260304,133.25,35.55
14315,2018-03-14 00:00:00,0.07696355305877225,-0.04127583723963334,0.19520294335717786,133.25,35.55
14316,2018-03-15 00:00:00,0.0876309945774559,-0.03059276704804037,0.20585475620295215,133.25,35.55
14317,2018-03-16 00:00:00,-0.08649200360976429,-0.20701015498958625,0.03402614777005765,133.25,35.55
14318,2018-03-17 00:00:00,0.08301226353672853,-0.037475889391110864,0.2035004164645679,133.25,35.55
14319,2018-03-18 00:00:00,0.011311220444346938,-0.10711513355077107,0.12973757443946496,133.25,35.55
14320,2018-03-19 00:00:00,0.08202081847179889,-0.03636757079576475,0.20040920773936247,133.25,35.55
14321,2018-03-20 00:00:00,-0.15484503393603655,-0.2740438677385788,-0.03564620013349426,133.25,35.55
14322,2018-03-21 00:00:00,-0.03568798534736388,-0.15576094118805928,0.0843849704933315,133.25,35.55
14323,2018-03-22 00:00:00,0.15348502786615906,0.0323805757010978,0.27458948003122025,133.25,35.55
14324,2018-03-23 00:00:00,0.11339397668600508,-0.00606987298994241,0.2328578263619525,133.25,35.55
14325,2018-03-24 00:00:00,0.018501883988842432,-0.09972572951935882,0.13672949749704366,133.25,35.55
14326,2018-03-25 00:00:00,0.06168471845191908,-0.05655474597551564,0.1799241828793538,133.25,35.55
14327,2018-03-26 00:00:00,0.04235644055718135,-0.07583169558194194,0.16054457669630465,133.25,35.55
14328,2018-03-27 00:00:00,0.061987240070115725,-0.05617486130818202,0.1801493414484135,133.25,35.55
14329,2018-03-28 00:00:00,0.07692340179101942,-0.041224001812440514,0.19507080539447932,133.25,35.55
14330,2018-03-29 00:00:00,0.08051118905946347,-0.03772731871003168,0.19874969682895866,133.25,35.55
14331,2018-03-30 00:00:00,-0.1174928786248018,-0.2360663967077084,0.0010806394581047984,133.25,35.55
14332,2018-03-31 00:00:00,0.019130640397764645,-0.09929199705566673,0.13755327785119606,133.25,35.55
14333,2018-04-01 00:00:00,0.1011714847208475,-0.017041057841271454,0.21938402728296647,133.25,35.55
14334,2018-04-02 00:00:00,0.05305081975103497,-0.06511815514195576,0.1712197946440257,133.25,35.55
14335,2018-04-03 00:00:00,0.06384138437148168,-0.05431949509654546,0.1820022638395088,133.25,35.55
14336,2018-04-04 00:00:00,0.032657605030744205,-0.08579954372108939,0.1511147537825778,133.25,35.55
14337,2018-04-05 00:00:00,-0.061665267661553023,-0.18048852890624206,0.05715799358313602,133.25,35.55
14338,2018-04-06 00:00:00,0.2371487885724397,0.11783797321916553,0.35645960392571385,133.25,35.55
14339,2018-04-07 00:00:00,0.11050506173470123,-0.009857728720990595,0.2308678521903931,133.25,35.55
14340,2018-04-08 00:00:00,0.06554573561297218,-0.05366221590244362,0.184753687128388,133.25,35.55
14341,2018-04-09 00:00:00,0.08165291334020497,-0.037271392355639234,0.2005772190360492,133.25,35.55
14342,2018-04-10 00:00:00,0.025915623572495116,-0.0928707048358164,0.14470195198080665,133.25,35.55
14343,2018-04-11 00:00:00,0.26039228032227363,0.14105235074153846,0.3797322099030088,133.25,35.55
14344,2018-04-12 00:00:00,0.09946441913280817,-0.01956062343937472,0.218489461704991,133.25,35.55
14345,2018-04-13 00:00:00,-0.057019572097436286,-0.17558349844841234,0.061544354253539775,133.25,35.55
14346,2018-04-14 00:00:00,0.029048183498059814,-0.08962624342985892,0.14772261042597856,133.25,35.55
14347,2018-04-15 00:00:00,0.2437378596780826,0.12325702303317865,0.3642186963229865,133.25,35.55
14348,2018-04-16 00:00:00,-0.04616190601623981,-0.16485457015721722,0.07253075812473761,133.25,35.55
14349,2018-04-17 00:00:00,-0.03901664723245552,-0.15716138664015314,0.07912809217524211,133.25,35.55
14350,2018-04-18 00:00:00,0.06007712508343883,-0.058128380422880724,0.17828263058975838,133.25,35.55
14351,2018-04-19 00:00:00,0.04395331808717355,-0.07421552130736724,0.16212215748171432,133.25,35.55
14352,2018-04-20 00:00:00,0.03910183740900992,-0.07910205927816932,0.15730573409618914,133.25,35.55
14353,2018-04-21 00:00:00,0.04204792071132618,-0.07612150716395535,0.16021734858660772,133.25,35.55
14354,2018-04-22 00:00:00,0.05689373746092605,-0.06136138191994218,0.17514885684179424,133.25,35.55
14355,2018-04-23 00:00:00,-0.04476125995772248,-0.16310867212763952,0.07358615221219454,133.25,35.55
14356,2018-04-24 00:00:00,0.11555496243917288,-0.003060719378792209,0.234170644257138,133.25,35.55
14357,2018-04-25 00:00:00,0.029058146223999874,-0.09016762983796216,0.1482839222859619,133.25,35.55
14358,2018-04-26 00:00:00,0.04307972154130613,-0.07542083164337401,0.16158027472598627,133.25,35.55
14359,2018-04-27 00:00:00,0.05609704407722232,-0.062163256686431974,0.17435734484087662,133.25,35.55
14360,2018-04-28 00:00:00,0.003171516098958268,-0.11519986306121732,0.12154289525913388,133.25,35.55
14361,2018-04-29 00:00:00,0.05200659407588265,-0.06623127682952615,0.17024446498129145,133.25,35.55
14362,2018-04-30 00:00:00,0.08520889492847139,-0.03310973061475518,0.203527520471698,133.25,35.55
14363,2018-05-01 00:00:00,0.026982115532388568,-0.09126928312515302,0.14523351418993016,133.25,35.55
14364,2018-05-02 00:00:00,0.08737147832705311,-0.030874322044057205,0.20561727869816346,133.25,35.55
14365,2018-05-03 00:00:00,0.13600017741296516,0.01677066505754446,0.2552296897683859,133.25,35.55
14366,2018-05-04 00:00:00,0.10790282900035572,-0.011750979458894709,0.2275566374596061,133.25,35.55
14367,2018-05-05 00:00:00,0.10468924380984744,-0.014324791238548918,0.2237032788582438,133.25,35.55
14368,2018-05-06 00:00:00,0.05228963818820035,-0.06613445484352737,0.17071373121992806,133.25,35.55
14369,2018-05-07 00:00:00,0.10948356184790926,-0.009379105072495621,0.2283462287683141,133.25,35.55
14370,2018-05-08 00:00:00,-0.08002862150708093,-0.19862456175642465,0.03856731874226275,133.25,35.55
14371,2018-05-09 00:00:00,-0.006389323528514956,-0.12513396206996785,0.11235531501293793,133.25,35.55
14372,2018-05-10 00:00:00,-0.030235934978148932,-0.14870762840777516,0.0882357584514773,133.25,35.55
14373,2018-05-11 00:00:00,0.05370248585079597,-0.06445688653597982,0.17186185823757175,133.25,35.55
14374,2018-05-12 00:00:00,0.09592249917028256,-0.02221631460728121,0.21406131294784636,133.25,35.55
14375,2018-05-13 00:00:00,0.15438061452101776,0.03607835966780533,0.2726828693742302,133.25,35.55
14376,2018-05-14 00:00:00,0.052399896999302836,-0.0661532497076585,0.17095304370626418,133.25,35.55
14377,2018-05-15 00:00:00,0.03458557182509907,-0.08362497179394157,0.1527961154441397,133.25,35.55
14378,2018-05-16 00:00:00,0.12143042873985473,0.003269861506030522,0.2395909959736789,133.25,35.55
14379,2018-05-17 00:00:00,0.11590020466951463,-0.002558447587547821,0.23435885692657704,133.25,35.55
14380,2018-05-18 00:00:00,0.0884794710091362,-0.03010804223344192,0.20706698425171435,133.25,35.55
14381,2018-05-19 00:00:00,-0.037309935167223404,-0.15602718220244502,0.08140731186799817,133.25,35.55
14382,2018-05-20 00:00:00,-0.07255054840246268,-0.19144825029206056,0.04634715348713525,133.25,35.55
14383,2018-05-21 00:00:00,-0.0395826301479728,-0.15816123542775576,0.07899597513181017,133.25,35.55
14384,2018-05-22 00:00:00,0.012420271056250834,-0.10581625714223067,0.13065679925473234,133.25,35.55
14385,2018-05-23 00:00:00,0.11857948350248708,0.0002370701128377312,0.23692189689213644,133.25,35.55
14386,2018-05-24 00:00:00,0.04305037436882323,-0.075534720313853,0.16163546905149945,133.25,35.55
14387,2018-05-25 00:00:00,0.05107624982907577,-0.06721850877499176,0.1693710084331433,133.25,35.55
14388,2018-05-26 00:00:00,0.03272017684971504,-0.08546558290565205,0.1509059366050821,133.25,35.55
14389,2018-05-27 00:00:00,0.02089475787307268,-0.09723441179192184,0.13902392753806722,133.25,35.55
14390,2018-05-28 00:00:00,0.05144153418564757,-0.06668661902910025,0.16956968740039538,133.25,35.55
14391,2018-05-29 00:00:00,-0.016631260268927504,-0.13477307561006405,0.10151055507220903,133.25,35.55
14392,2018-05-30 00:00:00,0.031881530162736864,-0.08623683993159398,0.1499999002570677,133.25,35.55
14393,2018-05-31 00:00:00,0.05509629646387877,-0.06319137442838321,0.17338396735614076,133.25,35.55
14394,2018-06-01 00:00:00,0.024671018834486802,-0.09367686989746282,0.14301890756643645,133.25,35.55
14395,2018-06-02 00:00:00,-0.0007392428194848838,-0.11884319061779465,0.11736470497882487,133.25,35.55
14396,2018-06-03 00:00:00,0.0694246112617922,-0.04868722743471805,0.18753644995830246,133.25,35.55
14397,2018-06-04 00:00:00,0.05470393421443287,-0.06343461492567916,0.17284248335454488,133.25,35.55
14398,2018-06-05 00:00:00,0.05976078225042751,-0.05838374782662933,0.17790531232748436,133.25,35.55
14399,2018-06-06 00:00:00,0.0416287977990238,-0.07686013148230038,0.16011772708034802,133.25,35.55
14400,2018-06-07 00:00:00,0.058945658973464175,-0.059398122634127686,0.17728944058105606,133.25,35.55
14401,2018-06-08 00:00:00,0.1035081282058916,-0.014623456708912616,0.2216397131206958,133.25,35.55
14402,2018-06-09 00:00:00,0.00755085564112918,-0.1106921915057367,0.12579390278799504,133.25,35.55
14403,2018-06-10 00:00:00,-0.03860315304953636,-0.1570604439359975,0.07985413783692479,133.25,35.55
14404,2018-06-11 00:00:00,0.08946658830838164,-0.029252118786155024,0.2081852954029183,133.25,35.55
14405,2018-06-12 00:00:00,0.10506118067469894,-0.013601241798255906,0.22372360314765374,133.25,35.55
14406,2018-06-13 00:00:00,0.016177122776899342,-0.102121591530541,0.1344758370843397,133.25,35.55
14407,2018-06-14 00:00:00,-0.03651743018824477,-0.15473373612262573,0.08169887574613621,133.25,35.55
14408,2018-06-15 00:00:00,-3.480426380347845e-06,-0.11836778927247232,0.11836082841971166,133.25,35.55
14409,2018-06-16 00:00:00,-0.0036350671160821843,-0.1220475792672668,0.11477744503510245,133.25,35.55
14410,2018-06-17 00:00:00,0.03248141923262941,-0.08574343404038053,0.15070627250563934,133.25,35.55
14411,2018-06-18 00:00:00,0.05306689812473234,-0.0651322947748241,0.17126609102428875,133.25,35.55
14412,2018-06-19 00:00:00,0.08319857527215876,-0.035008428084468836,0.2014055786287864,133.25,35.55
14413,2018-06-20 00:00:00,0.08879076968734356,-0.029531686532864088,0.2071132259075512,133.25,35.55
14414,2018-06-21 00:00:00,0.05910533240822996,-0.059295749934409135,0.1775064147508691,133.25,35.55
14415,2018-06-22 00:00:00,0.038254508324681136,-0.08002787520596848,0.15653689185533076,133.25,35.55
14416,2018-06-23 00:00:00,0.1034766860811398,-0.014719525702339573,0.2216728978646192,133.25,35.55
14417,2018-06-24 00:00:00,0.0958872943215102,-0.022421839399353768,0.21419642804237415,133.25,35.55
14418,2018-06-25 00:00:00,0.04171019389909821,-0.07656890630578522,0.15998929410398166,133.25,35.55
14419,2018-06-26 00:00:00,0.06413297597788377,-0.05405018716842533,0.18231613912419287,133.25,35.55
14420,2018-06-27 00:00:00,0.20602312320383886,0.08682642000078082,0.32521982640689695,133.25,35.55
14421,2018-06-28 00:00:00,0.16135270880879532,0.041841593898982364,0.2808638237186083,133.25,35.55
14422,2018-06-29 00:00:00,0.1235624513166004,0.004659220050561741,0.24246568258263906,133.25,35.55
14423,2018-06-30 00:00:00,0.013034801454352244,-0.10564127266975468,0.13171087557845915,133.25,35.55
14424,2018-07-01 00:00:00,0.020012065991658383,-0.0984281495226966,0.13845228150601335,133.25,35.55
14425,2018-07-02 00:00:00,0.10041576747023052,-0.017948496564453187,0.2187800315049142,133.25,35.55
14426,2018-07-03 00:00:00,0.09810837887775747,-0.020837487606034474,0.21705424536154946,133.25,35.55
14427,2018-07-04 00:00:00,0.24679569686718064,0.12320492583809975,0.3703864678962616,133.25,35.55
14428,2018-07-05 00:00:00,0.15262331590869194,0.031740494359977695,0.2735061374574061,133.25,35.55
14429,2018-07-06 00:00:00,-0.005787057847407168,-0.12520727639812915,0.11363316070331485,133.25,35.55
14430,2018-07-07 00:00:00,0.050353312771261614,-0.0689629700883378,0.169669595630861,133.25,35.55
14431,2018-07-08 00:00:00,0.045870417958876634,-0.07299970007993029,0.16474053599768354,133.25,35.55
14432,2018-07-09 00:00:00,0.004323885974087293,-0.11403649448903952,0.12268426643721413,133.25,35.55
14433,2018-07-10 00:00:00,-0.007406764565695022,-0.12557171915088178,0.11075819001949172,133.25,35.55
14434,2018-07-11 00:00:00,0.011240303954177069,-0.1069239616912886,0.12940456959964275,133.25,35.55
14435,2018-07-12 00:00:00,0.06106806701349795,-0.05709793221994872,0.17923406624694466,133.25,35.55
14436,2018-07-13 00:00:00,0.07512652362461371,-0.04298901016824666,0.19324205741747408,133.25,35.55
14437,2018-07-14 00:00:00,0.06151155468016036,-0.056600872460593636,0.17962398182091435,133.25,35.55
14438,2018-07-15 00:00:00,0.05996465538923845,-0.05814012175321949,0.17806943253169638,133.25,35.55
14439,2018-07-16 00:00:00,0.06451414704797326,-0.053587644744061705,0.1826159388400082,133.25,35.55
14440,2018-07-17 00:00:00,0.06406436323146862,-0.054038263717234004,0.18216699018017124,133.25,35.55
14441,2018-07-18 00:00:00,0.053736779506449714,-0.0643673755584885,0.17184093457138794,133.25,35.55
14442,2018-07-19 00:00:00,0.042195553355729734,-0.07589702042376545,0.16028812713522492,133.25,35.55
14443,2018-07-20 00:00:00,0.043922981401336436,-0.07418760509181185,0.16203356789448473,133.25,35.55
14444,2018-07-21 00:00:00,0.06078034537553559,-0.05743117450159671,0.1789918652526679,133.25,35.55
14445,2018-07-22 00:00:00,0.05868302998387893,-0.05953181255372177,0.17689787252147965,133.25,35.55
14446,2018-07-23 00:00:00,0.06654834376145377,-0.05167501159410737,0.1847716991170149,133.25,35.55
14447,2018-07-24 00:00:00,0.04605049631617244,-0.07209067462477584,0.16419166725712073,133.25,35.55
14448,2018-07-25 00:00:00,0.047683979246468965,-0.0704583959500675,0.16582635444300542,133.25,35.55
14449,2018-07-26 00:00:00,0.05583928104362239,-0.06230023559721853,0.17397879768446328,133.25,35.55
14450,2018-07-27 00:00:00,0.049705625290436865,-0.06844370991307416,0.16785496049394788,133.25,35.55
14451,2018-07-28 00:00:00,0.047594730322860566,-0.0706048852192227,0.16579434586494385,133.25,35.55
14452,2018-07-29 00:00:00,0.08519298229641246,-0.03456233780495355,0.20494830239777848,133.25,35.55
14453,2018-07-30 00:00:00,0.06937910662721351,-0.05088045512199478,0.1896386683764218,133.25,35.55
14454,2018-07-31 00:00:00,-0.0039979437033726695,-0.12240377584540835,0.114407888438663,133.25,35.55
14455,2018-08-01 00:00:00,0.04075018925036936,-0.07752333069708123,0.15902370919781994,133.25,35.55
14456,2018-08-02 00:00:00,0.030847238983799083,-0.08741406671540661,0.14910854468300475,133.25,35.55
14457,2018-08-03 00:00:00,0.02271999246053267,-0.09550663814876348,0.14094662306982886,133.25,35.55
14458,2018-08-04 00:00:00,0.06919662391774609,-0.04901616412501418,0.1874094119605064,133.25,35.55
14459,2018-08-05 00:00:00,0.09274570922414736,-0.025446687156854872,0.2109381056051496,133.25,35.55
14460,2018-08-06 00:00:00,0.06713149471251878,-0.05106869069672045,0.185331680121758,133.25,35.55
14461,2018-08-07 00:00:00,-0.003077193419630021,-0.12131113795832404,0.11515675111906402,133.25,35.55
14462,2018-08-08 00:00:00,0.038731444124975214,-0.07948979405143786,0.15695268230138829,133.25,35.55
14463,2018-08-09 00:00:00,0.05145808493036739,-0.06689095156890779,0.16980712142964258,133.25,35.55
14464,2018-08-10 00:00:00,0.05993306809230412,-0.058351410404682724,0.17821754658929095,133.25,35.55
14465,2018-08-11 00:00:00,0.017219334534586773,-0.10096094791853988,0.13539961698771344,133.25,35.55
14466,2018-08-12 00:00:00,0.027215626868373158,-0.09101062610659832,0.14544187984334464,133.25,35.55
14467,2018-08-13 00:00:00,0.025381894399334998,-0.09283624651248486,0.14360003531115487,133.25,35.55
14468,2018-08-14 00:00:00,0.028708588158678893,-0.08941612358726507,0.14683329990462285,133.25,35.55
14469,2018-08-15 00:00:00,0.047916020598845054,-0.07044685237683546,0.16627889357452555,133.25,35.55
14470,2018-08-16 00:00:00,0.08261162694266436,-0.03607836507976203,0.20130161896509075,133.25,35.55
14471,2018-08-17 00:00:00,-0.09065160722286517,-0.20936961917946545,0.02806640473373513,133.25,35.55
14472,2018-08-18 00:00:00,0.0054245705232266106,-0.11292419782963407,0.1237733388760873,133.25,35.55
14473,2018-08-19 00:00:00,0.04598343392825064,-0.07222179427600545,0.16418866213250674,133.25,35.55
14474,2018-08-20 00:00:00,0.015450299616392878,-0.10270497577558868,0.13360557500837444,133.25,35.55
14475,2018-08-21 00:00:00,0.11021232715301103,-0.008027340547736447,0.22845199485375856,133.25,35.55
14476,2018-08-22 00:00:00,0.06757592372951278,-0.0512811894897406,0.18643303694876615,133.25,35.55
14477,2018-08-23 00:00:00,0.0005731483337554251,-0.11867353614586675,0.1198198328133776,133.25,35.55
14478,2018-08-24 00:00:00,0.40549325018234295,0.2823342529367434,0.5286522474279425,133.25,35.55
14479,2018-08-25 00:00:00,0.03205569028162207,-0.08927488364146792,0.15338626420471208,133.25,35.55
14480,2018-08-26 00:00:00,0.02578187939598741,-0.09270671473362052,0.14427047352559533,133.25,35.55
14481,2018-08-27 00:00:00,0.03924742753556602,-0.07898797542218103,0.15748283049331308,133.25,35.55
14482,2018-08-28 00:00:00,0.052633129861323534,-0.06550078822934242,0.1707670479519895,133.25,35.55
14483,2018-08-29 00:00:00,0.04113024758900656,-0.07705599621859745,0.15931649139661058,133.25,35.55
14484,2018-08-30 00:00:00,0.1085555472755192,-0.00964936889395314,0.2267604634449915,133.25,35.55
14485,2018-08-31 00:00:00,0.0857883792760003,-0.032483820476570904,0.2040605790285715,133.25,35.55
14486,2018-09-01 00:00:00,0.035368341107965,-0.08297750229087965,0.15371418450680965,133.25,35.55
14487,2018-09-02 00:00:00,0.0007602634165594646,-0.11745512145794346,0.11897564829106234,133.25,35.55
14488,2018-09-03 00:00:00,0.07729890368910948,-0.040866914879528135,0.19546472225774708,133.25,35.55
14489,2018-09-04 00:00:00,0.2430704379521954,0.12138735573324948,0.3647535201711413,133.25,35.55
14490,2018-09-05 00:00:00,0.11358644092935832,-0.00845645181643888,0.2356293336751555,133.25,35.55
14491,2018-09-06 00:00:00,0.061290700912843915,-0.057040818663916484,0.1796222204896043,133.25,35.55
14492,2018-09-07 00:00:00,0.1316119747673903,0.013125013436041444,0.2500989360987392,133.25,35.55
14493,2018-09-08 00:00:00,0.010404507542297235,-0.10828334256391843,0.12909235764851287,133.25,35.55
14494,2018-09-09 00:00:00,-0.037763825605361734,-0.1565570362004819,0.08102938498975842,133.25,35.55
14495,2018-09-10 00:00:00,-0.05458794260650714,-0.1743097198865734,0.06513383467355911,133.25,35.55
14496,2018-09-11 00:00:00,-0.014575710084370738,-0.1338433640982597,0.10469194392951822,133.25,35.55
14497,2018-09-12 00:00:00,0.028241016222414393,-0.09001832825544702,0.1465003607002758,133.25,35.55
14498,2018-09-13 00:00:00,0.009008417443384244,-0.1092798214123595,0.12729665629912798,133.25,35.55
14499,2018-09-14 00:00:00,-0.004324783639486376,-0.1225555020048862,0.11390593472591345,133.25,35.55
14500,2018-09-15 00:00:00,0.04206487746115026,-0.0762026986545461,0.1603324535768466,133.25,35.55
14501,2018-09-16 00:00:00,0.06288277044967226,-0.05534222332688242,0.18110776422622693,133.25,35.55
14502,2018-09-17 00:00:00,0.04089348230786978,-0.07722966614052677,0.15901663075626632,133.25,35.55
14503,2018-09-18 00:00:00,0.0014914375259689992,-0.1165986357483284,0.1195815108002664,133.25,35.55
14504,2018-09-19 00:00:00,0.028519283735260262,-0.08959176465887814,0.14663033212939866,133.25,35.55
14505,2018-09-20 00:00:00,0.035414567752169966,-0.08271746147732026,0.15354659698166018,133.25,35.55
14506,2018-09-21 00:00:00,0.024873520430876168,-0.09364187649004738,0.1433889173517997,133.25,35.55
14507,2018-09-22 00:00:00,0.09802369956328563,-0.020754396014214874,0.21680179514078615,133.25,35.55
14508,2018-09-23 00:00:00,-0.01673895541120779,-0.13511000595845762,0.10163209513604204,133.25,35.55
14509,2018-09-24 00:00:00,0.025526485279059492,-0.09268517502498083,0.14373814558309986,133.25,35.55
14510,2018-09-25 00:00:00,-0.009519535556933,-0.12773562475777303,0.108696553643907,133.25,35.55
14511,2018-09-26 00:00:00,-0.035915646885708544,-0.15427102587014646,0.08243973209872936,133.25,35.55
14512,2018-09-27 00:00:00,0.030115972265229593,-0.08842902798958567,0.14866097252004484,133.25,35.55
14513,2018-09-28 00:00:00,0.02001770030151796,-0.09842430953346444,0.13845971013650038,133.25,35.55
14514,2018-09-29 00:00:00,0.011611337817012957,-0.10656660247011523,0.12978927810414115,133.25,35.55
14515,2018-09-30 00:00:00,0.08200034660035907,-0.03705979591174717,0.20106048911246527,133.25,35.55
14516,2018-10-01 00:00:00,0.19107631948697665,0.06752568022205603,0.3146269587518973,133.25,35.55
14517,2018-10-02 00:00:00,0.028406113429231925,-0.09091044941023013,0.14772267626869395,133.25,35.55
14518,2018-10-03 00:00:00,-0.03943753381678285,-0.15765609799950756,0.07878103036594186,133.25,35.55
14519,2018-10-04 00:00:00,-0.06882493869042987,-0.18706439379189108,0.04941451641103131,133.25,35.55
14520,2018-10-05 00:00:00,-0.01559560544828539,-0.13421444356104625,0.10302323266447548,133.25,35.55
14521,2018-10-06 00:00:00,0.2093347012919867,0.0859779343336153,0.3326914682503581,133.25,35.55
14522,2018-10-07 00:00:00,0.17237711533074146,0.046109349612987134,0.2986448810484958,133.25,35.55
14523,2018-10-08 00:00:00,-0.01736308296656205,-0.13600954784307442,0.10128338190995033,133.25,35.55
14524,2018-10-09 00:00:00,-0.011618185135671578,-0.12983637777145593,0.10660000750011277,133.25,35.55
14525,2018-10-10 00:00:00,0.08553913579120523,-0.032681359480770535,0.203759631063181,133.25,35.55
14526,2018-10-11 00:00:00,0.016893840879654055,-0.1014877851451509,0.13527546690445902,133.25,35.55
14527,2018-10-12 00:00:00,-0.008267368342416155,-0.12666788190406356,0.11013314521923123,133.25,35.55
14528,2018-10-13 00:00:00,-0.06551288236193284,-0.18367314792336908,0.052647383199503385,133.25,35.55
14529,2018-10-14 00:00:00,0.018611792202573318,-0.0995256805805514,0.13674926498569806,133.25,35.55
14530,2018-10-15 00:00:00,0.036871664902065934,-0.08127879409632582,0.1550221239004577,133.25,35.55
14531,2018-10-16 00:00:00,0.038480597167782966,-0.07968678238571322,0.15664797672127914,133.25,35.55
14532,2018-10-17 00:00:00,-0.00497616317973129,-0.12320645501631315,0.11325412865685056,133.25,35.55
14533,2018-10-18 00:00:00,0.03722326810590516,-0.08113265143071817,0.15557918764252848,133.25,35.55
14534,2018-10-19 00:00:00,-0.03232126566806442,-0.151074319165491,0.08643178782936214,133.25,35.55
14535,2018-10-20 00:00:00,-0.00452480377291347,-0.12327656679311393,0.114226959247287,133.25,35.55
14536,2018-10-21 00:00:00,0.0013060870419110626,-0.11690362420641552,0.11951579829023762,133.25,35.55
14537,2018-10-22 00:00:00,-0.004324791173212876,-0.12244688790451723,0.11379730555809145,133.25,35.55
14538,2018-10-23 00:00:00,0.04487182287921872,-0.07329979629666311,0.16304344205510055,133.25,35.55
14539,2018-10-24 00:00:00,0.04192510660882096,-0.07644500591349024,0.16029521913113215,133.25,35.55
14540,2018-10-25 00:00:00,-0.02789682074268389,-0.14605969716361222,0.09026605567824443,133.25,35.55
14541,2018-10-26 00:00:00,0.06992518082036109,-0.048260080418380896,0.18811044205910307,133.25,35.55
14542,2018-10-27 00:00:00,0.16552644921869325,0.045861420723132214,0.2851914777142543,133.25,35.55
14543,2018-10-28 00:00:00,0.0849346504218465,-0.03449551579659714,0.20436481664029016,133.25,35.55
14544,2018-10-29 00:00:00,0.07985670037874024,-0.0389154415653741,0.19862884232285455,133.25,35.55
14545,2018-10-30 00:00:00,0.0901707761495002,-0.02860092921359365,0.20894248151259406,133.25,35.55
14546,2018-10-31 00:00:00,0.04796722598687536,-0.07042715502252266,0.1663616069962734,133.25,35.55
14547,2018-11-01 00:00:00,0.011727164079027777,-0.10644096996891997,0.1298952981269755,133.25,35.55
14548,2018-11-02 00:00:00,-0.023564981308280244,-0.14170389212658205,0.09457392951002157,133.25,35.55
14549,2018-11-03 00:00:00,-0.01419279243841225,-0.13231687985661478,0.10393129497979027,133.25,35.55
14550,2018-11-04 00:00:00,0.033823175964944746,-0.0843202378728824,0.1519665898027719,133.25,35.55
14551,2018-11-05 00:00:00,0.01650786392307723,-0.1016269993860602,0.13464272723221468,133.25,35.55
14552,2018-11-06 00:00:00,-0.021562464567763805,-0.13971184227104053,0.09658691313551293,133.25,35.55
14553,2018-11-07 00:00:00,-0.042179010941349016,-0.16042737380193606,0.07606935191923798,133.25,35.55
14554,2018-11-08 00:00:00,0.01651195249119842,-0.10180813271096792,0.13483203769336474,133.25,35.55
14555,2018-11-09 00:00:00,0.11521981014943004,-0.004387781217028985,0.2348274015158891,133.25,35.55
14556,2018-11-10 00:00:00,0.08810616000718828,-0.031351919067473234,0.2075642390818498,133.25,35.55
14557,2018-11-11 00:00:00,-0.0032060023995484077,-0.12140397888260035,0.11499197408350355,133.25,35.55
14558,2018-11-12 00:00:00,0.045517850809133516,-0.07274302715374711,0.16377872877201413,133.25,35.55
14559,2018-11-13 00:00:00,-0.026264978309714655,-0.14464762538594805,0.0921176687665187,133.25,35.55
14560,2018-11-14 00:00:00,0.01510892471079289,-0.10311494416665704,0.13333279358824282,133.25,35.55
14561,2018-11-15 00:00:00,-0.03399290153943014,-0.1522235573717401,0.0842377542928798,133.25,35.55
14562,2018-11-16 00:00:00,0.030953992846095582,-0.08720427835571641,0.1491122640479076,133.25,35.55
14563,2018-11-17 00:00:00,0.046960588228268686,-0.07128726166655522,0.1652084381230926,133.25,35.55
14564,2018-11-18 00:00:00,0.062228091454095524,-0.056131059926752484,0.18058724283494354,133.25,35.55
14565,2018-11-19 00:00:00,0.04463276943732117,-0.07372426585386639,0.1629898047285087,133.25,35.55
14566,2018-11-20 00:00:00,0.029598457960636808,-0.08864778013567587,0.1478446960569495,133.25,35.55
14567,2018-11-21 00:00:00,0.029952030988953875,-0.08839095640131181,0.14829501837921955,133.25,35.55
14568,2018-11-22 00:00:00,0.04022623848421488,-0.07835741974945523,0.15880989671788498,133.25,35.55
14569,2018-11-23 00:00:00,0.048511616458392526,-0.07020346111980609,0.16722669403659113,133.25,35.55
14570,2018-11-24 00:00:00,-0.011411065279968158,-0.12963871006968095,0.10681657950974466,133.25,35.55
14571,2018-11-25 00:00:00,0.04392595017747472,-0.07430373035449457,0.16215563070944405,133.25,35.55
14572,2018-11-26 00:00:00,-0.004594936875437491,-0.12285296787005955,0.1136630941191846,133.25,35.55
14573,2018-11-27 00:00:00,0.032958785290763966,-0.08520130550216395,0.15111887608369187,133.25,35.55
14574,2018-11-28 00:00:00,0.05763609519040186,-0.060580946377040736,0.17585313675784447,133.25,35.55
14575,2018-11-29 00:00:00,-0.011868742994966118,-0.13031319950017053,0.10657571351023827,133.25,35.55
14576,2018-11-30 00:00:00,0.021457194435305662,-0.09701859499763073,0.13993298386824204,133.25,35.55
14577,2018-12-01 00:00:00,0.11198600260525904,-0.006506534831822258,0.23047854004234036,133.25,35.55
14578,2018-12-02 00:00:00,-0.017964599705277588,-0.13641530838642812,0.10048610897587296,133.25,35.55
14579,2018-12-03 00:00:00,0.1024447495839208,-0.01589602609125207,0.22078552525909365,133.25,35.55
14580,2018-12-04 00:00:00,0.10117352805558186,-0.01733532843889045,0.21968238455005415,133.25,35.55
14581,2018-12-05 00:00:00,-0.05431532422106457,-0.17404773951849056,0.06541709107636141,133.25,35.55
14582,2018-12-06 00:00:00,0.08258464517269559,-0.036723139213280034,0.2018924295586712,133.25,35.55
14583,2018-12-07 00:00:00,0.16796529273615754,0.04857843692707327,0.2873521485452418,133.25,35.55
14584,2018-12-08 00:00:00,-0.008241653565811021,-0.12729720329411978,0.11081389616249772,133.25,35.55
14585,2018-12-09 00:00:00,0.013959761713030984,-0.10467575423611764,0.1325952776621796,133.25,35.55
14586,2018-12-10 00:00:00,-0.0021967803730622293,-0.12044317304175207,0.11604961229562764,133.25,35.55
14587,2018-12-11 00:00:00,-0.03930265479586008,-0.1575859016267812,0.07898059203506108,133.25,35.55
14588,2018-12-12 00:00:00,0.10293940618763488,-0.016548946282632118,0.2224277586579019,133.25,35.55
14589,2018-12-13 00:00:00,0.003890186490476011,-0.11539196381022415,0.12317233679117615,133.25,35.55
14590,2018-12-14 00:00:00,0.015211566177235937,-0.1036014040585625,0.13402453641303438,133.25,35.55
14591,2018-12-15 00:00:00,-0.011917417248178908,-0.1303474109015741,0.10651257640521627,133.25,35.55
14592,2018-12-16 00:00:00,0.10416335798911597,-0.014111199035197657,0.2224379150134296,133.25,35.55
14593,2018-12-17 00:00:00,0.13599762076862484,0.017417454481002473,0.25457778705624723,133.25,35.55
14594,2018-12-18 00:00:00,0.07024971013941582,-0.048582244196937616,0.1890816644757693,133.25,35.55
14595,2018-12-19 00:00:00,0.14059290686307485,0.021762700589280082,0.2594231131368696,133.25,35.55
14596,2018-12-20 00:00:00,0.06963429897546564,-0.04958916258347725,0.1888577605344085,133.25,35.55
14597,2018-12-21 00:00:00,-0.046950903776330224,-0.16518600673066533,0.07128419917800488,133.25,35.55
14598,2018-12-22 00:00:00,0.03371456560261253,-0.08455000306936017,0.15197913427458526,133.25,35.55
14599,2018-12-23 00:00:00,0.022843127361990914,-0.09543395090733298,0.1411202056313148,133.25,35.55
14600,2018-12-24 00:00:00,0.015319999512026809,-0.1035919219429896,0.1342319209670432,133.25,35.55
14601,2018-12-25 00:00:00,0.06987715541430638,-0.0486327761394002,0.18838708696801296,133.25,35.55
14602,2018-12-26 00:00:00,0.05593763080298796,-0.06235134413037041,0.17422660573634632,133.25,35.55
14603,2018-12-27 00:00:00,0.00866521005917445,-0.10979521879052163,0.12712563890887052,133.25,35.55
14604,2018-12-28 00:00:00,0.03941649111986968,-0.07943908692999044,0.1582720691697298,133.25,35.55
14605,2018-12-29 00:00:00,0.13699536051416653,0.01788745722443684,0.2561032638038962,133.25,35.55
14606,2018-12-30 00:00:00,0.07103762139815928,-0.04780498067968203,0.1898802234760006,133.25,35.55
14607,2018-12-31 00:00:00,-0.030080215613012686,-0.1486124839662927,0.08845205274026732,133.25,35.55
14608,2019-01-01 00:00:00,0.07276427497880042,-0.04561830988926576,0.19114685984686655,133.25,35.55
14609,2019-01-02 00:00:00,0.018091226282894324,-0.10054181368819752,0.13672426625398618,133.25,35.55
14610,2019-01-03 00:00:00,0.022125537043746785,-0.0961923710995896,0.14044344518708315,133.25,35.55
14611,2019-01-04 00:00:00,0.015867203865866812,-0.10237837804624468,0.13411278577797828,133.25,35.55
14612,2019-01-05 00:00:00,0.12354479106265776,0.00501623176288446,0.24207335036243105,133.25,35.55
14613,2019-01-06 00:00:00,-0.02954689819661798,-0.14813088488653398,0.08903708849329801,133.25,35.55
14614,2019-01-07 00:00:00,0.03799602546083895,-0.08032304115147862,0.15631509207315653,133.25,35.55
14615,2019-01-08 00:00:00,0.10313117591307767,-0.015284207141850012,0.22154655896800532,133.25,35.55
14616,2019-01-09 00:00:00,-0.05853040312500156,-0.17768375453007268,0.06062294828006956,133.25,35.55
14617,2019-01-10 00:00:00,0.12873699454007625,0.01000649172754077,0.2474674973526117,133.25,35.55
14618,2019-01-11 00:00:00,0.038825360498613855,-0.07958402685296295,0.15723474785019065,133.25,35.55
14619,2019-01-12 00:00:00,0.02071306897899776,-0.09752116822796222,0.13894730618595774,133.25,35.55
14620,2019-01-13 00:00:00,0.015370789174155087,-0.1028698944440389,0.13361147279234908,133.25,35.55
14621,2019-01-14 00:00:00,-0.021257336768734644,-0.13940745037896704,0.09689277684149776,133.25,35.55
14622,2019-01-15 00:00:00,0.10605054756445173,-0.012302416959047505,0.22440351208795092,133.25,35.55
14623,2019-01-16 00:00:00,0.09981489623365004,-0.01895371722463586,0.218583509691936,133.25,35.55
14624,2019-01-17 00:00:00,0.19010006982675293,0.07156651520705917,0.3086336244464467,133.25,35.55
14625,2019-01-18 00:00:00,-0.011458062123942608,-0.13001494326191335,0.10709881901402817,133.25,35.55
14626,2019-01-19 00:00:00,0.020385964081026855,-0.09786984954413296,0.13864177770618666,133.25,35.55
14627,2019-01-20 00:00:00,0.14757780838111073,0.029051402189755927,0.2661042145724655,133.25,35.55
14628,2019-01-21 00:00:00,-0.007034706297285604,-0.12591023034742907,0.11184081775285784,133.25,35.55
14629,2019-01-22 00:00:00,0.12231931586073533,0.0035821896286452604,0.2410564420928254,133.25,35.55
14630,2019-01-23 00:00:00,0.12956614986810588,0.010994350886994186,0.2481379488492176,133.25,35.55
14631,2019-01-24 00:00:00,-0.04149185245054579,-0.1602790473279057,0.07729534242681414,133.25,35.55
14632,2019-01-25 00:00:00,0.04311528376531572,-0.07530618184953057,0.16153674938016202,133.25,35.55
14633,2019-01-26 00:00:00,-0.0009244946594076948,-0.11993253258337355,0.11808354326455815,133.25,35.55
14634,2019-01-27 00:00:00,0.036470692082596484,-0.08262694608985496,0.15556833025504793,133.25,35.55
14635,2019-01-28 00:00:00,0.18487910344441816,0.06624701825169194,0.3035111886371444,133.25,35.55
14636,2019-01-29 00:00:00,-0.024386204173013692,-0.14344046254638204,0.09466805420035468,133.25,35.55
14637,2019-01-30 00:00:00,0.043627871818888594,-0.0747492242792051,0.1620049679169823,133.25,35.55
14638,2019-01-31 00:00:00,0.1141858678963586,-0.004312494895404251,0.23268423068812144,133.25,35.55
14639,2019-02-01 00:00:00,0.03199185640904173,-0.08734961655833888,0.15133332937642235,133.25,35.55
14640,2019-02-02 00:00:00,0.08060911156840098,-0.03833678958612982,0.19955501272293175,133.25,35.55
14641,2019-02-03 00:00:00,0.09330489139590244,-0.0251026680456002,0.2117124508374051,133.25,35.55
14642,2019-02-04 00:00:00,0.11928342035184993,-1.881378692936142e-05,0.2385856544906292,133.25,35.55
14643,2019-02-05 00:00:00,-0.023641274461856952,-0.1422571977509485,0.09497464882723458,133.25,35.55
14644,2019-02-06 00:00:00,0.02872166190406393,-0.08960088113298098,0.1470442049411088,133.25,35.55
14645,2019-02-07 00:00:00,0.10832239128278123,-0.010198582713796851,0.2268433652793593,133.25,35.55
14646,2019-02-08 00:00:00,-0.026776444520514205,-0.1456757208101762,0.09212283176914783,133.25,35.55
14647,2019-02-09 00:00:00,0.10436944695678932,-0.014350246225542415,0.22308914013912107,133.25,35.55
14648,2019-02-10 00:00:00,-0.02121767542472234,-0.1401179000131936,0.09768254916374892,133.25,35.55
14649,2019-02-11 00:00:00,0.0692446514098625,-0.049391937997661485,0.1878812408173865,133.25,35.55
14650,2019-02-12 00:00:00,-0.0042723527426044156,-0.12327425912868245,0.11472955364347362,133.25,35.55
14651,2019-02-13 00:00:00,0.016213583207753568,-0.10213932008191064,0.1345664864974178,133.25,35.55
14652,2019-02-14 00:00:00,-0.04067478407473876,-0.15933151737630802,0.0779819492268305,133.25,35.55
14653,2019-02-15 00:00:00,0.10009511915177392,-0.018417960215400642,0.21860819851894847,133.25,35.55
14654,2019-02-16 00:00:00,0.10137635187842413,-0.017114510422537296,0.21986721417938554,133.25,35.55
14655,2019-02-17 00:00:00,0.04601617701703168,-0.07229406818727585,0.1643264222213392,133.25,35.55
14656,2019-02-18 00:00:00,0.01370258053620322,-0.10450018405210383,0.13190534512451027,133.25,35.55
14657,2019-02-19 00:00:00,0.05165385050742781,-0.0667506324529076,0.17005833346776322,133.25,35.55
14658,2019-02-20 00:00:00,0.0581582177597552,-0.060704884100277336,0.17702131961978773,133.25,35.55
14659,2019-02-21 00:00:00,-0.008528829305908378,-0.12697578328003906,0.1099181246682223,133.25,35.55
14660,2019-02-22 00:00:00,0.009949770799062145,-0.10819692662242693,0.1280964682205512,133.25,35.55
14661,2019-02-23 00:00:00,0.01488777610491591,-0.10340917879355853,0.13318473100339032,133.25,35.55
14662,2019-02-24 00:00:00,-0.03180024012547407,-0.15011277710876644,0.0865122968578183,133.25,35.55
14663,2019-02-25 00:00:00,0.07013479326262555,-0.048100712775162535,0.18837029930041366,133.25,35.55
14664,2019-02-26 00:00:00,-0.047030280003821534,-0.16527574997688668,0.07121518996924361,133.25,35.55
14665,2019-02-27 00:00:00,-0.05737285302539585,-0.17556748473056685,0.06082177867977515,133.25,35.55
14666,2019-02-28 00:00:00,0.060867092498024286,-0.05750378302471704,0.1792379680207656,133.25,35.55
14667,2019-03-01 00:00:00,0.007698783478306742,-0.11064721354034306,0.12604478049695655,133.25,35.55
14668,2019-03-02 00:00:00,-0.03226755579549346,-0.1504080891477807,0.08587297755679378,133.25,35.55
14669,2019-03-03 00:00:00,0.028591602468331458,-0.08956889996290701,0.1467521048995699,133.25,35.55
14670,2019-03-04 00:00:00,0.058750989982937436,-0.05960222114332801,0.17710420110920289,133.25,35.55
14671,2019-03-05 00:00:00,0.026883983278262937,-0.09160433163649208,0.14537229819301795,133.25,35.55
14672,2019-03-06 00:00:00,0.012701996160542055,-0.10559174992884804,0.13099574224993216,133.25,35.55
14673,2019-03-07 00:00:00,0.0266633731642272,-0.0921590317180726,0.145485778046527,133.25,35.55
14674,2019-03-08 00:00:00,-0.047657910869984485,-0.1665181519115111,0.07120233017154214,133.25,35.55
14675,2019-03-09 00:00:00,0.02550406172060421,-0.09284508177682883,0.14385320521803724,133.25,35.55
14676,2019-03-10 00:00:00,0.05750995524998768,-0.060904310467130525,0.17592422096710586,133.25,35.55
14677,2019-03-11 00:00:00,0.09250322113833924,-0.027592163809641215,0.21259860608631967,133.25,35.55
14678,2019-03-12 00:00:00,0.1767363133032944,0.05734516670931782,0.29612745989727096,133.25,35.55
14679,2019-03-13 00:00:00,0.11049798525171127,-0.008916301714420552,0.2299122722178431,133.25,35.55
14680,2019-03-14 00:00:00,0.05001971972501667,-0.07016091899891687,0.17020035844895026,133.25,35.55
14681,2019-03-15 00:00:00,0.07611897672697923,-0.04219211238692045,0.19443006584087888,133.25,35.55
14682,2019-03-16 00:00:00,0.01958276775133576,-0.09966416135268084,0.13882969685535235,133.25,35.55
14683,2019-03-17 00:00:00,0.022748450014645004,-0.096820080013,0.14231698004229001,133.25,35.55
14684,2019-03-18 00:00:00,0.03348606640912375,-0.08509794324419867,0.1520700760624462,133.25,35.55
14685,2019-03-19 00:00:00,0.0912968097533916,-0.027032429072827588,0.2096260485796108,133.25,35.55
14686,2019-03-20 00:00:00,0.04192903757160812,-0.07676737758120858,0.16062545272442486,133.25,35.55
14687,2019-03-21 00:00:00,0.20750345210458015,0.08776791222551199,0.3272389919836484,133.25,35.55
14688,2019-03-22 00:00:00,0.07258946054021309,-0.047829393384083,0.1930083144645092,133.25,35.55
14689,2019-03-23 00:00:00,0.049620610303897784,-0.06908433937372416,0.16832555998151974,133.25,35.55
14690,2019-03-24 00:00:00,0.007597566349591939,-0.11133511691769893,0.1265302496168828,133.25,35.55
14691,2019-03-25 00:00:00,0.08494693010871894,-0.03338822698503463,0.2032820872024725,133.25,35.55
14692,2019-03-26 00:00:00,0.03192457840254377,-0.08709225473172454,0.15094141153681204,133.25,35.55
14693,2019-03-27 00:00:00,0.053368137188218916,-0.06572988704833213,0.17246616142476995,133.25,35.55
14694,2019-03-28 00:00:00,0.05167663910100073,-0.06775581528177509,0.17110909348377654,133.25,35.55
14695,2019-03-29 00:00:00,0.03421340428821314,-0.08462303310298426,0.15304984167941055,133.25,35.55
14696,2019-03-30 00:00:00,0.11627004942575235,-0.002234671812731834,0.2347747706642365,133.25,35.55
14697,2019-03-31 00:00:00,0.14696454250767907,0.02612332586543792,0.2678057591499202,133.25,35.55
14698,2019-04-01 00:00:00,-0.008211660203262966,-0.12877595961402374,0.11235263920749784,133.25,35.55
14699,2019-04-02 00:00:00,0.07174941088109169,-0.04705252420305176,0.19055134596523512,133.25,35.55
14700,2019-04-03 00:00:00,-0.006646155063986754,-0.12493892703133908,0.11164661690336558,133.25,35.55
14701,2019-04-04 00:00:00,0.08889930937096352,-0.02938321113504913,0.20718182987697614,133.25,35.55
14702,2019-04-05 00:00:00,0.15720356289362433,0.038826045216323324,0.2755810805709253,133.25,35.55
14703,2019-04-06 00:00:00,0.039578795368460463,-0.0788944362129069,0.1580520269498278,133.25,35.55
14704,2019-04-07 00:00:00,0.05637458411667276,-0.061866489574524675,0.17461565780787022,133.25,35.55
14705,2019-04-08 00:00:00,0.057810081646651475,-0.060586969900218675,0.17620713319352166,133.25,35.55
14706,2019-04-09 00:00:00,-0.06833387053430827,-0.18737020504928006,0.0507024639806635,133.25,35.55
14707,2019-04-10 00:00:00,-0.0015580858284387628,-0.12065319234765155,0.11753702069077406,133.25,35.55
14708,2019-04-11 00:00:00,0.02553242852379764,-0.09406185425616537,0.14512671130376065,133.25,35.55
14709,2019-04-12 00:00:00,0.013226008512602827,-0.10531307553351957,0.13176509255872526,133.25,35.55
14710,2019-04-13 00:00:00,0.02540458739507673,-0.09281419747967913,0.14362337226983266,133.25,35.55
14711,2019-04-14 00:00:00,0.1030187052972044,-0.015206049407547497,0.2212434600019563,133.25,35.55
14712,2019-04-15 00:00:00,0.06868851721943317,-0.050292138023360036,0.1876691724622264,133.25,35.55
14713,2019-04-16 00:00:00,0.01322772148073229,-0.10543882017856193,0.1318942631400265,133.25,35.55
14714,2019-04-17 00:00:00,0.06551837443327313,-0.05266181274051943,0.18369856160706569,133.25,35.55
14715,2019-04-18 00:00:00,0.08817113458211029,-0.029999495996155562,0.2063417651603761,133.25,35.55
14716,2019-04-19 00:00:00,0.03951787527599098,-0.07888936087087789,0.15792511142285984,133.25,35.55
14717,2019-04-20 00:00:00,0.03397253662435691,-0.08445659774625769,0.1524016709949715,133.25,35.55
14718,2019-04-21 00:00:00,0.08631409368340834,-0.031881062627521335,0.204509249994338,133.25,35.55
14719,2019-04-22 00:00:00,-0.00678093906148144,-0.12492297237328698,0.11136109425032407,133.25,35.55
14720,2019-04-23 00:00:00,0.01416246365420901,-0.10400002440626008,0.1323249517146781,133.25,35.55
14721,2019-04-24 00:00:00,0.13089863906549687,0.012331961586966034,0.2494653165440277,133.25,35.55
14722,2019-04-25 00:00:00,0.0591689828564745,-0.05961621247088225,0.17795417818383125,133.25,35.55
14723,2019-04-26 00:00:00,0.08047478568984377,-0.03798188948655483,0.1989314608662424,133.25,35.55
14724,2019-04-27 00:00:00,0.0064898610238059,-0.11259207606415632,0.1255717981117681,133.25,35.55
14725,2019-04-28 00:00:00,-0.034542570698088554,-0.1531177177515431,0.08403257635536597,133.25,35.55
14726,2019-04-29 00:00:00,0.025684828815149646,-0.09249144001078162,0.1438610976410809,133.25,35.55
14727,2019-04-30 00:00:00,0.07063265456606377,-0.04791697494328573,0.18918228407541327,133.25,35.55
14728,2019-05-01 00:00:00,0.04559067863223568,-0.07281593892775888,0.16399729619223022,133.25,35.55
14729,2019-05-02 00:00:00,0.03480946419909669,-0.08339011508584017,0.15300904348403355,133.25,35.55
14730,2019-05-03 00:00:00,-0.010196446287117055,-0.1285298291905254,0.10813693661629127,133.25,35.55
14731,2019-05-04 00:00:00,-0.01163125238374077,-0.1298655201985075,0.10660301543102596,133.25,35.55
14732,2019-05-05 00:00:00,0.03801436812697507,-0.08019242739833388,0.15622116365228406,133.25,35.55
14733,2019-05-06 00:00:00,0.09659542227602094,-0.02178014178347984,0.21497098633552167,133.25,35.55
14734,2019-05-07 00:00:00,-0.011208506832798948,-0.12985342995005472,0.10743641628445684,133.25,35.55
14735,2019-05-08 00:00:00,0.06276810242626951,-0.05555842377257599,0.181094628625115,133.25,35.55
14736,2019-05-09 00:00:00,0.1031946307145016,-0.015070591604702826,0.221459853033706,133.25,35.55
14737,2019-05-10 00:00:00,0.044994533568527166,-0.07320727120599588,0.1631963383430502,133.25,35.55
14738,2019-05-11 00:00:00,0.02475063308823068,-0.09337136728925666,0.14287263346571802,133.25,35.55
14739,2019-05-12 00:00:00,-0.015654964869974957,-0.13379761931131673,0.1024876895713668,133.25,35.55
14740,2019-05-13 00:00:00,0.0047684000802766975,-0.11339776112225447,0.12293456128280787,133.25,35.55
14741,2019-05-14 00:00:00,0.07351206242958587,-0.044882625542149814,0.19190675040132155,133.25,35.55
14742,2019-05-15 00:00:00,-0.00966699454925773,-0.12814527571422218,0.10881128661570673,133.25,35.55
14743,2019-05-16 00:00:00,0.039251943976962834,-0.07894429903278212,0.15744818698670782,133.25,35.55
14744,2019-05-17 00:00:00,0.034857147296960905,-0.08335600185241039,0.1530702964463322,133.25,35.55
14745,2019-05-18 00:00:00,0.050423107789016784,-0.06797008716652136,0.16881630274455495,133.25,35.55
14746,2019-05-19 00:00:00,0.04215591197496103,-0.07663414282648534,0.16094596677640738,133.25,35.55
14747,2019-05-20 00:00:00,0.2565930195305104,0.13718701694381058,0.3759990221172102,133.25,35.55
14748,2019-05-21 00:00:00,0.13392153119723899,0.013209940323059902,0.2546331220714181,133.25,35.55
14749,2019-05-22 00:00:00,0.07944469235222867,-0.03980686900530124,0.19869625370975855,133.25,35.55
14750,2019-05-23 00:00:00,0.0820351609768204,-0.03635252820417652,0.2004228501578173,133.25,35.55
14751,2019-05-24 00:00:00,0.08809930937897711,-0.030159753380069182,0.2063583721380234,133.25,35.55
14752,2019-05-25 00:00:00,0.0640597121819863,-0.054109645200622135,0.18222906956459475,133.25,35.55
14753,2019-05-26 00:00:00,0.04330647746382163,-0.07483849555252997,0.16145145048017326,133.25,35.55
14754,2019-05-27 00:00:00,0.12887982355143,0.010520478628089858,0.2472391684747701,133.25,35.55
14755,2019-05-28 00:00:00,0.09165920071969497,-0.028897484554514588,0.2122158859939045,133.25,35.55
14756,2019-05-29 00:00:00,0.0809483798049909,-0.03792641006514265,0.1998231696751244,133.25,35.55
14757,2019-05-30 00:00:00,-0.002865734640005356,-0.12120971425328605,0.1154782449732753,133.25,35.55
14758,2019-05-31 00:00:00,0.1049922094777308,-0.013440384532019388,0.22342480348748092,133.25,35.55
14759,2019-06-01 00:00:00,0.05350304368887306,-0.06495252820564792,0.17195861558339404,133.25,35.55
14760,2019-06-02 00:00:00,0.055589848313984565,-0.06257368643365616,0.17375338306162527,133.25,35.55
14761,2019-06-03 00:00:00,0.045059858528854704,-0.07312585569049028,0.16324557274819967,133.25,35.55
14762,2019-06-04 00:00:00,0.05252578316467765,-0.06563498486813775,0.17068655119749304,133.25,35.55
14763,2019-06-05 00:00:00,0.05248882907281551,-0.06576847262955834,0.17074613077518938,133.25,35.55
14764,2019-06-06 00:00:00,0.02363210599350771,-0.09459600138002452,0.1418602133670399,133.25,35.55
14765,2019-06-07 00:00:00,0.09939073914639546,-0.0197100955718338,0.2184915738646247,133.25,35.55
14766,2019-06-08 00:00:00,0.08427187880839586,-0.03567387545235548,0.2042176330691472,133.25,35.55
14767,2019-06-09 00:00:00,0.06614740767005288,-0.05253559471535224,0.18483041005545803,133.25,35.55
14768,2019-06-10 00:00:00,0.042618597181657586,-0.07559063809622987,0.16082783245954507,133.25,35.55
14769,2019-06-11 00:00:00,0.038307741234622994,-0.08001729525328392,0.15663277772252993,133.25,35.55
14770,2019-06-12 00:00:00,0.025941703288179657,-0.09233164517375,0.14421505175010932,133.25,35.55
14771,2019-06-13 00:00:00,0.011322730548672028,-0.10682822556536514,0.1294736866627092,133.25,35.55
14772,2019-06-14 00:00:00,0.07718857406595793,-0.040994160772525184,0.19537130890444104,133.25,35.55
14773,2019-06-15 00:00:00,0.11523410533072025,-0.0039244467262240365,0.23439265738766454,133.25,35.55
14774,2019-06-16 00:00:00,0.08738936098381285,-0.04000616214777415,0.21478488411539987,133.25,35.55
14775,2019-06-17 00:00:00,0.01405277672885318,-0.1048421675181172,0.13294772097582358,133.25,35.55
14776,2019-06-18 00:00:00,0.05867210702819761,-0.059464058921433124,0.17680827297782833,133.25,35.55
14777,2019-06-19 00:00:00,0.0926929001326636,-0.02542708234608658,0.2108128826114138,133.25,35.55
14778,2019-06-20 00:00:00,0.055218232619641816,-0.06290011876188087,0.17333658400116453,133.25,35.55
14779,2019-06-21 00:00:00,0.07534678659278372,-0.04277276787326802,0.19346634105883548,133.25,35.55
14780,2019-06-22 00:00:00,0.033893727559843496,-0.0844226087855944,0.1522100639052814,133.25,35.55
14781,2019-06-23 00:00:00,0.049255633975714905,-0.06902433853240375,0.16753560648383356,133.25,35.55
14782,2019-06-24 00:00:00,0.02423257359625473,-0.09398298597200276,0.14244813316451224,133.25,35.55
14783,2019-06-25 00:00:00,0.006570199701752853,-0.1116044710342506,0.1247448704377563,133.25,35.55
14784,2019-06-26 00:00:00,0.048881623050441525,-0.06926201825060847,0.1670252643514915,133.25,35.55
14785,2019-06-27 00:00:00,0.17954633009475934,0.0609632145709247,0.298129445618594,133.25,35.55
14786,2019-06-28 00:00:00,0.11696274393159442,-0.0019932182123271885,0.235918706075516,133.25,35.55
14787,2019-06-29 00:00:00,0.041187052632225135,-0.07706510742081438,0.15943921268526468,133.25,35.55
14788,2019-06-30 00:00:00,0.12470091540993948,0.005382000619336885,0.24401983020054205,133.25,35.55
14789,2019-07-01 00:00:00,-0.001641491337205342,-0.12081748117818493,0.11753449850377425,133.25,35.55
14790,2019-07-02 00:00:00,0.03984219641290546,-0.07840902549273529,0.1580934183185462,133.25,35.55
14791,2019-07-03 00:00:00,0.03898612491155106,-0.07915911981951168,0.1571313696426138,133.25,35.55
14792,2019-07-04 00:00:00,0.07609463445062442,-0.04212888951355967,0.1943181584148085,133.25,35.55
14793,2019-07-05 00:00:00,0.03827548793301557,-0.0799514460925848,0.1565024219586159,133.25,35.55
14794,2019-07-06 00:00:00,0.01353597911007052,-0.10478233600306143,0.13185429422320247,133.25,35.55
14795,2019-07-07 00:00:00,0.01785199355725349,-0.10050258760884047,0.13620657472334746,133.25,35.55
14796,2019-07-08 00:00:00,0.06153633042617888,-0.056761238691926126,0.17983389954428386,133.25,35.55
14797,2019-07-09 00:00:00,0.0077429704176823705,-0.11051267042889076,0.12599861126425552,133.25,35.55
14798,2019-07-10 00:00:00,-0.006077790805048739,-0.12442778208188145,0.112272200471784,133.25,35.55
14799,2019-07-11 00:00:00,0.06658459638007161,-0.052268905990745324,0.1854380987508885,133.25,35.55
14800,2019-07-12 00:00:00,0.10630826237736726,-0.012821778290268551,0.22543830304500306,133.25,35.55
14801,2019-07-13 00:00:00,0.08683139134380866,-0.03150006238786185,0.2051628450754792,133.25,35.55
14802,2019-07-14 00:00:00,0.08595828564260641,-0.032373224492493344,0.20428979577770615,133.25,35.55
14803,2019-07-15 00:00:00,-0.014521063227797644,-0.13272609605149646,0.10368396959590116,133.25,35.55
14804,2019-07-16 00:00:00,0.0098900594802062,-0.10824658235460076,0.12802670131501315,133.25,35.55
14805,2019-07-17 00:00:00,0.013727052736764705,-0.10438741834767144,0.13184152382120085,133.25,35.55
14806,2019-07-18 00:00:00,0.05987069580991952,-0.05826561228961408,0.17800700390945312,133.25,35.55
14807,2019-07-19 00:00:00,0.043926540372602255,-0.07432344649625866,0.16217652724146314,133.25,35.55
14808,2019-07-20 00:00:00,0.048544663227032984,-0.07019146409941529,0.16728079055348127,133.25,35.55
14809,2019-07-21 00:00:00,0.2328189761641961,0.11290654567921013,0.3527314066491821,133.25,35.55
14810,2019-07-22 00:00:00,0.1520910598774488,0.032742624665033845,0.27143949508986376,133.25,35.55
14811,2019-07-23 00:00:00,0.10130419866558532,-0.016972089166266024,0.21958048649743667,133.25,35.55
14812,2019-07-24 00:00:00,0.10310543754243023,-0.015048457492890244,0.2212593325777507,133.25,35.55
14813,2019-07-25 00:00:00,0.06741618410280409,-0.05071592054094908,0.18554828874655727,133.25,35.55
14814,2019-07-26 00:00:00,0.09808815801570063,-0.020088025911643714,0.21626434194304492,133.25,35.55
14815,2019-07-27 00:00:00,0.08036363515823024,-0.037957102040350535,0.19868437235681105,133.25,35.55
14816,2019-07-28 00:00:00,0.08274859322890528,-0.035504475761295395,0.20100166221910595,133.25,35.55
14817,2019-07-29 00:00:00,0.06257258360993426,-0.05559308374914422,0.18073825096901275,133.25,35.55
14818,2019-07-30 00:00:00,0.10394594882926664,-0.014179375257239363,0.22207127291577264,133.25,35.55
14819,2019-07-31 00:00:00,0.09391017866004796,-0.024248251904624558,0.21206860922472048,133.25,35.55
14820,2019-08-01 00:00:00,0.047729899002994486,-0.07040003752390428,0.16585983552989325,133.25,35.55
14821,2019-08-02 00:00:00,0.04561765824004777,-0.07247936610183622,0.16371468258193175,133.25,35.55
14822,2019-08-03 00:00:00,0.030399856754277917,-0.08773193120402388,0.14853164471257976,133.25,35.55
14823,2019-08-04 00:00:00,0.024973051584421056,-0.09315220490774748,0.14309830807658958,133.25,35.55
14824,2019-08-05 00:00:00,0.004940972414898235,-0.11324108224020225,0.1231230270699987,133.25,35.55
14825,2019-08-06 00:00:00,0.01840418570219334,-0.10060390660293786,0.13741227800732453,133.25,35.55
14826,2019-08-07 00:00:00,0.06649627143838098,-0.05335051750907917,0.18634306038584109,133.25,35.55
14827,2019-08-08 00:00:00,0.09671554412051886,-0.021832878114885462,0.2152639663559232,133.25,35.55
14828,2019-08-09 00:00:00,0.07080260495795769,-0.04738742392293749,0.18899263383885287,133.25,35.55
14829,2019-08-10 00:00:00,0.037859473175138346,-0.08028746936910873,0.1560064157193854,133.25,35.55
14830,2019-08-11 00:00:00,-0.011786515905716295,-0.12998499859398147,0.10641196678254887,133.25,35.55
14831,2019-08-12 00:00:00,0.06042324641828086,-0.057875356847763564,0.17872184968432528,133.25,35.55
14832,2019-08-13 00:00:00,0.046483002763456266,-0.07187753314658152,0.16484353867349405,133.25,35.55
14833,2019-08-14 00:00:00,0.0019977663448729234,-0.11696835829670857,0.12096389098645442,133.25,35.55
14834,2019-08-15 00:00:00,0.0711231110672084,-0.056390744157224136,0.19863696629164093,133.25,35.55
14835,2019-08-16 00:00:00,0.4238438515272121,0.2942864893659277,0.5534012136884965,133.25,35.55
14836,2019-08-17 00:00:00,-0.024209852953352432,-0.14370788733747478,0.09528818143076992,133.25,35.55
14837,2019-08-18 00:00:00,0.025738808862434338,-0.09246658548224253,0.14394420320711118,133.25,35.55
14838,2019-08-19 00:00:00,0.030704231919048332,-0.08742506649166815,0.14883353032976482,133.25,35.55
14839,2019-08-20 00:00:00,0.012246921381402813,-0.10590999898356013,0.13040384174636574,133.25,35.55
14840,2019-08-21 00:00:00,0.05264841835325736,-0.06560123939905294,0.17089807610556768,133.25,35.55
14841,2019-08-22 00:00:00,0.0996041689986962,-0.01861804236962764,0.21782638036701998,133.25,35.55
14842,2019-08-23 00:00:00,0.1096667291073701,-0.008758928275723582,0.2280923864904638,133.25,35.55
14843,2019-08-24 00:00:00,0.04874759914091088,-0.06950664566387517,0.16700184394569692,133.25,35.55
14844,2019-08-25 00:00:00,0.02751764366291411,-0.0906385176810098,0.14567380500683802,133.25,35.55
14845,2019-08-26 00:00:00,0.015429914710282341,-0.1026871720799705,0.13354700150053514,133.25,35.55
14846,2019-08-27 00:00:00,0.08366057403848835,-0.034584813344256136,0.20190596142123285,133.25,35.55
14847,2019-08-28 00:00:00,0.20822852945286516,0.08761697787436247,0.3288400810313678,133.25,35.55
14848,2019-08-29 00:00:00,0.028686575554053514,-0.08990197529892913,0.14727512640703616,133.25,35.55
14849,2019-08-30 00:00:00,0.04088104969828128,-0.07752725871055383,0.15928935810711636,133.25,35.55
14850,2019-08-31 00:00:00,0.03828477558674834,-0.08004069132408209,0.1566102424975788,133.25,35.55
